PitchNo,Date,Time,Pitcher,PitcherId,PitcherThrows,PitcherTeam,PitcherSet,PitchCall,Balls,Strikes,TaggedPitchType,PitchSession,Flag,RelSpeed,VertRelAngle,HorzRelAngle,SpinRate,SpinAxis,Tilt,RelHeight,RelSide,Extension,VertBreak,InducedVertBreak,HorzBreak,PlateLocHeight,PlateLocSide,ZoneSpeed,VertApprAngle,HorzApprAngle,ZoneTime,pfxx,pfxz,x0,y0,z0,vx0,vy0,vz0,ax0,ay0,az0,PlayID,CalibrationId,EffVelocity,PracticeType,Device,Direction,BatterId,Batter,HitSpinRate,HitType,ExitSpeed,BatterSide,Angle,PositionAt110X,PositionAt110Y,PositionAt110Z,Distance,LastTrackedDistance,HangTime,Bearing,ContactPositionX,ContactPositionY,ContactPositionZ,SpinAxis3dTransverseAngle,SpinAxis3dLongitudinalAngle,SpinAxis3dActiveSpinRate,SpinAxis3dSpinEfficiency,SpinAxis3dTilt,PitchUID,SessionId
1,2026-09-12,10:02:04.20,"Hoggat, Kyle",1000514767,Right,,,,,,,Live,,74.27348,1.421973364,-3.30736637,1886.247478,224.7028826,1:30,6.06265,1.26313,2.68848,-41.32902,16.04953,15.97563,4.02077,-0.66447,67.28819,-5.928777787,-0.4603014036,0.5451878395,-8.68099,7.33744,-0.83521,50,6.19627,5.5541,-107.31868,0.99283,-10.07753,19.37166,-23.65622,f118b8a0-051a-4d32-ae4c-f5ce1aa81320,8fde9ccc-fc30-424c-ae80-435b2342cd75,69.13661,Pitching,25410021,,,,,,,,,,,,,,,,,,,,29.13353755,1647.613408,0.8734874015,,f9f1e340-2bd4-4157-ba7c-dfde033c20c6,8a567c57-bea7-4cd5-b1d0-7b7d79bceabf
2,2026-09-12,10:02:48.82,"Hoggat, Kyle",1000514767,Right,,,,,,Fastball,Live,,82.41374,0.04453999128,-4.699219893,1990.067335,215.5598775,1:15,5.57331,3.25365,5.90171,-25.89051,15.4865,11.13345,3.45725,-0.19005,74.84459,-4.826071145,-2.606382505,0.4629679629,-7.39606,8.35337,-2.88212,50,5.56212,9.49474,-119.54044,-0.67796,-10.6453,24.18608,-20.15088,a25abf30-0db8-4e61-8d11-ca8b62af9791,8fde9ccc-fc30-424c-ae80-435b2342cd75,81.41479,Pitching,25410021,,,,,,,,,,,,,,,,,,,,25.18705029,1800.858224,0.9049232619,,953b79be-d52a-4982-88c1-04d996422b81,8a567c57-bea7-4cd5-b1d0-7b7d79bceabf
3,2026-09-12,10:03:08.88,"Hoggat, Kyle",1000514767,Right,,,,,,Fastball,Live,,81.81765,-1.676804399,-4.747285958,1944.96149,223.4724359,1:30,5.49365,3.19152,5.77912,-26.24067,15.90862,15.12619,1.74116,0.02545,74.5865,-6.587691864,-1.911292935,0.4672685001,-9.49952,9.03634,-2.80865,50,5.33927,9.39237,-118.6094,-4.27806,-13.48811,23.3817,-19.3436,3d18b62a-2285-4135-b323-7a41497e8faf,8fde9ccc-fc30-424c-ae80-435b2342cd75,80.66548,Pitching,25410021,,,,,,,,,,,,,,,,,,,,23.83178803,1779.125589,0.9147356378,,aed90096-483b-449e-a0c0-d9dfca7316c3,8a567c57-bea7-4cd5-b1d0-7b7d79bceabf
4,2026-09-12,10:03:24.56,"Hoggat, Kyle",1000514767,Right,,,,,,Fastball,Live,,81.70504,-3.086821742,-4.703144099,2007.096693,223.3920898,1:30,5.61146,3.084,5.89865,-26.03422,15.93627,15.06504,0.56421,-0.03599,74.9837,-7.942408106,-1.878929694,0.4662763992,-9.41474,9.44294,-2.71421,50,5.3476,9.29323,-118.39407,-7.17886,-13.38272,22.29297,-18.75124,2236e1c1-9e0e-42b4-bef8-a3c63a728386,8fde9ccc-fc30-424c-ae80-435b2342cd75,80.83712,Pitching,25410021,,,,,,,,,,,,,,,,,,,,30.32690294,1732.442685,0.863158557,,fa4be0b3-6ea0-4cda-95a1-2fd228cf2676,8a567c57-bea7-4cd5-b1d0-7b7d79bceabf
5,2026-09-12,10:03:41.83,"Hoggat, Kyle",1000514767,Right,,,,,,Fastball,Live,,82.8473,-1.569180497,-5.415516683,2111.282798,222.7162828,1:30,5.48718,3.22177,5.81258,-23.42042,17.33347,16.06272,2.06966,-0.48967,76.12561,-5.936989507,-2.421436514,0.4594686541,-10.0226,9.71209,-2.78711,50,5.34425,10.89034,-120.0777,-4.02323,-14.7379,21.69627,-17.89275,f76a9de6-8fbc-4a54-8f7c-0c7ab9e3f8ad,8fde9ccc-fc30-424c-ae80-435b2342cd75,82.03484,Pitching,25410021,,,,,,,,,,,,,,,,,,,217.9285877,25.81000489,1900.66705,0.9002427584,1:15,21d591a9-1053-4f44-9db6-f2043090d177,8a567c57-bea7-4cd5-b1d0-7b7d79bceabf
6,2026-09-12,10:03:56.79,"Hoggat, Kyle",1000514767,Right,,,,,,Fastball,Live,,84.66756,-2.169475271,-5.422503945,2073.730922,222.2058889,1:30,5.569,3.06832,5.88035,-23.17193,16.00476,14.55234,1.61353,-0.76911,77.39738,-6.504837865,-2.698658196,0.4504900816,-9.34875,9.23059,-2.63834,50,5.37986,11.19199,-122.6288,-5.38044,-14.24257,24.13917,-18.1115,8e4b279b-a6cf-4ce8-be81-b35d0662690d,8fde9ccc-fc30-424c-ae80-435b2342cd75,83.66985,Pitching,25410021,,,,,,,,,,,,,,,,,,,,28.64992651,1819.834752,0.8775655187,,8e4bdc18-bab4-4e57-8c01-56852500f59f,8a567c57-bea7-4cd5-b1d0-7b7d79bceabf
7,2026-09-12,10:04:47.01,"Hoggat, Kyle",1000514767,Right,,,,,,Fastball,Live,,83.66489,-0.01587614467,-3.372379547,2023.970045,213.0603787,1:00,5.87507,3.14407,5.63237,-25.00899,15.59572,10.19094,3.77615,0.84367,75.68242,-4.712334553,-1.457246683,0.458627009,-6.49301,8.35884,-2.86373,50,5.85795,6.83515,-121.46011,-0.82429,-9.60479,25.9603,-19.80923,60f374af-d7cf-425d-aa59-cf35b1b6213a,8fde9ccc-fc30-424c-ae80-435b2342cd75,82.18539,Pitching,25410021,,,,,,,,,,,,,,,,,,,206.2321382,26.81557865,1806.318768,0.8924631924,12:45,95944367-aa06-41f7-b9ec-aa53b558b798,8a567c57-bea7-4cd5-b1d0-7b7d79bceabf
8,2026-09-12,10:05:07.57,"Hoggat, Kyle",1000514767,Right,,,,,,Fastball,Live,,83.28896,0.1161733083,-4.123579873,2040.485507,227.3616091,1:30,5.64956,3.24291,5.71911,-26.72047,13.74533,15.00569,3.53133,0.64621,76.15926,-4.879249922,-1.317610848,0.4578418484,-9.161,7.33218,-2.90758,50,5.64281,8.24869,-120.93103,-0.5907,-13.59605,23.09662,-21.29219,a94086f4-e0ae-4ea1-9ef1-f610e0d1e4b0,8fde9ccc-fc30-424c-ae80-435b2342cd75,82.32633,Pitching,25410021,,,,,,,,,,,,,,,,,,,,26.73592151,1822.336208,0.8930895129,,b8a17b82-0ba2-4f8c-a6a1-f30c8ddaab98,8a567c57-bea7-4cd5-b1d0-7b7d79bceabf
9,2026-09-12,10:05:42.71,"Hoggat, Kyle",1000514767,Right,,,,,,Fastball,Live,,85.29153,-1.776000944,-5.456780323,2027.64335,225.5264585,1:30,5.73876,2.97259,5.75104,-24.58328,14.04348,14.35184,2.02899,-0.92601,78.28724,-6.355227632,-2.783136689,0.4473171213,-9.13304,7.99664,-2.52782,50,5.57587,11.34672,-123.56988,-4.63285,-14.19377,23.44294,-19.74637,9539dcab-be79-4ff9-a0af-eeb0f29f4453,8fde9ccc-fc30-424c-ae80-435b2342cd75,84.26335,Pitching,25410021,,,,,,,,,,,,,,,,,,,,23.8490641,1854.510517,0.9146137645,,918e9e08-94d0-41de-85d6-350f87766b2f,8a567c57-bea7-4cd5-b1d0-7b7d79bceabf
10,2026-09-12,10:05:59.33,"Hoggat, Kyle",1000514767,Right,,,,,,Fastball,Live,,85.11926,-1.938250238,-4.083313846,2048.089506,219.4126629,1:15,5.75531,3.01723,5.6557,-22.42765,16.77585,13.81274,2.0737,0.35428,77.28105,-6.136783622,-1.491799942,0.4506442129,-8.61974,9.56712,-2.68015,50,5.57695,8.36852,-123.43046,-4.90695,-13.20461,26.17496,-17.51816,4d55b2a9-a0ed-4487-8328-c9c6bce1d93c,8fde9ccc-fc30-424c-ae80-435b2342cd75,83.64124,Pitching,25410021,,,,,,,,,,,,,,,,,,,212.349134,30.64627615,1762.03409,0.8603306082,1:00,8f7ade2d-a1d2-429a-9c4e-20f75ee89dde,8a567c57-bea7-4cd5-b1d0-7b7d79bceabf
11,2026-09-12,10:06:15.01,"Hoggat, Kyle",1000514767,Right,,,,,,ChangeUp,Live,,78.92848,-1.055100888,-4.390086162,1589.26709,253.8431436,2:30,5.54709,3.44034,6.03433,-40.38671,4.50117,15.63314,1.20167,0.67053,72.17024,-8.6345225,-1.439156301,0.4822096974,-9.78841,2.75677,-3.10605,50,5.4428,8.35785,-114.53383,-3.23966,-12.92243,22.36693,-28.53463,073b04a5-eedf-4556-8d02-fb4e3f5f857c,8fde9ccc-fc30-424c-ae80-435b2342cd75,78.16607,Pitching,25410021,,,,,,,,,,,,,,,,,,,,25.58591254,1433.421553,0.9019387372,,847ef585-197d-4ca3-8049-c7f614a8e1d9,8a567c57-bea7-4cd5-b1d0-7b7d79bceabf
12,2026-09-12,10:06:30.76,"Hoggat, Kyle",1000514767,Right,,,,,,ChangeUp,Live,,77.26264,0.7373657927,-4.246390663,1395.709811,257.9506195,2:30,5.67488,3.20899,5.84581,-44.13516,2.69391,12.89523,2.684,0.33083,70.99338,-7.506962445,-1.830396871,0.4925260305,-8.1001,1.24835,-2.87108,50,5.70903,7.96271,-112.17396,0.19449,-10.34003,19.93717,-30.58049,3d9bea03-1ec3-4fa7-a797-a595443cabe2,8fde9ccc-fc30-424c-ae80-435b2342cd75,76.52883,Pitching,25410021,,,,,,,,,,,,,,,,,,,,28.58546607,1225.57889,0.8781043745,,d380b8b1-3060-4163-813d-49f5d6a1dad9,8a567c57-bea7-4cd5-b1d0-7b7d79bceabf
13,2026-09-12,10:06:47.76,"Hoggat, Kyle",1000514767,Right,,,,,,ChangeUp,Live,,75.48456,0.8490437184,-3.384752858,1378.69708,263.7922188,2:45,5.47408,3.38383,5.99885,-46.99014,1.71399,16.28874,2.34629,1.60168,69.43723,-7.955180935,-0.3183449295,0.5022897457,-9.74746,0.69416,-3.12668,50,5.51496,6.04957,-109.72048,0.36032,-11.89615,19.20354,-31.32687,643be0f4-c2b7-4a23-a3db-15a2634bc07a,8fde9ccc-fc30-424c-ae80-435b2342cd75,75.04123,Pitching,25410021,,,,,,,,,,,,,,,,,,,,26.53973353,1233.416484,0.8946247168,,cd50d83c-26d6-486a-8a8e-e8acb5345e4f,8a567c57-bea7-4cd5-b1d0-7b7d79bceabf
14,2026-09-12,10:07:02.91,"Hoggat, Kyle",1000514767,Right,,,,,,ChangeUp,Live,,77.98479,-1.945360676,-5.291525237,1429.557278,248.5103148,2:15,5.45938,3.57418,6.03465,-39.98436,5.58358,14.21806,0.31784,-0.15412,72.32279,-9.377002605,-2.631730823,0.4858487809,-9.04913,3.5206,-3.1685,50,5.28525,10.07757,-113.07293,-4.96795,-11.80777,19.09843,-27.58019,e04bc697-f585-4278-a9ac-226e751a2a86,8fde9ccc-fc30-424c-ae80-435b2342cd75,77.5806,Pitching,25410021,,,,,,,,,,,,,,,,,,,,26.12529129,1283.504117,0.8978332919,,1c9f8cd6-2a5f-4939-bc33-6e5f8b49c87f,8a567c57-bea7-4cd5-b1d0-7b7d79bceabf
15,2026-09-12,10:07:21.20,"Hoggat, Kyle",1000514767,Right,,,,,,Fastball,Live,,84.51637,-1.346708891,-5.46851837,1962.14869,220.5568376,1:15,5.63339,3.07634,5.781,-23.59508,15.78457,13.56851,2.40836,-0.8957,77.3085,-5.753939805,-2.936352992,0.4516555015,-8.77463,8.84246,-2.63286,50,5.50777,11.29718,-122.45015,-3.6318,-13.35223,23.67439,-18.7186,28db5b61-1600-4824-a134-a91d0d1e658f,8fde9ccc-fc30-424c-ae80-435b2342cd75,83.45396,Pitching,25410021,,,,,,,,,,,,,,,,,,,207.1245604,21.93943284,1820.048571,0.9275793317,1:00,3315eadc-bcb8-4f86-965c-29dd500523a8,8a567c57-bea7-4cd5-b1d0-7b7d79bceabf
16,2026-09-12,10:07:38.03,"Hoggat, Kyle",1000514767,Right,,,,,,ChangeUp,Live,,76.6551,1.682180278,-3.500176866,1284.121549,251.6643605,2:30,5.49491,3.53236,6.05778,-42.5195,4.72667,14.48039,3.51175,1.4958,70.1099,-6.319070769,-0.7693951076,0.4947145786,-8.84141,2.09236,-3.26852,50,5.60272,6.4201,-111.36804,2.12629,-11.09432,20.16412,-29.54853,daebdbaa-d3ad-4328-850f-ab041c5e4ee8,8fde9ccc-fc30-424c-ae80-435b2342cd75,76.19027,Pitching,25410021,,,,,,,,,,,,,,,,,,,,26.54053739,1148.798827,0.8946184478,,8792f5ea-1b20-48f6-bcf2-a23691625d37,8a567c57-bea7-4cd5-b1d0-7b7d79bceabf
17,2026-09-12,10:08:00.12,"Hoggat, Kyle",1000514767,Right,,,,,,ChangeUp,Live,,76.23097,1.177815664,-3.828056248,1606.487866,246.8234496,2:15,5.55193,3.32974,5.92901,-41.85834,6.15284,14.54143,3.15899,0.98496,69.7805,-6.674197699,-1.093927765,0.498703749,-8.92493,2.99368,-3.03222,50,5.62238,7.00747,-110.7159,1.12786,-11.07301,19.85098,-28.45984,568bc077-f49d-4c75-ab17-caca2d40e667,8fde9ccc-fc30-424c-ae80-435b2342cd75,75.58082,Pitching,25410021,,,,,,,,,,,,,,,,,,,228.424227,30.6197222,1382.49005,0.8605667551,1:30,25859e3b-bda1-47c5-8f69-b3fd4da3f3a5,8a567c57-bea7-4cd5-b1d0-7b7d79bceabf
18,2026-09-12,10:08:49.70,"Johnson, Tate",1000512540,Right,,,,,,,Live,,84.54298,-2.804136323,-2.242486252,2306.292883,192.1930211,12:30,5.90157,0.59447,6.27607,-26.73857,11.91257,2.57885,1.08491,-1.25844,77.30827,-7.838101309,-1.752890486,0.4474583284,-2.07316,7.35098,-0.43038,50,5.68154,4.7381,-122.87435,-6.78523,-3.1513,25.65478,-21.00022,8e584824-aeb5-4842-aed1-0fd8a02b4c2b,8fde9ccc-fc30-424c-ae80-435b2342cd75,84.23676,Pitching,25410021,,,,,,,,,,,,,,,,,,,210.9732878,43.2461306,1679.943499,0.7284172412,1:00,e0f898bd-55df-4685-acce-efb0dc6e76ed,8a567c57-bea7-4cd5-b1d0-7b7d79bceabf
19,2026-09-12,10:09:13.75,"Johnson, Tate",1000512540,Right,,,,,,Fastball,Live,,84.30698,-1.832866456,-1.518457834,2326.913721,187.235945,12:15,5.7517,0.63193,6.27477,-23.21455,15.60314,1.98466,2.12671,-0.60251,76.81914,-6.222976757,-1.141243826,0.4484213253,-1.53871,9.09171,-0.52093,50,5.60516,3.19503,-122.6587,-4.58674,-2.32844,25.78287,-18.41603,bd50da70-dff0-408d-91eb-75ce91776579,8fde9ccc-fc30-424c-ae80-435b2342cd75,84.05586,Pitching,25410021,,,,,,,,,,,,,,,,,,,205.6690008,42.28313604,1721.518605,0.7398291518,12:45,83efbb93-d53d-454f-8208-25a0f76c7d6f,8a567c57-bea7-4cd5-b1d0-7b7d79bceabf
20,2026-09-12,10:09:30.19,"Johnson, Tate",1000512540,Right,,,,,,Fastball,Live,,85.58806,-3.216953832,-0.6298533898,2348.814715,203.6781158,12:45,5.79306,0.6351,6.29448,-21.94111,16.08343,7.05409,0.9975,0.64262,77.38914,-7.373241901,0.7185450229,0.4438164337,-4.08083,9.88604,-0.59227,50,5.54622,1.16608,-124.3548,-7.61507,-6.28499,28.76657,-16.94829,7cb2a2df-4110-4cbf-8195-0bdea3c045c6,8fde9ccc-fc30-424c-ae80-435b2342cd75,84.92799,Pitching,25410021,,,,,,,,,,,,,,,,,,,,34.77184486,1929.385835,0.8214295585,,9a7d9598-e783-4b5a-8312-f85ea78e7479,8a567c57-bea7-4cd5-b1d0-7b7d79bceabf
21,2026-09-12,10:09:47.67,"Johnson, Tate",1000512540,Right,,,,,,ChangeUp,Live,,79.77871,-2.241587813,-1.543151389,1866.5698,225.6164214,1:30,5.73285,0.6076,6.27136,-30.34631,13.61451,13.9275,1.13607,0.34553,71.93507,-8.003009203,1.124434797,0.4772042382,-8.18121,8.24797,-0.50044,50,5.55267,2.75297,-115.93148,-5.34613,-10.89439,26.02596,-21.19076,7e05b484-edae-45db-a4d5-a5777e1f150d,8fde9ccc-fc30-424c-ae80-435b2342cd75,78.98597,Pitching,25410021,,,,,,,,,,,,,,,,,,,205.4776881,39.56112379,1439.023717,0.7709455689,12:45,b1c2dfdf-e398-4652-9db8-b5e06f7e42cb,8a567c57-bea7-4cd5-b1d0-7b7d79bceabf
22,2026-09-12,10:10:06.76,"Johnson, Tate",1000512540,Right,,,,,,ChangeUp,Live,,79.75086,-2.303909628,-1.414710225,1665.930804,241.6139222,2:00,5.78006,0.43795,6.20646,-35.51084,8.81275,16.33846,0.69286,0.49365,71.73619,-9.03991652,1.719561603,0.4791691731,-9.47678,5.66324,-0.34002,50,5.58977,2.42322,-115.83828,-5.61291,-12.52882,27.085,-24.68693,3b5669a6-3cef-4dc9-9cef-222a8a55bf6d,8fde9ccc-fc30-424c-ae80-435b2342cd75,78.66207,Pitching,25410021,,,,,,,,,,,,,,,,,,,,,,,,3e8cfa36-7904-4599-9215-d22f09a843ee,8a567c57-bea7-4cd5-b1d0-7b7d79bceabf
23,2026-09-12,10:10:25.50,"Johnson, Tate",1000512540,Right,,,,,,Slider,Live,,73.57605,0.3415108084,-0.001982101029,2171.586254,72.715165,8:30,5.61752,0.7466,5.57481,-55.70764,-2.50881,-7.91965,1.29415,0.08477,66.47181,-10.11059565,-1.503164198,0.5249554669,4.24962,-1.46698,-0.74139,50,5.61145,0.22331,-106.86442,-0.90783,4.78893,22.7917,-33.8272,8c4289a0-cdd5-4c04-93a4-bff1e2349a1a,8fde9ccc-fc30-424c-ae80-435b2342cd75,71.80121,Pitching,25410021,,,,,,,,,,,,,,,,,,,,,,,,1c4ccd8c-29a8-4b60-9b83-962922ee854f,8a567c57-bea7-4cd5-b1d0-7b7d79bceabf
24,2026-09-12,10:10:46.39,"Johnson, Tate",1000512540,Right,,,,,,Slider,Live,,72.79981,-0.3920470202,0.2258839338,1061.319306,90.12307032,9:00,5.65771,0.80111,5.71403,-53.79031,-0.02794,-7.77067,0.81001,0.36395,66.2211,-10.46514455,-1.2465015,0.5277285722,4.2608,0.11662,-0.81526,50,5.59236,-0.2078,-105.80705,-2.1731,4.73465,21.38152,-32.04446,fa7736e5-7bf9-4308-a28a-6b059b5d4269,8fde9ccc-fc30-424c-ae80-435b2342cd75,71.42391,Pitching,25410021,,,,,,,,,,,,,,,,,,,,55.53409867,600.6172273,0.5659156711,,be09186b-b33b-4ced-8e0d-b318dfadb125,8a567c57-bea7-4cd5-b1d0-7b7d79bceabf
25,2026-09-12,10:11:03.47,"Johnson, Tate",1000512540,Right,,,,,,Curveball,Live,,71.89148,0.8362904437,0.1383747528,2270.786824,61.6377514,8:00,5.76722,0.51179,5.34011,-63.8935,-7.4238,-13.66214,1.22724,-0.49693,64.88706,-11.10327823,-2.445516718,0.5408528703,7.33055,-4.26191,-0.51483,50,5.79849,0.13092,-104.32618,-0.26772,7.83827,22.42389,-36.73114,9906478d-b758-4326-a9d0-7f34b94ac818,8fde9ccc-fc30-424c-ae80-435b2342cd75,69.69074,Pitching,25410021,,,,,,,,,,,,,,,,,,,49.65175934,52.6420722,1377.896047,0.6067923386,7:45,e90b9d39-058e-477f-b778-a95a0828058d,8a567c57-bea7-4cd5-b1d0-7b7d79bceabf
26,2026-09-12,10:11:19.77,"Johnson, Tate",1000512540,Right,,,,,,Curveball,Live,,70.75461,0.9865231787,-0.82027783,2159.841186,63.50179262,8:00,5.79422,0.39353,5.69678,-63.66294,-6.64766,-13.24475,1.40835,-1.47454,64.49207,-10.92531451,-3.326668619,0.5434592921,6.85272,-3.912,-0.3167,50,5.83808,1.81941,-102.80356,0.10004,7.18351,20.29576,-36.27489,0fece665-5c52-46d0-8a3a-b444d7c782bc,8fde9ccc-fc30-424c-ae80-435b2342cd75,69.35651,Pitching,25410021,,,,,,,,,,,,,,,,,,,,,,,,053dec9c-b053-44fb-9b09-f0f959bbb426,8a567c57-bea7-4cd5-b1d0-7b7d79bceabf
27,2026-09-12,10:11:37.20,"Johnson, Tate",1000512540,Right,,,,,,Curveball,Live,,70.32987,2.361350607,0.7634367793,2203.50065,61.56251188,8:00,5.94132,0.4447,5.27359,-63.68177,-5.10057,-9.31181,2.85359,0.38573,63.82037,-9.507047239,-0.9852016201,0.5508718163,5.18529,-3.4793,-0.50769,50,6.11141,-1.09941,-102.05935,2.42702,5.37428,19.5141,-35.78016,06c5bc08-1cee-4154-8196-a2e562501c28,8fde9ccc-fc30-424c-ae80-435b2342cd75,68.42325,Pitching,25410021,,,,,,,,,,,,,,,,,,,,,,,,cbe4182a-dfe4-4abe-96ce-c72677a87b67,8a567c57-bea7-4cd5-b1d0-7b7d79bceabf
28,2026-09-12,10:12:23.25,"Johnson, Tate",1000512540,Right,,,,,,Curveball,Live,,71.82449,0.2880284054,-1.259099482,2180.608138,52.11627347,7:45,5.83197,0.46048,5.93731,-62.70063,-7.82936,-10.00804,0.87414,-1.54159,65.53244,-11.47928854,-3.162102524,0.533143266,5.00523,-4.35065,-0.35467,50,5.82012,2.5498,-104.39628,-1.07439,5.40376,21.13422,-36.8711,573991b7-e002-4bf7-8718-f117d19e0342,8fde9ccc-fc30-424c-ae80-435b2342cd75,70.69852,Pitching,25410021,,,,,,,,,,,,,,,,,,,,,,,,dba8000f-3ff1-41eb-b650-07b355a8f036,8a567c57-bea7-4cd5-b1d0-7b7d79bceabf
29,2026-09-12,10:14:05.61,"Johnson, Tate",1000512540,Right,,,,,,Fastball,Live,,85.21549,-0.9908610218,-0.6026944175,2275.93851,204.0395262,12:45,5.82065,0.39831,5.83692,-27.18532,11.77899,5.26766,2.63425,0.27718,76.85443,-6.123252275,0.3963087112,0.4492674307,-3.04487,6.69175,-0.35233,50,5.72426,1.14019,-123.88249,-2.9838,-4.65132,28.67565,-21.95178,dec49d75-7e38-4a7e-be91-616fe771ff76,35da7bda-9b1b-4997-8560-a0502dcc8c49,83.89756,Pitching,25410021,,,,,,,,,,,,,,,,,,,,,,,,c81a3c24-b8a3-4cee-a1cb-39a9ef31867c,8a567c57-bea7-4cd5-b1d0-7b7d79bceabf
30,2026-09-12,10:14:20.95,"Johnson, Tate",1000512540,Right,,,,,,ChangeUp,Live,,80.13514,-1.490564598,-1.26985304,1779.70357,237.3780149,2:00,5.86926,0.36042,5.88062,-34.73044,9.04823,14.17932,1.59036,0.36273,72.98735,-8.008120146,1.412731224,0.4762145815,-8.05852,5.35327,-0.26617,50,5.72918,2.17129,-116.5102,-4.04005,-10.95561,24.12966,-24.89624,27d6cde8-2bbf-49f3-b553-10f33681a3c5,35da7bda-9b1b-4997-8560-a0502dcc8c49,79.15012,Pitching,25410021,,,,,,,,,,,,,,,,,,,,,,,,b1d02b30-9830-40f3-9d94-3189018cd01b,8a567c57-bea7-4cd5-b1d0-7b7d79bceabf
31,2026-09-12,10:14:50.84,"Johnson, Tate",1000512540,Right,,,,,,Fastball,Live,,85.84458,-1.536187695,-0.163532265,2318.265379,196.1070144,12:30,5.88001,0.29438,5.70328,-22.5462,16.00103,4.62812,2.56965,0.5277,77.47822,-5.778429875,0.7113001078,0.4468563923,-2.54145,9.09977,-0.28352,50,5.73763,0.20827,-124.7623,-4.06603,-3.94476,28.66917,-18.04968,c14244c9-042c-475e-b149-05e44080a605,35da7bda-9b1b-4997-8560-a0502dcc8c49,84.35023,Pitching,25410021,,,,,,,,,,,,,,,,,,,,,,,,cd06715d-c7a0-4287-8795-9f9db42a0c25,8a567c57-bea7-4cd5-b1d0-7b7d79bceabf
32,2026-09-12,10:15:29.06,"Hagan, Joey",1000500298,Right,,,,,,,Live,,85.015,,,1911.96547,,,5.99102,1.258,7.92088,,,,3.3443,0.54999,77.67708,-5.951498118,-0.5187288368,0.4299719301,-1.8637,3.78248,-1.21163,50,5.97504,2.2076,-124.11937,-1.04382,-2.88758,26.41884,-26.31355,a72a4541-04a1-41f7-b7bc-f71e678e2bc1,35da7bda-9b1b-4997-8560-a0502dcc8c49,87.66256,Pitching,25410021,,,,,,,,,,,,,,,,,,,201.5556485,32.62758358,1610.243786,0.8421929221,12:45,85332598-158b-488c-b7f9-f5bada8c4a40,8a567c57-bea7-4cd5-b1d0-7b7d79bceabf
33,2026-09-12,10:15:41.85,"Hagan, Joey",1000500298,Right,,,,,,,Live,,85.34479,0.2508421603,-0.3276810999,1941.930947,199.5875002,12:45,6.28113,1.3098,7.28486,-23.04735,13.24918,4.72541,4.58729,1.40735,77.7633,-4.203845102,0.5872376422,0.4336146521,-2.78147,7.45384,-1.29281,50,6.28843,0.60414,-124.49031,0.01906,-4.33945,26.35767,-20.54508,14d75752-640a-44dd-b2b6-7c454e74d612,35da7bda-9b1b-4997-8560-a0502dcc8c49,86.92612,Pitching,25410021,,,,,,,,,,,,,,,,,,,,33.25992352,1623.82553,0.83619118,,e3bc6540-daec-4c9e-bfa7-557a22e02941,8a567c57-bea7-4cd5-b1d0-7b7d79bceabf
34,2026-09-12,10:16:28.65,"Hagan, Joey",1000500298,Right,,,,,,Fastball,Live,,85.01623,-0.8873634386,0.9843592622,1899.156818,203.0704294,12:45,6.1894,1.48142,6.95386,-24.41335,12.74881,5.44402,3.34744,2.83075,77.43362,-5.57019449,2.032511591,0.4387547807,-2.76032,7.4277,-1.54424,50,6.12589,-2.26323,-123.8966,-2.52216,-4.2553,26.65537,-20.72354,acae854c-5212-4bfc-a86b-71060f2407f9,35da7bda-9b1b-4997-8560-a0502dcc8c49,85.90776,Pitching,25410021,,,,,,,,,,,,,,,,,,,,33.08094605,1591.304028,0.8379002787,,e377e893-a8a6-4568-983c-1e1088404634,8a567c57-bea7-4cd5-b1d0-7b7d79bceabf
35,2026-09-12,10:16:52.94,"Hagan, Joey",1000500298,Right,,,,,,Fastball,Live,,86.08417,-2.722973565,-1.880187516,2001.369163,171.1616988,11:45,6.34266,1.3681,6.83888,-20.04369,16.47696,-2.56589,2.18629,-0.56072,78.42766,-6.546303717,-2.372885522,0.4349513487,0.86646,10.03944,-1.247,50,6.16101,4.1775,-125.25142,-6.47458,1.36486,27.28358,-16.35981,084e8ef8-2c38-481f-aa5a-590d6c52724a,35da7bda-9b1b-4997-8560-a0502dcc8c49,86.65898,Pitching,25410021,,,,,,,,,,,,,,,,,,,190.5523028,33.63860725,1666.236221,0.8325481634,12:15,35497f02-9dad-416a-836f-767175f7fce3,8a567c57-bea7-4cd5-b1d0-7b7d79bceabf
36,2026-09-12,10:17:07.27,"Hagan, Joey",1000500298,Right,,,,,,Fastball,Live,,86.32394,-2.296195437,-1.428557086,1775.926411,186.6164599,12:15,6.15646,1.34693,6.97533,-21.85281,14.14013,1.64267,2.24539,0.18437,78.84566,-6.47599428,-1.112489824,0.4317974551,-1.34324,8.61918,-1.25964,50,6.00751,3.09414,-125.71745,-5.58838,-2.13756,26.83359,-18.45791,f396bfb4-0548-45ce-bd67-2baffdc5e052,35da7bda-9b1b-4997-8560-a0502dcc8c49,87.29194,Pitching,25410021,,,,,,,,,,,,,,,,,,,189.7501739,31.30423727,1517.387767,0.8544204071,12:15,06ecab10-312a-46b8-a249-2531861cdc7e,8a567c57-bea7-4cd5-b1d0-7b7d79bceabf
37,2026-09-12,10:17:26.12,"Hagan, Joey",1000500298,Right,,,,,,ChangeUp,Live,,77.73875,-0.7711824988,-1.474256738,1177.594365,184.2403687,12:15,6.03886,1.57988,7.03453,-26.73829,17.716,1.31656,3.10985,0.35008,70.58696,-5.91721849,-1.219921042,0.4798750924,-1.20234,10.22758,-1.49117,50,5.98322,2.88607,-113.26867,-2.11519,-1.54368,22.95632,-19.04289,ff75dd29-c041-4fdc-b165-75f4ed90d26e,35da7bda-9b1b-4997-8560-a0502dcc8c49,78.54635,Pitching,25410021,,,,,,,,,,,,,,,,,,,213.2418715,36.48858912,946.7567924,0.8039753081,1:00,6a0605ad-579a-4e82-9102-fdd0326049a2,8a567c57-bea7-4cd5-b1d0-7b7d79bceabf
38,2026-09-12,10:17:43.25,"Hagan, Joey",1000500298,Right,,,,,,ChangeUp,Live,,79.78764,-1.80394277,-1.077631434,1427.686403,202.5778172,12:45,5.98845,1.4324,7.04001,-28.38858,13.70908,5.71168,1.98338,0.92945,72.81574,-7.245478431,0.02469650645,0.4669822496,-3.54483,8.27125,-1.36927,50,5.86995,2.05711,-116.24426,-4.30539,-4.80835,23.5545,-20.9546,a60cfce8-fb11-406a-8df8-dc55b6003cee,35da7bda-9b1b-4997-8560-a0502dcc8c49,80.71493,Pitching,25410021,,,,,,,,,,,,,,,,,,,197.7983588,33.61794482,1188.902825,0.8327478798,12:30,974b8818-f808-4d59-9be4-67ddb7468609,8a567c57-bea7-4cd5-b1d0-7b7d79bceabf
39,2026-09-12,10:18:04.07,"Hagan, Joey",1000500298,Right,,,,,,Fastball,Live,,83.90145,-1.344249181,-1.804865221,1858.742184,193.8073578,12:30,6.23663,1.32276,7.04238,-25.72897,12.53999,3.08979,2.87079,-0.05959,76.02078,-6.298634828,-1.207191594,0.4452405465,-2.32093,7.50567,-1.21488,50,6.14688,3.77712,-122.19019,-3.47867,-3.45837,27.31341,-20.98999,2da6c419-9cab-436f-aec4-be8a3aac4bc6,35da7bda-9b1b-4997-8560-a0502dcc8c49,84.65635,Pitching,25410021,,,,,,,,,,,,,,,,,,,197.0848572,38.18627796,1460.980606,0.7860049762,12:30,40d8883d-4c74-4628-ad6f-8de2ce0e378f,8a567c57-bea7-4cd5-b1d0-7b7d79bceabf
40,2026-09-12,10:18:20.82,"Hagan, Joey",1000500298,Right,,,,,,Curveball,Live,,73.50747,-0.7835122015,-1.961026744,1934.126235,89.08525253,9:00,6.2152,0.98872,6.18625,-51.38924,-0.10784,-3.96126,1.20895,-1.15253,67.68171,-10.41913444,-2.712355546,0.5154082334,1.5726,0.17724,-0.83905,50,6.13017,3.76149,-106.94113,-2.75869,1.80654,19.82386,-31.97044,fa1ffbff-8176-40ee-b10a-b91ba689dc6e,35da7bda-9b1b-4997-8560-a0502dcc8c49,73.13123,Pitching,25410021,,,,,,,,,,,,,,,,,,,,,,,,42135eed-66a7-4fe3-9317-4da2de51e93f,8a567c57-bea7-4cd5-b1d0-7b7d79bceabf
41,2026-09-12,10:18:41.81,"Hagan, Joey",1000500298,Right,,,,,,Curveball,Live,,75.57749,-0.4958806972,-2.027107845,1771.186165,158.6919001,11:15,6.28581,1.1132,6.30842,-44.87038,3.51231,-1.38669,2.08958,-0.87025,69.11963,-8.969049555,-2.291089243,0.5006294521,0.1357,2.0809,-0.96423,50,6.22802,3.927,-109.96049,-2.08517,0.1644,21.40822,-29.65299,50c1cbf6-266e-45d8-98d4-08f6b31e61ba,35da7bda-9b1b-4997-8560-a0502dcc8c49,75.29009,Pitching,25410021,,,,,,,,,,,,,,,,,,,,63.90198579,779.1590437,0.4399080452,,f5ebf858-81c6-4afe-a262-f2094e2f687b,8a567c57-bea7-4cd5-b1d0-7b7d79bceabf
42,2026-09-12,10:19:00.79,"Hagan, Joey",1000500298,Right,,,,,,Curveball,Live,,74.94341,-3.393429969,-3.071525065,1736.62039,359.7841867,6:00,6.35625,0.93364,6.22288,,,,,,,,,,-1.00981,-0.70396,-0.70421,50,6.07602,5.83274,-108.70464,-7.79918,-1.18831,21.99737,-33.00244,02ea8d05-3d41-49e6-bb7b-6c1dd8a6a433,35da7bda-9b1b-4997-8560-a0502dcc8c49,,Pitching,25410021,,,,,,,,,,,,,,,,,,,,62.75850039,794.9241178,0.4577420156,,5f5204e0-a2ad-417f-84d7-18f84e4e19b7,8a567c57-bea7-4cd5-b1d0-7b7d79bceabf
43,2026-09-12,10:19:22.84,"Hagan, Joey",1000500298,Right,,,,,,Curveball,Live,,73.9985,-1.108950543,-1.77904806,1691.307881,50.53506359,7:45,6.33998,1.15262,6.02787,-52.20832,-1.19366,-1.39755,0.96181,-0.61172,68.04902,-10.87129037,-2.043790636,0.514066026,0.21243,-0.30755,-1.013,50,6.2252,3.37894,-107.61252,-3.4467,0.24658,20.43859,-32.53104,ec9c7b2c-692b-4f44-a3b0-a031dda673ea,35da7bda-9b1b-4997-8560-a0502dcc8c49,73.32217,Pitching,25410021,,,,,,,,,,,,,,,,,,,,58.79761059,876.2034939,0.5180626803,,c0aac3e1-87a0-44b7-bb82-0396824de1c8,8a567c57-bea7-4cd5-b1d0-7b7d79bceabf
44,2026-09-12,10:19:49.63,"Hagan, Joey",1000500298,Right,,,,,,Fastball,Live,,86.64951,-2.839475232,-1.574339616,1984.022046,188.8803893,12:15,6.25332,1.32966,7.1237,-20.9971,14.6003,2.28343,1.92552,0.09191,79.06791,-6.864773432,-1.133466861,0.4294182552,-1.76102,9.09919,-1.23764,50,6.07911,3.41211,-126.15064,-6.76554,-2.81714,27.40826,-17.61791,044d6545-35b5-4607-8bd8-8790b0af84fb,35da7bda-9b1b-4997-8560-a0502dcc8c49,87.77559,Pitching,25410021,,,,,,,,,,,,,,,,,,,195.0276483,36.03627334,1604.368936,0.8086447118,12:30,35091ec9-9f34-4b89-883a-a7cf67b8e739,8a567c57-bea7-4cd5-b1d0-7b7d79bceabf
45,2026-09-12,10:20:04.91,"Hagan, Joey",1000500298,Right,,,,,,Fastball,Live,,86.19889,-2.552076092,-1.248748054,1856.723422,194.1580121,12:30,6.14984,1.37631,7.00606,-23.91984,11.92766,3.01339,1.83486,0.49226,79.31412,-7.10945629,-0.6703848074,0.4309241076,-2.03521,7.39927,-1.30122,50,5.98587,2.66222,-125.57143,-6.19372,-3.25316,25.16577,-20.34672,e45d9458-c72f-46e8-9ec4-78946ec3447a,35da7bda-9b1b-4997-8560-a0502dcc8c49,87.46886,Pitching,25410021,,,,,,,,,,,,,,,,,,,204.69028,41.80576533,1384.018213,0.7454089267,12:45,659db6c8-7829-4c6e-812d-9f2537040ce6,8a567c57-bea7-4cd5-b1d0-7b7d79bceabf
46,2026-09-12,10:22:05.32,"Morio, Brandon",1000500365,Left,,,,,,,Live,,75.64909,1.427648964,3.842616931,1888.90546,137.6862626,10:30,6.2025,-2.55159,7.76628,-35.76171,9.9548,-9.12882,4.50414,0.1344,68.705,-5.549196489,2.060273028,0.4866401774,6.47024,5.32257,2.37003,50,6.26304,-7.23858,-110.13717,2.12816,7.86528,21.44895,-25.70389,c813a534-5754-4bb4-8220-7a4f34922142,58661dea-8c06-45ec-ae19-a426032b7506,77.45443,Pitching,25410021,,,,,,,,,,,,,,,,,,,,-39.09520313,1465.978026,0.7760992052,,efd41720-e118-4f1b-8c61-d06a1061e04a,8a567c57-bea7-4cd5-b1d0-7b7d79bceabf
47,2026-09-12,10:22:12.81,"Morio, Brandon",1000500365,Left,,,,,,,Live,,77.36868,0.5275072049,3.987132628,1890.414901,143.156045,10:45,6.06915,-2.52708,7.77423,-33.03556,10.32564,-7.78628,3.78973,0.40028,70.88665,-5.887124235,2.473646307,0.4739385801,5.6321,5.81913,2.33886,50,6.08716,-7.71539,-112.69197,0.44877,7.22931,20.83019,-24.70466,07758aac-ae26-4e96-adff-b9966dbb3d3c,58661dea-8c06-45ec-ae19-a426032b7506,79.53022,Pitching,25410021,,,,,,,,,,,,,,,,,,,158.5628209,-41.2792264,1420.653187,0.7515033794,11:15,eee5704a-a2da-4bd0-a429-725fb2dbb455,8a567c57-bea7-4cd5-b1d0-7b7d79bceabf
48,2026-09-12,10:22:20.73,"Morio, Brandon",1000500365,Left,,,,,,,Live,,78.11017,2.025709524,3.662929341,1990.188191,181.170167,12:00,5.96808,-2.62761,6.97763,-29.34162,15.20893,0.31185,5.36965,0.73397,70.29035,-3.637692736,3.723057107,0.4803943837,1.02877,7.8997,2.40209,50,6.08274,-7.27359,-113.51009,3.36791,1.31906,24.12273,-22.04525,a6ff770b-d018-4958-b3dd-f751867ffc6f,58661dea-8c06-45ec-ae19-a426032b7506,78.46145,Pitching,25410021,,,,,,,,,,,,,,,,,,,,-41.94142676,1480.35867,0.7438284865,,7b30421c-873d-43c5-96f6-fb42b7cd0e90,8a567c57-bea7-4cd5-b1d0-7b7d79bceabf
49,2026-09-12,10:22:32.52,"Morio, Brandon",1000500365,Left,,,,,,,Live,,81.47287,-0.0499521149,1.530257633,2100.387998,164.9233848,11:30,6.05093,-2.53769,6.17257,-26.19784,15.81154,-4.27029,3.82163,-1.48011,73.50866,-5.030429498,0.7165833021,0.4664923334,2.82829,8.66227,2.42429,50,6.03389,-3.04702,-118.51055,-0.83289,3.96126,25.85643,-20.04179,3fc5c83d-d4dd-4ded-a2bd-fdab7c874395,58661dea-8c06-45ec-ae19-a426032b7506,80.7997,Pitching,25410021,,,,,,,,,,,,,,,,,,,181.494003,-38.88154601,1635.0373,0.7784453643,12:00,7e05a89c-bc6e-41a1-a3b1-71f66ee9972b,8a567c57-bea7-4cd5-b1d0-7b7d79bceabf
50,2026-09-12,10:22:54.24,"Morio, Brandon",1000500365,Left,,,,,,Fastball,Live,,84.30802,-1.623683506,1.422279132,2064.792706,154.2930592,11:15,5.83796,-2.47555,6.42236,-25.25034,13.54309,-6.53262,2.24061,-1.71247,76.41926,-6.426910734,0.1731335887,0.4482811524,4.05135,7.98113,2.37731,50,5.7109,-2.86617,-122.66367,-4.17151,6.09296,27.18677,-20.17096,a175843b-fa3a-4f91-a845-15dfc82cba49,58661dea-8c06-45ec-ae19-a426032b7506,84.08214,Pitching,25410021,,,,,,,,,,,,,,,,,,,,-38.89159004,1607.101078,0.7783353135,,f708893a-eef4-4bce-83f0-85271911fbaf,8a567c57-bea7-4cd5-b1d0-7b7d79bceabf
51,2026-09-12,10:23:12.04,"Morio, Brandon",1000500365,Left,,,,,,Fastball,Live,,84.13511,-1.981929033,1.614482759,2015.26101,166.8200476,11:30,5.8319,-2.48358,6.50904,-24.45078,14.3214,-3.3599,1.97432,-1.28177,76.438,-6.631960252,0.9718273662,0.4481583836,2.35786,8.53302,2.3726,50,5.68308,-3.35965,-122.41045,-4.89666,3.53858,26.62563,-19.36807,4487938d-61f3-4546-aa82-22e40c5b5ecb,58661dea-8c06-45ec-ae19-a426032b7506,84.10517,Pitching,25410021,,,,,,,,,,,,,,,,,,,164.2429215,-39.35267421,1558.315875,0.7732575914,11:30,7f3e5f46-3589-4bd9-84b9-192ecd5f931c,8a567c57-bea7-4cd5-b1d0-7b7d79bceabf
52,2026-09-12,10:23:29.99,"Morio, Brandon",1000500365,Left,,,,,,Fastball,Live,,86.03617,-1.806914631,1.667918798,1962.388502,151.7578268,11:00,5.90073,-2.41212,6.51249,-25.23445,11.77237,-6.33643,2.13875,-1.40939,78.29231,-6.603787038,0.456781413,0.4378367878,4.0103,7.05768,2.29882,50,5.76389,-3.47089,-125.19989,-4.64746,6.30749,27.42336,-21.07356,df7d230a-4905-41ac-94dc-2d91a12c8f04,58661dea-8c06-45ec-ae19-a426032b7506,86.08788,Pitching,25410021,,,,,,,,,,,,,,,,,,,186.9828064,-39.88374999,1505.833021,0.7673470465,12:15,48cc5e9c-dd49-4b35-bac7-ddb4b3825e7d,8a567c57-bea7-4cd5-b1d0-7b7d79bceabf
53,2026-09-12,10:23:47.80,"Morio, Brandon",1000500365,Left,,,,,,Fastball,Live,,86.0645,-3.621255967,1.387361842,1970.002108,150.4256493,11:00,5.92611,-2.03537,6.59774,-24.47762,12.18522,-6.91449,0.56375,-1.34048,79.17616,-8.236889595,0.06929863699,0.4357972512,4.21175,7.75086,1.94383,50,5.66879,-2.84253,-125.15363,-8.59038,6.67989,25.26847,-19.88108,4b8551df-7745-4ac3-9f77-50378f469dc0,58661dea-8c06-45ec-ae19-a426032b7506,86.49077,Pitching,25410021,,,,,,,,,,,,,,,,,,,,-30.98754979,1688.841825,0.8572791968,,cf062ecd-0802-4100-bb78-42c848dd6774,8a567c57-bea7-4cd5-b1d0-7b7d79bceabf
54,2026-09-12,10:24:03.98,"Morio, Brandon",1000500365,Left,,,,,,ChangeUp,Live,,75.67,-2.013571715,3.710444791,1110.540717,126.3281413,10:15,5.90411,-2.44402,6.16899,-42.05984,6.94244,-9.48154,0.5349,0.19728,68.81775,-9.935171803,1.9063398,0.5038248487,6.39946,4.45646,2.16804,50,5.73026,-6.87599,-109.79921,-4.95303,7.68216,22.4633,-26.82434,4e1090bc-5738-4d33-896b-b79031b8ed22,58661dea-8c06-45ec-ae19-a426032b7506,74.81258,Pitching,25410021,,,,,,,,,,,,,,,,,,,,-18.98447907,1050.134781,0.9456067345,,a74445e7-aaa4-4d23-bb05-7eeb5288b4fd,8a567c57-bea7-4cd5-b1d0-7b7d79bceabf
55,2026-09-12,10:24:20.14,"Morio, Brandon",1000500365,Left,,,,,,ChangeUp,Live,,75.30827,-0.9712879649,3.483420544,1361.423918,123.17313,10:00,5.82883,-2.56201,6.19351,-42.02346,7.15176,-11.00438,1.42856,-0.2596,68.58235,-8.901455922,1.391694716,0.5047130489,7.11572,4.21751,2.30548,50,5.73458,-6.37631,-109.38646,-2.93591,8.51275,21.5678,-27.12851,18ccbfa9-5ceb-48a4-a792-8aeb3dd5eca7,58661dea-8c06-45ec-ae19-a426032b7506,74.68093,Pitching,25410021,,,,,,,,,,,,,,,,,,,,-38.40117482,1066.921677,0.7836807208,,c2f7305a-5777-46ec-9e30-6f65bbb1ecf7,8a567c57-bea7-4cd5-b1d0-7b7d79bceabf
56,2026-09-12,10:24:39.53,"Morio, Brandon",1000500365,Left,,,,,,Curveball,Live,,71.84243,2.217301886,0.8669239635,2114.358819,277.6409501,3:15,5.99903,-2.50908,5.57124,-57.5763,-2.28675,16.76428,3.27311,-0.30234,65.45297,-8.544925643,4.019170105,0.5351714657,-8.69373,-1.92714,2.42374,50,6.15281,-2.0376,-104.34844,2.46556,-9.45633,19.76808,-34.27023,10d9af00-e2ca-402a-8f0a-05a7a11166eb,58661dea-8c06-45ec-ae19-a426032b7506,70.43058,Pitching,25410021,,,,,,,,,,,,,,,,,,,,-55.9277041,1184.545295,0.5602385389,,c0d7ffb8-13e3-475c-9964-dcb286eab183,8a567c57-bea7-4cd5-b1d0-7b7d79bceabf
57,2026-09-12,10:24:56.94,"Morio, Brandon",1000500365,Left,,,,,,Curveball,Live,,72.96609,0.9171597534,2.677121772,1947.883448,291.7752579,3:45,6.17494,-2.31397,5.7249,-58.7794,-5.28158,13.14702,2.13178,1.27652,66.62704,-10.06246503,5.153809358,0.526428587,-6.19924,-3.14513,2.0828,50,6.21588,-5.30849,-105.94387,0.11207,-6.92446,21.00738,-35.6871,ce34b9b5-9bdf-4528-9ec4-e3374e523675,58661dea-8c06-45ec-ae19-a426032b7506,71.60029,Pitching,25410021,,,,,,,,,,,,,,,,,,,,,,,,c09492ae-7686-4d58-a17e-fd5f72c86b61,8a567c57-bea7-4cd5-b1d0-7b7d79bceabf
58,2026-09-12,10:25:22.18,"Morio, Brandon",1000500365,Left,,,,,,Curveball,Live,,75.00766,0.1026050592,0.9420282809,2024.308248,296.4510033,4:00,6.11676,-2.29518,5.93325,-56.16589,-5.91025,11.79758,1.53146,-0.43813,68.28546,-10.45306345,3.18416282,0.5102274326,-6.08604,-3.24324,2.21355,50,6.09369,-2.10785,-109.04352,-1.30364,-7.17719,22.84933,-35.99876,82a45708-90ba-4e1f-9f19-6b4737645357,58661dea-8c06-45ec-ae19-a426032b7506,73.8738,Pitching,25410021,,,,,,,,,,,,,,,,,,,344.1036532,-67.29687205,781.2947359,0.3859564059,5:30,4338722c-a3ac-4230-9add-aed0f7a7bc94,8a567c57-bea7-4cd5-b1d0-7b7d79bceabf
59,2026-09-12,10:25:36.71,"Morio, Brandon",1000500365,Left,,,,,,Curveball,Live,,72.9005,1.270100386,-0.2514280605,1827.926507,272.3777115,3:00,6.02312,-2.3932,5.64036,-53.95384,-0.59926,13.32607,2.71184,-1.51721,66.57471,-8.817249439,2.257992575,0.5257233289,-7.21975,-0.71395,2.40615,50,6.09694,0.09829,-105.98343,0.86472,-8.1234,19.9332,-32.97736,7667b51c-0421-4cfe-bd3c-83ab605020aa,58661dea-8c06-45ec-ae19-a426032b7506,71.69634,Pitching,25410021,,,,,,,,,,,,,,,,,,,,,,,,74f60b2c-2ec3-47b1-894e-0a5fd8c047f4,8a567c57-bea7-4cd5-b1d0-7b7d79bceabf
60,2026-09-12,10:25:59.36,"Morio, Brandon",1000500365,Left,,,,,,Fastball,Live,,85.24363,-0.3789561142,1.347878384,1798.377682,153.248144,11:00,5.92955,-2.22364,6.53624,-30.12406,7.39285,-3.74304,3.07157,-1.2992,77.76525,-6.109613944,0.6331206755,0.4408440086,2.46803,4.19932,2.13203,50,5.89026,-2.81906,-124.15048,-1.64314,3.82835,26.2807,-25.66016,3afa0d6d-11f7-459f-a58e-92131d34e303,58661dea-8c06-45ec-ae19-a426032b7506,85.50063,Pitching,25410021,,,,,,,,,,,,,,,,,,,,-46.27978281,1242.926205,0.6911374718,,83cce8d1-f4cc-44f9-9fa4-ab90978e2032,8a567c57-bea7-4cd5-b1d0-7b7d79bceabf
61,2026-09-12,10:26:16.52,"Morio, Brandon",1000500365,Left,,,,,,Fastball,Live,,85.5509,-2.58189266,1.916914793,1820.068514,151.2260808,11:00,5.93015,-1.95867,6.53167,-29.3157,7.93881,-4.37114,1.11619,-0.56413,78.50741,-8.120250965,1.083785555,0.4392995992,2.96566,5.12824,1.8278,50,5.73839,-4.04559,-124.45917,-6.41973,4.63655,25.74044,-24.1565,f07f9421-14e3-40b8-812d-3b1d99438a72,58661dea-8c06-45ec-ae19-a426032b7506,85.80121,Pitching,25410021,,,,,,,,,,,,,,,,,,,188.0505833,-40.83670778,1377.020651,0.7565762723,12:15,b24f5a2e-f8e3-4211-b3c2-78134464ad7b,8a567c57-bea7-4cd5-b1d0-7b7d79bceabf
62,2026-09-12,10:26:35.74,"Morio, Brandon",1000500365,Left,,,,,,Fastball,Live,,85.65956,0.2209006559,2.588438507,1839.774719,155.5239687,11:15,5.97147,-1.99662,6.23901,-32.75729,4.61745,-2.11846,3.44564,0.21574,78.67663,-5.951795912,2.188251995,0.4400079096,1.86126,2.46043,1.80511,50,5.97156,-5.5738,-124.66744,-0.47915,2.93517,24.58643,-28.29401,6cc9eb89-1c9b-4649-bb1b-077a418ac754,58661dea-8c06-45ec-ae19-a426032b7506,85.66309,Pitching,25410021,,,,,,,,,,,,,,,,,,,175.8445943,-47.34573497,1246.581355,0.677572826,11:45,2ffa995d-b725-4fa7-a791-37a7599ff7c6,8a567c57-bea7-4cd5-b1d0-7b7d79bceabf
63,2026-09-12,10:26:51.57,"Morio, Brandon",1000500365,Left,,,,,,ChangeUp,Live,,74.02548,0.2733251609,2.05031195,1375.085155,119.3253557,10:00,5.74302,-2.66397,6.50797,-43.51868,5.86571,-10.52488,2.36743,-1.65889,68.423,-7.94196223,0.05190110392,0.5057853584,6.34403,3.15908,2.52576,50,5.74278,-3.60752,-107.83536,-0.53128,7.50171,18.00921,-28.43849,ab02153a-8114-400b-baf0-2af8763193f3,58661dea-8c06-45ec-ae19-a426032b7506,74.5226,Pitching,25410021,,,,,,,,,,,,,,,,,,,,-20.72093966,1286.137476,0.9353147853,,66b39974-2be4-46a5-a44e-a77f4528ca41,8a567c57-bea7-4cd5-b1d0-7b7d79bceabf
64,2026-09-12,10:27:07.78,"Morio, Brandon",1000500365,Left,,,,,,ChangeUp,Live,,75.41208,-0.2860542805,4.722675153,1327.202424,156.2249272,11:15,5.64977,-2.60933,6.38718,-38.55561,9.8475,-4.36992,2.17283,1.37981,69.10643,-7.560198862,3.896033374,0.5007350762,3.76325,5.49405,2.2717,50,5.61123,-8.93589,-109.48102,-1.50765,4.55204,19.94,-25.52842,894a5458-dfc1-4d84-9a24-7d68ade80693,58661dea-8c06-45ec-ae19-a426032b7506,75.27421,Pitching,25410021,,,,,,,,,,,,,,,,,,,,-30.22019242,1146.832259,0.8640974719,,4bad6a1b-bc63-422c-b83a-562df86c7d6d,8a567c57-bea7-4cd5-b1d0-7b7d79bceabf
65,2026-09-12,10:27:24.91,"Morio, Brandon",1000500365,Left,,,,,,Curveball,Live,,71.51955,1.710760124,0.2841147588,2033.798919,284.4255209,3:30,6.10033,-2.118,5.41113,-58.64885,-3.20542,12.28324,2.81595,-0.82826,65.98427,-9.149518959,2.575447628,0.5359156213,-6.43359,-2.17823,2.08431,50,6.21189,-0.86297,-103.9927,1.4478,-7.04106,17.53669,-34.55795,299df014-dcc8-470b-bf2e-b3be6672bece,58661dea-8c06-45ec-ae19-a426032b7506,70.33279,Pitching,25410021,,,,,,,,,,,,,,,,,,,328.1384785,-57.82731349,1082.942659,0.5324728265,5:00,57d645fd-c565-461b-8808-60e01ca0c89c,8a567c57-bea7-4cd5-b1d0-7b7d79bceabf
66,2026-09-12,10:27:47.97,"Morio, Brandon",1000500365,Left,,,,,,Fastball,Live,,85.03374,-2.632335709,1.585335656,2115.618916,177.0147088,12:00,6.06187,-2.01357,6.47718,-22.23414,15.09548,-0.78828,1.78958,-0.62335,78.79632,-6.809693254,1.436220014,0.4397422437,0.8273,8.95087,1.90263,50,5.86686,-3.40471,-123.81343,-6.31516,1.29747,22.33184,-18.13629,45937921-1bee-4d6a-acab-27d53887473b,58661dea-8c06-45ec-ae19-a426032b7506,85.71485,Pitching,25410021,,,,,,,,,,,,,,,,,,,,-43.38873988,1537.440761,0.7267096876,,f42dfcce-d631-4ab6-a931-c1eab6aa4c64,8a567c57-bea7-4cd5-b1d0-7b7d79bceabf
67,2026-09-12,10:28:03.98,"Morio, Brandon",1000500365,Left,,,,,,Fastball,Live,,85.97673,-1.191035015,0.6332043724,2151.292364,179.4583258,12:00,5.89265,-2.17522,6.20008,-25.81154,10.94891,-0.10379,2.64218,-1.59942,79.74347,-6.025176382,0.6136786037,0.4363769233,0.21001,6.24264,2.12776,50,5.79006,-1.38169,-125.29909,-3.37786,0.33802,22.36579,-22.12615,605f1b8d-e1f4-4d50-aded-943245cf045e,58661dea-8c06-45ec-ae19-a426032b7506,86.37588,Pitching,25410021,,,,,,,,,,,,,,,,,,,,,,,,7f732b23-a000-4f68-87c5-97afc2d7c583,8a567c57-bea7-4cd5-b1d0-7b7d79bceabf
68,2026-09-12,10:28:22.76,"Morio, Brandon",1000500365,Left,,,,,,Fastball,Live,,85.2825,-1.23396698,1.803669384,2054.536474,157.3615021,11:15,5.97194,-2.12899,6.1602,-28.29812,9.32831,-3.90337,2.47326,-0.78775,78.7673,-6.538979286,1.068398345,0.4414869733,2.5863,5.3891,1.9944,50,5.86378,-3.79432,-124.18244,-3.51886,4.06786,23.18559,-23.69782,5dade2e5-4ea2-4ce7-aea0-a82356d182dd,58661dea-8c06-45ec-ae19-a426032b7506,85.37611,Pitching,25410021,,,,,,,,,,,,,,,,,,,194.956745,-42.76381159,1508.356151,0.7341588579,12:30,9899b607-c265-4fe1-b5cb-d345887dce63,8a567c57-bea7-4cd5-b1d0-7b7d79bceabf
69,2026-09-12,10:29:51.31,"Wells, Caden",1000511882,Right,,,,,,,Live,,85.51667,-0.05958017658,-1.106765039,1717.479007,235.9960612,1:45,6.53466,2.33663,4.80952,-27.35356,12.37343,18.39364,4.19875,2.82093,78.01183,-5.098485675,2.292059502,0.4536430614,-9.86641,6.44235,-2.24219,50,6.50573,1.72129,-124.24258,-1.13892,-15.38753,25.41091,-22.12664,72dc458b-b5eb-4248-941a-5ca196d39aa7,58661dea-8c06-45ec-ae19-a426032b7506,83.08832,Pitching,25410021,,,,,,,,,,,,,,,,,,,,33.38356898,1434.104749,0.8350056933,,4d429817-3468-47df-9555-cba8807783a1,8a567c57-bea7-4cd5-b1d0-7b7d79bceabf
70,2026-09-12,10:30:09.06,"Teer, Max",1000616387,Right,,,,,,Fastball,Live,,86.00199,-0.3361126269,-2.885779946,1585.345271,229.2114685,1:45,6.4497,2.22816,4.51904,-26.39025,13.5081,15.70846,3.93002,0.78673,78.08999,-5.182167333,0.004511526113,0.4546203597,-8.92238,7.04635,-1.94115,50,6.39036,5.68294,-124.72417,-1.7478,-13.98794,26.19828,-21.12723,ffd8eced-fe28-41dc-8f17-bc5c8e672314,58661dea-8c06-45ec-ae19-a426032b7506,82.9097,Pitching,25410021,,,,,,,,,,,,,,,,,,,,18.31174563,1505.065114,0.9493610892,,08b33fe4-94bc-44ae-9a97-2baf37b0f0ee,8a567c57-bea7-4cd5-b1d0-7b7d79bceabf
71,2026-09-12,10:30:22.49,"Teer, Max",1000616387,Right,,,,,,Fastball,Live,,86.01577,-0.49084933,-3.738638945,1607.505383,240.6201463,2:00,6.55372,2.24823,4.53677,-29.95475,9.80322,17.49034,3.5892,0.14153,78.49786,-5.974795244,-0.5296742559,0.4538198743,-10.03209,5.17615,-1.87467,50,6.47509,7.47421,-124.68952,-2.22404,-15.7931,25.08366,-24.02546,84666205-d2d5-4072-8a8f-43b79b3d9009,58661dea-8c06-45ec-ae19-a426032b7506,83.05595,Pitching,25410021,,,,,,,,,,,,,,,,,,,,25.20853608,1454.412371,0.9047636087,,d87d65a5-097e-4afb-8690-e327ddae5839,8a567c57-bea7-4cd5-b1d0-7b7d79bceabf
72,2026-09-12,10:30:36.59,"Teer, Max",1000616387,Right,,,,,,Fastball,Live,,85.12264,-1.018815915,-5.179014742,1641.866837,230.7463133,1:45,6.38088,2.26712,4.6453,-29.37269,11.30536,13.90403,2.96111,-1.50824,77.51403,-6.403647736,-2.628462478,0.4590409599,-8.65557,6.12797,-1.74888,50,6.25036,10.64052,-123.13612,-3.29787,-13.25971,24.961,-22.78643,2b1d9892-31b8-48d2-8980-1d1bf68f03e8,58661dea-8c06-45ec-ae19-a426032b7506,82.11128,Pitching,25410021,,,,,,,,,,,,,,,,,,,,27.64792519,1454.391494,0.8858157442,,469e09b7-88a1-4760-ae92-ecf2a941251d,8a567c57-bea7-4cd5-b1d0-7b7d79bceabf
73,2026-09-12,10:30:53.23,"Teer, Max",1000616387,Right,,,,,,Cutter,Live,,84.12112,0.4418616942,-1.767944694,1944.138446,221.2758781,1:30,6.54374,2.37747,4.74785,-28.16786,12.89724,11.35838,4.61565,1.64691,76.82947,-4.740420352,0.3256824297,0.4612196752,-6.36815,6.55575,-2.20973,50,6.5639,3.35482,-122.19578,-0.09106,-9.63661,23.8916,-22.25355,9bb5e5ea-151a-47d3-993f-e7864a5ecd48,58661dea-8c06-45ec-ae19-a426032b7506,81.7234,Pitching,25410021,,,,,,,,,,,,,,,,,,,,33.19281744,1626.919109,0.836832949,,ca9099cb-bead-4605-8658-6210922e285c,8a567c57-bea7-4cd5-b1d0-7b7d79bceabf
74,2026-09-12,10:31:14.23,"Teer, Max",1000616387,Right,,,,,,Cutter,Live,,82.43081,-1.679479986,-6.020672728,2023.722802,243.1103987,2:00,6.38082,2.26101,4.91629,-37.17994,5.72194,11.34312,1.6855,-2.50654,75.744,-8.477168694,-3.940596313,0.4714216971,-7.54622,3.43768,-1.68149,50,6.18589,12.16814,-119.13455,-4.81333,-10.86976,22.40515,-27.22233,0491cc11-7b47-4435-84cc-f079991e22af,58661dea-8c06-45ec-ae19-a426032b7506,79.95482,Pitching,25410021,,,,,,,,,,,,,,,,,,,,,,,,d9ce9e40-bc25-46ba-ac95-e297ab4ed6d0,8a567c57-bea7-4cd5-b1d0-7b7d79bceabf
75,2026-09-12,10:31:31.24,"Teer, Max",1000616387,Right,,,,,,Cutter,Live,,82.19471,-2.933722908,-5.982561316,2040.211489,225.3306756,1:30,6.23074,2.07773,5.20884,-32.74281,9.95806,10.09696,0.72617,-2.72658,75.67221,-8.935214064,-4.122565969,0.4703160419,-6.92538,6.03145,-1.53086,50,5.93389,12.10805,-118.75902,-7.21388,-9.9214,22.07698,-23.5333,aa766f0a-9146-45fd-b3f1-f947253b526a,58661dea-8c06-45ec-ae19-a426032b7506,80.14279,Pitching,25410021,,,,,,,,,,,,,,,,,,,,,,,,228d9ed0-6919-4922-9ca5-c14155e9b1e5,8a567c57-bea7-4cd5-b1d0-7b7d79bceabf
76,2026-09-12,10:31:45.34,"Teer, Max",1000616387,Right,,,,,,ChangeUp,Live,,78.68453,-5.936563653,-5.027342839,1460.574309,,,6.50602,2.15884,5.28967,,,,,,,,,,-6.64763,11.6053,-1.70772,50,5.9421,9.66332,-113.38413,-12.71749,-8.64335,20.96656,-17.08466,6d4b559c-2600-49a7-ba8c-12a477fe3d9b,58661dea-8c06-45ec-ae19-a426032b7506,,Pitching,25410021,,,,,,,,,,,,,,,,,,,,,,,,6133ef83-e7b4-4622-a0e5-435a6fa4183f,8a567c57-bea7-4cd5-b1d0-7b7d79bceabf
77,2026-09-12,10:32:22.79,"Teer, Max",1000616387,Right,,,,,,Fastball,Live,,82.75245,-0.2108569963,-1.598211126,1444.19608,213.1011643,1:00,6.41191,2.47996,4.59657,-25.84197,17.26913,11.28511,4.05782,1.90018,74.7872,-4.977116698,0.4882988799,0.4725698328,-6.32169,8.98516,-2.32536,50,6.36713,2.93841,-120.07495,-1.38515,-9.1337,25.50284,-19.19211,eadaf1ff-1ccb-4b64-bfed-f9e5966a81fd,58661dea-8c06-45ec-ae19-a426032b7506,79.76057,Pitching,25410021,,,,,,,,,,,,,,,,,,,,23.43040107,1325.113116,0.9175437703,,970a5753-82a2-432c-a057-4baba2592048,8a567c57-bea7-4cd5-b1d0-7b7d79bceabf
78,2026-09-12,10:32:37.27,"Teer, Max",1000616387,Right,,,,,,Fastball,Live,,83.66695,-2.637508112,-5.338045641,1584.278888,251.4690469,2:30,6.30419,2.33282,4.96277,-36.13762,5.72599,17.02486,0.78882,-1.30518,76.31221,-9.275648204,-2.189664245,0.4656823024,-10.49153,3.78156,-1.82915,50,6.01922,10.70098,-120.90775,-6.85963,-15.42578,25.05884,-26.61399,68e412c5-78d5-41db-97df-10ace014e496,58661dea-8c06-45ec-ae19-a426032b7506,80.94024,Pitching,25410021,,,,,,,,,,,,,,,,,,,,,,,,23b5ac74-4072-4989-bdb9-52d6ab68f1cf,8a567c57-bea7-4cd5-b1d0-7b7d79bceabf
79,2026-09-12,10:33:03.42,"Teer, Max",1000616387,Right,,,,,,Curveball,Live,,68.9424,6.61340597,1.08494032,1821.824294,313.6958143,4:30,6.61091,1.98862,4.05397,-68.54512,-4.7514,4.89643,7.27997,3.43878,62.42356,-5.841207649,1.97785888,0.5748577209,-2.16633,-4.30541,-2.11581,50,7.28631,-2.04118,-99.36963,9.29283,-2.15983,16.35143,-36.46653,48e8d4dc-800e-44e8-b799-3650e92e263f,58661dea-8c06-45ec-ae19-a426032b7506,65.56829,Pitching,25410021,,,,,,,,,,,,,,,,,,,,,,,,910253e1-1ac6-40db-885a-7482121affab,8a567c57-bea7-4cd5-b1d0-7b7d79bceabf
80,2026-09-12,10:33:25.68,"Teer, Max",1000616387,Right,,,,,,Curveball,Live,,69.77408,4.003696818,-2.019789989,2039.663303,58.716538,8:00,6.66465,1.98647,4.37098,-65.84964,-4.75992,-7.76731,5.00888,-0.59028,63.79818,-8.005791392,-3.442037525,0.5625426692,3.39278,-3.58714,-1.76291,50,7.03062,3.80884,-100.99928,4.97998,3.49331,16.94194,-35.86748,14b11638-2524-4fa2-934f-67c5e255b1a3,58661dea-8c06-45ec-ae19-a426032b7506,67.0037,Pitching,25410021,,,,,,,,,,,,,,,,,,,,53.08034387,1225.214596,0.6006945331,,8aeeb4ee-8ed9-4f7c-a3ee-a9ac104f8e14,8a567c57-bea7-4cd5-b1d0-7b7d79bceabf
81,2026-09-12,10:33:44.29,"Teer, Max",1000616387,Right,,,,,,Curveball,Live,,69.37834,1.359399374,-1.770587501,1860.681017,352.8974823,5:45,6.6703,1.94293,4.91387,-68.74934,-8.59385,1.06466,2.22723,0.35718,64.24836,-11.21840396,-1.573638354,0.5582246954,-1.05565,-4.86312,-1.77115,50,6.74692,3.08332,-100.76007,0.36339,-1.08344,16.62791,-37.16523,331fd4f3-9aed-4dba-a0b9-b68f42ab2b2e,58661dea-8c06-45ec-ae19-a426032b7506,67.52198,Pitching,25410021,,,,,,,,,,,,,,,,,,,,56.38192311,1030.174064,0.5536543094,,db7c2ace-1c93-4fd7-8a89-c39d13a13b02,8a567c57-bea7-4cd5-b1d0-7b7d79bceabf
82,2026-09-12,10:33:59.83,"Teer, Max",1000616387,Right,,,,,,,Live,,67.57245,3.791824056,-0.7462089891,1944.931304,22.42544223,6:45,6.62367,1.93568,4.37865,-78.8976,-13.76549,-5.64856,3.67473,0.75248,62.08825,-10.5722777,-1.783552303,0.5808566553,2.67301,-8.1593,-1.85057,50,6.9539,1.44834,-97.87322,4.06268,2.57934,16.19568,-40.04743,c42d3fab-0939-4406-bdca-9c46968e8e8b,58661dea-8c06-45ec-ae19-a426032b7506,64.89112,Pitching,25410021,,,,,,,,,,,,,,,,,,,,37.73963679,1538.052247,0.7908002938,,d93ba7cd-92cd-47cd-9652-0e761c266eb8,8a567c57-bea7-4cd5-b1d0-7b7d79bceabf
83,2026-09-12,10:34:13.54,"Teer, Max",1000616387,Right,,,,,,Fastball,Live,,85.60393,3.099553918,-1.303404654,1501.492906,234.5293317,1:45,6.30401,2.48168,4.69431,-29.07835,10.56578,14.88292,6.82669,2.48445,78.28621,-2.237108429,1.430390298,0.4531697124,-8.02032,4.64403,-2.36268,50,6.59287,2.26507,-124.24405,5.63192,-12.61275,23.47858,-24.87086,d9af2321-0005-44ac-945a-4ee123597e59,58661dea-8c06-45ec-ae19-a426032b7506,83.17511,Pitching,25410021,,,,,,,,,,,,,,,,,,,,19.43206526,1415.962792,0.9430366182,,2ba927be-0ea8-4e24-8326-ba638be5e5a5,8a567c57-bea7-4cd5-b1d0-7b7d79bceabf
84,2026-09-12,10:34:29.20,"Teer, Max",1000616387,Right,,,,,,Fastball,Live,,83.57151,-1.66341486,-4.904656602,1576.94115,236.845826,2:00,6.29202,2.342,4.62832,-32.8369,9.17058,14.08436,1.96846,-1.15709,76.69658,-7.652232191,-2.327117937,0.4664818391,-8.57839,5.17402,-1.85083,50,6.09157,9.85917,-120.9654,-4.74074,-12.75142,22.88756,-24.48309,c86c03e5-b308-4cd1-8a8d-73f35f5fae57,58661dea-8c06-45ec-ae19-a426032b7506,80.80151,Pitching,25410021,,,,,,,,,,,,,,,,,,,,24.1646858,1438.757895,0.9123725985,,c5e0eda3-177b-4d4d-aada-a53380be442d,8a567c57-bea7-4cd5-b1d0-7b7d79bceabf
85,2026-09-12,10:34:44.00,"Teer, Max",1000616387,Right,,,,,,Fastball,Live,,85.37267,-0.3117532756,-3.053246972,1577.850656,243.748896,2:00,6.30611,2.34956,4.81897,-31.99668,7.78339,15.86263,3.34404,0.77707,78.21041,-6.190231292,-0.130050764,0.4539459769,-9.05891,4.12301,-2.05996,50,6.24822,6.02492,-123.9284,-1.85606,-14.1215,24.21908,-25.74689,d98adfcb-53f4-424c-9cd4-c67338e461b1,58661dea-8c06-45ec-ae19-a426032b7506,83.03287,Pitching,25410021,,,,,,,,,,,,,,,,,,,,21.32495343,1469.819854,0.9315329362,,cc00180b-3700-4588-9d63-4267d169b0f7,8a567c57-bea7-4cd5-b1d0-7b7d79bceabf
86,2026-09-12,10:34:59.63,"Teer, Max",1000616387,Right,,,,,,ChangeUp,Live,,76.22272,-5.655163985,-3.403113562,1375.436424,221.253594,1:30,6.73181,2.17699,5.1247,,,,,,,,,,-7.57283,9.16715,-1.86706,50,6.17178,6.15128,-110.11603,-12.03194,-9.31218,19.27801,-20.90137,76848000-fcdd-4f29-a169-740d88461298,58661dea-8c06-45ec-ae19-a426032b7506,,Pitching,25410021,,,,,,,,,,,,,,,,,,,,15.62024172,1324.63812,0.9630675014,,d74717e2-85fa-4a67-85d3-3c857203f26e,8a567c57-bea7-4cd5-b1d0-7b7d79bceabf
87,2026-09-12,10:35:13.86,"Teer, Max",1000616387,Right,,,,,,,Live,,82.86771,-2.302080008,-5.42380985,1509.610367,228.7754505,1:45,6.28057,2.51175,4.60807,-31.22258,11.39421,13.03617,1.47896,-1.57405,76.51399,-7.968418037,-3.049831154,0.4698527471,-8.06581,6.43752,-1.96423,50,6.01448,10.89919,-119.86439,-5.99373,-11.846,21.10854,-22.71947,775097a9-a72b-4fee-a657-baf0b3d80f3d,58661dea-8c06-45ec-ae19-a426032b7506,80.22181,Pitching,25410021,,,,,,,,,,,,,,,,,,,,25.88948049,1358.102792,0.8996379606,,82ba9b1c-7f9b-4237-86ed-ef8ab32e54e6,8a567c57-bea7-4cd5-b1d0-7b7d79bceabf
88,2026-09-12,10:35:26.13,"Teer, Max",1000616387,Right,,,,,,Fastball,Live,,83.17537,0.3070478931,-3.12776638,1508.941939,230.1026091,1:45,6.15692,2.39178,4.80019,-30.33294,11.93867,14.34816,3.92051,0.62128,75.45659,-5.294566477,-0.4737197958,0.4679460429,-8.38194,6.11301,-2.09246,50,6.162,6.07891,-120.64024,-0.43781,-12.27691,24.81767,-23.22041,f8328c96-873a-4b73-8a65-d40469207942,58661dea-8c06-45ec-ae19-a426032b7506,80.54869,Pitching,25410021,,,,,,,,,,,,,,,,,,,,20.16550524,1416.444913,0.9387007385,,30933cb4-df43-4c07-b1c8-f81ce3b7efec,8a567c57-bea7-4cd5-b1d0-7b7d79bceabf
89,2026-09-12,10:36:01.95,"Wells, Caden",1000511882,Right,,,,,,,Live,,76.79617,3.164390429,-2.634074219,2164.954692,213.7271017,1:00,6.30599,2.0534,5.80429,-29.31872,18.30841,12.26428,6.81135,0.62435,69.72846,-2.343984712,-0.3284134445,0.4967050748,-7.3472,8.94737,-1.84472,50,6.54837,4.78144,-111.48541,5.33923,-9.2263,20.46011,-20.93832,9c411230-fde6-4f50-a2a7-e3b90d06315f,58661dea-8c06-45ec-ae19-a426032b7506,75.88495,Pitching,25410021,,,,,,,,,,,,,,,,,,,,26.61058372,1935.624313,0.8940715112,,874772e1-6baa-4d5d-9cda-520ab4e801e2,8a567c57-bea7-4cd5-b1d0-7b7d79bceabf
90,2026-09-12,10:36:09.91,"Wells, Caden",1000511882,Right,,,,,,,Live,,78.17292,3.842327482,-2.487067148,2151.502663,221.3939343,1:30,6.34315,2.09552,5.57843,-30.12496,16.19702,14.32866,7.42954,0.96566,71.05322,-1.785769706,0.1930715723,0.4898520808,-8.33085,7.57056,-1.89111,50,6.65438,4.49512,-113.39435,6.71862,-10.85035,20.67549,-22.31393,a57c093d-7275-4156-a172-7214dc8ab6a5,58661dea-8c06-45ec-ae19-a426032b7506,76.94657,Pitching,25410021,,,,,,,,,,,,,,,,,,,,25.10924623,1948.186373,0.9055003312,,67bf2224-61d4-46a6-9434-a01d4832a22a,8a567c57-bea7-4cd5-b1d0-7b7d79bceabf
91,2026-09-12,10:36:21.90,"Wells, Caden",1000511882,Right,,,,,,Fastball,Live,,78.86466,-0.3756497612,-3.006004191,2235.32628,214.7374408,1:15,6.32114,1.74103,5.85436,-25.66742,19.50633,13.56696,3.83273,0.07647,71.58842,-5.207532583,-0.4473694866,0.4837427888,-8.22098,10.63811,-1.50501,50,6.27575,5.62753,-114.59285,-1.49033,-10.8511,22.62925,-18.13251,a770019a-e168-45b3-a17f-1cd53e79e234,58661dea-8c06-45ec-ae19-a426032b7506,77.91835,Pitching,25410021,,,,,,,,,,,,,,,,,,,,21.71464112,2076.703185,0.9290380577,,706ed533-4710-48a7-a62f-90c8ece15405,8a567c57-bea7-4cd5-b1d0-7b7d79bceabf
92,2026-09-12,10:36:32.60,"Wells, Caden",1000511882,Right,,,,,,Fastball,Live,,78.71606,-0.7570984036,-2.401082624,2279.844131,223.0029636,1:30,6.15152,1.96721,6.00192,-29.08997,15.72943,14.70835,3.02531,0.96719,72.00555,-6.224564075,0.3740913654,0.4818417333,-8.64796,8.73556,-1.78674,50,6.07606,4.38788,-114.49764,-2.33151,-11.4597,21.49145,-20.59827,eea59969-1467-4d02-9820-cf406aed237c,58661dea-8c06-45ec-ae19-a426032b7506,78.22577,Pitching,25410021,,,,,,,,,,,,,,,,,,,217.5871461,25.46122272,2058.417562,0.9028764437,1:15,138dc5cf-2a7b-4d16-9cf2-442be4c3732c,8a567c57-bea7-4cd5-b1d0-7b7d79bceabf
93,2026-09-12,10:36:44.82,"Wells, Caden",1000511882,Right,,,,,,Fastball,Live,,78.59366,-1.928729437,-4.194845455,2319.312521,209.3812932,1:00,6.21403,1.69758,6.05027,-26.67941,18.20051,10.27617,2.20008,-1.33569,72.22556,-6.923894293,-2.264302266,0.4821669409,-6.69938,10.38505,-1.37687,50,6.04939,8.08284,-114.10529,-4.59593,-8.86076,20.36759,-18.43852,1abf643e-44ed-4bfc-978d-fa82051f4508,58661dea-8c06-45ec-ae19-a426032b7506,78.17301,Pitching,25410021,,,,,,,,,,,,,,,,,,,,26.69012831,2072.186965,0.8934487898,,eb0ba46c-8295-4495-a29b-cc9717aedfc8,8a567c57-bea7-4cd5-b1d0-7b7d79bceabf
94,2026-09-12,10:36:57.89,"Wells, Caden",1000511882,Right,,,,,,ChangeUp,Live,,72.39959,-2.855010968,-5.456506262,1307.118736,238.9928893,2:00,6.20203,1.60955,5.79505,,,,,,,,,,-8.17959,4.80421,-1.16785,50,5.9388,9.67437,-104.84113,-6.48643,-9.17773,16.38162,-26.78359,4e9dbb78-ca41-442e-b01e-d4300d1ee414,58661dea-8c06-45ec-ae19-a426032b7506,,Pitching,25410021,,,,,,,,,,,,,,,,,,,,34.39271541,1078.615194,0.8251853216,,42843cf9-7d86-4044-bdaa-4e42f9742934,8a567c57-bea7-4cd5-b1d0-7b7d79bceabf
95,2026-09-12,10:37:17.15,"Wells, Caden",1000511882,Right,,,,,,ChangeUp,Live,,72.7653,0.1412622544,-2.4424269,1642.90717,243.4379964,2:00,6.22799,1.96329,5.71063,-45.31564,7.78964,15.68745,2.5834,0.99406,66.76642,-8.314646575,0.5038947997,0.5244936608,-9.11325,4.13674,-1.76872,50,6.21191,4.08384,-105.78831,-0.97667,-10.29593,18.55906,-27.50046,64b858d2-9aae-4471-b27d-004a48b8a6e2,58661dea-8c06-45ec-ae19-a426032b7506,71.86443,Pitching,25410021,,,,,,,,,,,,,,,,,,,,20.33290848,1540.536825,0.9376895135,,4da06258-4401-4ac0-a6dd-4d4dbe4081af,8a567c57-bea7-4cd5-b1d0-7b7d79bceabf
96,2026-09-12,10:37:30.65,"Wells, Caden",1000511882,Right,,,,,,ChangeUp,Live,,72.74345,-1.000162955,-2.9740566,1434.173986,249.435208,2:15,6.29474,1.77829,5.51897,-48.3465,5.09315,13.67754,1.32951,0.13529,67.19895,-9.939400862,-0.4195388123,0.5261422766,-8.10387,2.98805,-1.52865,50,6.17564,5.10438,-105.68703,-3.2136,-9.16826,17.96826,-28.79354,50b69c44-1ae2-4b67-9b1d-55b51ac5358c,58661dea-8c06-45ec-ae19-a426032b7506,71.63925,Pitching,25410021,,,,,,,,,,,,,,,,,,,,22.19604979,1327.896864,0.9258966325,,7eedc862-5448-4f80-b1e2-9f7e65f065e5,8a567c57-bea7-4cd5-b1d0-7b7d79bceabf
97,2026-09-12,10:37:43.83,"Wells, Caden",1000511882,Right,,,,,,Fastball,Live,,78.13325,0.4278441642,-1.476586573,2212.136517,223.6975525,1:30,6.27234,1.8549,5.80489,-29.41317,16.65563,15.95961,4.21922,1.81154,70.92048,-5.108211686,1.535033791,0.4885115736,-9.04646,8.84456,-1.74334,50,6.29002,2.47045,-113.62865,0.00369,-11.72584,22.49232,-20.70992,c9fd5414-4665-48ee-8ee4-e53dfbb785ec,58661dea-8c06-45ec-ae19-a426032b7506,77.15772,Pitching,25410021,,,,,,,,,,,,,,,,,,,,22.01031657,2050.908019,0.9271163886,,0b345a54-bc87-4dc0-92ad-cad9f5117ff0,8a567c57-bea7-4cd5-b1d0-7b7d79bceabf
98,2026-09-12,10:37:56.67,"Wells, Caden",1000511882,Right,,,,,,Curveball,Live,,62.44935,2.140176358,-0.8921731459,1010.053599,38.25435941,7:15,6.42553,1.44347,5.61866,-78.62011,-6.3562,-4.9635,1.87205,0.19729,58.14388,-12.39524609,-1.822214384,0.6118319174,2.39957,-4.00262,-1.36431,50,6.55776,1.5322,-90.79365,1.51947,1.99942,13.51617,-35.50918,113e5c39-382c-432e-9fe1-051d19794a73,58661dea-8c06-45ec-ae19-a426032b7506,61.60587,Pitching,25410021,,,,,,,,,,,,,,,,,,,,14.08167989,979.7013476,0.9699498607,,cbb66b99-7cb6-4016-a054-e33e7d705192,8a567c57-bea7-4cd5-b1d0-7b7d79bceabf
99,2026-09-12,10:38:08.60,"Wells, Caden",1000511882,Right,,,,,,Curveball,Live,,64.81516,2.233024522,-3.295230499,2000.070898,31.16818653,7:00,6.46273,1.68151,4.97991,-86.01787,-15.52583,-9.37654,1.40769,-2.21486,59.31189,-13.58608136,-5.044973982,0.6042844737,3.76465,-8.94922,-1.35643,50,6.61107,5.6514,-93.80608,1.36669,3.26931,17.54793,-39.94575,1dad23eb-4060-45d8-a134-4c71a0ec616a,58661dea-8c06-45ec-ae19-a426032b7506,62.37532,Pitching,25410021,,,,,,,,,,,,,,,,,,,,9.50308369,1972.62336,0.9862767172,,2de63e2f-d205-4dd4-b3ea-aed0e48a9161,8a567c57-bea7-4cd5-b1d0-7b7d79bceabf
100,2026-09-12,10:38:22.30,"Wells, Caden",1000511882,Right,,,,,,Curveball,Live,,64.6899,3.917140703,-2.087793617,1206.830353,57.04149907,8:00,6.39488,1.61781,5.5078,-73.74962,-5.30237,-8.10745,3.91994,-1.01086,59.17469,-9.814645807,-3.607308899,0.5954556402,3.68191,-4.03492,-1.43051,50,6.68818,3.62038,-93.77121,4.5881,3.24501,15.52446,-35.73018,03f90347-79fb-4b80-96e1-d1bb2f1d5525,58661dea-8c06-45ec-ae19-a426032b7506,63.30016,Pitching,25410021,,,,,,,,,,,,,,,,,,,,19.12525699,1140.218841,0.9448045769,,035881e5-1277-4a44-a0f0-da8c390dfc5a,8a567c57-bea7-4cd5-b1d0-7b7d79bceabf
101,2026-09-12,10:38:36.66,"Wells, Caden",1000511882,Right,,,,,,Fastball,Live,,79.39703,0.9456960877,-4.129958336,2222.527259,209.9420223,1:00,6.27921,1.80124,5.89738,-24.9239,19.84796,11.49011,5.08242,-1.08153,71.61149,-3.762492527,-1.961157949,0.4815861145,-7.50087,10.44209,-1.47553,50,6.34119,7.98896,-115.1898,1.19384,-9.96455,23.64754,-18.30223,d9cd98b2-f719-4d8c-b07b-7775586c7017,58661dea-8c06-45ec-ae19-a426032b7506,78.26729,Pitching,25410021,,,,,,,,,,,,,,,,,,,,15.71710244,2139.429034,0.962610931,,413b62ad-06c6-4d54-bf58-b998a5e9b175,8a567c57-bea7-4cd5-b1d0-7b7d79bceabf
102,2026-09-12,10:38:49.86,"Wells, Caden",1000511882,Right,,,,,,,Live,,78.24513,2.081241896,-2.854377807,2021.918131,216.3005641,1:15,6.24927,1.63624,5.9023,-30.24926,15.4777,11.41957,5.66348,-0.06365,71.05091,-3.617417651,-0.7021302382,0.4866957768,-6.99756,7.75447,-1.41358,50,6.39924,5.34378,-113.66825,3.27854,-9.11564,21.67465,-22.07239,04a15431-0c2e-4034-be55-42f8acf114e3,58661dea-8c06-45ec-ae19-a426032b7506,77.44558,Pitching,25410021,,,,,,,,,,,,,,,,,,,,26.77203961,1805.180115,0.8928057408,,230db28e-4025-4c5c-a8c8-62b5765eb1ba,8a567c57-bea7-4cd5-b1d0-7b7d79bceabf
103,2026-09-12,10:39:03.21,"Wells, Caden",1000511882,Right,,,,,,Curveball,Live,,63.21469,6.031080876,-0.295633283,1380.595535,49.76454394,7:45,6.44543,1.50869,4.84103,-82.54507,-8.95709,-10.46211,5.29746,0.35698,57.71233,-9.149882413,-2.232299611,0.6174116814,5.3564,-6.43062,-1.47081,50,6.9746,0.75327,-91.33195,7.42452,4.50156,14.08488,-37.57838,e0acf2dd-1379-4e8c-93b2-111eb1de013a,58661dea-8c06-45ec-ae19-a426032b7506,61.04912,Pitching,25410021,,,,,,,,,,,,,,,,,,,,18.29013205,1310.847217,0.9494795419,,ac9fbdf8-c5ef-420b-a211-8f914d8a8584,8a567c57-bea7-4cd5-b1d0-7b7d79bceabf
104,2026-09-12,10:39:14.43,"Wells, Caden",1000511882,Right,,,,,,Curveball,Live,,63.26719,2.463915357,-3.056885575,1570.689481,36.97849208,7:15,6.39208,1.48471,5.39401,-81.02178,-9.07948,-6.80652,1.95376,-1.94963,58.35381,-12.50395218,-4.329436228,0.6104689226,2.65536,-5.60252,-1.20743,50,6.55646,5.06753,-91.73406,1.9458,2.23422,15.16374,-36.888,09edb71b-7ac1-42bd-a124-89592e6530a0,58661dea-8c06-45ec-ae19-a426032b7506,61.74342,Pitching,25410021,,,,,,,,,,,,,,,,,,,,24.26667302,1431.907263,0.9116424861,,d280a66e-a33f-429a-ac5e-62e1927a6f7a,8a567c57-bea7-4cd5-b1d0-7b7d79bceabf
105,2026-09-12,10:39:27.02,"Wells, Caden",1000511882,Right,,,,,,Fastball,Live,,78.55274,1.709018367,-2.71131763,2063.408111,215.4606007,1:15,6.08701,1.68726,6.08302,-30.92236,13.99463,10.01126,5.09324,0.01167,71.5901,-4.126938153,-0.8206313389,0.4823660427,-6.20734,7.11898,-1.48347,50,6.20247,5.13219,-114.20654,2.55807,-8.18372,21.38352,-22.78843,97a428e3-9ec0-4430-bcde-29158da82ea1,58661dea-8c06-45ec-ae19-a426032b7506,78.14074,Pitching,25410021,,,,,,,,,,,,,,,,,,,,24.92469513,1871.227353,0.9068624588,,1c03b5ff-bb3a-485c-aa16-edb043f5fbe2,8a567c57-bea7-4cd5-b1d0-7b7d79bceabf
106,2026-09-12,10:41:03.69,"Smith, Matt",1000617065,Right,,,,,,Fastball,Live,,85.34801,-0.4479438972,-0.08188602595,1868.804346,194.4025683,12:30,6.46006,1.08469,6.00221,-23.07651,14.95185,3.84772,4.12202,1.32947,78.01325,-4.791215334,0.6441887773,0.4438387517,-2.10707,8.22434,-1.08038,50,6.41221,0.06023,-124.26635,-1.67544,-3.29131,25.14583,-19.32738,dfaca107-d1bd-45cf-bc91-06be2931b0e6,58661dea-8c06-45ec-ae19-a426032b7506,84.92372,Pitching,25410021,,,,,,,,,,,,,,,,,,,,27.22364924,1661.792454,0.8892276271,,7967a49d-2f78-4a26-9f15-60bd0f06db20,8a567c57-bea7-4cd5-b1d0-7b7d79bceabf
107,2026-09-12,10:41:16.96,"Smith, Matt",1000617065,Right,,,,,,Fastball,Live,,85.82067,0.731666846,-1.717516442,1804.280374,196.2063419,12:30,6.45613,1.35918,6.12005,-21.64544,15.83263,4.613,5.32901,0.15552,78.27697,-3.357357989,-0.8455545796,0.4406157975,-2.99251,8.40636,-1.2303,50,6.50074,3.60729,-124.91491,0.94692,-4.72281,25.43436,-18.90706,3fcfca25-814f-4a0d-9d7f-f6c8644180f6,58661dea-8c06-45ec-ae19-a426032b7506,85.54491,Pitching,25410021,,,,,,,,,,,,,,,,,,,197.5085396,35.79315095,1463.512684,0.8111337381,12:30,ac16a9a2-3f8a-487d-8bed-65a7d6b861fb,8a567c57-bea7-4cd5-b1d0-7b7d79bceabf
108,2026-09-12,10:41:33.35,"Smith, Matt",1000617065,Right,,,,,,Fastball,Live,,83.85865,-0.3060271402,-1.37959771,1749.625938,192.3031404,12:30,6.44857,1.50158,6.17471,-28.56448,10.82129,2.36779,3.78552,0.42472,76.28094,-5.711726033,-0.9300586676,0.4516906438,-1.70758,5.99948,-1.39865,50,6.41093,2.87096,-122.04494,-1.4757,-2.55522,25.78461,-23.19643,c911e404-9870-4cc5-8047-f44c0f20a6ec,58661dea-8c06-45ec-ae19-a426032b7506,83.44746,Pitching,25410021,,,,,,,,,,,,,,,,,,,188.5022763,41.22178431,1316.006371,0.7521644156,12:15,6a09706d-4f24-4582-90ad-509ce239031c,8a567c57-bea7-4cd5-b1d0-7b7d79bceabf
109,2026-09-12,10:41:56.06,"Smith, Matt",1000617065,Right,,,,,,Fastball,Live,,88.26437,-4.956886085,-1.285064991,1965.551062,198.3239111,12:30,6.49368,1.09125,6.37765,-19.61476,16.00521,5.28854,0.28689,0.34968,80.31428,-8.648565596,-0.2757070027,0.4295543933,-3.30742,10.34354,-1.00127,50,6.12705,2.71823,-128.00533,-11.67308,-5.42888,29.06332,-15.19589,5a4eab6c-6631-446a-a68b-e026f5b8a28f,58661dea-8c06-45ec-ae19-a426032b7506,87.74777,Pitching,25410021,,,,,,,,,,,,,,,,,,,,31.26840193,1680.045355,0.8547452099,,e2ac5c7f-91d9-49e3-b3a3-08e289c4b9ee,8a567c57-bea7-4cd5-b1d0-7b7d79bceabf
110,2026-09-12,10:42:17.77,"Smith, Matt",1000617065,Right,,,,,,Fastball,Live,,88.9181,-0.2545804818,0.1284332312,1994.636012,194.5023715,12:30,6.72387,1.00222,5.84102,-16.11249,19.23896,4.98399,5.14459,1.5369,80.88656,-3.286683805,1.067505593,0.4279322729,-2.64869,10.44169,-1.01558,50,6.69375,-0.45271,-129.40653,-1.10076,-4.4732,28.02696,-14.53976,64cdace5-e049-464d-9ba7-464438a171ec,58661dea-8c06-45ec-ae19-a426032b7506,88.08038,Pitching,25410021,,,,,,,,,,,,,,,,,,,,23.24544958,1832.716563,0.9188225578,,20bf5a06-9b96-411e-b679-3af0c4a75d03,8a567c57-bea7-4cd5-b1d0-7b7d79bceabf
111,2026-09-12,10:42:37.62,"Smith, Matt",1000617065,Right,,,,,,ChangeUp,Live,,80.70364,0.02371188162,-0.7076455663,1721.233395,227.5770701,1:30,6.11504,1.93797,6.09166,-30.5618,11.55563,12.68434,3.59016,2.34049,74.40502,-5.711385657,1.681033089,0.4670918876,-7.06505,6.26225,-1.8903,50,6.10057,1.09016,-117.57088,-0.82355,-9.94933,21.01808,-23.35525,19fd3764-c575-4f13-8e22-b698ba452ff3,58661dea-8c06-45ec-ae19-a426032b7506,80.69598,Pitching,25410021,,,,,,,,,,,,,,,,,,,,37.42897141,1366.844179,0.7941074016,,15f448c4-678f-4996-bf97-5e1ac2bb634f,8a567c57-bea7-4cd5-b1d0-7b7d79bceabf
112,2026-09-12,10:42:59.74,"Smith, Matt",1000617065,Right,,,,,,ChangeUp,Live,,80.3979,0.9160874447,-0.8075194672,1616.607191,228.1739951,1:30,6.10853,2.22514,6.47819,-30.16185,11.64999,13.05979,4.43627,2.57201,74.04349,-4.791810812,1.66922616,0.4653942547,-7.39498,6.17024,-2.17435,50,6.15925,1.3078,-117.17562,1.0799,-10.34379,20.8823,-23.54337,36997b7a-ca3b-428b-b9b9-6415566e96ad,58661dea-8c06-45ec-ae19-a426032b7506,80.99034,Pitching,25410021,,,,,,,,,,,,,,,,,,,206.1691646,39.76129331,1242.711458,0.7687157802,12:45,92b7f256-6ce9-4b12-94b4-ccbb02b72256,8a567c57-bea7-4cd5-b1d0-7b7d79bceabf
113,2026-09-12,10:43:29.27,"Smith, Matt",1000617065,Right,,,,,,Curveball,Live,,76.36189,-1.39139403,-2.088437949,2141.033887,28.51470496,7:00,6.2775,1.86902,5.54122,-55.25012,-6.48043,-3.49825,0.372,-0.37494,70.48625,-11.59525983,-2.744305728,0.5026276958,1.2369,-3.03866,-1.68595,50,6.12092,4.14824,-110.93944,-4.31826,1.52893,21.35999,-35.93011,2b9e2ec1-6cdd-4de7-9e61-3cd99b031fb9,58661dea-8c06-45ec-ae19-a426032b7506,74.99077,Pitching,25410021,,,,,,,,,,,,,,,,,,,,55.12960537,1224.076209,0.5717220154,,1652c244-970e-426b-9999-71ef8c89b70f,8a567c57-bea7-4cd5-b1d0-7b7d79bceabf
114,2026-09-12,10:43:52.58,"Smith, Matt",1000617065,Right,,,,,,Curveball,Live,,75.5392,0.5572931698,-0.6832376889,2030.16599,18.90168202,6:45,6.14966,1.89127,5.51027,-60.95547,-11.33193,-3.86623,1.59117,0.93023,69.79624,-10.73034478,-1.407211699,0.5070085214,1.86134,-6.19611,-1.82922,50,6.15779,1.42352,-109.86516,-0.71832,2.2661,20.17753,-39.71753,a76b5810-57bf-49bc-8f38-a3b8c7e6917d,58661dea-8c06-45ec-ae19-a426032b7506,74.34281,Pitching,25410021,,,,,,,,,,,,,,,,,,,,45.27325503,1428.681442,0.7037264186,,b612857f-4a62-4181-9b8d-f281a3fca66a,8a567c57-bea7-4cd5-b1d0-7b7d79bceabf
115,2026-09-12,10:44:19.86,"Smith, Matt",1000617065,Right,,,,,,Fastball,Live,,86.82068,-0.6323328792,-0.3929012563,1778.989082,207.560526,1:00,6.51172,1.12953,6.12918,-26.00216,10.47452,5.48222,3.76043,1.22326,79.67719,-5.526021141,0.6425272084,0.4346894016,-3.08808,5.86793,-1.10244,50,6.44989,0.70064,-126.45331,-2.18545,-5.00936,25.34398,-22.65534,268b9fe7-55a7-43aa-8618-336e228f02be,58661dea-8c06-45ec-ae19-a426032b7506,86.7112,Pitching,25410021,,,,,,,,,,,,,,,,,,,,34.8561112,1459.820475,0.8205899013,,2fb95786-736a-4500-bd02-0f83301d6565,8a567c57-bea7-4cd5-b1d0-7b7d79bceabf
116,2026-09-12,10:44:49.56,"Smith, Matt",1000617065,Right,,,,,,Fastball,Live,,85.70138,-0.7131266592,-2.295069044,1960.918383,182.5153299,12:00,6.68076,1.04193,6.12456,-19.67175,17.65985,0.77769,4.38176,-1.01569,78.87909,-4.407898216,-2.14877857,0.439753922,-1.01478,9.77329,-0.86703,50,6.61592,4.97689,-124.76463,-2.14664,-1.61067,23.46482,-16.6617,e2483fc5-ce0b-4808-b3da-a61aa117b6ac,58661dea-8c06-45ec-ae19-a426032b7506,85.71257,Pitching,25410021,,,,,,,,,,,,,,,,,,,,38.78023453,1528.641925,0.7795540796,,b1e44b5c-ccb6-45b8-9f43-7b0505c3ee14,8a567c57-bea7-4cd5-b1d0-7b7d79bceabf
117,2026-09-12,10:45:14.56,"Smith, Matt",1000617065,Right,,,,,,Fastball,Live,,86.19568,-2.256978299,-0.9223554251,1809.547627,188.9212487,12:15,6.59166,0.87326,6.19136,-19.56247,17.25061,2.71073,2.87665,0.24764,79.46957,-5.927083067,-0.4111093721,0.4366892671,-1.71376,9.97317,-0.80531,50,6.41187,1.93932,-125.49273,-5.53151,-2.75169,23.76194,-16.16066,9f8e210d-f823-4b89-bae8-cb39c7a29f9d,58661dea-8c06-45ec-ae19-a426032b7506,86.3141,Pitching,25410021,,,,,,,,,,,,,,,,,,,191.249484,32.8056753,1520.948199,0.8405129417,12:15,4c6e17e6-6146-4a53-993f-64e54d3c6e43,8a567c57-bea7-4cd5-b1d0-7b7d79bceabf
118,2026-09-12,10:45:50.59,"Delaney, Kieran",1000616394,Right,,,,,,,Live,,85.39576,4.004677836,-0.3264626789,2132.720096,207.6848312,1:00,6.48696,2.03143,5.4094,-24.12071,15.22399,7.9871,8.23452,2.3912,76.95362,-0.5102302922,1.170619826,0.4514550467,-4.343,6.86951,-2.0079,50,6.82675,0.43842,-123.84231,7.86319,-6.68418,26.80661,-21.60139,c00eff38-b7d2-40b5-bb10-48b6269d4ecd,58661dea-8c06-45ec-ae19-a426032b7506,83.49101,Pitching,25410021,,,,,,,,,,,,,,,,,,,,,,,,deab4015-dd32-4f77-bd95-4f913b81a0a8,8a567c57-bea7-4cd5-b1d0-7b7d79bceabf
119,2026-09-12,10:46:12.67,"Delaney, Kieran",1000616394,Right,,,,,,Fastball,Live,,88.42739,-1.791978861,-1.848774797,2361.517323,193.7183414,12:30,6.42702,1.98855,5.63315,-18.93141,17.13599,4.18956,3.17632,0.61244,80.64424,-5.329191046,-1.063221932,0.4322438834,-2.76929,9.67634,-1.83416,50,6.26271,4.00789,-128.53172,-4.66009,-4.61968,27.33618,-16.03214,adea9749-68bc-41f2-ba03-a346f948f0ec,58661dea-8c06-45ec-ae19-a426032b7506,87.20179,Pitching,25410021,,,,,,,,,,,,,,,,,,,209.1760249,42.18962188,1749.710185,0.7409262545,1:00,75368106-0559-4699-a1d7-a0b89597b62d,8a567c57-bea7-4cd5-b1d0-7b7d79bceabf
120,2026-09-12,10:46:24.27,"Delaney, Kieran",1000616394,Right,,,,,,Fastball,Live,,88.73837,-3.694511446,-3.448495233,2361.787505,208.4485514,1:00,6.29415,1.89475,5.59228,-24.6574,11.08052,6.00526,0.77923,-0.82812,82.04584,-8.24116367,-2.331303271,0.4302650151,-4.08064,6.84838,-1.60299,50,5.96076,7.55037,-128.70347,-9.16874,-6.89815,24.75504,-20.59715,72311500-588f-421a-a457-bee009c59f93,58661dea-8c06-45ec-ae19-a426032b7506,87.60284,Pitching,25410021,,,,,,,,,,,,,,,,,,,,,,,,3c18d21e-659f-4e92-8383-f20cd8252fa5,8a567c57-bea7-4cd5-b1d0-7b7d79bceabf
121,2026-09-12,10:46:43.22,"Delaney, Kieran",1000616394,Right,,,,,,ChangeUp,Live,,84.17105,-3.198726908,-3.805740472,1409.202339,272.4887393,3:00,6.22723,2.20164,5.82337,,,,,,,,,,-9.16,0.49797,-1.89966,50,5.94158,7.65045,-122.11776,-8.08704,-13.9106,22.77275,-31.41782,d841411d-0d9c-446a-8296-0b3ef76a965f,58661dea-8c06-45ec-ae19-a426032b7506,,Pitching,25410021,,,,,,,,,,,,,,,,,,,,25.18860401,1275.203714,0.9049117211,,0edc7a36-03c5-4647-b0c2-f807c5553cfc,8a567c57-bea7-4cd5-b1d0-7b7d79bceabf
122,2026-09-12,10:47:04.37,"Delaney, Kieran",1000616394,Right,,,,,,ChangeUp,Live,,83.78727,-1.501045787,-3.415618581,1451.252056,283.0186509,3:30,6.21744,2.19858,5.85081,-42.50894,-2.98118,12.85644,1.27767,0.09287,77.85792,-9.381467412,-1.0110384,0.4525040438,-7.77927,-1.21997,-1.92874,50,6.07041,6.87089,-121.78853,-4.513,-11.7811,22.05691,-34.0216,810a0434-e802-4d59-9a85-915588e1b1f8,58661dea-8c06-45ec-ae19-a426032b7506,83.29746,Pitching,25410021,,,,,,,,,,,,,,,,,,,,27.10478739,1291.867919,0.8901747382,,30cda61b-e81d-444a-87ea-eaeddff9286c,8a567c57-bea7-4cd5-b1d0-7b7d79bceabf
123,2026-09-12,10:47:20.49,"Delaney, Kieran",1000616394,Right,,,,,,ChangeUp,Live,,83.0952,-0.3750875727,-2.072993907,1646.107999,251.3383588,2:30,6.27352,2.09291,5.80882,-37.082,3.25945,9.74986,2.83436,0.9771,76.49461,-7.296395552,-0.2437100884,0.4571378401,-5.80021,1.85309,-1.92896,50,6.2207,4.07568,-120.90199,-1.93503,-8.60795,22.98641,-29.42392,b813fa85-99d7-4836-9669-8da635cdffd9,58661dea-8c06-45ec-ae19-a426032b7506,82.45312,Pitching,25410021,,,,,,,,,,,,,,,,,,,,40.63019859,1249.277783,0.7589282017,,f8c8b24f-7db9-4dcd-90dd-d1e49953d035,8a567c57-bea7-4cd5-b1d0-7b7d79bceabf
124,2026-09-12,10:47:35.27,"Delaney, Kieran",1000616394,Right,,,,,,Sinker,Live,,89.1852,0.3349562968,-0.7822266827,1929.985068,231.2794354,1:45,6.35924,1.95744,5.93871,-29.88057,4.8404,6.07454,4.17991,1.73808,82.04823,-5.264876812,0.3591841298,0.4240990486,-3.48315,2.52372,-1.89863,50,6.36896,1.57644,-129.88592,-0.20931,-5.9819,25.85043,-27.83985,12b0c5d7-fbfc-4e21-88ea-0f14d34945b3,58661dea-8c06-45ec-ae19-a426032b7506,88.8765,Pitching,25410021,,,,,,,,,,,,,,,,,,,207.0141146,47.72902908,1298.1807,0.6726376909,1:00,e31b3f86-d374-49b2-8760-19a449d130d5,8a567c57-bea7-4cd5-b1d0-7b7d79bceabf
125,2026-09-12,10:48:09.74,"Delaney, Kieran",1000616394,Right,,,,,,Fastball,Live,,87.57484,-1.269939308,-3.952712595,2047.455624,208.6983634,1:00,6.3734,2.02131,5.87882,-22.64015,13.76028,7.55944,3.30449,-1.02494,80.17872,-5.508391993,-2.535722756,0.4342348009,-5.15737,7.76397,-1.70647,50,6.25763,8.54563,-127.17498,-3.55027,-8.45888,25.71943,-19.43993,62e99d4e-2e1d-4fbb-bef0-2f091117eb2c,58661dea-8c06-45ec-ae19-a426032b7506,86.80198,Pitching,25410021,,,,,,,,,,,,,,,,,,,217.8043806,44.85060264,1451.539855,0.7089481391,1:15,09c3a569-863a-457d-8578-9a30a4e836c0,8a567c57-bea7-4cd5-b1d0-7b7d79bceabf
126,2026-09-12,10:48:23.79,"Delaney, Kieran",1000616394,Right,,,,,,Slider,Live,,76.10834,-0.8088510739,-1.811069854,2602.804963,79.89519338,8:45,6.34504,2.03214,5.27386,-52.11615,-2.66228,-14.67637,1.24198,-0.89228,70.27592,-10.39009009,-4.541989084,0.506141029,7.22131,-1.16866,-1.85637,50,6.23373,3.94575,-110.58304,-3.15696,8.89256,20.73692,-33.61318,6452f275-2167-46dd-bf6f-76fed2ce5bdf,58661dea-8c06-45ec-ae19-a426032b7506,74.47023,Pitching,25410021,,,,,,,,,,,,,,,,,,,38.52993986,55.4951954,1474.424834,0.566475343,7:15,69788c9e-927d-4180-80f2-853d80410524,8a567c57-bea7-4cd5-b1d0-7b7d79bceabf
127,2026-09-12,10:48:45.18,"Delaney, Kieran",1000616394,Right,,,,,,Slider,Live,,76.26368,-0.6227462523,-0.4420770767,2670.627278,65.88886901,8:15,6.28592,2.04466,5.40593,-57.50838,-8.12819,-18.06539,0.91011,0.12506,69.96538,-11.26316805,-3.833198382,0.505763882,9.47001,-4.12433,-1.99305,50,6.19135,1.39345,-110.80953,-2.91858,11.59628,22.59757,-37.2244,399d0db5-e5ee-4833-b05f-ae541a8951ff,58661dea-8c06-45ec-ae19-a426032b7506,74.52576,Pitching,25410021,,,,,,,,,,,,,,,,,,,,,,,,bd9e15e4-ef30-4022-88d4-944d4afaee4e,8a567c57-bea7-4cd5-b1d0-7b7d79bceabf
128,2026-09-12,10:49:05.65,"Delaney, Kieran",1000616394,Right,,,,,,Fastball,Live,,90.29003,-0.5354754891,-2.108533936,2384.642301,207.9303528,1:00,6.35867,2.03872,5.65986,-19.26808,15.35218,8.15796,4.25337,0.75168,82.01632,-4.150002165,-0.5760949976,0.423483558,-4.98877,8.38,-1.86568,50,6.30135,4.55423,-131.25806,-1.88502,-8.65618,29.18831,-17.63365,7135b1da-4991-433a-b815-54b73c357afd,58661dea-8c06-45ec-ae19-a426032b7506,89.00567,Pitching,25410021,,,,,,,,,,,,,,,,,,,210.4985186,49.85646157,1537.390097,0.6447046991,1:00,4e2b4d62-e367-4796-876d-787be293d60e,8a567c57-bea7-4cd5-b1d0-7b7d79bceabf
129,2026-09-12,10:49:18.36,"Delaney, Kieran",1000616394,Right,,,,,,ChangeUp,Live,,83.35429,-0.680643522,-2.318539709,1468.48596,259.6874896,2:45,6.2411,2.11089,5.89235,-37.21823,2.8885,16.02815,2.50717,1.29301,76.5336,-7.644254346,0.6987252538,0.4558059726,-9.2982,1.74954,-1.9336,50,6.16494,4.42204,-121.2388,-2.57166,-13.82624,23.91538,-29.57252,0f073cdc-762a-4238-bd9a-a3ed2acac009,58661dea-8c06-45ec-ae19-a426032b7506,82.69404,Pitching,25410021,,,,,,,,,,,,,,,,,,,,33.35674892,1226.572236,0.8352631688,,e017015b-28c8-4d15-85a2-6198ab6af285,8a567c57-bea7-4cd5-b1d0-7b7d79bceabf
130,2026-09-12,10:49:33.06,"Delaney, Kieran",1000616394,Right,,,,,,Fastball,Live,,90.23267,-3.146964165,-2.419381871,2230.252048,201.3401381,12:45,6.26874,1.99523,5.84762,-19.81058,14.76461,5.77087,1.68841,0.22692,82.12231,-6.857174338,-1.331395524,0.4232078595,-3.83467,8.90434,-1.80208,50,6.00127,5.3442,-130.98138,-7.85982,-6.61522,29.46936,-16.81312,64524cb6-b3b5-43dc-ac2b-712a7eeacb4c,58661dea-8c06-45ec-ae19-a426032b7506,89.06366,Pitching,25410021,,,,,,,,,,,,,,,,,,,,44.93446566,1578.829102,0.7079151002,,f904c40a-ae83-4f37-9386-a4911d6dcf23,8a567c57-bea7-4cd5-b1d0-7b7d79bceabf
131,2026-09-12,10:52:41.15,"Jones, Gunnar",1000616588,Right,,,,,,,Live,,75.35997,1.5192204,-4.374590421,1806.866228,194.3771918,12:30,5.86167,2.70243,9.6343,-25.75349,17.18274,4.42731,5.03081,-0.71136,68.12915,-3.703219221,-3.478148214,0.4716104144,-4.18667,10.19145,-2.63641,50,5.88407,8.38815,-109.98993,2.7741,-5.04296,22.5541,-19.89817,f54d2bba-2c2a-43fb-87c2-0c32a65d9f34,2b2466d2-0d39-4123-ae17-6a313f14922f,79.92283,Pitching,25410021,,,,,,,,,,,,,,,,,,,,27.74100375,1599.186351,0.8850607346,,acc80945-2dfc-4f27-a0f9-5255d8923918,8a567c57-bea7-4cd5-b1d0-7b7d79bceabf
132,2026-09-12,10:52:47.17,"Jones, Gunnar",1000616588,Right,,,,,,,Live,,76.55849,1.410037299,-2.48213517,1676.146923,233.4555852,1:45,5.98841,2.59582,6.76051,-37.60717,8.51476,11.56428,4.14357,1.29144,69.85886,-5.776062738,-0.2673906191,0.4887931472,-7.16662,4.33336,-2.43828,50,6.06584,4.56137,-111.44798,1.86864,-8.9724,20.88432,-26.74881,69f1ea7f-c2ad-44ee-af3e-33ae706f38bd,2b2466d2-0d39-4123-ae17-6a313f14922f,77.11327,Pitching,25410021,,,,,,,,,,,,,,,,,,,,26.53420111,1499.594775,0.8946678569,,e4c74d20-08e5-44ec-bb71-5be26b3caaa0,8a567c57-bea7-4cd5-b1d0-7b7d79bceabf
133,2026-09-12,10:52:53.08,"Jones, Gunnar",1000616588,Right,,,,,,,Live,,78.15721,,,1883.805899,,,6.15479,2.50653,5.00174,,,,3.54654,2.19382,70.8151,,,0.4963905781,-4.44506,7.22787,-2.4142,50,6.14827,1.77768,-113.51139,-0.68577,-5.73847,22.82149,-22.84303,462d1f79-67cd-4651-b8d7-85b9eb48dd0b,2b2466d2-0d39-4123-ae17-6a313f14922f,75.93303,Pitching,25410021,,,,,,,,,,,,,,,,,,,,16.27059465,1808.357984,0.9599492094,,5e293e37-3e6f-4c87-ab72-4dd52fd847ae,8a567c57-bea7-4cd5-b1d0-7b7d79bceabf
134,2026-09-12,10:53:01.46,"Jones, Gunnar",1000616588,Right,,,,,,,Live,,78.58335,-0.1016445151,-3.470611338,1918.912041,188.8767115,12:15,6.17932,2.51246,5.2073,-25.19266,21.79047,3.41554,3.98418,-0.4703,70.81193,-4.802295255,-2.832949398,0.4933354867,-2.91146,11.54251,-2.19405,50,6.15149,6.80272,-113.94991,-0.99981,-3.77454,23.67064,-17.20986,c2ea36a2-f18b-4b22-be0a-7b8fab84e407,2b2466d2-0d39-4123-ae17-6a313f14922f,76.40326,Pitching,25410021,,,,,,,,,,,,,,,,,,,,30.7529915,1649.074083,0.8593797149,,5ee43510-f298-458a-8ef8-96f08b1cfc1c,8a567c57-bea7-4cd5-b1d0-7b7d79bceabf
135,2026-09-12,10:53:08.25,"Jones, Gunnar",1000616588,Right,,,,,,,Live,,79.26052,0.1280727983,-2.493271175,1950.722619,224.6819833,1:30,5.96736,2.73709,5.16392,-30.55207,15.32274,15.20724,3.54199,1.65659,71.9791,-5.550210658,0.3402893297,0.4874819612,-8.74741,8.02818,-2.51615,50,5.95648,4.5193,-115.0908,-0.73122,-11.65395,22.7,-21.47832,59be80db-f5d3-45e4-b77f-53a51ac4418e,2b2466d2-0d39-4123-ae17-6a313f14922f,77.32068,Pitching,25410021,,,,,,,,,,,,,,,,,,,,27.02617054,1737.701886,0.8907990656,,04a19982-e920-4cd9-9c34-bf1a7e7fe985,8a567c57-bea7-4cd5-b1d0-7b7d79bceabf
136,2026-09-12,10:53:15.15,"Jones, Gunnar",1000616588,Right,,,,,,,Live,,78.33651,2.915219318,-2.539937865,1895.947278,221.5562842,1:30,6.21166,2.58312,5.01288,-32.57952,15.28847,13.61126,6.25283,1.31892,70.01464,-3.169660136,0.004177292889,0.4979594348,-7.99102,7.06163,-2.35036,50,6.46596,4.59308,-113.46303,4.73037,-10.22668,24.30131,-23.13678,4470019c-e387-48a8-898d-6b35bd670a53,2b2466d2-0d39-4123-ae17-6a313f14922f,75.69379,Pitching,25410021,,,,,,,,,,,,,,,,,,,,20.37215806,1777.358168,0.9374512616,,b345f124-61ba-4cb7-88b5-5f098e44cc00,8a567c57-bea7-4cd5-b1d0-7b7d79bceabf
137,2026-09-12,10:53:33.51,"Jones, Gunnar",1000616588,Right,,,,,,Fastball,Live,,84.21927,-1.129364145,-4.068045321,2140.467428,217.8534566,1:15,6.10115,2.45973,5.31355,-25.70904,14.78158,11.5284,2.89608,-0.4036,76.55419,-5.910476935,-1.920645682,0.4579822115,-7.29487,8.15238,-2.09915,50,5.98042,8.29785,-122.11858,-3.2771,-10.9567,25.25551,-19.92939,6517f320-b14e-4d70-a665-818f42cb4c8f,2b2466d2-0d39-4123-ae17-6a313f14922f,82.3011,Pitching,25410021,,,,,,,,,,,,,,,,,,,,24.0763174,1954.252922,0.9130028783,,70f38faa-b884-4f4b-9a29-1e2ec722c332,8a567c57-bea7-4cd5-b1d0-7b7d79bceabf
138,2026-09-12,10:53:45.58,"Jones, Gunnar",1000616588,Right,,,,,,Fastball,Live,,85.38554,-2.197996859,-5.12132361,2243.193778,208.5751116,1:00,5.91021,2.55267,5.3198,-19.68799,19.95771,10.90325,2.19782,-1.35704,77.30752,-5.86227001,-3.092072083,0.4531786819,-7.32402,11.23508,-2.09623,50,5.69672,10.70215,-123.53385,-5.42721,-11.22421,26.50879,-14.95607,0d9db143-33df-401f-96d9-5d198fec1eb7,2b2466d2-0d39-4123-ae17-6a313f14922f,83.17346,Pitching,25410021,,,,,,,,,,,,,,,,,,,,23.34699587,2059.524734,0.9181216331,,58071a04-22c4-4d50-a0aa-44a81502a08b,8a567c57-bea7-4cd5-b1d0-7b7d79bceabf
139,2026-09-12,10:54:00.42,"Jones, Gunnar",1000616588,Right,,,,,,Curveball,Live,,72.40296,1.774494584,-3.506388609,2097.222537,64.76426236,8:15,5.75069,2.7641,,-64.03032,-5.84248,-12.35978,2.12617,-1.64428,66.00389,-9.808819834,-5.756414869,0.5490191433,5.12358,-3.52446,-2.3494,50,5.88554,6.84008,-104.69112,1.04685,5.60292,20.09368,-36.02824,20d8f147-18aa-467d-8261-6cfb9fbd9309,2b2466d2-0d39-4123-ae17-6a313f14922f,,Pitching,25410021,,,,,,,,,,,,,,,,,,,38.77455441,56.28815891,1163.992802,0.5550163523,7:15,c342ffae-3093-487d-8b4b-4c01b38ff1fb,8a567c57-bea7-4cd5-b1d0-7b7d79bceabf
140,2026-09-12,10:54:14.04,"Jones, Gunnar",1000616588,Right,,,,,,Curveball,Live,,70.29192,3.367234264,-1.378031413,2137.095839,97.86036037,9:15,5.64449,2.68324,4.88674,-56.61266,2.90745,-21.17196,4.11639,-0.3848,63.70385,-7.106785734,-5.307164822,0.5552687759,10.61795,0.43616,-2.53105,50,5.92879,3.07735,-101.8433,4.31618,10.98674,19.03585,-31.72274,c8f6135f-32b2-497f-b6f7-df6dafa6b910,2b2466d2-0d39-4123-ae17-6a313f14922f,67.88143,Pitching,25410021,,,,,,,,,,,,,,,,,,,38.13545216,53.4913219,1271.453486,0.5949445332,7:15,dbe8b72e-12b9-4395-9c6f-f48b990a5203,8a567c57-bea7-4cd5-b1d0-7b7d79bceabf
141,2026-09-12,10:54:29.12,"Jones, Gunnar",1000616588,Right,,,,,,ChangeUp,Live,,78.65602,-2.692670557,-4.202143461,1678.858827,223.5310685,1:30,5.88603,2.62319,5.19377,-37.81346,9.24831,8.80827,0.19368,-0.60212,71.55928,-9.674858964,-2.559772236,0.4937481944,-5.9782,5.73447,-2.2399,50,5.60806,8.08475,-113.83827,-6.56728,-7.74312,23.42761,-24.7466,5a351bf8-f18b-425f-b7e1-4843ffd665a2,2b2466d2-0d39-4123-ae17-6a313f14922f,76.3394,Pitching,25410021,,,,,,,,,,,,,,,,,,,,27.38591815,1490.706539,0.8879284638,,539b8249-7d32-4492-9513-72a75c2fd7b0,8a567c57-bea7-4cd5-b1d0-7b7d79bceabf
142,2026-09-12,10:54:46.88,"Jones, Gunnar",1000616588,Right,,,,,,ChangeUp,Live,,78.0792,-1.407889394,-1.875835434,1408.644775,222.3364208,1:30,5.90239,2.77391,5.00612,-36.94344,11.14642,10.18688,1.49402,1.85176,70.4599,-8.262621295,0.02927577854,0.4991121917,-5.97586,6.32382,-2.60195,50,5.73855,3.38007,-113.2453,-3.97736,-7.61282,24.34676,-24.11795,697285b4-af1b-46a6-9b99-90cc35a1be3d,2b2466d2-0d39-4123-ae17-6a313f14922f,75.51897,Pitching,25410021,,,,,,,,,,,,,,,,,,,,26.69624183,1258.484451,0.8934008583,,623baa58-003c-4524-803d-552e6769abf4,8a567c57-bea7-4cd5-b1d0-7b7d79bceabf
143,2026-09-12,10:55:01.69,"Jones, Gunnar",1000616588,Right,,,,,,Fastball,Live,,83.86353,-1.358760166,-3.872780475,2027.236984,216.4070377,1:15,6.03187,2.50696,5.36523,-25.62176,15.18135,11.22986,2.61968,-0.19362,76.15105,-6.130293617,-1.776664173,0.4597461083,-7.11181,8.45615,-2.16727,50,5.89199,7.86076,-121.61583,-3.7403,-10.57602,25.4234,-19.59885,49f06226-6e97-414e-8389-187377591784,2b2466d2-0d39-4123-ae17-6a313f14922f,81.98534,Pitching,25410021,,,,,,,,,,,,,,,,,,,198.4007986,25.49318858,1829.85801,0.9026364579,12:30,0c339dcc-fb5a-4cd5-afe1-60ce404f01ef,8a567c57-bea7-4cd5-b1d0-7b7d79bceabf
144,2026-09-12,10:55:16.11,"Jones, Gunnar",1000616588,Right,,,,,,Fastball,Live,,85.96855,-1.790810011,-5.282662658,2101.969276,219.0767022,1:15,5.99413,2.49526,5.48751,-23.18196,15.57086,12.68789,2.37948,-1.40288,78.09894,-6.11149974,-2.917768516,0.4480464596,-8.30777,8.81622,-2.04038,50,5.82131,11.08346,-124.43905,-4.67907,-12.95751,26.21128,-18.42352,3b952e6a-3af0-4d0c-a94f-e8cf2e82447d,2b2466d2-0d39-4123-ae17-6a313f14922f,84.12618,Pitching,25410021,,,,,,,,,,,,,,,,,,,,25.35904399,1899.427031,0.9036416723,,47c2d734-404a-42e5-a0a8-eaf02bee2416,8a567c57-bea7-4cd5-b1d0-7b7d79bceabf
145,2026-09-12,10:55:31.34,"Jones, Gunnar",1000616588,Right,,,,,,Slider,Live,,70.52384,1.863724539,-1.359764284,2007.033937,88.80808114,9:00,5.8059,2.5362,5.13749,-58.87768,-0.43144,-19.09774,2.65526,-0.33575,64.25577,-9.045095365,-4.922245164,0.5502368711,9.62763,-0.8292,-2.39466,50,5.93637,2.97735,-102.34444,1.64165,10.05478,19.30889,-33.04003,05132ccb-32c9-42b9-a4bf-0acff2e19cf0,2b2466d2-0d39-4123-ae17-6a313f14922f,68.50221,Pitching,25410021,,,,,,,,,,,,,,,,,,,40.68014797,46.86981394,1372.125534,0.683658362,7:15,b10a8122-803f-4924-ab4b-9fbf3fcea287,8a567c57-bea7-4cd5-b1d0-7b7d79bceabf
146,2026-09-12,10:55:45.63,"Jones, Gunnar",1000616588,Right,,,,,,Slider,Live,,71.24649,1.517580741,0.04582049664,2027.119793,94.81263817,9:15,5.77284,2.56986,4.98029,-56.02295,1.64424,-20.09833,2.53758,0.93826,64.66505,-8.859069945,-3.704058471,0.5465574532,10.55603,0.36372,-2.55846,50,5.87498,0.51273,-103.39483,1.07954,11.2294,20.0222,-31.78713,a54158b9-9dd2-4ad7-9d38-42d9055d0526,2b2466d2-0d39-4123-ae17-6a313f14922f,68.96336,Pitching,25410021,,,,,,,,,,,,,,,,,,,,,,,,7ca55dc3-65e4-4810-a459-db269469f5f7,8a567c57-bea7-4cd5-b1d0-7b7d79bceabf
147,2026-09-12,10:56:02.06,"Jones, Gunnar",1000616588,Right,,,,,,ChangeUp,Live,,78.90191,-0.4954713024,-1.587976444,1565.873305,223.8818874,1:30,5.93665,2.72078,5.10758,-33.718,12.64986,12.20414,2.65988,2.24149,71.81196,-6.745494648,0.6852088017,0.4900946125,-6.8876,6.79512,-2.58061,50,5.86437,2.78092,-114.61472,-2.08698,-9.0954,22.62087,-23.20078,22f40dc0-329a-42f8-8000-342b3ec479f6,2b2466d2-0d39-4123-ae17-6a313f14922f,76.90849,Pitching,25410021,,,,,,,,,,,,,,,,,,,,27.52724088,1388.602663,0.8867911978,,1988614d-b8e8-48a7-ab45-9e7ee178bad2,8a567c57-bea7-4cd5-b1d0-7b7d79bceabf
148,2026-09-12,10:56:26.01,"Jones, Gunnar",1000616588,Right,,,,,,ChangeUp,Live,,77.66822,-0.7716055687,-2.32201267,1546.709734,196.067967,12:30,5.83385,2.7263,5.12805,-34.70334,13.28826,3.84114,2.21466,0.85862,70.54767,-7.208431615,-1.605926886,0.4986020356,-2.73617,7.23039,-2.51142,50,5.73531,4.44958,-112.74457,-2.62273,-3.4858,22.45822,-22.96275,a05f772d-b5c1-4948-845a-9b30e44b2412,2b2466d2-0d39-4123-ae17-6a313f14922f,75.59624,Pitching,25410021,,,,,,,,,,,,,,,,,,,,30.0438171,1338.898105,0.8656427742,,146a19df-a0f3-48e4-8d2b-e0487315bfc5,8a567c57-bea7-4cd5-b1d0-7b7d79bceabf
149,2026-09-12,10:56:41.25,"Jones, Gunnar",1000616588,Right,,,,,,Fastball,Live,,84.63681,-0.3066417067,-3.167179469,1986.056882,225.200737,1:30,5.97065,2.44018,5.26993,-27.94587,12.10433,12.23795,3.35338,0.48237,76.96143,-5.504649542,-0.8865193683,0.455484651,-7.39015,6.48284,-2.15968,50,5.92247,6.38196,-122.86333,-1.60981,-11.24046,25.46696,-22.31361,4394234a-52a1-4ff8-8b99-8113a2fb5f9a,2b2466d2-0d39-4123-ae17-6a313f14922f,82.75238,Pitching,25410021,,,,,,,,,,,,,,,,,,,198.942431,27.59897978,1760.067101,0.8862118287,12:45,dcdccf1e-05b9-42cd-970d-4f9f4c0fc909,8a567c57-bea7-4cd5-b1d0-7b7d79bceabf
150,2026-09-12,10:56:52.98,"Jones, Gunnar",1000616588,Right,,,,,,Fastball,Live,,86.93082,-1.600173261,-3.792829016,1777.803448,222.0838368,1:30,6.00631,2.31386,5.27647,-23.20218,14.92409,13.5078,2.56641,-0.12749,78.83128,-5.917758696,-1.273694889,0.4444096928,-8.28049,8.37087,-1.97736,50,5.84345,7.88537,-126.03757,-4.3363,-13.21816,27.44091,-18.81163,bb86bf72-1df0-456d-b614-6459ddfd098c,2b2466d2-0d39-4123-ae17-6a313f14922f,84.81462,Pitching,25410021,,,,,,,,,,,,,,,,,,,,30.84628601,1526.325979,0.8585459663,,e5dbb3f8-bf30-4bec-839f-747e3222d282,8a567c57-bea7-4cd5-b1d0-7b7d79bceabf
151,2026-09-12,10:57:10.69,"Jones, Gunnar",1000616588,Right,,,,,,Slider,Live,,73.23294,0.2693062812,-3.47196067,2236.594616,72.24029513,8:30,5.78108,2.6529,4.99503,-58.95211,-4.64506,-14.40036,1.1231,-1.82866,67.47312,-10.52056931,-6.132713532,0.5303950929,6.48196,-2.51445,-2.30764,50,5.76054,6.88285,-106.19163,-1.30144,7.33382,19.73961,-35.01895,075ad8c9-d717-4025-a744-a03e9327a751,2b2466d2-0d39-4123-ae17-6a313f14922f,71.06483,Pitching,25410021,,,,,,,,,,,,,,,,,,,33.13973877,61.19839276,1077.542653,0.4817782558,7:00,aab78db4-e512-4cd5-94f5-dd691c7be31e,8a567c57-bea7-4cd5-b1d0-7b7d79bceabf
152,2026-09-12,10:57:24.22,"Jones, Gunnar",1000616588,Right,,,,,,Slider,Live,,72.29687,0.9112297665,-3.159704602,2267.595205,63.48941128,8:00,5.80843,2.62214,4.32978,-64.24229,-7.11216,-14.20744,1.32708,-1.58431,66.5592,-10.72202491,-5.756761123,0.5440064129,6.30682,-3.91576,-2.26787,50,5.84461,6.2506,-104.73758,-0.45114,6.94297,19.17017,-36.48478,84b8a0e5-d364-4743-9daf-731a832198a0,2b2466d2-0d39-4123-ae17-6a313f14922f,69.28675,Pitching,25410021,,,,,,,,,,,,,,,,,,,35.60328992,52.64954547,1375.72429,0.6066886573,7:15,dc65379a-4a22-44bb-a4b9-aba073a692a3,8a567c57-bea7-4cd5-b1d0-7b7d79bceabf
153,2026-09-12,10:57:36.51,"Jones, Gunnar",1000616588,Right,,,,,,ChangeUp,Live,,81.18915,-4.089451274,-3.973837339,1354.727975,216.4444472,1:15,5.87554,2.74405,5.16003,,,,,,,,,,-5.95997,7.69973,-2.38,50,5.46922,7.85649,-117.43223,-9.46395,-8.27849,23.33853,-21.47902,44d69d7a-8b2c-492a-88ab-a42c75f3168e,2b2466d2-0d39-4123-ae17-6a313f14922f,,Pitching,25410021,,,,,,,,,,,,,,,,,,,,26.39217855,1213.527996,0.8957724491,,1db63b22-62a4-44d8-a16f-ce914398ee68,8a567c57-bea7-4cd5-b1d0-7b7d79bceabf
154,2026-09-12,10:57:58.05,"Jones, Gunnar",1000616588,Right,,,,,,ChangeUp,Live,,77.8258,-1.145370144,-2.224866775,1403.092487,233.9010608,1:45,5.72111,2.74874,5.22451,-38.96006,8.34117,11.48729,1.39685,1.6136,71.37115,-8.343798896,-0.0863024859,0.495002759,-6.69055,4.72379,-2.55226,50,5.587,4.02927,-113.05336,-3.49295,-8.63503,21.14348,-26.07738,e008ac06-c578-4fa2-953a-dc42d14cd694,2b2466d2-0d39-4123-ae17-6a313f14922f,76.14592,Pitching,25410021,,,,,,,,,,,,,,,,,,,206.8395948,37.49787904,1113.179729,0.7933758747,1:00,ad0396de-83f4-42a1-a75a-1823bed40949,8a567c57-bea7-4cd5-b1d0-7b7d79bceabf
155,2026-09-12,10:58:10.43,"Jones, Gunnar",1000616588,Right,,,,,,Fastball,Live,,86.0678,-3.399417976,-4.173171825,2178.89797,226.7074021,1:30,5.98467,2.5702,5.39617,-24.73803,13.65886,14.47868,0.72571,-0.14041,79.25116,-7.961042316,-1.486241872,0.4459841918,-8.75635,8.12134,-2.20797,50,5.66355,8.60477,-124.70761,-8.27227,-13.86645,23.76869,-19.3132,63a681b6-b359-451a-a3cf-8973e1fa610b,2b2466d2-0d39-4123-ae17-6a313f14922f,84.51519,Pitching,25410021,,,,,,,,,,,,,,,,,,,,28.96121304,1906.421775,0.8749477035,,6a35b035-1621-4a6e-980c-4049a868cf28,8a567c57-bea7-4cd5-b1d0-7b7d79bceabf
156,2026-09-12,10:58:23.31,"Jones, Gunnar",1000616588,Right,,,,,,Fastball,Live,,84.77159,-0.8698701605,-3.906078809,2060.722936,235.5232178,1:45,5.94506,2.58573,5.36165,-27.93894,11.5336,16.85583,2.79927,0.32237,77.87671,-6.043874229,-0.7779065757,0.4521878692,-9.93131,6.32328,-2.24685,50,5.8472,7.83172,-123.06703,-2.8198,-15.31783,23.12028,-22.42116,027adbc0-5e0d-4e96-95ae-e69eea830609,2b2466d2-0d39-4123-ae17-6a313f14922f,83.35571,Pitching,25410021,,,,,,,,,,,,,,,,,,,204.982745,34.00845862,1708.246601,0.8289550095,12:45,6ebda973-c69b-4a7c-b751-80536a01864d,8a567c57-bea7-4cd5-b1d0-7b7d79bceabf
157,2026-09-12,10:58:52.97,"Mcgrenera, Grady",1000616386,Left,,,,,,,Live,,82.4465,1.178009045,3.289120731,2132.017018,114.6572437,9:45,6.36227,-2.09194,3.69123,-36.59719,8.30816,-18.2535,4.45339,-0.42981,74.65325,-5.451321851,-0.02304516784,0.482303525,10.09994,3.80547,1.72176,50,6.4603,-6.11538,-119.3205,0.97024,14.47257,24.25978,-26.72105,190f977a-1664-4053-a5ac-1b415af940c1,2b2466d2-0d39-4123-ae17-6a313f14922f,78.15087,Pitching,25410021,,,,,,,,,,,,,,,,,,,,-28.2722023,1877.682864,0.8807072592,,efb00ffb-ff34-4272-b925-c46e8e8d2210,8a567c57-bea7-4cd5-b1d0-7b7d79bceabf
158,2026-09-12,10:58:59.95,"Mcgrenera, Grady",1000616386,Left,,,,,,,Live,,84.67839,0.2067645245,3.286429013,2202.476486,118.4314278,10:00,6.36418,-1.81838,2.81924,-34.05549,9.72426,-18.06502,3.7296,-0.09308,76.96905,-5.853426417,0.06432831293,0.476220409,9.68666,4.65522,1.40319,50,6.34334,-6.20451,-122.45982,-1.11708,14.68575,24.54875,-25.11636,08c5e43b-2eb7-463a-9d02-8fd834198edd,2b2466d2-0d39-4123-ae17-6a313f14922f,79.14915,Pitching,25410021,,,,,,,,,,,,,,,,,,,,-36.74011339,1764.970047,0.8013570441,,0daa2477-12f8-443c-8057-960daed37912,8a567c57-bea7-4cd5-b1d0-7b7d79bceabf
159,2026-09-12,10:59:15.00,"Mcgrenera, Grady",1000616386,Left,,,,,,Fastball,Live,,90.15343,-3.102911572,3.678665972,2356.627545,134.5557709,10:30,5.97312,-2.4414,5.72252,-21.15991,13.49663,-13.69668,1.31126,-0.15214,82.53327,-7.04570134,1.113566788,0.4237054205,8.36251,8.097,2.14274,50,5.70067,-7.94421,-130.75868,-7.81774,14.48291,27.48868,-18.15098,919cdd38-cdc1-4ea2-9793-7d06092e5ec9,2b2466d2-0d39-4123-ae17-6a313f14922f,88.95907,Pitching,25410021,,,,,,,,,,,,,,,,,,,,-24.0240626,2152.483645,0.9133745592,,d7c96ecf-3520-4de4-a5cb-c6b89ab3c32d,8a567c57-bea7-4cd5-b1d0-7b7d79bceabf
160,2026-09-12,10:59:30.62,"Mcgrenera, Grady",1000616386,Left,,,,,,Fastball,Live,,91.62816,-3.712372337,3.616407216,2398.358093,128.1553214,10:15,5.99604,-2.35944,5.79507,-21.84271,11.55277,-14.66204,0.71145,-0.21342,84.23469,-7.773364661,0.8708002465,0.4159252205,8.84303,7.20109,2.07094,50,5.67715,-7.89932,-132.86822,-9.38047,15.86477,27.51484,-19.25498,db86b9a9-7d8f-4265-86d5-4eef42f3c9a9,2b2466d2-0d39-4123-ae17-6a313f14922f,90.62311,Pitching,25410021,,,,,,,,,,,,,,,,,,,,,,,,025cd581-2d42-490d-8f17-b0979af5bfca,8a567c57-bea7-4cd5-b1d0-7b7d79bceabf
161,2026-09-12,10:59:48.18,"Mcgrenera, Grady",1000616386,Left,,,,,,Fastball,Live,,90.24697,-1.767756573,4.031784178,2397.649097,121.9505049,10:00,6.02317,-2.29846,5.88323,-25.6094,8.66534,-13.91938,2.24311,0.29127,82.74986,-6.556919437,1.421073462,0.4213650043,8.59961,5.15196,1.98119,50,5.86556,-8.77615,-131.01896,-4.89746,14.97928,27.14104,-23.20007,0ecfcee7-348e-4957-b8b5-eb966ad75668,2b2466d2-0d39-4123-ae17-6a313f14922f,89.45318,Pitching,25410021,,,,,,,,,,,,,,,,,,,143.523293,-39.63376926,1846.519292,0.7701374209,10:45,fecac715-5448-4cab-abbb-2465a15dcb94,8a567c57-bea7-4cd5-b1d0-7b7d79bceabf
162,2026-09-12,11:00:05.82,"Mcgrenera, Grady",1000616386,Left,,,,,,Slider,Live,,80.13858,0.3416566981,4.12311837,1642.826188,329.1256557,5:00,5.68333,-2.36389,5.03561,-53.36121,-8.11305,4.84175,1.55969,1.93561,73.57686,-9.459655107,5.018005154,0.4841410312,-1.30904,-4.3535,1.9663,50,5.67441,-8.53386,-116.14772,-1.08199,-1.77618,23.11922,-38.08111,3920f16b-0862-458f-b9aa-0cb51af3ee3d,2b2466d2-0d39-4123-ae17-6a313f14922f,77.85425,Pitching,25410021,,,,,,,,,,,,,,,,,,,10.67388386,-60.41725037,811.0305317,0.4936800603,6:15,6cf4dc15-af2d-4756-8cf2-2f067efd09d0,8a567c57-bea7-4cd5-b1d0-7b7d79bceabf
163,2026-09-12,11:00:21.16,"Mcgrenera, Grady",1000616386,Left,,,,,,Slider,Live,,79.59174,1.015607166,3.234861485,1415.068123,7.390377031,6:15,5.73987,-2.79941,5.34143,-51.93694,-6.37535,-0.82307,2.366,0.16937,72.31913,-8.653383928,3.080821242,0.4858149034,1.47047,-3.70841,2.5085,50,5.79518,-6.49918,-115.44815,0.41914,1.95648,24.3326,-37.10815,1b113125-fe24-4484-b658-aa91759b55ce,2b2466d2-0d39-4123-ae17-6a313f14922f,77.58601,Pitching,25410021,,,,,,,,,,,,,,,,,,,,-56.1146749,788.9464731,0.5575325035,,cb623674-3755-406b-9a12-5b0c0ab76687,8a567c57-bea7-4cd5-b1d0-7b7d79bceabf
164,2026-09-12,11:00:37.08,"Mcgrenera, Grady",1000616386,Left,,,,,,ChangeUp,Live,,81.66081,-0.3312157391,2.978159248,841.2349494,98.17647565,9:15,5.60666,-2.74456,5.76452,-40.68114,1.70136,-12.07795,1.90792,-0.97718,74.34106,-7.957975672,0.7011210952,0.4685594353,7.4162,1.01759,2.5055,50,5.55486,-5.80679,-118.61872,-1.91409,10.46011,24.82065,-30.7388,22c26863-5d27-461a-8368-bb0baa42cbdc,2b2466d2-0d39-4123-ae17-6a313f14922f,80.44324,Pitching,25410021,,,,,,,,,,,,,,,,,,,,-23.06760304,773.9724871,0.9200431909,,17385ccc-eab2-4607-9ac1-e2ef2c1fee9b,8a567c57-bea7-4cd5-b1d0-7b7d79bceabf
165,2026-09-12,11:00:55.22,"Mcgrenera, Grady",1000616386,Left,,,,,,Fastball,Live,,92.04209,-1.957394425,2.602258818,2070.421946,140.8187394,10:45,5.99737,-2.34048,5.91902,-21.48752,11.17698,-9.12438,2.38796,-0.68463,84.81465,-5.970126569,0.8916835903,0.4113479627,5.58671,6.52741,2.13756,50,5.82839,-5.77737,-133.85921,-5.30116,10.21072,26.91638,-20.24404,a06f2cd6-dc2f-4ecb-91c4-9e00e628aa17,2b2466d2-0d39-4123-ae17-6a313f14922f,91.63152,Pitching,25410021,,,,,,,,,,,,,,,,,,,131.7546818,-43.23665554,1508.365603,0.7285305325,10:30,42d8e6ab-9f95-4ede-aaa7-ed5a68c77e53,8a567c57-bea7-4cd5-b1d0-7b7d79bceabf
166,2026-09-12,11:01:10.85,"Mcgrenera, Grady",1000616386,Left,,,,,,Fastball,Live,,91.73906,-1.069674137,2.408262654,2181.248232,128.5220436,10:15,6.08111,-2.15556,5.82103,-22.97415,10.1517,-12.78354,3.17126,-0.98087,84.05579,-5.369833939,0.00875423103,0.4142427601,7.52977,5.75018,1.96641,50,5.98009,-5.17771,-133.4243,-3.27286,13.6008,28.16597,-21.78767,41bf1836-5f58-460a-acf6-7ae8734855d7,2b2466d2-0d39-4123-ae17-6a313f14922f,90.99118,Pitching,25410021,,,,,,,,,,,,,,,,,,,,-36.87514479,1744.878723,0.7999450487,,1ffb0b1b-16d9-4d98-bbd3-178101fa595f,8a567c57-bea7-4cd5-b1d0-7b7d79bceabf
167,2026-09-12,11:02:48.53,"Lasa, Sebastian",1000617068,Right,,,,,,Fastball,Live,,87.697,-2.918256726,-3.633140808,1874.912344,223.5476887,1:30,5.99693,2.07304,6.42643,-21.23133,14.31718,13.60528,1.53801,-0.13657,80.51858,-6.922398732,-1.054920811,0.4291233027,-8.46397,8.66225,-1.82072,50,5.77916,7.69573,-127.38141,-7.11899,-13.93906,25.59661,-17.90846,5fd48c17-6e4c-4fbd-a0be-2dfcb6f185ac,2b2466d2-0d39-4123-ae17-6a313f14922f,87.83592,Pitching,25410021,,,,,,,,,,,,,,,,,,,,13.6692485,1821.807504,0.9716760946,,190a88d1-5ea3-40cf-a2cf-8b0076132e1b,8a567c57-bea7-4cd5-b1d0-7b7d79bceabf
168,2026-09-12,11:03:02.01,"Lasa, Sebastian",1000617068,Right,,,,,,Fastball,Live,,87.95077,0.7230266022,-0.946328339,1688.828321,210.0753166,1:00,5.92347,2.12447,6.38229,-19.58361,15.84192,9.19287,4.95666,2.02005,79.94184,-3.002586949,0.8038913744,0.4283803931,-5.3306,8.49588,-2.06076,50,5.96631,1.84818,-128.07733,1.04687,-8.80762,27.75813,-18.13651,84104bfd-66f0-4cf4-89c5-48d0ca01fce8,2b2466d2-0d39-4123-ae17-6a313f14922f,87.98825,Pitching,25410021,,,,,,,,,,,,,,,,,,,,25.70263785,1521.730674,0.9010570551,,166e00e9-28c6-4dc5-bf5a-e214496c5404,8a567c57-bea7-4cd5-b1d0-7b7d79bceabf
169,2026-09-12,11:03:17.00,"Lasa, Sebastian",1000617068,Right,,,,,,Fastball,Live,,85.95342,-1.647366893,-3.662090873,1924.303487,221.065855,1:15,5.96662,2.00842,6.41314,-23.2593,13.83568,12.08242,2.5105,-0.35566,78.55913,-6.050320619,-1.368991263,0.438357993,-7.68085,8.07447,-1.7525,50,5.83816,7.65374,-124.92183,-4.25768,-12.11633,25.57279,-19.4368,810b372c-e717-4e4e-8422-19293b5f5b16,2b2466d2-0d39-4123-ae17-6a313f14922f,85.98552,Pitching,25410021,,,,,,,,,,,,,,,,,,,,21.52448041,1790.104275,0.9302608903,,693245ca-26b4-482f-83d7-8e6190c9e4af,8a567c57-bea7-4cd5-b1d0-7b7d79bceabf
170,2026-09-12,11:03:30.40,"Lasa, Sebastian",1000617068,Right,,,,,,Curveball,Live,,76.54963,-1.050145908,-2.902160974,,,,5.85302,2.38648,5.90261,-49.09035,-1.07749,-2.1126,0.7861,-0.48553,70.1986,-10.21701,-3.300879229,0.4987124262,0.24405,-0.25749,-2.15228,50,5.74079,5.69592,-111.20577,-3.39516,0.3023,21.96195,-32.493,f40a34c2-3c12-4099-88b8-79b835f7dbb2,2b2466d2-0d39-4123-ae17-6a313f14922f,75.57951,Pitching,25410021,,,,,,,,,,,,,,,,,,,,,,,,d848f1a0-1e45-406b-b5b3-9bf7a8505935,8a567c57-bea7-4cd5-b1d0-7b7d79bceabf
171,2026-09-12,11:03:43.75,"Lasa, Sebastian",1000617068,Right,,,,,,Curveball,Live,,77.80062,-0.07783068365,-1.119237607,,,,5.88228,2.49249,6.09118,-43.19553,3.07206,-1.8883,2.21065,1.29986,70.56849,-8.2460938,-1.478758914,0.4895644061,0.66406,1.70107,-2.40539,50,5.85369,2.26171,-113.15929,-1.31894,0.84662,23.87716,-30.00533,fb7149ba-a586-463b-880b-3c0f149abe01,2b2466d2-0d39-4123-ae17-6a313f14922f,76.99179,Pitching,25410021,,,,,,,,,,,,,,,,,,,,,,,,9612df17-2ac0-44eb-b44c-982d8ec2875c,8a567c57-bea7-4cd5-b1d0-7b7d79bceabf
172,2026-09-12,11:03:59.43,"Lasa, Sebastian",1000617068,Right,,,,,,Curveball,Live,,77.04581,0.8649404094,-1.584179698,1873.639523,84.79097607,8:45,5.7443,2.24271,5.9405,-46.80054,-0.34164,-3.3386,2.64685,0.4948,71.43269,-7.863477272,-2.210141071,0.4905755165,1.39489,-0.40574,-2.11475,50,5.78657,3.19614,-112.18166,0.38182,1.79123,18.83267,-32.69507,84a287d5-7c4d-45c7-9848-c2cd4fb93b58,2b2466d2-0d39-4123-ae17-6a313f14922f,76.8331,Pitching,25410021,,,,,,,,,,,,,,,,,,,,73.66788984,526.8759901,0.2812045666,,c91afb9a-cbea-4e0a-baa2-8a56316db45e,8a567c57-bea7-4cd5-b1d0-7b7d79bceabf
173,2026-09-12,11:04:11.71,"Lasa, Sebastian",1000617068,Right,,,,,,ChangeUp,Live,,80.53199,-1.370456233,-2.344365634,1734.733404,230.1777131,1:45,5.7404,2.45997,6.38614,-28.97518,13.27424,15.95196,2.06407,1.63194,73.69088,-6.850598737,0.6888977087,0.4678231928,-9.43999,7.6886,-2.29903,50,5.62843,4.37253,-117.18227,-3.57752,-13.0825,22.82995,-21.51874,42a31056-a60b-4f82-890b-c5c46e7710a5,2b2466d2-0d39-4123-ae17-6a313f14922f,80.56984,Pitching,25410021,,,,,,,,,,,,,,,,,,,,34.93186785,1422.192596,0.8198335221,,d9c7ec63-6a51-4a9f-a729-fe3d8e0a7f2c,8a567c57-bea7-4cd5-b1d0-7b7d79bceabf
174,2026-09-12,11:04:25.54,"Lasa, Sebastian",1000617068,Right,,,,,,ChangeUp,Live,,81.24483,-5.780674214,-3.735936801,1789.699457,,,5.73606,2.48043,6.44111,,,,,,,,,,-9.44646,9.7562,-2.22241,50,5.31206,7.27095,-117.5208,-12.64033,-13.18561,22.6723,-18.5561,ad881be3-6de6-43d1-b189-57687252e27a,2b2466d2-0d39-4123-ae17-6a313f14922f,,Pitching,25410021,,,,,,,,,,,,,,,,,,,,48.63785116,1182.662353,0.6608161771,,53549f8b-c583-450b-8b3f-7a5565a6d928,8a567c57-bea7-4cd5-b1d0-7b7d79bceabf
175,2026-09-12,11:04:44.11,"Lasa, Sebastian",1000617068,Right,,,,,,ChangeUp,Live,,80.78371,-3.130310237,-4.85536984,1937.414767,219.8398464,1:15,5.74065,2.46648,6.44117,-26.57326,15.96792,13.32891,0.63698,-0.89439,73.34233,-8.163105017,-2.317276246,0.4694357544,-8.86966,9.78886,-2.12783,50,5.50595,9.59345,-117.03578,-7.11783,-12.15978,24.47547,-18.7541,18e90a4f-2489-4dad-a043-e3181d579b6a,2b2466d2-0d39-4123-ae17-6a313f14922f,80.29307,Pitching,25410021,,,,,,,,,,,,,,,,,,,,29.56209592,1685.205032,0.869821507,,961e9854-5a77-4a7f-b00b-a46ee8048556,8a567c57-bea7-4cd5-b1d0-7b7d79bceabf
176,2026-09-12,11:05:03.29,"Lasa, Sebastian",1000617068,Right,,,,,,Fastball,Live,,86.96127,0.04653448715,-0.9396905054,1781.428622,221.4197827,1:30,5.84144,2.16148,6.5957,-20.91039,15.35137,13.57214,4.14154,2.4316,78.41003,-3.962971888,1.667378067,0.4334069319,-7.84093,8.50956,-2.10314,50,5.83586,1.70689,-126.61525,-0.46702,-12.52842,29.64455,-18.57728,b6034048-2b9d-4add-be59-f40f9893f494,2b2466d2-0d39-4123-ae17-6a313f14922f,86.96778,Pitching,25410021,,,,,,,,,,,,,,,,,,,,12.90054759,1736.46369,0.9747590605,,ab4051f5-5b78-4690-afff-551e92159325,8a567c57-bea7-4cd5-b1d0-7b7d79bceabf
177,2026-09-12,11:05:20.38,"Lasa, Sebastian",1000617068,Right,,,,,,Fastball,Live,,87.64963,-0.2431969832,-3.207544679,1662.153802,217.7815687,1:15,5.95894,2.24069,6.50652,-21.75915,13.85468,10.77748,3.92216,0.19244,79.65558,-4.387916415,-1.153321174,0.4295173803,-6.90002,7.72316,-2.02171,50,5.93239,6.84056,-127.48624,-1.15547,-11.28761,27.67773,-19.53987,e9bd65f2-e459-4452-9e87-a30cd175d4dd,2b2466d2-0d39-4123-ae17-6a313f14922f,87.75533,Pitching,25410021,,,,,,,,,,,,,,,,,,,,18.50861293,1576.180469,0.948275946,,e98f47c3-d70f-4199-9b3a-5e959eb6e74e,8a567c57-bea7-4cd5-b1d0-7b7d79bceabf
178,2026-09-12,11:05:41.34,"Lasa, Sebastian",1000617068,Right,,,,,,Fastball,Live,,85.809,-1.692389986,-3.102843937,1689.552196,216.5832352,1:15,5.91179,1.99106,6.66079,-21.50311,15.55491,11.56616,2.56874,0.11326,77.91463,-5.797574726,-0.8882390676,0.4381395702,-7.37335,9.16078,-1.78773,50,5.78946,6.45614,-124.77847,-4.26447,-11.51874,27.24533,-17.86298,97f24a20-f11b-437a-9fb2-054a274195c2,2b2466d2-0d39-4123-ae17-6a313f14922f,86.02838,Pitching,25410021,,,,,,,,,,,,,,,,,,,,14.85493376,1633.084032,0.9665780293,,32867233-dd62-4e2f-81e7-b44f6ade8164,8a567c57-bea7-4cd5-b1d0-7b7d79bceabf
179,2026-09-12,11:05:55.00,"Lasa, Sebastian",1000617068,Right,,,,,,Slider,Live,,75.12096,0.01166188907,-4.247516871,1847.711074,58.59301267,8:00,5.71614,2.34496,5.99751,-53.33205,-3.46026,-5.6147,1.28264,-2.06548,68.8331,-9.963721296,-5.305555627,0.5082751247,1.71228,-1.88275,-2.0076,50,5.68795,8.24397,-108.99513,-1.39293,2.03418,21.38256,-34.41075,f0e6ded5-130f-4d3b-ba35-61e34170f7c4,2b2466d2-0d39-4123-ae17-6a313f14922f,74.15755,Pitching,25410021,,,,,,,,,,,,,,,,,,,,77.42847873,402.1693509,0.2176581374,,4b93fc7e-b868-4303-b8fe-ad976c8aa860,8a567c57-bea7-4cd5-b1d0-7b7d79bceabf
180,2026-09-12,11:06:07.88,"Lasa, Sebastian",1000617068,Right,,,,,,Slider,Live,,75.61134,1.141664136,-1.817517892,1746.005503,13.12781067,6:30,5.87002,2.41405,6.01048,-52.112,-2.55764,-0.58712,2.58552,0.68104,68.10995,-8.737640936,-1.929537393,0.5066550038,-0.3182,-1.79475,-2.27131,50,5.93151,3.50111,-109.84397,0.81375,-0.37912,23.96022,-34.31237,df3a75c1-3d84-4106-870a-42dac0b38ba1,2b2466d2-0d39-4123-ae17-6a313f14922f,74.39468,Pitching,25410021,,,,,,,,,,,,,,,,,,,,,,,,6ae8638d-4b5a-41a0-b0e3-459218437c53,8a567c57-bea7-4cd5-b1d0-7b7d79bceabf
181,2026-09-12,11:06:25.54,"Lasa, Sebastian",1000617068,Right,,,,,,ChangeUp,Live,,81.02609,-1.611813559,-3.275638509,1774.911481,230.9478539,1:45,5.72516,2.37585,6.56693,-29.66785,12.04089,14.87344,1.77271,0.60971,73.79385,-7.252729416,-0.4331173802,0.4648201357,-9.23002,7.1573,-2.15717,50,5.60168,6.35999,-117.79292,-4.08128,-12.85673,24.17106,-22.20447,44d8977e-eb99-4d52-be13-413d55c4bddb,2b2466d2-0d39-4123-ae17-6a313f14922f,81.09037,Pitching,25410021,,,,,,,,,,,,,,,,,,,,31.41014244,1514.813388,0.8534585553,,2ce1588a-bee3-4505-a071-2277f7772806,8a567c57-bea7-4cd5-b1d0-7b7d79bceabf
182,2026-09-12,11:07:26.75,"Lasa, Sebastian",1000617068,Right,,,,,,Fastball,Live,,87.65752,-1.874082397,-3.120685445,1634.54325,218.3432735,1:15,5.742,2.03719,6.744,-22.24388,12.89872,10.2211,2.17327,0.03547,80.26533,-6.107019518,-1.168896094,0.4266663354,-6.56231,7.70277,-1.83651,50,5.61019,6.67824,-127.52917,-4.77679,-10.79844,26.42578,-19.49895,b6a1c3e0-d058-40cb-81b6-7e19d1ee98bd,2b2466d2-0d39-4123-ae17-6a313f14922f,88.34172,Pitching,25410021,,,,,,,,,,,,,,,,,,,,19.65678722,1539.289451,0.9417245161,,5105169c-753a-4dc5-9568-8adf95e109ec,8a567c57-bea7-4cd5-b1d0-7b7d79bceabf
183,2026-09-12,11:07:38.57,"Lasa, Sebastian",1000617068,Right,,,,,,Fastball,Live,,86.3248,-1.27140672,-2.607444128,1701.470282,229.9693944,1:45,5.89333,2.09218,6.67106,-24.62484,11.62598,13.87055,2.67686,0.86126,79.13919,-5.951880372,0.03840008489,0.4333415205,-8.41736,6.80207,-1.92354,50,5.79822,5.3495,-125.67638,-3.45574,-13.46691,25.38965,-21.29145,a15d14fd-51a7-4a45-91d2-0ef6d26ae247,2b2466d2-0d39-4123-ae17-6a313f14922f,86.98091,Pitching,25410021,,,,,,,,,,,,,,,,,,,,23.53096125,1559.983613,0.9168444662,,a373a917-2d25-41e8-8efc-cb63acb2d282,8a567c57-bea7-4cd5-b1d0-7b7d79bceabf
184,2026-09-12,11:08:18.44,"Brodhead, Hayes",1000616389,Right,,,,,,,Live,,83.79118,-2.301950578,-1.197977503,1934.902118,223.5814946,1:30,5.77203,0.72051,5.69535,-26.28924,13.66724,13.02035,1.43474,0.68913,76.93574,-7.19409341,1.243422789,0.4549514085,-7.30395,7.9562,-0.62815,50,5.56257,2.13593,-121.83144,-5.72989,-10.98275,23.83394,-20.21052,578797f0-8173-470f-9a1f-ddc62de5f76f,2b2466d2-0d39-4123-ae17-6a313f14922f,82.84937,Pitching,25410021,,,,,,,,,,,,,,,,,,,,32.89841128,1624.611396,0.8396349255,,c8bea646-8603-4682-b4f5-69a7f4a33d4c,8a567c57-bea7-4cd5-b1d0-7b7d79bceabf
185,2026-09-12,11:08:31.50,"Brodhead, Hayes",1000616389,Right,,,,,,,Live,,88.00666,0.614434654,-1.099670153,2157.188046,209.2698862,1:00,5.78287,0.59245,5.81543,-20.49517,15.64837,8.78967,4.6463,0.30246,80.01428,-3.242401664,0.5558517522,0.432699855,-5.05145,8.24726,-0.50775,50,5.821,2.17278,-128.04439,0.70875,-8.35154,27.4655,-18.53887,d4ffff9c-3512-4b01-b1f5-4447c43c8303,2b2466d2-0d39-4123-ae17-6a313f14922f,87.1099,Pitching,25410021,,,,,,,,,,,,,,,,,,,,30.69648072,1854.930686,0.8598836291,,f30dd5ad-08b3-4157-a29d-cb33f4f955da,8a567c57-bea7-4cd5-b1d0-7b7d79bceabf
186,2026-09-12,11:08:39.59,"Brodhead, Hayes",1000616389,Right,,,,,,,Live,,88.78829,-0.2507205676,-1.227669859,2247.25795,220.7612386,1:15,5.81782,0.52412,5.63213,-20.64082,14.98691,12.94608,3.8638,0.45752,81.11968,-4.109946994,1.197462486,0.4296011598,-7.25847,8.07773,-0.42806,50,5.78339,2.32969,-129.18276,-1.26489,-12.26718,26.88078,-18.52228,ea9e85a5-deca-4c95-ab35-7581dbab94c3,2b2466d2-0d39-4123-ae17-6a313f14922f,87.73822,Pitching,25410021,,,,,,,,,,,,,,,,,,,,31.15283138,1923.181858,0.8557904348,,4ce7aade-ff28-4548-b54e-3ec738650164,8a567c57-bea7-4cd5-b1d0-7b7d79bceabf
187,2026-09-12,11:08:48.14,"Brodhead, Hayes",1000616389,Right,,,,,,,Live,,87.38588,-1.034245286,-1.544549753,2156.682568,219.0699263,1:15,5.73478,0.47211,5.86318,-22.31225,14.09128,11.46181,2.91432,-0.00773,80.11336,-5.213348247,0.609175715,0.4342533295,-6.59194,7.86935,-0.3538,50,5.63806,3.06112,-127.17066,-3.01284,-10.81885,25.54173,-19.25867,ccdb1134-6262-4d89-84cf-f9df069b9f4d,2b2466d2-0d39-4123-ae17-6a313f14922f,86.79827,Pitching,25410021,,,,,,,,,,,,,,,,,,,,,,,,5d93d8f9-eae2-4aaa-a43c-f03f50601e13,8a567c57-bea7-4cd5-b1d0-7b7d79bceabf
188,2026-09-12,11:09:04.89,"Brodhead, Hayes",1000616389,Right,,,,,,Fastball,Live,,89.23793,-1.589046561,-2.316654832,2235.070427,199.4285011,12:45,5.89326,0.23216,5.55414,-19.71303,15.68781,5.54394,2.76437,-1.47134,81.68527,-5.26024947,-1.281181713,0.428231074,-3.5873,8.79167,-0.03575,50,5.74306,5.0561,-129.70916,-4.28154,-6.12071,26.74803,-17.17355,c5526d1c-2ebc-4417-b3e2-07a662f2ebc0,2b2466d2-0d39-4123-ae17-6a313f14922f,88.01893,Pitching,25410021,,,,,,,,,,,,,,,,,,,,,,,,02c8a408-9219-413f-bddb-a32042b44f71,8a567c57-bea7-4cd5-b1d0-7b7d79bceabf
189,2026-09-12,11:09:17.43,"Brodhead, Hayes",1000616389,Right,,,,,,Fastball,Live,,89.39714,-2.249129039,-2.637275286,2185.985565,212.4352698,1:00,5.75409,0.48587,5.61252,-19.69519,15.62099,9.93706,2.01059,-1.14894,81.67932,-5.921522609,-0.7770421006,0.4277187386,-6.048,8.97537,-0.26716,50,5.54938,5.64169,-129.84792,-5.7777,-10.31615,27.42422,-16.86465,d84ee7d4-25c1-407e-9a33-61cf2a479b19,2b2466d2-0d39-4123-ae17-6a313f14922f,88.12436,Pitching,25410021,,,,,,,,,,,,,,,,,,,,,,,,e6c867f0-556e-4ca9-a717-ea4a3a7fb927,8a567c57-bea7-4cd5-b1d0-7b7d79bceabf
190,2026-09-12,11:09:36.23,"Brodhead, Hayes",1000616389,Right,,,,,,Fastball,Live,,89.99965,-0.1270466678,-1.248381104,2302.005272,215.5915504,1:15,5.82173,0.51936,5.5266,-21.35401,13.42966,9.63439,3.92345,0.15516,82.28306,-4.110887505,0.5520734147,0.4244818351,-5.46997,7.18194,-0.41739,50,5.79657,2.51621,-130.93378,-1.03751,-9.50719,27.33232,-19.69132,755bd359-4cc3-41aa-b095-2cf6e7060e11,2b2466d2-0d39-4123-ae17-6a313f14922f,88.79635,Pitching,25410021,,,,,,,,,,,,,,,,,,,,43.56050397,1668.141373,0.7246470687,,aaedf1da-eab4-43a1-93de-6a7c660865d9,8a567c57-bea7-4cd5-b1d0-7b7d79bceabf
191,2026-09-12,11:09:50.13,"Brodhead, Hayes",1000616389,Right,,,,,,Fastball,Live,,89.33581,-0.1614650189,-1.506058078,2206.097497,186.5803049,12:15,5.80781,0.50269,5.63868,-21.07479,14.08962,1.62924,3.90092,-0.76665,81.67598,-4.100855693,-1.201076192,0.4267987186,-1.2851,7.57329,-0.37595,50,5.78074,3.36172,-129.97434,-1.08465,-2.20045,26.99531,-19.2065,eccdd768-6957-4968-a8af-65495a70b858,2b2466d2-0d39-4123-ae17-6a313f14922f,88.31432,Pitching,25410021,,,,,,,,,,,,,,,,,,,,45.18079387,1555.016411,0.7048720258,,62b45422-86d0-4773-8924-720678250b9d,8a567c57-bea7-4cd5-b1d0-7b7d79bceabf
192,2026-09-12,11:10:05.83,"Brodhead, Hayes",1000616389,Right,,,,,,Slider,Live,,80.98633,-0.1978587321,-1.649204304,2430.45502,55.8632753,7:45,5.63318,0.70011,5.19104,-46.02062,-2.58733,-3.76376,1.61195,-1.16517,74.89322,-8.663151402,-2.34671499,0.4743323503,1.53737,-1.30684,-0.54448,50,5.5805,3.51574,-117.76169,-1.93705,2.16706,21.5691,-34.01615,f7ed1863-6b83-4abe-96f1-557fc3914d07,2b2466d2-0d39-4123-ae17-6a313f14922f,79.4642,Pitching,25410021,,,,,,,,,,,,,,,,,,,,,,,,adc7c594-ccce-45ee-8a9c-4aaf4d04c24f,8a567c57-bea7-4cd5-b1d0-7b7d79bceabf
193,2026-09-12,11:10:22.62,"Brodhead, Hayes",1000616389,Right,,,,,,Slider,Live,,80.64923,2.346973081,-0.6008658685,2326.630813,64.81244411,8:15,5.73041,0.71864,4.88843,-46.37406,-2.13238,-4.45622,4.08717,-0.22107,74.24502,-6.172806899,-1.421913664,0.478726192,2.15948,-1.71661,-0.65612,50,5.92204,1.3835,-117.18862,3.19554,3.0227,20.78807,-34.57684,b2dc7402-a2fe-483c-a53a-21303308d7f7,2b2466d2-0d39-4123-ae17-6a313f14922f,78.73486,Pitching,25410021,,,,,,,,,,,,,,,,,,,,70.06956792,793.0994146,0.3408789268,,c1c53e39-1eac-4906-917f-7101a8ec9c6d,8a567c57-bea7-4cd5-b1d0-7b7d79bceabf
194,2026-09-12,11:10:38.79,"Brodhead, Hayes",1000616389,Right,,,,,,Slider,Live,,80.55506,-0.01025994542,-1.263931467,,,,5.63115,0.72291,5.14785,-45.74072,-1.43562,-4.39213,1.80976,-0.83307,73.83619,-8.460151562,-2.081095473,0.4790691927,1.94041,-0.75198,-0.60155,50,5.5958,2.72801,-117.06658,-1.53243,2.6795,23.11695,-33.21245,25347ba3-1db3-46e3-9e7c-49d2c84e5f22,2b2466d2-0d39-4123-ae17-6a313f14922f,78.67849,Pitching,25410021,,,,,,,,,,,,,,,,,,,,,,,,af3be6f7-2ede-4a72-9c76-7494acb6d6f8,8a567c57-bea7-4cd5-b1d0-7b7d79bceabf
195,2026-09-12,11:11:06.19,"Brodhead, Hayes",1000616389,Right,,,,,,Curveball,Live,,75.72929,1.48462937,-0.8205823335,1950.117527,39.04659109,7:15,5.72798,0.4118,5.33413,-65.57964,-15.55556,-12.58461,1.65617,-1.40674,69.58842,-10.6575501,-3.174639211,0.5090506366,6.41848,-8.70162,-0.32899,50,5.8158,1.95406,-110.02273,0.88083,7.78815,21.35824,-42.73254,bd806617-bc15-4bad-92b7-2c992e30c973,2b2466d2-0d39-4123-ae17-6a313f14922f,74.04458,Pitching,25410021,,,,,,,,,,,,,,,,,,,,,,,,df06abdd-82ba-4158-8471-e35a1e38337e,8a567c57-bea7-4cd5-b1d0-7b7d79bceabf
196,2026-09-12,11:11:20.10,"Brodhead, Hayes",1000616389,Right,,,,,,Curveball,Live,,75.4762,4.112712094,1.869738023,1664.283919,49.07388855,7:45,5.70571,0.66382,5.05371,-62.88857,-12.03581,-13.76737,4.35191,1.28027,68.90107,-7.513861515,-0.6864621244,0.5132496555,7.74825,-7.48617,-0.83087,50,6.04857,-3.13871,-109.37191,5.89646,9.35762,19.82385,-41.21516,d58b73f7-3671-4366-98e7-e12b65313a0b,2b2466d2-0d39-4123-ae17-6a313f14922f,73.4388,Pitching,25410021,,,,,,,,,,,,,,,,,,,,32.03175604,1410.903781,0.8477542595,,5cad856d-0b0e-4b2e-ab11-4781d20707c2,8a567c57-bea7-4cd5-b1d0-7b7d79bceabf
197,2026-09-12,11:11:37.27,"Brodhead, Hayes",1000616389,Right,,,,,,Curveball,Live,,74.9082,1.421086396,0.1742337613,1546.321906,47.27765082,7:30,5.65178,0.45367,5.25432,-63.16444,-12.07147,-13.02034,1.72343,-0.46767,68.94515,-10.25164587,-2.255309276,0.5144603928,6.9269,-6.79493,-0.46019,50,5.73613,0.0622,-108.86106,0.79292,8.26061,20.22096,-40.27728,4b256aa0-92d4-4b2c-9e83-5a42eeea373a,2b2466d2-0d39-4123-ae17-6a313f14922f,73.26597,Pitching,25410021,,,,,,,,,,,,,,,,,,,,,,,,34151855-0428-408e-a719-f61c7c0fbe3e,8a567c57-bea7-4cd5-b1d0-7b7d79bceabf
198,2026-09-12,11:11:48.54,"Brodhead, Hayes",1000616389,Right,,,,,,ChangeUp,Live,,85.15622,-4.479475513,-2.304032794,1020.769724,223.5626956,1:30,5.5337,0.55266,5.78781,,,,,,,,,,-7.52312,8.54316,-0.3707,50,5.14909,4.56734,-123.42459,-10.47988,-11.53176,26.01086,-19.07871,e4e6c440-cac2-4d97-bf00-c5aca1f0d7c9,2b2466d2-0d39-4123-ae17-6a313f14922f,,Pitching,25410021,,,,,,,,,,,,,,,,,,,,18.95693862,965.4062302,0.9457629935,,9f35d9cb-6a05-4c93-b235-1ee3ed88546c,8a567c57-bea7-4cd5-b1d0-7b7d79bceabf
199,2026-09-12,11:12:09.38,"Brodhead, Hayes",1000616389,Right,,,,,,ChangeUp,Live,,83.39094,-3.515511903,-2.325434247,1196.235535,215.9854994,1:15,5.67861,0.42115,5.83006,-26.29847,13.56023,9.84273,0.21287,-0.92112,77.47347,-8.378839114,-0.4865799634,0.4543943962,-5.85001,8.13701,-0.23742,50,5.3759,4.61535,-121.16745,-8.26519,-8.79991,21.05032,-19.93391,9e543bba-651b-4d54-bc64-af76deb8140f,2b2466d2-0d39-4123-ae17-6a313f14922f,82.95093,Pitching,25410021,,,,,,,,,,,,,,,,,,,,,,,,80146bb9-7331-4981-a251-ab46d850fb54,8a567c57-bea7-4cd5-b1d0-7b7d79bceabf
200,2026-09-12,11:12:25.30,"Brodhead, Hayes",1000616389,Right,,,,,,Fastball,Live,,88.47804,-1.836531115,-3.003490555,2107.897924,209.1128201,1:00,5.76449,0.39941,5.50352,-23.83779,11.74246,6.55524,2.05768,-1.86552,82.39732,-6.227695209,-1.791368805,0.4293148099,-4.14649,6.63055,-0.14176,50,5.58797,6.52189,-128.67146,-4.96552,-7.08207,22.0012,-20.8493,17aa5667-60e1-4695-924b-15ef8c6fec78,2b2466d2-0d39-4123-ae17-6a313f14922f,87.79674,Pitching,25410021,,,,,,,,,,,,,,,,,,,,,,,,03f08b04-490f-4a06-909d-6c53fc274dfa,8a567c57-bea7-4cd5-b1d0-7b7d79bceabf
201,2026-09-12,11:12:39.53,"Brodhead, Hayes",1000616389,Right,,,,,,,Live,,89.35091,-1.951526251,-2.183907253,2187.046558,200.2137531,12:45,5.69626,0.47464,5.77789,-20.81992,13.9675,5.15182,2.14368,-1.12879,82.43944,-5.826689051,-1.221103046,0.4245047014,-3.3142,7.98096,-0.29773,50,5.52267,4.78397,-129.97133,-5.12881,-5.71862,25.0119,-18.40298,65830373-3597-4bf2-a7e6-9156bf3a11eb,2b2466d2-0d39-4123-ae17-6a313f14922f,88.79157,Pitching,25410021,,,,,,,,,,,,,,,,,,,,,,,,fcfc7bd5-de1f-4df5-a2b8-a15afca035d5,8a567c57-bea7-4cd5-b1d0-7b7d79bceabf
202,2026-09-12,11:16:19.30,"Armento, Nick",1000616566,Right,,,,,,Fastball,Live,,86.63634,-4.112241569,0.1659394354,2279.063417,210.2864653,1:00,6.29909,0.39197,6.06333,-20.2908,16.31805,9.52477,0.79636,1.33926,80.41316,-7.875547702,1.954023403,0.4354762157,-5.11445,9.84696,-0.40998,50,5.96922,-0.65861,-125.93419,-9.68022,-8.30457,22.91741,-16.1851,4ff80f62-0d58-488a-9553-d91797da65bf,2b2466d2-0d39-4123-ae17-6a313f14922f,86.55453,Pitching,25410021,,,,,,,,,,,,,,,,,,,,,,,,eef8d695-220e-4eb4-b4f5-0e8ded4501dd,8a567c57-bea7-4cd5-b1d0-7b7d79bceabf
203,2026-09-12,11:16:33.03,"Armento, Nick",1000616566,Right,,,,,,Fastball,Live,,87.61848,-3.329029897,-1.732134837,2344.183295,207.2352579,1:00,6.39771,0.24225,5.81014,-18.33558,18.07092,9.29701,1.76961,-0.59398,80.40304,-6.745817134,0.01302790448,0.4342710503,-5.46823,10.61968,-0.106,50,6.11395,3.54786,-127.29144,-8.00232,-8.99077,25.61428,-14.71336,1be356d7-190a-4189-b5df-01364ccec471,2b2466d2-0d39-4123-ae17-6a313f14922f,86.79473,Pitching,25410021,,,,,,,,,,,,,,,,,,,,,,,,bb6aa84d-3cbe-4ed9-9d9b-9e1878bef231,8a567c57-bea7-4cd5-b1d0-7b7d79bceabf
204,2026-09-12,11:16:45.87,"Armento, Nick",1000616566,Right,,,,,,Fastball,Live,,87.76113,-3.403678762,-1.306950399,2311.331377,198.6989021,12:30,6.41551,0.09839,5.87612,-18.88006,17.18151,5.814,1.67691,-0.63098,80.87273,-6.917334521,-0.2162486481,0.4322089023,-3.47046,10.13736,0.00369,50,6.12953,2.72293,-127.56107,-8.19701,-5.7524,24.77209,-15.37103,6867c4ac-5acf-421d-9adb-805c74654988,2b2466d2-0d39-4123-ae17-6a313f14922f,87.20884,Pitching,25410021,,,,,,,,,,,,,,,,,,,,,,,,32cf10af-bdf2-4da5-86be-6b0e09dc623f,8a567c57-bea7-4cd5-b1d0-7b7d79bceabf
205,2026-09-12,11:17:00.04,"Armento, Nick",1000616566,Right,,,,,,Fastball,Live,,87.24551,-3.026829087,-0.5914333385,2240.580703,192.9061601,12:30,6.35008,-0.03603,5.85788,-19.98165,16.44028,3.76861,1.87045,-0.27141,80.52994,-6.743702862,0.1149082516,0.4343630451,-2.17804,9.61682,0.08173,50,6.09295,1.18859,-126.89508,-7.35354,-3.57818,24.13088,-16.37515,814c67e4-d45e-4545-9c39-302d2ed937de,2b2466d2-0d39-4123-ae17-6a313f14922f,86.77635,Pitching,25410021,,,,,,,,,,,,,,,,,,,,,,,,c2577e4d-183f-4f1b-a04b-dae6b9176ac4,8a567c57-bea7-4cd5-b1d0-7b7d79bceabf
206,2026-09-12,11:17:15.30,"Armento, Nick",1000616566,Right,,,,,,Fastball,Live,,87.71307,-4.042868218,-2.254335102,2305.494515,195.9436051,12:30,6.36777,-0.0483,5.86988,-19.7,16.28736,4.64987,0.96223,-1.75555,81.38784,-7.688239767,-1.385620087,0.4317639485,-3.04433,9.73206,0.22779,50,6.02881,4.86427,-127.3903,-9.64862,-5.06573,23.08016,-15.98,6498af28-33d2-4e8d-aee4-9449ca065d2f,2b2466d2-0d39-4123-ae17-6a313f14922f,87.29872,Pitching,25410021,,,,,,,,,,,,,,,,,,,,,,,,f5ca4bf9-f849-4fbf-b897-c8c8aefd11a3,8a567c57-bea7-4cd5-b1d0-7b7d79bceabf
207,2026-09-12,11:17:31.12,"Armento, Nick",1000616566,Right,,,,,,ChangeUp,Live,,83.53736,-4.923140235,-1.97380073,1727.735899,256.2912801,2:30,6.50423,-0.01136,5.76544,,,,,,,,,,-9.25865,3.33516,0.16444,50,6.07437,3.66084,-121.1955,-11.57131,-13.96322,20.58579,-27.1442,8a692a4d-6d87-4de5-b81e-ef37fdc4a7c4,2b2466d2-0d39-4123-ae17-6a313f14922f,,Pitching,25410021,,,,,,,,,,,,,,,,,,,,,,,,b1c37428-bfd4-41a4-83c2-215067c08dc5,8a567c57-bea7-4cd5-b1d0-7b7d79bceabf
208,2026-09-12,11:17:46.53,"Armento, Nick",1000616566,Right,,,,,,ChangeUp,Live,,82.96406,-3.985839272,-2.108396149,1805.298612,232.5411181,1:45,6.42581,-0.0603,5.94211,-30.42048,9.64963,12.57394,0.18556,-0.96883,77.42905,-9.598482565,0.2443607257,0.4555978628,-7.27797,6.15516,0.22089,50,6.09076,4.05694,-120.53204,-9.32462,-10.85028,20.48374,-22.9977,afaabc25-63bd-4a0c-87df-b04e08c54557,2b2466d2-0d39-4123-ae17-6a313f14922f,82.73182,Pitching,25410021,,,,,,,,,,,,,,,,,,,,,,,,b4b070e3-9ffb-4469-8ad2-d8c8f0ac8892,8a567c57-bea7-4cd5-b1d0-7b7d79bceabf
209,2026-09-12,11:18:01.89,"Armento, Nick",1000616566,Right,,,,,,ChangeUp,Live,,81.81817,-1.580386515,-1.08269561,1694.806222,241.9359305,2:00,6.43972,-0.16095,5.77589,-33.04537,8.10505,15.24874,2.21496,0.10235,76.39114,-7.689453812,1.758467289,0.4616986216,-8.40849,4.70215,0.2409,50,6.28923,1.78112,-119.16672,-4.30908,-12.28889,19.39002,-25.30193,86f162d0-5bcc-48ad-8f20-1375467a4c47,2b2466d2-0d39-4123-ae17-6a313f14922f,81.63862,Pitching,25410021,,,,,,,,,,,,,,,,,,,,,,,,88bbc326-0cf8-45a0-a968-3a95674a85d4,8a567c57-bea7-4cd5-b1d0-7b7d79bceabf
210,2026-09-12,11:18:18.21,"Armento, Nick",1000616566,Right,,,,,,ChangeUp,Live,,82.65667,-3.947752412,-1.91618537,1699.505932,247.1424679,2:15,6.46933,-0.00123,6.07081,-33.62037,6.69251,15.84046,0.00726,-0.45475,76.99592,-10.16801899,1.061472747,0.456975914,-9.06446,4.62406,0.14083,50,6.14547,3.55317,-120.091,-9.27831,-13.35548,21.31364,-25.36101,d0106b4f-5823-46ab-a129-9c8d38ca052b,2b2466d2-0d39-4123-ae17-6a313f14922f,82.48233,Pitching,25410021,,,,,,,,,,,,,,,,,,,,,,,,be711ac0-0c07-4d50-85eb-e75c670e4433,8a567c57-bea7-4cd5-b1d0-7b7d79bceabf
211,2026-09-12,11:18:34.74,"Armento, Nick",1000616566,Right,,,,,,Slider,Live,,75.82281,-0.9749997175,-2.362175172,2050.738245,122.6825206,10:00,6.12786,0.30822,5.47145,-45.13747,3.94127,-6.21826,1.45325,-2.42146,70.29393,-9.293662087,-3.518745263,0.5042177121,2.66855,2.35313,-0.09664,50,6.0117,4.73255,-110.2362,-3.22186,3.29566,18.92741,-29.26792,7071fc38-c945-48ee-b476-d88a3fd17214,2b2466d2-0d39-4123-ae17-6a313f14922f,74.75429,Pitching,25410021,,,,,,,,,,,,,,,,,,,,,,,,b9efa5b7-92b0-466c-97fa-dc92521e8767,8a567c57-bea7-4cd5-b1d0-7b7d79bceabf