PitchNo,Date,Time,Pitcher,PitcherId,PitcherThrows,PitcherTeam,PitcherSet,PitchCall,Balls,Strikes,TaggedPitchType,PitchSession,Flag,RelSpeed,VertRelAngle,HorzRelAngle,SpinRate,SpinAxis,Tilt,RelHeight,RelSide,Extension,VertBreak,InducedVertBreak,HorzBreak,PlateLocHeight,PlateLocSide,ZoneSpeed,VertApprAngle,HorzApprAngle,ZoneTime,pfxx,pfxz,x0,y0,z0,vx0,vy0,vz0,ax0,ay0,az0,PlayID,CalibrationId,EffVelocity,PracticeType,Device,Direction,BatterId,Batter,HitSpinRate,HitType,ExitSpeed,BatterSide,Angle,PositionAt110X,PositionAt110Y,PositionAt110Z,Distance,LastTrackedDistance,HangTime,Bearing,ContactPositionX,ContactPositionY,ContactPositionZ,SpinAxis3dTransverseAngle,SpinAxis3dLongitudinalAngle,SpinAxis3dActiveSpinRate,SpinAxis3dSpinEfficiency,SpinAxis3dTilt,PitchUID,SessionId
1,2026-09-13,09:52:46.05,"Rickman, Sam",1000497645,Right,,,,,,,Warmup,,60.37053,1.05277755,4.457580976,1298.30136,166.6201807,11:30,7.14016,-2.41739,4.07939,-68.31553,14.95561,-3.58534,2.46103,1.57166,55.21239,-11.30596166,3.803065078,0.656778069,3.22841,7.25986,1.92067,50,7.18787,-6.70079,-87.25499,-0.32247,2.45698,13.74715,-26.64894,4fe7a115-a0b4-47ac-ac37-d3025e7f7af2,4e4f1dc2-64b0-4ee8-9cda-b91ff3a7d7d3,57.38992,Pitching,25410021,,,,,,,,,,,,,,,,,,,159.7187404,-35.74044968,1053.794026,0.8116713561,11:15,c3a25956-7352-4515-a37e-5b39c55e96d2,97ec3e98-4493-468c-a091-f7a435a5e9c5
2,2026-09-13,09:54:01.02,"Rickman, Sam",1000497645,Right,,,,,,,Warmup,,55.02483,3.71631168,5.462401098,1529.334194,144.8027946,10:45,7.5318,-3.0352,4.05342,-83.51711,17.35334,-12.38377,4.16263,1.19503,50.21618,-11.39617127,3.206189233,0.7228586394,7.97801,7.63841,2.43177,50,7.86528,-7.26035,-79.26351,3.01804,5.01919,11.18108,-27.36851,a2624322-690b-460f-81d4-a6459dbffe8c,4e4f1dc2-64b0-4ee8-9cda-b91ff3a7d7d3,52.14358,Pitching,25410021,,,,,,,,,,,,,,,,,,,,-29.56749577,1330.176657,0.8697750057,,c086b2c8-d836-4cb7-8b6e-702d23bbe78f,97ec3e98-4493-468c-a091-f7a435a5e9c5
3,2026-09-13,09:54:48.12,"Rickman, Sam",1000497645,Right,,,,,,,Warmup,,69.28756,1.100525522,0.9760154777,1350.497781,146.8938592,11:00,6.76616,-2.87704,4.72356,-47.99898,13.38326,-8.76139,3.81064,-2.68109,62.76845,-7.762606673,-0.6505539521,0.5638878908,4.86048,6.59973,2.78615,50,6.83604,-1.45035,-100.53646,0.4939,4.90588,18.40321,-25.51267,53f319ad-662c-4206-837d-06a7a736aacc,4e4f1dc2-64b0-4ee8-9cda-b91ff3a7d7d3,66.84385,Pitching,25410021,,,,,,,,,,,,,,,,,,,,-31.81809505,1147.553386,0.8497262284,,ac261cdd-d7f6-4642-9917-3211dc5b684f,97ec3e98-4493-468c-a091-f7a435a5e9c5
4,2026-09-13,09:55:56.20,"Rickman, Sam",1000497645,Right,,,,,,,Warmup,,58.07696,1.888158937,2.0301774,1454.560205,151.2610569,11:00,7.39219,-2.71378,4.63275,-69.9034,17.52395,-9.65656,3.36304,-1.58837,53.28389,-10.90228922,0.2454188413,0.6729690023,5.60966,8.48542,2.51437,50,7.52392,-2.73921,-84.22081,0.99556,3.99307,12.39487,-26.13395,3201296b-521a-4479-9b81-8d1519dcab87,4e4f1dc2-64b0-4ee8-9cda-b91ff3a7d7d3,56.00918,Pitching,25410021,,,,,,,,,,,,,,,,,,,,-31.21820652,1243.939316,0.8551996068,,7852fb66-54b4-40f1-b327-4cf0a9202b68,97ec3e98-4493-468c-a091-f7a435a5e9c5
5,2026-09-13,09:57:09.14,"Rickman, Sam",1000497645,Right,,,,,,,Warmup,,74.46206,-1.349417741,3.462816478,1461.888686,157.6164107,11:15,6.67351,-2.45995,5.06173,-41.43729,11.26712,-4.66279,1.94557,0.42031,67.57832,-9.011824342,2.593853539,0.5225103448,3.56698,6.35793,2.13453,50,6.51341,-6.38691,-107.90749,-3.81477,4.14239,21.41636,-24.79049,77f57303-90aa-4832-b2f7-e5d14985ee05,4e4f1dc2-64b0-4ee8-9cda-b91ff3a7d7d3,72.13721,Pitching,25410021,,,,,,,,,,,,,,,,,,,,-40.48847493,1111.819832,0.760536587,,61b122cf-f3e3-4c9f-b301-14ab69ba6a8c,97ec3e98-4493-468c-a091-f7a435a5e9c5
6,2026-09-13,10:02:16.58,"Rickman, Sam",1000497645,Right,,,,,,Sinker,Live,,88.76396,-2.240836122,-2.6075657,2143.789089,241.6336087,2:00,6.19883,1.71303,5.35239,-27.24128,9.19178,17.02844,1.82411,0.68511,80.70778,-7.304381179,0.578784055,0.4344293995,-9.81811,5.55268,-1.49055,50,5.97821,5.26782,-128.80375,-6.00222,-16.35326,28.884,-22.92539,6879f4e9-0290-423c-baef-da58907b2e61,4e4f1dc2-64b0-4ee8-9cda-b91ff3a7d7d3,86.76309,Pitching,25410021,,,,,,,,,,,,,,,,,,,208.4000041,39.66263085,1650.323152,0.7698160052,1:00,2f79bffb-68b0-4e37-a934-9e71ac23b0bb,97ec3e98-4493-468c-a091-f7a435a5e9c5
7,2026-09-13,10:02:37.90,"Rickman, Sam",1000497645,Right,,,,,,Sinker,Live,,87.53005,-1.466378865,-0.9907411845,2080.172405,234.7771289,1:45,6.2826,1.76369,5.33948,-26.62518,11.01635,15.63532,2.68789,2.13724,79.01885,-6.438546622,1.946127698,0.4415755232,-8.62323,6.32529,-1.68537,50,6.13195,1.65823,-127.10661,-4.17361,-13.88197,29.93655,-21.99139,d327553b-b346-4c97-b8a5-5974bb32080c,4e4f1dc2-64b0-4ee8-9cda-b91ff3a7d7d3,85.35899,Pitching,25410021,,,,,,,,,,,,,,,,,,,,,,,,ca909a5f-3922-48b5-8c12-7134dc0cb622,97ec3e98-4493-468c-a091-f7a435a5e9c5
8,2026-09-13,10:02:55.35,"Rickman, Sam",1000497645,Right,,,,,,ChangeUp,Live,,82.55035,,,1432.863942,,,5.75195,2.28295,5.1439,,,,2.00932,1.16126,74.80232,-8.366885204,0.5638636086,0.4701111404,-10.27266,-1.30902,-2.03763,50,5.7201,5.18631,-119.75948,-1.47323,-14.69513,26.36771,-34.04661,f4a5c749-8d18-4081-ab12-ef16ff7a9f8f,4e4f1dc2-64b0-4ee8-9cda-b91ff3a7d7d3,80.17772,Pitching,25410021,,,,,,,,,,,,,,,,,,,,23.98519491,1309.136896,0.9136505269,,441d4dc7-bd90-44c2-9252-d1500d7264f6,97ec3e98-4493-468c-a091-f7a435a5e9c5
9,2026-09-13,10:03:11.62,"Rickman, Sam",1000497645,Right,,,,,,ChangeUp,Live,,83.10834,-0.4395397095,-1.887504698,1404.664989,286.4697703,3:30,5.75954,2.00993,5.16355,-45.47265,-3.72473,12.49821,1.55629,1.27456,75.95199,-8.85200005,0.4435278273,0.4650384108,-7.15096,-1.82889,-1.84343,50,5.68467,3.55425,-120.71009,-2.46833,-10.46517,25.28042,-34.85056,61d5bfad-1f41-488c-be44-521d60267605,4e4f1dc2-64b0-4ee8-9cda-b91ff3a7d7d3,81.05231,Pitching,25410021,,,,,,,,,,,,,,,,,,,,32.37705624,1186.299178,0.8445424265,,4117dbd3-f8fc-40a1-b94c-ab4dacd169d9,97ec3e98-4493-468c-a091-f7a435a5e9c5
10,2026-09-13,10:03:27.34,"Rickman, Sam",1000497645,Right,,,,,,Slider,Live,,78.33738,-0.989568734,-2.943401098,2556.89017,75.26057596,8:30,6.19601,1.75118,4.62695,-50.54919,-2.50223,-9.33839,1.04174,-1.82695,71.9921,-10.189328,-4.66138459,0.4988894912,3.9391,-0.99482,-1.441,50,6.04968,6.16146,-113.57666,-3.70556,5.10452,22.34306,-33.46319,2e549310-0695-4e3e-806a-922291afafb9,4e4f1dc2-64b0-4ee8-9cda-b91ff3a7d7d3,75.55268,Pitching,25410021,,,,,,,,,,,,,,,,,,,,,,,,595b8d44-ad64-4219-a0de-d74ab4d04017,97ec3e98-4493-468c-a091-f7a435a5e9c5
11,2026-09-13,10:03:46.59,"Rickman, Sam",1000497645,Right,,,,,,Slider,Live,,76.61112,0.06811869538,-1.558480791,2582.305938,78.97557949,8:45,6.12959,1.95749,4.53135,-51.83512,-1.81914,-9.12821,1.87487,-0.28737,70.61077,-9.364557088,-3.234029565,0.5090093864,4.25318,-0.95456,-1.78677,50,6.08917,3.34003,-111.24071,-1.64775,5.32131,20.23882,-33.36833,266c1f44-b482-4d5f-88a7-b9b7b14ee8b7,4e4f1dc2-64b0-4ee8-9cda-b91ff3a7d7d3,74.05058,Pitching,25410021,,,,,,,,,,,,,,,,,,,,,,,,928c15b7-1477-4fb3-8243-9f4073753c71,97ec3e98-4493-468c-a091-f7a435a5e9c5
12,2026-09-13,10:04:10.13,"Rickman, Sam",1000497645,Right,,,,,,Fastball,Live,,88.50218,-0.2850539174,-0.3339336743,2218.976592,198.2572544,12:30,6.10285,1.75731,5.19562,-20.26583,16.0711,5.31168,4.14593,1.88588,81.07562,-4.038869359,0.6517340677,0.4338559119,-2.88116,8.52344,-1.73036,50,6.06137,0.5574,-128.74098,-1.37664,-4.8535,25.79533,-17.81577,cfae2534-a446-4004-8409-4443411b9384,4e4f1dc2-64b0-4ee8-9cda-b91ff3a7d7d3,86.87778,Pitching,25410021,,,,,,,,,,,,,,,,,,,208.5854131,49.81912416,1431.689716,0.6452027122,1:00,6c5771ea-bad5-475b-a008-3d38f1a42ac7,97ec3e98-4493-468c-a091-f7a435a5e9c5
13,2026-09-13,10:04:36.03,"Rickman, Sam",1000497645,Right,,,,,,Fastball,Live,,87.23243,-2.205011616,-3.144809899,2290.058614,201.620867,12:45,6.15493,1.52792,5.39541,-20.12905,17.12917,6.80097,2.40726,-0.855,80.07656,-5.932431276,-1.881132882,0.4393215279,-4.43514,9.65258,-1.25227,50,5.94414,6.72318,-126.65767,-5.58177,-7.23609,24.81085,-16.42554,7673354d-e7d4-4700-b5ae-24992b920234,4e4f1dc2-64b0-4ee8-9cda-b91ff3a7d7d3,85.79693,Pitching,25410021,,,,,,,,,,,,,,,,,,,,42.75985476,1681.374194,0.7342057463,,3e2c22bf-a049-4521-a446-5deb1b479af8,97ec3e98-4493-468c-a091-f7a435a5e9c5
14,2026-09-13,10:04:50.86,"Rickman, Sam",1000497645,Right,,,,,,ChangeUp,Live,,82.80334,1.008722776,-0.3312575359,1442.836015,265.254056,2:45,5.94985,2.15814,5.34468,-40.02565,1.50055,18.51138,3.56057,3.39006,75.7936,-6.425780936,3.121028102,0.4638019163,-9.89234,0.50576,-2.14137,50,6.01243,0.08476,-120.40166,0.7981,-14.48106,23.98071,-31.43368,195eb3ca-dec5-4715-aaa1-9c0f7feb09f2,4e4f1dc2-64b0-4ee8-9cda-b91ff3a7d7d3,81.2684,Pitching,25410021,,,,,,,,,,,,,,,,,,,,20.06172805,1355.289916,0.9393235974,,a8651169-b69e-4fd1-8f71-37a88580c02d,97ec3e98-4493-468c-a091-f7a435a5e9c5
15,2026-09-13,10:05:11.80,"Rickman, Sam",1000497645,Right,,,,,,ChangeUp,Live,,83.36233,-2.638112327,-3.246860286,1459.088786,265.6724903,2:45,5.96909,1.97237,5.47533,-39.6222,1.12753,14.84527,0.19327,0.16842,77.12409,-9.934586091,-0.4809570484,0.4594452623,-8.75595,1.30953,-1.69743,50,5.71051,6.37901,-120.99163,-6.8776,-13.02052,22.90547,-30.22671,f43f18eb-a5f0-4810-8882-bd12211f460c,4e4f1dc2-64b0-4ee8-9cda-b91ff3a7d7d3,82.03902,Pitching,25410021,,,,,,,,,,,,,,,,,,,,22.9251009,1343.842432,0.9210148446,,9b0c0c6a-bca6-408f-95cd-42b0f0ea14c6,97ec3e98-4493-468c-a091-f7a435a5e9c5
16,2026-09-13,10:05:54.56,"Rickman, Sam",1000497645,Right,,,,,,Slider,Live,,76.6854,-0.6679666058,-3.377303617,2650.427698,66.54235416,8:15,5.96943,1.92536,4.59499,-53.74899,-3.68085,-8.387,0.854,-1.98903,70.77166,-10.42263808,-4.915311669,0.5092747302,3.34316,-1.70383,-1.56943,50,5.85226,6.84551,-111.1732,-3.12357,4.16603,20.73263,-34.29724,49543d74-49e0-456d-adf3-b0c86894aaae,4e4f1dc2-64b0-4ee8-9cda-b91ff3a7d7d3,74.012,Pitching,25410021,,,,,,,,,,,,,,,,,,,,,,,,64c3558b-e4fe-4b97-a36f-47024c0ece35,97ec3e98-4493-468c-a091-f7a435a5e9c5
17,2026-09-13,10:06:11.64,"Rickman, Sam",1000497645,Right,,,,,,Slider,Live,,79.73841,0.277749189,-1.839462908,2625.244909,78.76784395,8:45,6.20128,1.7499,4.46522,-47.65768,-1.40983,-6.91393,2.49471,-0.58032,73.35948,-8.397231955,-3.106195191,0.4894599303,3.03257,-0.80041,-1.54966,50,6.18595,3.96733,-115.76416,-1.15816,4.11416,21.66461,-33.25993,32f42108-408c-43f7-af9c-233a664b4ca0,4e4f1dc2-64b0-4ee8-9cda-b91ff3a7d7d3,77.00822,Pitching,25410021,,,,,,,,,,,,,,,,,,,,,,,,487845ec-78ec-49bf-a2b0-59725a441470,97ec3e98-4493-468c-a091-f7a435a5e9c5
18,2026-09-13,10:06:34.53,"Rickman, Sam",1000497645,Right,,,,,,Slider,Live,,78.12163,-0.5406523339,-2.133698606,2608.128561,68.09154403,8:15,6.09022,1.79937,4.70287,-51.74058,-3.49863,-8.59744,1.26501,-0.9431,71.50884,-10.00632343,-3.722894757,0.4999007559,3.79607,-1.64641,-1.57601,50,5.99082,4.51413,-113.33058,-2.82591,4.88221,22.8596,-34.29153,090a2dd6-b7c1-4408-8a14-fa08c204f2d7,4e4f1dc2-64b0-4ee8-9cda-b91ff3a7d7d3,75.39984,Pitching,25410021,,,,,,,,,,,,,,,,,,,,,,,,38075055-bae0-49b1-beaf-e2db258e059e,97ec3e98-4493-468c-a091-f7a435a5e9c5
19,2026-09-13,10:06:48.24,"Rickman, Sam",1000497645,Right,,,,,,Sinker,Live,,88.99763,-1.331893133,-2.767707005,2198.569045,234.9986691,1:45,6.34619,1.65559,5.30721,-26.18178,10.00944,14.32723,2.91264,0.24987,80.96177,-6.200783217,-0.0931679899,0.4329851404,-8.39562,5.6881,-1.4148,50,6.20672,5.73672,-129.20637,-3.93869,-14.10949,28.39193,-22.61475,1cc1987c-5624-4470-9d6a-8ce996548b35,4e4f1dc2-64b0-4ee8-9cda-b91ff3a7d7d3,87.0525,Pitching,25410021,,,,,,,,,,,,,,,,,,,203.1162822,47.82212522,1476.195045,0.6714344717,12:45,765d2939-721d-489b-b964-f027f2701267,97ec3e98-4493-468c-a091-f7a435a5e9c5
20,2026-09-13,10:07:06.91,"Rickman, Sam",1000497645,Right,,,,,,Sinker,Live,,88.81285,0.4003396659,-2.594813841,2026.362448,253.6423459,2:30,6.17965,1.8824,5.25086,-32.27955,4.1537,14.28488,3.86621,0.63323,80.63782,-5.609533784,0.07114704956,0.4344305612,-8.31852,2.07396,-1.65492,50,6.19297,5.33348,-128.96376,-0.25275,-13.91052,28.58857,-28.7059,89c9e457-c1e0-40ab-9d54-b027d62c4463,4e4f1dc2-64b0-4ee8-9cda-b91ff3a7d7d3,86.76286,Pitching,25410021,,,,,,,,,,,,,,,,,,,210.5154464,50.28795352,1294.702888,0.6389295702,1:00,80b82142-bc71-49e0-bf71-e75f870b3a7b,97ec3e98-4493-468c-a091-f7a435a5e9c5
21,2026-09-13,10:08:02.60,"Tyler, Sheppard",1000498808,Right,,,,,,Sinker,Live,,76.63558,1.563219471,-6.591449954,1994.808787,239.296139,2:00,4.60189,2.60924,4.69535,-41.70012,8.37119,14.33188,2.62098,-2.48096,70.08013,-6.056885113,-3.978780822,0.5092908862,-9.15945,3.90404,-1.95121,50,4.72478,12.30201,-110.62455,1.63964,-11.3987,18.94841,-27.31556,aae9bc05-ef1e-4124-95e6-0e1b516b5453,4e4f1dc2-64b0-4ee8-9cda-b91ff3a7d7d3,74.00965,Pitching,25410021,,,,,,,,,,,,,,,,,,,,51.71992171,1235.796267,0.619506128,,2599fc86-5860-401c-acd9-7a7763a046ca,97ec3e98-4493-468c-a091-f7a435a5e9c5
22,2026-09-13,10:08:15.99,"Tyler, Sheppard",1000498808,Right,,,,,,Sinker,Live,,76.97907,0.7395399705,-6.656772672,1918.967857,248.8019821,2:15,4.42909,2.77176,4.80014,-42.64208,6.93918,18.19003,1.58102,-2.04754,70.25663,-7.077912959,-3.325688978,0.5067924734,-11.28567,3.39377,-2.12208,50,4.46709,12.36602,-111.11995,0.03146,-14.11739,19.82375,-27.92873,48e06ef3-69f2-4b49-96c4-d43aca0ac735,4e4f1dc2-64b0-4ee8-9cda-b91ff3a7d7d3,74.3745,Pitching,25410021,,,,,,,,,,,,,,,,,,,,43.27520048,1397.142034,0.7280695344,,3864c56c-64c5-41cf-a0e8-74cd91d25a16,97ec3e98-4493-468c-a091-f7a435a5e9c5
23,2026-09-13,10:08:28.73,"Tyler, Sheppard",1000498808,Right,,,,,,Sinker,Live,,78.82697,-0.4192822613,-4.730135069,1947.709023,236.2639429,2:00,4.7803,2.81524,4.9422,-36.26757,10.14706,15.28996,1.36046,-0.39037,72.59853,-7.068547489,-1.920654955,0.4903417087,-9.17437,5.38878,-2.36789,50,4.71002,8.94171,-114.26709,-2.05651,-12.21995,19.59211,-24.99637,a0c446ee-faa8-439f-845a-4da46c6f82c0,4e4f1dc2-64b0-4ee8-9cda-b91ff3a7d7d3,76.86974,Pitching,25410021,,,,,,,,,,,,,,,,,,,249.177959,48.10647028,1300.579774,0.6677484979,2:15,250fae5d-80f2-41d2-9a82-ead3f93e6395,97ec3e98-4493-468c-a091-f7a435a5e9c5
24,2026-09-13,10:08:42.73,"Tyler, Sheppard",1000498808,Right,,,,,,Sweeper,Live,,69.61127,0.6286568181,-2.799079832,2426.8226,132.4941457,10:30,4.44419,2.74643,4.52289,-53.84882,7.96286,-8.75278,0.55616,-0.65048,62.96155,-9.261796792,-4.418064938,0.5658569774,3.57054,3.90049,-2.44634,50,4.46116,5.19744,-100.8123,-0.54451,3.59693,19.61563,-28.24474,9632f4f1-0cae-444e-832b-7804f6d8f133,4e4f1dc2-64b0-4ee8-9cda-b91ff3a7d7d3,66.61125,Pitching,25410021,,,,,,,,,,,,,,,,,,,,,,,,b11848a9-2080-4bc9-938d-aac0f122a5db,97ec3e98-4493-468c-a091-f7a435a5e9c5
25,2026-09-13,10:09:00.77,"Tyler, Sheppard",1000498808,Right,,,,,,Sweeper,Live,,68.75359,1.670584518,-3.470259564,1205.649362,122.8183696,10:00,4.53166,2.77185,4.47148,-57.21378,6.25403,-9.76663,1.35952,-1.35371,62.27372,-8.819944907,-5.269431675,0.5733874071,3.87936,2.66716,-2.39737,50,4.65514,6.33106,-99.48259,1.15949,3.81544,18.72654,-29.55083,40fcec20-403f-459e-9b3c-f4ae6ebca149,4e4f1dc2-64b0-4ee8-9cda-b91ff3a7d7d3,65.73643,Pitching,25410021,,,,,,,,,,,,,,,,,,,72.22807198,51.944325,743.1947036,0.6164269041,8:30,f534e044-7bab-4e69-af52-1e14ca804155,97ec3e98-4493-468c-a091-f7a435a5e9c5
26,2026-09-13,10:09:14.51,"Tyler, Sheppard",1000498808,Right,,,,,,Sinker,Live,,78.46477,0.4640976788,-2.722369096,2022.806446,251.7839451,2:30,4.676,2.68102,5.03101,-42.93406,4.24034,13.03396,1.53648,1.19705,71.3359,-7.487645346,-0.2971979194,0.4943386452,-7.66288,2.08173,-2.43118,50,4.68689,4.98938,-113.86352,-0.47609,-9.96828,22.68799,-29.46602,99f07700-10b8-4451-a3cf-b3b03faa9cfe,4e4f1dc2-64b0-4ee8-9cda-b91ff3a7d7d3,76.24821,Pitching,25410021,,,,,,,,,,,,,,,,,,,204.5075659,50.13436801,1296.597376,0.6409893437,12:45,c730ad69-b309-49e5-ae52-93cd68828485,97ec3e98-4493-468c-a091-f7a435a5e9c5
27,2026-09-13,10:09:27.19,"Tyler, Sheppard",1000498808,Right,,,,,,Sinker,Live,,79.53659,0.5685191692,-4.885459062,1961.652134,252.8020957,2:30,4.89524,2.59612,4.95557,-40.81232,5.33096,17.45834,2.03326,-0.57546,72.28782,-6.969686792,-1.655304491,0.4889062587,-10.5662,2.61689,-2.1363,50,4.91777,9.25851,-115.14299,-0.21684,-14.10132,22.55922,-28.68163,d01a6f24-705f-4d38-9827-c1a687ee389f,4e4f1dc2-64b0-4ee8-9cda-b91ff3a7d7d3,77.09543,Pitching,25410021,,,,,,,,,,,,,,,,,,,238.1213124,52.43950356,1195.820711,0.6095987613,2:00,0be7bdf1-1d8e-4ad4-b064-52b7a170dd13,97ec3e98-4493-468c-a091-f7a435a5e9c5
28,2026-09-13,10:09:41.56,"Tyler, Sheppard",1000498808,Right,,,,,,Sweeper,Live,,68.34448,1.749083412,-3.262631791,1173.070969,129.5991759,10:15,4.55781,2.75078,4.03265,-55.34714,9.40386,-11.42213,1.62931,-1.33917,62.33192,-8.284484319,-5.341509269,0.5791547618,4.78565,4.22643,-2.37019,50,4.69748,6.00743,-98.91183,1.23763,4.69556,17.19082,-28.02718,5b8000c4-bffe-4dee-a30d-7100bb7667d7,4e4f1dc2-64b0-4ee8-9cda-b91ff3a7d7d3,65.08181,Pitching,25410021,,,,,,,,,,,,,,,,,,,,,,,,d2e6385d-e21b-45ea-9b1f-e4675f6adc2f,97ec3e98-4493-468c-a091-f7a435a5e9c5
29,2026-09-13,10:09:54.31,"Tyler, Sheppard",1000498808,Right,,,,,,Sweeper,Live,,69.01921,1.307574527,-0.4048057553,2375.321257,108.5236872,9:30,4.66098,2.73747,4.53032,-58.41505,3.7963,-11.47701,1.03826,1.39563,62.94468,-9.396918318,-2.524920604,0.5676834313,5.79057,1.5481,-2.68487,50,4.74412,1.05939,-100.13303,0.49448,5.80856,17.98125,-30.62114,e3953697-4382-43a9-852d-90ca2218bfff,4e4f1dc2-64b0-4ee8-9cda-b91ff3a7d7d3,66.39693,Pitching,25410021,,,,,,,,,,,,,,,,,,,126.3373514,67.15964979,922.0158795,0.3881647069,10:15,77f78eb9-7483-4e76-a5fa-4162e9c01622,97ec3e98-4493-468c-a091-f7a435a5e9c5
30,2026-09-13,10:10:17.85,"Tyler, Sheppard",1000498808,Right,,,,,,ChangeUp,Live,,76.12219,0.3146708384,-3.531728004,1332.295849,228.0562213,1:30,4.66993,2.6186,5.48822,-38.59251,10.20505,11.42736,1.74879,0.26315,69.90324,-6.852901935,-1.403065241,0.5027712714,-7.02758,5.33639,-2.31704,50,4.67157,6.48372,-110.56375,-0.54023,-8.72159,19.23415,-25.55132,7c658464-d78a-455f-bc44-ef5df43d3fef,4e4f1dc2-64b0-4ee8-9cda-b91ff3a7d7d3,74.96936,Pitching,25410021,,,,,,,,,,,,,,,,,,,,23.74640432,1219.499355,0.9153367523,,0c185216-7f15-49bc-8322-8a7454bf96ee,97ec3e98-4493-468c-a091-f7a435a5e9c5
31,2026-09-13,10:10:32.86,"Tyler, Sheppard",1000498808,Right,,,,,,ChangeUp,Live,,77.1875,1.950308289,-2.055070051,1916.68483,255.8252435,2:30,4.50183,2.72528,4.87452,-44.99845,4.00172,16.08459,2.59905,2.12053,70.06866,-6.372477798,0.9293852361,0.5038139454,-9.0035,1.49797,-2.53666,50,4.65657,3.49045,-111.9834,2.33901,-11.34128,21.73618,-30.28712,88c8c5e2-d52d-46fb-af98-826e5b8d8989,4e4f1dc2-64b0-4ee8-9cda-b91ff3a7d7d3,74.8142,Pitching,25410021,,,,,,,,,,,,,,,,,,,,48.51529669,1269.650499,0.6624200701,,dd43a9a5-1d25-49df-baf9-b84fc2a3db0d,97ec3e98-4493-468c-a091-f7a435a5e9c5
32,2026-09-13,10:11:04.87,"Tyler, Sheppard",1000498808,Right,,,,,,ChangeUp,Live,,77.47471,1.757482724,-4.333125429,1845.86806,249.7206276,2:15,4.66677,2.50543,5.06122,-42.17607,6.21161,17.06784,2.8144,-0.1655,70.32714,-6.057516879,-1.166717155,0.500655268,-10.22732,2.73847,-2.10663,50,4.80147,7.95576,-112.22027,2.10057,-12.96851,21.37633,-28.70159,92a1b1f1-b7c9-4b29-bc2a-2daca9def24b,4e4f1dc2-64b0-4ee8-9cda-b91ff3a7d7d3,75.28621,Pitching,25410021,,,,,,,,,,,,,,,,,,,240.9955273,48.44258366,1224.493951,0.6633702471,2:00,9f496818-e6e3-4a26-ba4c-db091daf3c93,97ec3e98-4493-468c-a091-f7a435a5e9c5
33,2026-09-13,10:11:18.73,"Tyler, Sheppard",1000498808,Right,,,,,,Sweeper,Live,,69.59192,1.276960457,-1.874719059,1183.212188,127.3681944,10:15,4.62277,2.67408,4.10061,-51.91023,10.34111,-13.60008,1.52316,-0.2589,63.31526,-8.166637659,-4.362191729,0.5678658526,6.3223,4.85353,-2.45067,50,4.71208,3.74412,-100.83996,0.55638,6.43344,18.19756,-27.23519,6b96fc70-6262-42c4-b6f9-95e5f342fff0,4e4f1dc2-64b0-4ee8-9cda-b91ff3a7d7d3,66.3756,Pitching,25410021,,,,,,,,,,,,,,,,,,,,46.1550006,819.6227043,0.6927098219,,ac87a8d1-91b0-4a7e-8894-e4ec5d583cd0,97ec3e98-4493-468c-a091-f7a435a5e9c5
34,2026-09-13,10:11:40.15,"Tyler, Sheppard",1000498808,Right,,,,,,Sinker,Live,,77.89553,0.8330910133,-5.512255139,1979.01726,252.4910652,2:30,4.47975,2.62732,4.91146,-43.35182,4.72916,15.25441,1.65847,-1.32921,71.11777,-7.141519985,-2.70395935,0.4990660795,-9.50209,2.2286,-2.10056,50,4.52604,10.37083,-112.68511,0.21431,-12.20421,20.68821,-29.3117,b3b56837-8244-453b-b546-68295c417db8,4e4f1dc2-64b0-4ee8-9cda-b91ff3a7d7d3,75.52595,Pitching,25410021,,,,,,,,,,,,,,,,,,,,,,,,282aa485-111f-4578-a402-c0b70e332ca7,97ec3e98-4493-468c-a091-f7a435a5e9c5
35,2026-09-13,10:12:43.61,"Beck, Jake",1000314594,Right,,,,,,Fastball,Live,,86.58072,-1.96540158,-2.69111962,2095.968134,213.2568509,1:00,6.03584,1.73757,6.36238,-20.70829,15.58169,10.23277,2.49901,0.11229,79.79888,-5.865041506,-0.7571270355,0.4335755387,-6.29767,9.04052,-1.54801,50,5.88391,5.62497,-125.98852,-4.92912,-10.19475,23.88243,-17.53914,5fe098d1-7572-4808-b743-89ff11f5e077,4e4f1dc2-64b0-4ee8-9cda-b91ff3a7d7d3,86.93396,Pitching,25410021,,,,,,,,,,,,,,,,,,,210.1075431,38.86555706,1631.963764,0.7786205033,1:00,e7e870dc-442f-47c7-99a3-f0afd4db5049,97ec3e98-4493-468c-a091-f7a435a5e9c5
36,2026-09-13,10:12:57.20,"Beck, Jake",1000314594,Right,,,,,,Fastball,Live,,87.25105,-0.9482905595,-3.106194541,2125.831162,211.6402101,1:00,5.94091,1.72773,6.50415,-18.97564,16.72378,10.33113,3.48804,-0.26456,79.88131,-4.547948129,-1.144384869,0.4300332383,-6.54318,9.47744,-1.51554,50,5.86628,6.59768,-126.96054,-2.64096,-10.69846,25.56922,-16.67792,3f9acb28-519e-4dd2-944a-eed1bd74c6b9,4e4f1dc2-64b0-4ee8-9cda-b91ff3a7d7d3,87.65006,Pitching,25410021,,,,,,,,,,,,,,,,,,,,33.46670486,1773.381997,0.8342064173,,afe06e3d-6762-4597-b008-bb36cf3fd892,97ec3e98-4493-468c-a091-f7a435a5e9c5
37,2026-09-13,10:13:12.31,"Beck, Jake",1000314594,Right,,,,,,ChangeUp,Live,,80.75549,-1.68138697,-3.10041821,1752.359431,239.3253766,2:00,5.62893,2.01485,6.20842,-33.28838,8.51083,14.38348,1.30057,0.34955,75.05821,-7.898849017,-0.3963595737,0.465323975,-8.57932,5.03947,-1.7898,50,5.48584,5.96135,-117.49886,-4.38687,-12.13982,19.72557,-25.04314,482e9ae6-ca6c-46ef-a5f4-7f21a0523c94,4e4f1dc2-64b0-4ee8-9cda-b91ff3a7d7d3,81.00257,Pitching,25410021,,,,,,,,,,,,,,,,,,,,26.93179588,1562.309597,0.8915463169,,b3a9825f-8764-4edf-978d-fb95f6128936,97ec3e98-4493-468c-a091-f7a435a5e9c5
38,2026-09-13,10:13:24.69,"Beck, Jake",1000314594,Right,,,,,,ChangeUp,Live,,78.96835,-1.357751985,-1.954218085,1718.588731,251.3290281,2:30,5.70238,1.99533,6.00808,-38.37994,5.86421,17.42676,1.24538,1.63663,73.10032,-8.515230865,1.323991949,0.4787395729,-9.94232,3.53036,-1.85171,50,5.57473,3.42804,-114.92988,-3.81238,-13.36515,20.29652,-27.4283,35ca04f5-d5f0-47c4-96fd-8649990c1b12,4e4f1dc2-64b0-4ee8-9cda-b91ff3a7d7d3,78.73266,Pitching,25410021,,,,,,,,,,,,,,,,,,,,25.60150965,1549.859651,0.9018211413,,37247b54-998d-4a76-910f-22f3d6f124c6,97ec3e98-4493-468c-a091-f7a435a5e9c5
39,2026-09-13,10:13:43.13,"Beck, Jake",1000314594,Right,,,,,,ChangeUp,Live,,78.00628,-0.1953307251,-0.9198463882,1742.827065,248.7708542,2:15,5.71212,1.97918,6.01581,-39.25875,5.69135,14.7473,2.25962,2.3561,72.62611,-7.508747979,1.84439658,0.4825437802,-8.187,3.12103,-1.91536,50,5.67512,1.41014,-113.67315,-1.49226,-10.84997,18.32707,-28.03785,2df0c1af-f952-4dd0-af45-0b66b704d605,4e4f1dc2-64b0-4ee8-9cda-b91ff3a7d7d3,78.11196,Pitching,25410021,,,,,,,,,,,,,,,,,,,,24.36157379,1587.646632,0.9109605102,,2e7899af-af89-43be-8f2d-fba19595b563,97ec3e98-4493-468c-a091-f7a435a5e9c5
40,2026-09-13,10:13:59.74,"Beck, Jake",1000314594,Right,,,,,,ChangeUp,Live,,81.27484,-2.129819692,-3.674281298,1792.135576,234.4307405,1:45,5.79298,1.7405,6.33674,-30.57168,10.57209,14.80256,1.27973,-0.41307,75.46204,-7.853050847,-0.8862665547,0.4616612964,-8.98989,6.30025,-1.48037,50,5.62314,7.18212,-118.17218,-5.2433,-12.86202,20.03481,-23.16015,75ca3933-f11f-4904-a4fc-42552a8c702e,4e4f1dc2-64b0-4ee8-9cda-b91ff3a7d7d3,81.64522,Pitching,25410021,,,,,,,,,,,,,,,,,,,,28.29854591,1577.956351,0.8804893849,,9a7edecc-c0c2-4607-a1fc-aff571c3267c,97ec3e98-4493-468c-a091-f7a435a5e9c5
41,2026-09-13,10:14:13.87,"Beck, Jake",1000314594,Right,,,,,,Slider,Live,,77.87035,-1.257332136,-2.05539774,2466.39306,103.9007927,9:30,5.89625,1.84584,5.99583,-43.81726,1.84494,-7.63584,1.07892,-0.69568,72.14569,-9.412028066,-3.490851356,0.4863510013,3.57039,1.34222,-1.68002,50,5.77315,4.27933,-113.30151,-3.71101,4.64876,20.38316,-30.42643,9a478ac3-9c7c-4aef-81a6-2ae4d2557896,4e4f1dc2-64b0-4ee8-9cda-b91ff3a7d7d3,77.50049,Pitching,25410021,,,,,,,,,,,,,,,,,,,,,,,,023922af-8646-4400-b3e1-090014f57325,97ec3e98-4493-468c-a091-f7a435a5e9c5
42,2026-09-13,10:14:27.53,"Beck, Jake",1000314594,Right,,,,,,Slider,Live,,77.77985,-0.5499977056,-2.96916603,2445.246869,91.99697046,9:00,5.77302,1.95054,5.90699,-46.06637,0.18381,-6.47862,1.42302,-1.34744,71.56832,-9.143066144,-4.18724878,0.4894723133,2.63116,0.26042,-1.70869,50,5.70265,6.04582,-113.04542,-2.3833,3.38763,21.57854,-31.83876,bb8235fd-8f9b-404a-bdef-04bbeb04abae,4e4f1dc2-64b0-4ee8-9cda-b91ff3a7d7d3,77.00627,Pitching,25410021,,,,,,,,,,,,,,,,,,,,,,,,3a1ade65-0616-49dc-85df-95f60a5f1de5,97ec3e98-4493-468c-a091-f7a435a5e9c5
43,2026-09-13,10:14:48.17,"Beck, Jake",1000314594,Right,,,,,,Curveball,Live,,69.54193,3.125017731,1.312487324,2396.359981,59.42759065,8:00,5.96694,1.69681,5.83359,-67.19439,-8.67495,-14.5534,3.27533,1.70402,63.35032,-9.501501005,-1.442294236,0.5505813485,8.27653,-5.67914,-1.79523,50,6.1826,-1.94503,-100.96334,3.81381,8.42619,18.53732,-37.95587,299acfc9-dbf9-4509-8a62-78edb9fb293b,4e4f1dc2-64b0-4ee8-9cda-b91ff3a7d7d3,68.45935,Pitching,25410021,,,,,,,,,,,,,,,,,,,,,,,,d5689904-8bc3-47a4-81d4-76c7f175159f,97ec3e98-4493-468c-a091-f7a435a5e9c5
44,2026-09-13,10:15:04.06,"Beck, Jake",1000314594,Right,,,,,,Curveball,Live,,71.0478,0.5012407482,0.7514109901,2449.840204,56.16052287,7:45,6.08559,1.69327,5.65871,-65.892,-9.35302,-13.87853,1.062,1.23739,64.97879,-11.79252364,-1.874294243,0.5411845463,7.70883,-5.19343,-1.74815,50,6.08711,-0.98557,-103.24617,-0.84643,8.16307,20.23264,-37.6735,57d964fe-f6de-49be-bce8-f1bae6aaf7c2,4e4f1dc2-64b0-4ee8-9cda-b91ff3a7d7d3,69.64803,Pitching,25410021,,,,,,,,,,,,,,,,,,,,,,,,61052d6b-8da9-4e3f-abc1-3a1a7525efcc,97ec3e98-4493-468c-a091-f7a435a5e9c5
45,2026-09-13,10:15:21.54,"Beck, Jake",1000314594,Right,,,,,,Curveball,Live,,71.61475,-0.5443946123,-1.988400306,2467.422782,51.15582583,7:45,6.00446,1.59806,6.01405,-65.64823,-10.48624,-12.96647,0.02924,-1.32489,65.63642,-12.81846575,-4.455343421,0.5345537144,6.37411,-5.52426,-1.4354,50,5.92657,3.93705,-104.05304,-2.63236,6.82358,21.29448,-38.08785,0011f8e4-0f3b-4e91-b7f6-32f42266fe3f,4e4f1dc2-64b0-4ee8-9cda-b91ff3a7d7d3,70.51198,Pitching,25410021,,,,,,,,,,,,,,,,,,,,,,,,f1de03ac-2b53-4ce6-a075-4c72f1e17f7d,97ec3e98-4493-468c-a091-f7a435a5e9c5
46,2026-09-13,10:15:42.02,"Beck, Jake",1000314594,Right,,,,,,Curveball,Live,,71.32663,2.17002424,-0.8762460031,2466.024671,57.40670727,8:00,6.10689,1.63223,,-67.50869,-9.96273,-15.51199,2.5316,-0.48796,65.05396,-10.29871672,-3.767210577,0.5459826231,7.84697,-5.9292,-1.53554,50,6.26296,2.04309,-103.46938,1.91672,8.36877,19.87733,-38.49751,75f0ddfe-72e4-4f70-9f7c-4dda01ed932d,4e4f1dc2-64b0-4ee8-9cda-b91ff3a7d7d3,,Pitching,25410021,,,,,,,,,,,,,,,,,,,,41.67980354,1841.806322,0.7468726261,,1e385619-5890-4a6a-85cf-3ed272fbdbc5,97ec3e98-4493-468c-a091-f7a435a5e9c5
47,2026-09-13,10:15:55.85,"Beck, Jake",1000314594,Right,,,,,,Fastball,Live,,86.69747,-1.0943497,-1.923002779,2157.731857,214.860309,1:15,6.09256,1.69535,6.23884,-21.76575,14.94777,10.43297,3.26875,0.79053,78.92958,-5.214849145,0.05791852471,0.4360983548,-6.27135,8.49666,-1.5575,50,6.00034,3.92799,-126.15263,-3.05295,-10.04971,27.00609,-18.55834,ca89988a-3195-4e81-894e-916e30366cad,4e4f1dc2-64b0-4ee8-9cda-b91ff3a7d7d3,86.43105,Pitching,25410021,,,,,,,,,,,,,,,,,,,,38.50197702,1688.612202,0.7825866762,,e5da33a5-86d4-4105-98c7-94b6458bd141,97ec3e98-4493-468c-a091-f7a435a5e9c5
48,2026-09-13,10:17:32.70,"Mason, Andrew",1000535307,Right,,,,,,Fastball,Live,,83.4533,-2.448660775,-1.959308157,2018.971513,210.5572922,1:00,6.16239,1.9734,5.3251,-26.27017,15.21706,8.99375,1.67304,0.88387,75.41778,-7.343703629,-0.2713383873,0.4635841855,-5.40352,8.86387,-1.80272,50,5.92259,3.84501,-121.06692,-6.04674,-7.89802,26.98693,-19.21824,1f4481e6-f69d-4cb0-8cb8-d26ca777597b,4e4f1dc2-64b0-4ee8-9cda-b91ff3a7d7d3,81.30657,Pitching,25410021,,,,,,,,,,,,,,,,,,,,25.195958,1826.880683,0.9048570874,,c4a527c4-5519-47bb-9e3c-86442e5d3209,97ec3e98-4493-468c-a091-f7a435a5e9c5
49,2026-09-13,10:17:43.98,"Mason, Andrew",1000535307,Right,,,,,,Fastball,Live,,83.62905,-1.330191115,-4.144378293,2054.36924,212.4045528,1:00,6.21383,1.99228,5.40352,-21.98629,18.8708,12.01489,3.13194,-0.89599,76.10369,-5.423974135,-1.905286258,0.4600500492,-7.56631,10.39333,-1.63137,50,6.08006,8.39202,-121.27949,-3.54787,-11.23254,24.44231,-16.74467,765af4f7-a295-4a7d-98a7-c7e9be297892,4e4f1dc2-64b0-4ee8-9cda-b91ff3a7d7d3,81.93117,Pitching,25410021,,,,,,,,,,,,,,,,,,,,27.13795744,1828.205413,0.8899108189,,3312248c-6cf3-4999-92e0-9e4c11cfe331,97ec3e98-4493-468c-a091-f7a435a5e9c5
50,2026-09-13,10:17:54.82,"Mason, Andrew",1000535307,Right,,,,,,ChangeUp,Live,,75.63348,-0.8258858689,-1.889118566,1492.648676,231.7644407,1:45,5.97915,2.28836,5.71942,-39.45344,10.21996,13.02113,1.9217,1.61337,68.57601,-8.230594546,0.5728219027,0.5072631809,-7.61824,5.76682,-2.13863,50,5.88626,3.25937,-109.89082,-2.69151,-9.16999,22.31597,-25.23259,9a649625-b8f6-4c8d-82a3-23c67b6e5a5b,4e4f1dc2-64b0-4ee8-9cda-b91ff3a7d7d3,74.30549,Pitching,25410021,,,,,,,,,,,,,,,,,,,,31.89835302,1267.239139,0.8489868774,,29a71850-b9bd-45dd-9339-d7d2ca3f59e5,97ec3e98-4493-468c-a091-f7a435a5e9c5
51,2026-09-13,10:18:06.61,"Mason, Andrew",1000535307,Right,,,,,,ChangeUp,Live,,77.67326,-2.668499485,-2.948477246,1669.952691,222.9169986,1:30,5.88598,2.03723,5.73453,-34.71425,12.86197,11.97227,0.50342,0.28719,69.95276,-9.187244591,-0.6770894497,0.4964395167,-7.48239,7.86619,-1.79903,50,5.64282,5.45844,-112.5968,-6.24355,-9.38005,24.92228,-22.31286,2f21b515-e2e7-44fe-beca-60369bddc54f,4e4f1dc2-64b0-4ee8-9cda-b91ff3a7d7d3,75.92554,Pitching,25410021,,,,,,,,,,,,,,,,,,,,29.95023703,1446.946108,0.866459341,,fcd0a229-03c2-4550-9222-3d2598a07714,97ec3e98-4493-468c-a091-f7a435a5e9c5
52,2026-09-13,10:18:21.00,"Mason, Andrew",1000535307,Right,,,,,,Slider,Live,,76.82563,-0.007818170664,-3.654661627,,,,5.91905,2.13212,5.20136,-43.83431,5.23579,-4.2103,2.25882,-1.66023,69.97182,-8.12499365,-4.43802233,0.504173345,1.08421,2.76561,-1.79067,50,5.88613,7.24611,-111.40081,-1.37553,1.34703,22.13099,-28.73804,b7923b4a-f325-44b9-8b99-afeb3044a61f,4e4f1dc2-64b0-4ee8-9cda-b91ff3a7d7d3,74.76087,Pitching,25410021,,,,,,,,,,,,,,,,,,,,,,,,db4f70b6-147b-4449-8a19-4e5c278e21b7,97ec3e98-4493-468c-a091-f7a435a5e9c5
53,2026-09-13,10:18:34.02,"Mason, Andrew",1000535307,Right,,,,,,Slider,Live,,76.7667,-1.582367684,-2.945116987,,,,5.82761,2.16592,5.35341,-50.9011,-0.5729,-5.35994,0.09966,-1.04494,68.29956,-11.12438594,-3.96369001,0.5105956515,1.65833,0.34388,-1.89757,50,5.6508,5.87386,-111.10595,-4.57152,1.98122,28.09297,-31.76321,bec6c629-9116-4e86-8f61-a4f420fd5b77,4e4f1dc2-64b0-4ee8-9cda-b91ff3a7d7d3,73.82052,Pitching,25410021,,,,,,,,,,,,,,,,,,,,,,,,5ee4ab4a-6a0d-468e-84b8-5e44df241af5,97ec3e98-4493-468c-a091-f7a435a5e9c5
54,2026-09-13,10:18:50.87,"Mason, Andrew",1000535307,Right,,,,,,Fastball,Live,,83.9324,-2.037303563,-2.807564373,1960.220672,213.3280047,1:00,6.16212,1.94614,5.5095,-22.89892,18.09259,11.91287,2.34587,0.31166,75.21949,-6.342340396,-0.5581756793,0.4608062214,-7.33242,10.37536,-1.70925,50,5.96947,5.58692,-121.7035,-5.0678,-10.75875,28.71893,-16.95042,2d184c66-bbcd-4b0b-bfb4-968cad1dabac,4e4f1dc2-64b0-4ee8-9cda-b91ff3a7d7d3,81.79672,Pitching,25410021,,,,,,,,,,,,,,,,,,,217.4616772,35.03236203,1605.083463,0.8188279439,1:15,c312f1ba-a464-4250-9286-c7ba6726ff56,97ec3e98-4493-468c-a091-f7a435a5e9c5
55,2026-09-13,10:19:01.34,"Mason, Andrew",1000535307,Right,,,,,,Fastball,Live,,82.91985,-2.872139327,-4.031603004,2071.561955,207.6690412,1:00,6.19947,1.97386,5.40095,-22.9395,19.20437,10.08137,1.58797,-0.96953,74.69124,-7.155553355,-2.140347484,0.4672384682,-6.68448,11.16197,-1.62144,50,5.92743,8.13432,-120.02735,-6.77704,-9.58872,26.84774,-16.16248,78cd4db4-13b0-4a14-8900-1a2e9529a89c,4e4f1dc2-64b0-4ee8-9cda-b91ff3a7d7d3,80.67067,Pitching,25410021,,,,,,,,,,,,,,,,,,,,26.8008312,1849.033273,0.8925792774,,4a5450fb-bbf4-4a29-b3f8-8a561a622916,97ec3e98-4493-468c-a091-f7a435a5e9c5
56,2026-09-13,10:19:12.94,"Mason, Andrew",1000535307,Right,,,,,,ChangeUp,Live,,76.89802,-1.715098144,-3.000853331,1649.090538,232.0823431,1:45,6.02164,2.12603,5.17562,-40.97308,8.13883,10.48931,0.99088,0.17422,69.91106,-9.301236401,-1.040595651,0.5043880756,-6.48886,4.84009,-1.85474,50,5.83174,5.51887,-111.50398,-4.61862,-8.05731,22.61594,-26.16404,529d876d-544f-49f1-ba46-c9e79e3ccec0,4e4f1dc2-64b0-4ee8-9cda-b91ff3a7d7d3,74.72904,Pitching,25410021,,,,,,,,,,,,,,,,,,,,38.96668538,1282.187267,0.7775117483,,9fe73900-3928-4c1d-8e0c-1816d5de8ead,97ec3e98-4493-468c-a091-f7a435a5e9c5
57,2026-09-13,10:19:23.59,"Mason, Andrew",1000535307,Right,,,,,,ChangeUp,Live,,77.79475,-3.538545397,-3.989648429,1682.737061,229.0054323,1:45,5.8339,2.15834,5.7694,,,,,,,,,,-8.15628,7.11925,-1.8361,50,5.51924,7.49174,-112.63394,-8.01051,-10.32547,23.23341,-23.16142,268dc8f8-65e5-471c-8c93-ad079b4279d7,4e4f1dc2-64b0-4ee8-9cda-b91ff3a7d7d3,,Pitching,25410021,,,,,,,,,,,,,,,,,,,,36.48371262,1352.96421,0.8040259174,,2d2043fc-1936-4772-87de-48c9d1c7d25e,97ec3e98-4493-468c-a091-f7a435a5e9c5
58,2026-09-13,10:19:35.02,"Mason, Andrew",1000535307,Right,,,,,,ChangeUp,Live,,76.87447,-4.282164794,-3.81388522,1572.587342,209.541919,1:00,6.0307,2.03364,5.51723,,,,,,,,,,-5.80286,9.4289,-1.70708,50,5.63461,7.16109,-111.13737,-9.33814,-7.11819,23.48956,-20.60789,0cc7429f-cc61-473b-9e50-2d2ad28f7a1b,4e4f1dc2-64b0-4ee8-9cda-b91ff3a7d7d3,,Pitching,25410021,,,,,,,,,,,,,,,,,,,,34.94655688,1289.028923,0.8196866961,,b806ec05-89eb-4458-9205-58f58a60ee05,97ec3e98-4493-468c-a091-f7a435a5e9c5
59,2026-09-13,10:19:52.67,"Mason, Andrew",1000535307,Right,,,,,,ChangeUp,Live,,76.81486,-1.544094236,-2.252336355,1716.611963,245.475242,2:15,5.91124,2.11244,5.73693,-42.24671,5.9779,13.16527,0.9516,1.11144,69.76282,-9.456182019,0.2387201457,0.4998109716,-7.82818,3.72544,-1.93309,50,5.75733,4.01394,-111.54677,-4.20709,-9.6968,23.22133,-27.55933,4149b390-4319-4e67-b617-57e6bae17739,4e4f1dc2-64b0-4ee8-9cda-b91ff3a7d7d3,75.41339,Pitching,25410021,,,,,,,,,,,,,,,,,,,,35.13475723,1403.846555,0.8178007525,,b72d9fa1-3d02-4830-abcc-22ebbf14513c,97ec3e98-4493-468c-a091-f7a435a5e9c5
60,2026-09-13,10:20:05.98,"Mason, Andrew",1000535307,Right,,,,,,Slider,Live,,76.94935,-1.06574189,-4.473385696,,,,5.76663,2.21661,5.19476,-52.04045,-2.11113,-4.49209,0.4244,-2.37356,69.29067,-10.72361377,-5.315569999,0.5085682002,0.72708,-0.72477,-1.79841,50,5.62998,8.8429,-111.27697,-3.66608,0.88352,25.70674,-33.05477,d9f76dfd-2288-4884-889e-1af04ad0725f,4e4f1dc2-64b0-4ee8-9cda-b91ff3a7d7d3,74.11482,Pitching,25410021,,,,,,,,,,,,,,,,,,,,,,,,080327ce-7355-47d1-88e9-1db2e84e5537,97ec3e98-4493-468c-a091-f7a435a5e9c5
61,2026-09-13,10:20:20.39,"Mason, Andrew",1000535307,Right,,,,,,Slider,Live,,76.0772,-2.544404216,-4.839949988,,,,5.89657,2.07609,5.36341,,,,,,,,,,0.24406,0.31526,-1.63875,50,5.63206,9.41852,-109.95141,-6.43102,0.29116,24.12026,-31.79794,693be7d0-01d1-46fc-a1f0-4cd9db2e2e59,4e4f1dc2-64b0-4ee8-9cda-b91ff3a7d7d3,,Pitching,25410021,,,,,,,,,,,,,,,,,,,,,,,,1b8630f8-85fb-426b-a862-c78e81a5bc0d,97ec3e98-4493-468c-a091-f7a435a5e9c5
62,2026-09-13,10:20:33.82,"Mason, Andrew",1000535307,Right,,,,,,Slider,Live,,75.35627,1.172855599,-2.487128473,2472.834049,92.223289,9:00,5.94092,2.12089,5.1423,-51.47494,0.23067,-6.89949,2.75669,-0.79699,67.7327,-8.432379977,-3.781524392,0.5175356226,2.76719,-0.29321,-1.88312,50,6.01258,4.95399,-109.2319,0.67606,3.25741,23.84732,-32.5192,5ecd657e-19c7-4d24-9444-51aac7e1dd92,4e4f1dc2-64b0-4ee8-9cda-b91ff3a7d7d3,72.83062,Pitching,25410021,,,,,,,,,,,,,,,,,,,,79.40731425,454.5708701,0.1838258698,,f3549167-6028-45ea-b719-2c4a619b5394,97ec3e98-4493-468c-a091-f7a435a5e9c5
63,2026-09-13,10:20:46.20,"Mason, Andrew",1000535307,Right,,,,,,Slider,Live,,74.5045,-0.07967669477,-3.306812814,2496.046589,75.09262164,8:30,5.903,2.08271,5.28862,-54.46004,-2.05659,-7.57138,1.28973,-1.65636,67.70435,-10.18377429,-4.724448858,0.5210163163,2.89741,-1.06429,-1.77633,50,5.85723,6.46407,-108.01436,-1.75528,3.35243,22.43299,-33.40548,aa6ca82a-fd93-46d5-a112-e82aef8fa95d,4e4f1dc2-64b0-4ee8-9cda-b91ff3a7d7d3,72.34407,Pitching,25410021,,,,,,,,,,,,,,,,,,,,,,,,8c0761e9-79e1-4afd-be44-b784eb96a878,97ec3e98-4493-468c-a091-f7a435a5e9c5
64,2026-09-13,10:21:02.23,"Mason, Andrew",1000535307,Right,,,,,,Fastball,Live,,85.46969,-1.998298379,-2.294792445,2089.348555,217.7356697,1:15,6.16292,2.20558,5.18317,-22.23863,17.49389,13.55184,2.42761,1.175,77.10103,-6.140426505,0.2410737473,0.45367464,-7.88672,9.87299,-2.00256,50,5.96091,4.50003,-123.97979,-5.09762,-12.09977,28.09742,-17.02695,33acb7a6-5016-4341-b5c5-ccf501766c63,4e4f1dc2-64b0-4ee8-9cda-b91ff3a7d7d3,83.08253,Pitching,25410021,,,,,,,,,,,,,,,,,,,,26.09717954,1876.337863,0.8980492313,,5d9dd4e4-c2db-4787-9776-bf1d5a37c013,97ec3e98-4493-468c-a091-f7a435a5e9c5
65,2026-09-13,10:21:12.86,"Mason, Andrew",1000535307,Right,,,,,,Fastball,Live,,83.42142,-1.563446919,-3.736944028,2050.549236,218.0204945,1:15,6.17151,2.05263,5.22165,-26.43291,14.96593,11.73255,2.49557,-0.48752,75.8976,-6.466914148,-1.553750014,0.4630900958,-7.28531,8.3519,-1.71657,50,6.0078,7.50505,-120.96916,-4.20095,-10.73713,24.78631,-19.86498,9d757bf2-728e-4dca-955d-5e97625d3f21,4e4f1dc2-64b0-4ee8-9cda-b91ff3a7d7d3,81.39332,Pitching,25410021,,,,,,,,,,,,,,,,,,,,29.25379963,1789.029572,0.8724636017,,7ee26a5b-37c8-437b-a7c2-ecbce67c7ee3,97ec3e98-4493-468c-a091-f7a435a5e9c5
66,2026-09-13,10:23:47.50,"Bussard, Jack",824655,Left,,,,,,Fastball,Live,,85.25726,-3.27176306,2.369353653,2163.937637,150.0012069,11:00,6.76608,-1.23534,5.88952,-19.93617,19.19111,-11.07459,2.06138,0.0427,76.64786,-7.032659713,0.2652717235,0.4502059942,6.79922,11.50316,1.0509,50,6.49108,-4.77816,-123.64807,-7.68283,10.31635,29.23887,-14.72048,80336c22-1262-4442-bdde-ab255e08afff,4e4f1dc2-64b0-4ee8-9cda-b91ff3a7d7d3,83.72265,Pitching,25410021,,,,,,,,,,,,,,,,,,,,-13.83574673,2101.151572,0.9709852703,,aa19a2e0-a6a5-4499-a9a9-541487c867d2,97ec3e98-4493-468c-a091-f7a435a5e9c5
67,2026-09-13,10:24:00.90,"Bussard, Jack",824655,Left,,,,,,Fastball,Live,,85.88103,-4.350831977,2.074661145,2155.182791,143.5969843,10:45,6.62843,-1.50235,5.77203,-22.73547,15.51797,-11.41694,0.67518,-0.52258,78.60719,-8.575625683,-0.07277888184,0.4451502591,6.73554,9.59948,1.33799,50,6.25491,-4.14833,-124.53563,-10.20415,10.53934,25.86097,-17.15339,1b00e303-8491-4f94-aeaa-37ddf2860bd7,4e4f1dc2-64b0-4ee8-9cda-b91ff3a7d7d3,84.67352,Pitching,25410021,,,,,,,,,,,,,,,,,,,,-14.20920332,2089.246986,0.9694059341,,ffa88cd9-239c-4a3d-8a9b-26a9b7a8cff7,97ec3e98-4493-468c-a091-f7a435a5e9c5
68,2026-09-13,10:24:15.07,"Bussard, Jack",824655,Left,,,,,,Curveball,Live,,73.22767,-1.370750654,1.368697266,2224.617582,323.3342092,4:45,6.72485,-1.10494,5.6414,-63.41401,-10.63117,7.87823,0.16122,0.82842,68.01902,-13.05552509,2.848891624,0.5228989865,-3.80703,-5.28078,0.98393,50,6.56868,-2.76151,-106.44597,-4.30433,-4.33264,19.6534,-38.18392,865cdf3c-6035-429d-824f-00eae1b3a9db,4e4f1dc2-64b0-4ee8-9cda-b91ff3a7d7d3,72.0836,Pitching,25410021,,,,,,,,,,,,,,,,,,,,-46.98047105,1517.740003,0.6822475984,,c6b659a8-da3e-4e57-bfdd-2addb48a9cef,97ec3e98-4493-468c-a091-f7a435a5e9c5
69,2026-09-13,10:24:37.14,"Bussard, Jack",824655,Left,,,,,,Curveball,Live,,72.52633,0.2492277644,1.394447899,2168.266117,308.1266778,4:15,6.73656,-1.25299,5.28075,-62.51405,-8.02242,10.16795,1.76116,0.90399,66.98264,-11.26554533,3.291046721,0.5312956936,-4.959,-4.31556,1.11869,50,6.71443,-2.86154,-105.39768,-1.36062,-5.53852,19.10424,-36.99393,2b2eb54e-3073-42f8-89c9-cea32cb9125e,4e4f1dc2-64b0-4ee8-9cda-b91ff3a7d7d3,70.94437,Pitching,25410021,,,,,,,,,,,,,,,,,,,318.3042309,-50.32426463,1384.311985,0.6384419213,4:30,1ff11ced-9a51-4797-8d9b-08ca90cf4a1d,97ec3e98-4493-468c-a091-f7a435a5e9c5
70,2026-09-13,10:25:15.04,"Bussard, Jack",824655,Left,,,,,,Splitter,Live,,77.67237,-2.463988954,3.156343772,886.4163396,127.6154989,10:15,6.5418,-1.79941,5.52285,-43.11083,3.6695,-4.80099,0.64101,0.754,72.11953,-10.38997981,2.262515424,0.4922696387,3.39109,2.6063,1.52821,50,6.29872,-6.07388,-112.77688,-6.16351,4.38652,19.66741,-28.80268,09ca7d60-36eb-4587-b975-6b505cc6366f,4e4f1dc2-64b0-4ee8-9cda-b91ff3a7d7d3,76.56869,Pitching,25410021,,,,,,,,,,,,,,,,,,,,-26.30139773,794.6506388,0.8964756214,,8e088e16-ee85-474a-904a-1bf160610ebd,97ec3e98-4493-468c-a091-f7a435a5e9c5
71,2026-09-13,10:25:36.02,"Bussard, Jack",824655,Left,,,,,,Splitter,Live,,75.01517,-0.7006386297,2.035747636,1118.318327,134.1548816,10:30,6.5907,-1.5626,5.53137,-42.44484,8.23436,-8.52539,2.39835,-0.36956,68.33203,-8.61887652,0.4330226584,0.5123730399,5.18579,4.61491,1.3916,50,6.50217,-3.62823,-108.98269,-2.55639,6.16573,21.19329,-26.68707,334cb640-f4aa-4c6f-8ad2-49ecd42e8e99,4e4f1dc2-64b0-4ee8-9cda-b91ff3a7d7d3,73.56445,Pitching,25410021,,,,,,,,,,,,,,,,,,,111.0287633,-46.42992225,770.7911297,0.689241257,9:45,1a9dd40b-d6e4-4dec-95b2-e57c3ae94c92,97ec3e98-4493-468c-a091-f7a435a5e9c5
72,2026-09-13,10:26:03.40,"Bussard, Jack",824655,Left,,,,,,Slider,Live,,77.84981,1.361741444,1.976749737,,,,6.54155,-1.62675,5.44342,-44.55597,2.32574,1.12515,4.10438,0.31832,71.21428,-6.931233365,2.186903683,0.4928027463,-0.03005,0.84424,1.45151,50,6.63152,-3.93912,-113.13389,1.33029,-0.03883,21.24737,-31.08331,83a4c708-b4d7-4f0c-924b-c40179d9d5c0,4e4f1dc2-64b0-4ee8-9cda-b91ff3a7d7d3,76.48585,Pitching,25410021,,,,,,,,,,,,,,,,,,,,,,,,0e84ab15-c88d-410d-933e-f9a6ee2c5fab,97ec3e98-4493-468c-a091-f7a435a5e9c5
73,2026-09-13,10:27:00.31,"Bussard, Jack",824655,Left,,,,,,Slider,Live,,77.94077,0.3852109517,1.160605388,1887.416066,162.8993936,11:30,6.6027,-1.64826,5.427,-44.07177,2.57837,-0.80539,3.29087,-0.62837,71.58703,-7.796324492,1.010236025,0.4915841753,0.75324,1.25988,1.54606,50,6.60663,-2.27173,-113.35516,-0.59211,0.97911,20.91088,-30.5364,5dc118d6-c40e-41a0-aea7-413cc70083bf,4e4f1dc2-64b0-4ee8-9cda-b91ff3a7d7d3,76.67545,Pitching,25410021,,,,,,,,,,,,,,,,,,,,-78.89646474,363.4833307,0.1925825138,,31ac5984-cc3e-4405-89b8-6ec38546283c,97ec3e98-4493-468c-a091-f7a435a5e9c5
74,2026-09-13,10:27:22.34,"Bussard, Jack",824655,Left,,,,,,Slider,Live,,77.02887,0.5908278335,3.562960834,,,,6.59019,-1.69853,4.92363,-45.90541,3.71943,2.08457,3.32432,1.8474,69.61127,-7.908566595,3.950458486,0.5070151999,0.08537,1.75185,1.34972,50,6.61103,-7.01527,-111.58791,-0.32631,0.10573,23.40381,-30.00438,292cbdfb-2a66-47c2-8146-fb5102c0c4ff,4e4f1dc2-64b0-4ee8-9cda-b91ff3a7d7d3,74.34183,Pitching,25410021,,,,,,,,,,,,,,,,,,,,,,,,d6723d1b-0c39-49e6-94c7-70b2a823a42e,97ec3e98-4493-468c-a091-f7a435a5e9c5
75,2026-09-13,10:27:46.38,"Bussard, Jack",824655,Left,,,,,,Fastball,Live,,84.68847,-3.072738738,1.380149167,2150.498888,146.2220456,10:45,6.65062,-1.17529,5.97699,-21.60822,17.1567,-11.47437,1.99838,-0.85204,77.66381,-7.113373485,-0.7830301861,0.448116429,6.59277,10.13981,1.07273,50,6.39581,-2.61724,-123.09859,-7.26634,10.11357,24.49262,-16.61919,615545a4-31b4-4b48-9598-2223840ae253,4e4f1dc2-64b0-4ee8-9cda-b91ff3a7d7d3,84.11305,Pitching,25410021,,,,,,,,,,,,,,,,,,,,-19.24093894,2030.374488,0.9441411476,,47d8e9a2-826f-411d-b10b-8ac6f8638110,97ec3e98-4493-468c-a091-f7a435a5e9c5
76,2026-09-13,10:28:09.41,"Bussard, Jack",824655,Left,,,,,,Fastball,Live,,85.02338,-2.861914666,1.392060061,2167.517131,156.7418522,11:15,6.78612,-1.10524,6.01221,-17.63949,20.90767,-8.98672,2.66235,-0.56449,77.50812,-6.176403956,-0.3069299211,0.4468559616,5.27968,12.1741,1.00112,50,6.55214,-2.73176,-123.57834,-6.71219,8.12586,25.71649,-13.43712,67db69b6-4212-453d-b05a-6039fe862343,4e4f1dc2-64b0-4ee8-9cda-b91ff3a7d7d3,84.35031,Pitching,25410021,,,,,,,,,,,,,,,,,,,,-18.35165392,2057.281583,0.9491420179,,2d4d5a47-60a9-4c9f-b44e-375e1eac9940,97ec3e98-4493-468c-a091-f7a435a5e9c5
77,2026-09-13,10:28:29.47,"Bussard, Jack",824655,Left,,,,,,Curveball,Live,,72.84788,0.3933657728,0.7000346654,2005.346594,318.494114,4:30,6.75792,-1.43001,5.67789,-59.98885,-6.94598,6.10817,2.12553,-0.26848,67.30214,-10.74788613,1.847450502,0.524185385,-3.06907,-3.83659,1.36731,50,6.75367,-1.46274,-105.97676,-0.92092,-3.47413,18.89652,-36.51699,8864c276-1098-4e69-9cfb-b097d23c92f1,4e4f1dc2-64b0-4ee8-9cda-b91ff3a7d7d3,71.9067,Pitching,25410021,,,,,,,,,,,,,,,,,,,,-52.43401796,1222.608991,0.609674654,,b87d9596-6f0a-4005-b871-a42b64ecff95,97ec3e98-4493-468c-a091-f7a435a5e9c5
78,2026-09-13,10:28:44.38,"Bussard, Jack",824655,Left,,,,,,Curveball,Live,,71.93123,1.172510181,0.6671206006,2127.688772,308.0664336,4:15,6.64948,-1.5489,5.54473,-63.52922,-8.8819,11.28482,2.45121,0.01489,66.51449,-10.59696153,2.779649781,0.5320541757,-5.82441,-5.073,1.48382,50,6.70929,-1.53143,-104.61062,0.37718,-6.43192,18.21603,-37.77619,57565f0d-ac20-4585-a834-5c2119766457,4e4f1dc2-64b0-4ee8-9cda-b91ff3a7d7d3,70.84324,Pitching,25410021,,,,,,,,,,,,,,,,,,,,-50.21602884,1361.496859,0.6398947425,,8da9668b-d2af-45e0-bbdb-193fea00bf92,97ec3e98-4493-468c-a091-f7a435a5e9c5
79,2026-09-13,10:29:16.71,"Bussard, Jack",824655,Left,,,,,,Splitter,Live,,75.68957,-2.92520691,0.3815321705,955.3706172,121.5420534,10:00,6.65167,-1.49365,5.70868,-45.11478,3.84255,-6.31507,0.16473,-1.66448,70.29122,-11.24143275,-0.8027945879,0.503593657,3.48828,2.86569,1.46565,50,6.37901,-0.55266,-110.02368,-6.9081,4.27921,19.37733,-28.6586,4948b8ac-d0ed-4c3e-82fd-83765236dc5a,4e4f1dc2-64b0-4ee8-9cda-b91ff3a7d7d3,74.84693,Pitching,25410021,,,,,,,,,,,,,,,,,,,,-22.15278224,884.8467355,0.926181651,,0ac1540c-9f21-42f4-a90a-770c4de80c62,97ec3e98-4493-468c-a091-f7a435a5e9c5
80,2026-09-13,10:29:41.64,"Bussard, Jack",824655,Left,,,,,,Splitter,Live,,75.02771,-1.172652303,3.908912591,924.7415238,96.36957998,9:15,6.56289,-1.58673,5.70557,-49.49678,0.75998,-7.10961,1.34303,1.46798,69.00983,-10.36408915,2.575456749,0.5102331042,4.97065,0.75487,1.2636,50,6.4341,-7.2399,-108.87646,-3.62319,5.93077,20.18522,-31.27337,7a92fc59-af65-4a7b-8bfb-0d2f2b1e6145,4e4f1dc2-64b0-4ee8-9cda-b91ff3a7d7d3,73.87298,Pitching,25410021,,,,,,,,,,,,,,,,,,,,-33.20924144,773.7090245,0.8366759842,,a9bd2840-207f-46d7-9ff7-7aaedfc0d346,97ec3e98-4493-468c-a091-f7a435a5e9c5
81,2026-09-13,10:30:00.94,"Bussard, Jack",824655,Left,,,,,,Splitter,Live,,76.5702,-4.159090161,3.825635809,1047.928042,108.5585528,9:30,6.54131,-1.68047,5.27348,,,,,,,,,,5.00011,2.41732,1.33661,50,6.12692,-7.17867,-110.8933,-9.51265,6.2739,18.41098,-29.14092,dea821c9-82cc-41b2-abda-0e7a4e1ec80c,4e4f1dc2-64b0-4ee8-9cda-b91ff3a7d7d3,,Pitching,25410021,,,,,,,,,,,,,,,,,,,,-22.88691848,965.4290945,0.9212742246,,a74db638-e21d-4fa6-b249-7cee3a8511c9,97ec3e98-4493-468c-a091-f7a435a5e9c5
82,2026-09-13,10:30:19.83,"Bussard, Jack",824655,Left,,,,,,Slider,Live,,77.15289,1.136046502,3.268908074,,,,6.50871,-1.72136,4.94853,-50.16032,0.27742,2.15733,3.40392,1.55026,68.25201,-8.266034922,3.675092719,0.5111510251,0.16397,-0.30622,1.40268,50,6.57985,-6.44141,-111.58816,0.63463,0.19846,27.56904,-32.54468,7d726796-ab21-444a-a48b-80d279a46181,4e4f1dc2-64b0-4ee8-9cda-b91ff3a7d7d3,73.74032,Pitching,25410021,,,,,,,,,,,,,,,,,,,,,,,,f01091f3-850e-4bdf-a032-1e465f91b169,97ec3e98-4493-468c-a091-f7a435a5e9c5
83,2026-09-13,10:30:36.40,"Bussard, Jack",824655,Left,,,,,,Slider,Live,,74.99218,0.7525846536,2.068420738,,,,6.58073,-1.53587,5.44882,-50.54465,1.01563,0.26069,3.07366,0.4229,67.40629,-8.73677879,2.117683214,0.5168077827,0.59432,0.27573,1.35331,50,6.61349,-3.93741,-108.81189,-0.02616,0.69401,23.72002,-31.85207,aed9657b-77cf-46c5-8e66-2f22f5d5f993,4e4f1dc2-64b0-4ee8-9cda-b91ff3a7d7d3,72.93319,Pitching,25410021,,,,,,,,,,,,,,,,,,,,,,,,82bba370-98f2-4d7f-8d73-439a2257eb6a,97ec3e98-4493-468c-a091-f7a435a5e9c5
84,2026-09-13,10:31:33.68,"Martinez, Jacob",1000620473,Right,,,,,,,Live,,83.51736,,,2021.732035,,,5.49088,2.27682,4.83161,,,,3.51041,0.85942,75.43908,,,0.4670640132,-13.96044,2.34499,-1.93479,50,5.57478,6.86269,-121.00701,1.13111,-20.47792,25.97202,-28.73429,c1dcea4d-196e-4e41-8812-9d0b21b0f2a1,4e4f1dc2-64b0-4ee8-9cda-b91ff3a7d7d3,80.7008,Pitching,25410021,,,,,,,,,,,,,,,,,,,,32.16703544,1711.395381,0.8464996111,,ffe8aeae-6c27-43c3-a3fd-3ead20bfad6c,97ec3e98-4493-468c-a091-f7a435a5e9c5
85,2026-09-13,10:31:45.55,"Martinez, Jacob",1000620473,Right,,,,,,Sinker,Live,,83.70265,0.7584273277,-3.767520105,2104.760099,270.1387886,3:00,5.30953,2.19174,5.1743,-41.5116,-0.09388,18.05248,2.5654,0.14626,75.74974,-6.965739489,-0.3980633012,0.4631956732,-10.69764,-0.28691,-1.8545,50,5.34941,7.3776,-121.33629,0.20135,-15.75947,26.36231,-32.59671,072f51a4-771a-4ed6-af9a-ec6cda6642ab,4e4f1dc2-64b0-4ee8-9cda-b91ff3a7d7d3,81.37476,Pitching,25410021,,,,,,,,,,,,,,,,,,,,37.3420494,1673.344331,0.7950285315,,f35f9993-8f6a-488c-890d-083394ced524,97ec3e98-4493-468c-a091-f7a435a5e9c5
86,2026-09-13,10:31:57.36,"Martinez, Jacob",1000620473,Right,,,,,,Sinker,Live,,83.92146,0.1678432515,-4.033711929,2078.49162,259.2879243,2:45,5.2281,2.26868,5.09076,-37.48269,3.78201,20.24669,2.2631,0.14854,76.06444,-6.788300474,-0.2654300865,0.4623392515,-11.87193,1.93584,-1.90278,50,5.21536,7.87856,-121.63046,-0.93611,-17.61684,25.95813,-29.30145,a13279ca-6726-401b-b779-747d212a4c19,4e4f1dc2-64b0-4ee8-9cda-b91ff3a7d7d3,81.5255,Pitching,25410021,,,,,,,,,,,,,,,,,,,,26.19120358,1865.084866,0.8973261419,,c4d7901d-d1c3-4a95-a63c-a923d8564ae7,97ec3e98-4493-468c-a091-f7a435a5e9c5
87,2026-09-13,10:32:10.08,"Martinez, Jacob",1000620473,Right,,,,,,Sinker,Live,,84.31467,0.6445393816,-5.413021604,2089.676608,252.8846251,2:30,5.25021,2.2131,5.06428,-34.78726,6.43697,21.1815,2.96169,-1.14034,75.88338,-5.825147923,-1.47432733,0.4621124346,-12.84363,3.17774,-1.71442,50,5.28491,10.8185,-121.91001,0.17321,-19.07774,26.87219,-27.45388,369a1cde-9b2f-4125-9a45-92a62c35ce4f,4e4f1dc2-64b0-4ee8-9cda-b91ff3a7d7d3,81.56552,Pitching,25410021,,,,,,,,,,,,,,,,,,,,30.94017744,1792.325208,0.857704585,,7bb89ec6-6e40-47c2-859c-d9c7a61119b9,97ec3e98-4493-468c-a091-f7a435a5e9c5
88,2026-09-13,10:32:26.40,"Martinez, Jacob",1000620473,Right,,,,,,Sinker,Live,,83.73022,0.6825810845,-3.419811602,2054.604862,257.7453684,2:30,5.23491,2.26666,4.97967,-37.51861,4.17634,19.48473,2.75408,0.65734,75.62541,-6.283211296,0.2075144955,0.4647433101,-11.28199,1.97268,-1.95224,50,5.27115,6.57292,-121.37664,0.13869,-16.62045,26.52356,-29.26792,52afe742-91d3-4e27-96c5-1e8f8e93cb3f,4e4f1dc2-64b0-4ee8-9cda-b91ff3a7d7d3,81.10378,Pitching,25410021,,,,,,,,,,,,,,,,,,,255.2832582,35.46955857,1673.319372,0.8144239327,2:30,d3d832b0-6c17-4d10-8402-ffe69dfc16a7,97ec3e98-4493-468c-a091-f7a435a5e9c5
89,2026-09-13,10:32:45.77,"Martinez, Jacob",1000620473,Right,,,,,,Slider,Live,,74.76965,0.4997984188,-2.78506515,2107.996146,86.15460106,8:45,5.07082,2.49982,4.60017,-52.88731,-0.43139,-5.81046,1.13938,-0.63476,68.87118,-9.137226536,-3.851176605,0.5212770848,2.20853,-0.36345,-2.20766,50,5.07485,5.47043,-108.48771,-0.80779,2.62837,19.23031,-32.6066,2e2d1ec7-ff59-4279-9135-c5b8a57baf7e,4e4f1dc2-64b0-4ee8-9cda-b91ff3a7d7d3,72.30788,Pitching,25410021,,,,,,,,,,,,,,,,,,,,,,,,b2ca704b-8c48-428f-b94d-13eb90c60fe7,97ec3e98-4493-468c-a091-f7a435a5e9c5
90,2026-09-13,10:32:58.08,"Martinez, Jacob",1000620473,Right,,,,,,Slider,Live,,74.5196,-0.2987405362,-3.254680826,2092.917462,69.58246483,8:15,5.13328,2.40697,4.36843,-56.41928,-2.58741,-6.83572,0.14593,-1.27402,68.24933,-10.5451426,-4.508878598,0.5280695764,2.48702,-1.23301,-2.05185,50,5.04747,6.36886,-107.93937,-2.46842,2.89951,20.8566,-33.61156,8a99d491-b12b-4e3f-baef-f59b1a085af3,4e4f1dc2-64b0-4ee8-9cda-b91ff3a7d7d3,71.37779,Pitching,25410021,,,,,,,,,,,,,,,,,,,,73.0551248,609.9839333,0.2914514998,,b8a74d79-b247-4b24-b3df-58516eee65ed,97ec3e98-4493-468c-a091-f7a435a5e9c5
91,2026-09-13,10:33:09.90,"Martinez, Jacob",1000620473,Right,,,,,,Slider,Live,,74.11853,3.164906396,-3.797098563,2239.043334,77.30152965,8:30,5.18705,2.37116,4.2397,-56.43809,-1.99148,-8.78514,3.52301,-2.00077,67.79106,-7.087840872,-5.39479065,0.5310761777,3.38789,-1.91934,-1.947,50,5.47763,7.41639,-107.20118,4.0034,3.93255,18.96722,-34.40196,8290ebdb-6874-41cd-b428-875b9cc4f741,4e4f1dc2-64b0-4ee8-9cda-b91ff3a7d7d3,70.9737,Pitching,25410021,,,,,,,,,,,,,,,,,,,,,,,,9309e7c1-be29-471b-865e-7587f6771593,97ec3e98-4493-468c-a091-f7a435a5e9c5
92,2026-09-13,10:33:23.65,"Martinez, Jacob",1000620473,Right,,,,,,Slider,Live,,73.75328,0.5401156534,-2.123763455,2104.462058,70.79299881,8:15,5.07495,2.46356,4.47541,-57.77671,-3.36281,-9.5383,0.77536,-0.35631,67.73317,-9.980099887,-3.876332693,0.530916627,4.26613,-1.89015,-2.23135,50,5.07818,4.28335,-106.98686,-0.90417,4.90801,19.73464,-34.34859,fe7186e5-1b16-4a93-9d1b-4cb49b0e1221,4e4f1dc2-64b0-4ee8-9cda-b91ff3a7d7d3,70.99502,Pitching,25410021,,,,,,,,,,,,,,,,,,,,,,,,bbb3adcf-dcf9-4d2e-a8e2-cbde2f618d84,97ec3e98-4493-468c-a091-f7a435a5e9c5
93,2026-09-13,10:33:38.45,"Martinez, Jacob",1000620473,Right,,,,,,Slider,Live,,73.42177,0.9840849241,-4.176673146,2196.4117,74.50733144,8:30,5.10437,2.38209,4.60511,-56.27852,-1.67486,-5.91962,1.35275,-2.08945,67.62452,-9.258575246,-5.259636105,0.5318415995,1.86199,-1.14419,-1.9464,50,5.15545,7.95913,-106.35619,0.00303,2.12796,18.62409,-33.48168,2748d45e-01d5-4f37-b0b8-b9f1d3d48f72,4e4f1dc2-64b0-4ee8-9cda-b91ff3a7d7d3,70.87155,Pitching,25410021,,,,,,,,,,,,,,,,,,,,67.81220554,829.4606961,0.377643543,,bb4caff6-326c-495a-862a-3016521af302,97ec3e98-4493-468c-a091-f7a435a5e9c5
94,2026-09-13,10:33:50.30,"Martinez, Jacob",1000620473,Right,,,,,,Slider,Live,,72.42267,0.8427767091,-0.7880848893,2139.741943,84.30952721,8:45,5.06033,2.36834,4.58661,-57.11493,-0.98483,-9.4326,1.10247,0.83267,66.39866,-9.600880153,-2.52786705,0.5392241369,4.63086,-0.76035,-2.27855,50,5.09606,1.74867,-105.13245,-0.28508,5.1448,19.04796,-33.01879,e4768202-b4d6-4c48-bd08-2d9bcefda704,4e4f1dc2-64b0-4ee8-9cda-b91ff3a7d7d3,69.90125,Pitching,25410021,,,,,,,,,,,,,,,,,,,,,,,,9f2af131-472c-4a86-8cce-2a13f1b68aab,97ec3e98-4493-468c-a091-f7a435a5e9c5
95,2026-09-13,10:34:02.90,"Martinez, Jacob",1000620473,Right,,,,,,Sinker,Live,,83.91447,1.407280306,-3.492639336,2105.718838,253.2818959,2:30,5.20585,2.31263,5.00143,-36.66276,4.82627,16.29007,3.48167,0.3694,75.68122,-5.407774434,-0.4603544394,0.4635942397,-9.63363,2.08806,-1.98989,50,5.31239,6.85435,-121.61455,1.71433,-14.25299,26.54771,-29.08476,b7f9b674-2a89-456a-970e-fabc92a66092,4e4f1dc2-64b0-4ee8-9cda-b91ff3a7d7d3,81.3048,Pitching,25410021,,,,,,,,,,,,,,,,,,,,37.17568928,1677.808088,0.796786379,,2481dd1c-e17d-4a39-9b39-a0424c912fe3,97ec3e98-4493-468c-a091-f7a435a5e9c5
96,2026-09-13,10:34:16.13,"Martinez, Jacob",1000620473,Right,,,,,,ChangeUp,Live,,80.54555,-1.189927465,-4.676453314,1828.17645,259.9964327,2:45,5.2624,2.20166,5.2079,-41.23685,3.70781,21.09603,0.70323,-0.4473,72.86767,-8.851179609,-0.7328471998,0.4825145871,-12.66567,2.34598,-1.78427,50,5.12203,8.85433,-116.57985,-3.7628,-17.15711,25.1258,-28.99615,c129d624-afbd-4838-b282-6123b33a3f29,4e4f1dc2-64b0-4ee8-9cda-b91ff3a7d7d3,78.11668,Pitching,25410021,,,,,,,,,,,,,,,,,,,,27.26372856,1625.079585,0.8889074055,,412fd8ab-14ff-48f3-8b67-e290565dbf4c,97ec3e98-4493-468c-a091-f7a435a5e9c5
97,2026-09-13,10:34:28.02,"Martinez, Jacob",1000620473,Right,,,,,,ChangeUp,Live,,79.79239,0.90123572,-3.907556601,1686.84715,270.026209,3:00,5.37702,2.33569,5.23463,-45.80472,-0.07292,22.75742,2.409,0.55406,71.90731,-7.648469098,0.3580566984,0.4867215278,-13.3337,-0.33635,-1.99257,50,5.42694,7.17097,-115.60464,0.3626,-17.72544,25.10386,-32.62118,3703de0b-9a16-49a9-828a-45699af6c02e,4e4f1dc2-64b0-4ee8-9cda-b91ff3a7d7d3,77.44149,Pitching,25410021,,,,,,,,,,,,,,,,,,,,23.47742486,1547.205075,0.9172171145,,fa4cbe2c-ab02-4013-a142-8c5ddd8f2364,97ec3e98-4493-468c-a091-f7a435a5e9c5
98,2026-09-13,10:34:39.50,"Martinez, Jacob",1000620473,Right,,,,,,Slider,Live,,73.71643,1.241048989,-2.381879321,2084.315956,85.40323651,8:45,5.17374,2.3877,4.3743,-55.26011,-0.4789,-5.45267,1.75493,-0.34229,67.3233,-8.841919016,-3.382882496,0.5327055446,2.07142,-0.62175,-2.12775,50,5.25379,4.62764,-106.86401,0.46688,2.37467,19.90078,-32.88682,9c4632a9-1338-48d0-afde-d5af99768f67,4e4f1dc2-64b0-4ee8-9cda-b91ff3a7d7d3,70.75661,Pitching,25410021,,,,,,,,,,,,,,,,,,,,,,,,27ea8238-89db-4608-a17f-25e5467a590c,97ec3e98-4493-468c-a091-f7a435a5e9c5
99,2026-09-13,10:34:51.52,"Martinez, Jacob",1000620473,Right,,,,,,Sinker,Live,,85.14334,0.8146032653,-4.781494758,2097.999652,252.3014485,2:30,5.19944,2.18284,5.06576,-34.4344,6.06257,19.24052,3.10061,-0.73209,76.36361,-5.605607015,-1.192772389,0.45801814,-11.69128,2.92105,-1.74311,50,5.25061,9.63328,-123.18502,0.55711,-17.65846,28.36023,-27.7621,df826078-36d6-42d3-a6d8-1b472c14a336,4e4f1dc2-64b0-4ee8-9cda-b91ff3a7d7d3,82.29464,Pitching,25410021,,,,,,,,,,,,,,,,,,,,30.82201775,1801.684611,0.8587630646,,d5522a5e-c952-4ec6-86c5-c8c602485241,97ec3e98-4493-468c-a091-f7a435a5e9c5
100,2026-09-13,10:35:05.82,"Martinez, Jacob",1000620473,Right,,,,,,Sinker,Live,,84.82098,-0.3148288629,-5.283750308,2069.926802,260.5165101,2:45,5.17539,2.24086,5.09083,-37.48746,3.10946,18.83976,1.75349,-1.18233,76.742,-7.268423789,-1.782770135,0.4585830016,-11.5453,1.73248,-1.75509,50,5.11696,10.69242,-122.69909,-1.98029,-17.40687,26.77197,-29.56199,4cad1d64-b4db-4e21-bbcf-c36e92e4f7b2,4e4f1dc2-64b0-4ee8-9cda-b91ff3a7d7d3,82.19328,Pitching,25410021,,,,,,,,,,,,,,,,,,,,32.86152869,1738.706203,0.8399843902,,d1090c29-e281-4438-83bc-510b8ce45677,97ec3e98-4493-468c-a091-f7a435a5e9c5
101,2026-09-13,10:36:42.09,"Quintanilla, Marco",1000620474,Right,,,,,,Fastball,Live,,89.71308,-1.482722292,-4.943165413,2015.381666,207.2820253,1:00,6.09672,2.68371,6.92323,-18.07782,15.28787,7.91663,3.23511,-1.16775,82.18422,-4.931401881,-3.43442827,0.4157396455,-5.77962,8.96149,-2.37732,50,5.9973,11.06158,-130.31051,-3.86253,-9.95785,26.86993,-16.73407,b2697843-1e8b-40ef-98f2-0bb6a556b554,4e4f1dc2-64b0-4ee8-9cda-b91ff3a7d7d3,90.66357,Pitching,25410021,,,,,,,,,,,,,,,,,,,,37.78845027,1592.712894,0.7902785466,,0c11dc95-1191-43ef-9689-1552120a5cce,97ec3e98-4493-468c-a091-f7a435a5e9c5
102,2026-09-13,10:36:59.05,"Quintanilla, Marco",1000620474,Right,,,,,,Fastball,Live,,88.49319,-3.861897608,-3.26980589,2110.241911,215.7608437,1:15,6.22374,2.66714,6.87846,-18.23802,16.08343,11.56413,1.17415,0.64838,81.35727,-7.323253081,-1.059969678,0.4216519965,-7.3451,10.03223,-2.46459,50,5.97221,7.04003,-128.55474,-9.17235,-12.32479,25.97892,-15.34035,d25ed73a-6ebb-435e-b33e-50c28d877591,4e4f1dc2-64b0-4ee8-9cda-b91ff3a7d7d3,89.39229,Pitching,25410021,,,,,,,,,,,,,,,,,,,,25.44468054,1905.549554,0.903000525,,80a6e1f4-d92c-4634-bb4b-59f4690c0275,97ec3e98-4493-468c-a091-f7a435a5e9c5
103,2026-09-13,10:37:16.57,"Quintanilla, Marco",1000620474,Right,,,,,,Fastball,Live,,88.9905,-3.673501706,-6.178063533,2219.281169,211.5605173,1:00,6.07506,2.50998,6.93034,-18.23733,16.09624,9.89999,1.18745,-2.31031,81.19565,-7.14718231,-4.291600409,0.4217265036,-7.34044,10.09127,-2.12726,50,5.8381,13.6783,-128.73013,-8.78543,-12.27129,27.65877,-15.30409,9a8d52d8-45f0-4bdb-9919-d4f0bf8db6d2,4e4f1dc2-64b0-4ee8-9cda-b91ff3a7d7d3,89.3765,Pitching,25410021,,,,,,,,,,,,,,,,,,,,,,,,8e7b880e-d9b3-4fb4-902d-5b360d21b263,97ec3e98-4493-468c-a091-f7a435a5e9c5
104,2026-09-13,10:37:42.61,"Quintanilla, Marco",1000620474,Right,,,,,,Sweeper,Live,,75.01361,1.146497787,-3.219976157,2175.788426,88.97727988,9:00,6.05176,2.96494,5.90452,-50.6634,-0.33399,-17.48266,2.89572,-1.48363,68.30043,-8.359348291,-6.515573524,0.5106017845,8.4135,-0.55885,-2.69662,50,6.11526,6.59549,-108.88986,0.82201,9.92506,22.23789,-32.8333,56b1c25b-a6b7-4caf-ab38-07d990165e73,4e4f1dc2-64b0-4ee8-9cda-b91ff3a7d7d3,73.81964,Pitching,25410021,,,,,,,,,,,,,,,,,,,,,,,,72ff264c-21c3-4acf-832d-6d177185de83,97ec3e98-4493-468c-a091-f7a435a5e9c5
105,2026-09-13,10:37:59.88,"Quintanilla, Marco",1000620474,Right,,,,,,Sweeper,Live,,74.6273,-1.695923494,-5.428203997,2237.673862,50.88656832,7:45,6.15493,2.76658,5.91735,,,,,,,,,,6.41991,-6.1843,-2.32269,50,5.98299,10.66207,-107.9463,-4.89973,7.39651,22.91804,-39.29911,989e5bd1-0925-448c-8e52-46d90fcbc39b,4e4f1dc2-64b0-4ee8-9cda-b91ff3a7d7d3,,Pitching,25410021,,,,,,,,,,,,,,,,,,,,39.74842341,1720.456643,0.768859427,,cc44053e-dd31-4721-9d1f-6e703f64cc29,97ec3e98-4493-468c-a091-f7a435a5e9c5
106,2026-09-13,10:38:25.14,"Quintanilla, Marco",1000620474,Right,,,,,,Slider,Live,,76.84475,-0.7186855084,-3.157666815,2256.498684,70.65821736,8:15,5.85607,2.98619,6.33163,-51.26479,-4.4428,-12.53916,0.9213,-0.96885,70.80998,-10.33200095,-5.534412293,0.4924887873,5.91764,-2.21947,-2.75035,50,5.77939,6.48291,-111.70806,-2.71269,7.40308,21.99292,-34.95065,40ea7739-ff9d-4668-b76d-43acb9fbd20c,4e4f1dc2-64b0-4ee8-9cda-b91ff3a7d7d3,76.53461,Pitching,25410021,,,,,,,,,,,,,,,,,,,,,,,,3045f77d-afcd-4e6e-8b68-b979189f043b,97ec3e98-4493-468c-a091-f7a435a5e9c5
107,2026-09-13,10:38:43.39,"Quintanilla, Marco",1000620474,Right,,,,,,Curveball,Live,,76.96271,-1.267112528,-3.827132888,2210.055369,62.3635273,8:00,5.84025,2.98998,6.26145,-54.76114,-7.69257,-14.60459,0.10588,-1.76053,70.97872,-11.48624341,-6.590570475,0.4937838949,6.78625,-3.81347,-2.6994,50,5.7196,7.8519,-111.73806,-3.89108,8.45812,22.79601,-36.92701,a3b217d3-6f65-49f3-8da2-24803ea3850b,4e4f1dc2-64b0-4ee8-9cda-b91ff3a7d7d3,76.33388,Pitching,25410021,,,,,,,,,,,,,,,,,,,,,,,,890fbd9c-d349-4e4c-939e-4197811927fc,97ec3e98-4493-468c-a091-f7a435a5e9c5
108,2026-09-13,10:39:01.99,"Quintanilla, Marco",1000620474,Right,,,,,,Fastball,Live,,88.94408,-3.577197904,-6.312903178,2254.129164,200.1298317,12:45,5.91991,2.76911,7.03809,-18.12763,15.85233,5.83023,1.13589,-2.50261,81.87138,-7.01559205,-5.206125719,0.4195491094,-4.95187,9.85785,-2.38825,50,5.69608,14.0924,-128.72233,-8.55641,-8.34716,25.55194,-15.55709,b05b2607-4997-4379-ad75-3375e93714fe,4e4f1dc2-64b0-4ee8-9cda-b91ff3a7d7d3,89.84035,Pitching,25410021,,,,,,,,,,,,,,,,,,,,40.4567341,1715.158243,0.760896168,,8346db40-7c80-410c-82c8-ad689cf19f5d,97ec3e98-4493-468c-a091-f7a435a5e9c5
109,2026-09-13,10:39:31.01,"Quintanilla, Marco",1000620474,Right,,,,,,Fastball,Live,,89.41206,-2.493909082,-4.712267646,2304.684423,201.3721894,12:45,6.01319,2.74401,7.02247,-15.78157,17.93762,7.03792,2.42295,-0.96079,81.35054,-5.518760699,-3.362676995,0.4179361844,-5.35823,10.83559,-2.45986,50,5.85591,10.5204,-129.80285,-6.07475,-9.08497,28.74607,-13.80213,d0e6d1e0-e61e-426f-90bd-fcf2aee8901c,4e4f1dc2-64b0-4ee8-9cda-b91ff3a7d7d3,90.18707,Pitching,25410021,,,,,,,,,,,,,,,,,,,,38.59084417,1801.387803,0.781620158,,e96683c3-781b-4b28-88d2-8a7b8768c28b,97ec3e98-4493-468c-a091-f7a435a5e9c5
110,2026-09-13,10:40:04.52,"Quintanilla, Marco",1000620474,Right,,,,,,Slider,Live,,76.15672,1.159176292,-0.7386599255,2041.561419,69.57702411,8:15,5.79499,3.17906,6.29631,-52.51837,-5.05419,-13.47513,2.48663,1.37558,69.95821,-8.74720579,-3.298244813,0.4958546663,7.1669,-3.11416,-3.11837,50,5.85464,1.77441,-110.8705,0.89901,8.8633,21.01497,-36.02533,c4dd0f0f-011e-4618-89ae-c3e3eb66e25f,4e4f1dc2-64b0-4ee8-9cda-b91ff3a7d7d3,76.01509,Pitching,25410021,,,,,,,,,,,,,,,,,,,,,,,,9f421582-bfc5-46b1-8228-287a0bfee078,97ec3e98-4493-468c-a091-f7a435a5e9c5
111,2026-09-13,10:40:28.06,"Quintanilla, Marco",1000620474,Right,,,,,,Fastball,Live,,89.87038,-2.877144559,-6.546235922,2040.323776,226.9988888,1:30,5.98335,2.81605,6.95883,-20.36229,13.05193,14.01351,1.6497,-1.99745,82.42942,-6.753243113,-3.88362653,0.4160418973,-9.61701,8.09086,-2.41481,50,5.79705,14.55942,-130.06742,-7.11195,-16.52838,26.44791,-18.2686,4b78d8e7-3ae5-4e10-9d45-f36986d6a5c1,4e4f1dc2-64b0-4ee8-9cda-b91ff3a7d7d3,90.5977,Pitching,25410021,,,,,,,,,,,,,,,,,,,,,,,,28658fc2-7dfa-40fb-9a9b-4a3cce423a34,97ec3e98-4493-468c-a091-f7a435a5e9c5
112,2026-09-13,10:40:43.81,"Quintanilla, Marco",1000620474,Right,,,,,,Sweeper,Live,,76.98847,0.9344602471,-2.242728767,2134.027759,83.32006615,8:45,5.84961,3.03918,6.85478,-47.0306,-1.59976,-13.4175,2.78292,-0.12432,70.82751,-8.015193419,-4.809217309,0.4851173165,6.84566,-1.16853,-2.89149,50,5.89161,4.69906,-112.12609,0.75117,8.66982,21.2557,-33.65396,be4a1a1b-bfdf-4156-9401-120c2c746ad3,4e4f1dc2-64b0-4ee8-9cda-b91ff3a7d7d3,77.69757,Pitching,25410021,,,,,,,,,,,,,,,,,,,,,,,,eec32e22-c999-4079-97ad-4015af12c739,97ec3e98-4493-468c-a091-f7a435a5e9c5
113,2026-09-13,10:41:39.99,"Morrow, Jackson",1000616388,Right,,,,,,Fastball,Live,,87.87571,-1.804244667,-2.213805618,1803.045719,220.6695307,1:15,6.41001,1.50486,6.43393,-20.19992,15.35195,13.20554,3.06701,0.57008,79.91519,-5.641462647,0.3043871779,0.4291435917,-7.93865,8.99897,-1.35373,50,6.2727,4.56296,-127.83181,-4.60903,-13.03947,28.16007,-17.39299,f8435445-df83-4920-92ed-e379e000c8a7,4e4f1dc2-64b0-4ee8-9cda-b91ff3a7d7d3,87.83176,Pitching,25410021,,,,,,,,,,,,,,,,,,,,9.314635197,1779.271489,0.9868144054,,9d273e23-686c-4ceb-b8f6-23c833796cce,97ec3e98-4493-468c-a091-f7a435a5e9c5
114,2026-09-13,10:41:51.40,"Morrow, Jackson",1000616388,Right,,,,,,Fastball,Live,,88.886,0.01166436302,-0.3721065312,1932.797179,218.072059,1:15,6.63259,1.17156,6.35347,-16.84274,17.89712,14.04205,5.23976,1.99929,80.8021,-3.189237219,2.300188382,0.4242144688,-7.82244,9.82615,-1.15126,50,6.62549,0.42575,-129.45058,-0.47139,-13.19068,28.59992,-15.60459,36c16d53-1e2d-41a3-bb87-ff670b67104c,4e4f1dc2-64b0-4ee8-9cda-b91ff3a7d7d3,88.85232,Pitching,25410021,,,,,,,,,,,,,,,,,,,,18.72818424,1830.460306,0.9470524511,,496a4454-da47-4486-a5ee-263a156a96c2,97ec3e98-4493-468c-a091-f7a435a5e9c5
115,2026-09-13,10:42:12.49,"Morrow, Jackson",1000616388,Right,,,,,,Fastball,Live,,89.98196,-4.439908462,-3.324338408,2153.674399,212.7684481,1:00,6.42775,1.164,6.46982,-13.25839,20.79547,13.34751,1.23084,-0.77973,81.86529,-6.950784725,-0.7816024959,0.4200051182,-8.3448,12.78587,-0.93596,50,6.10846,7.18997,-130.46335,-10.53261,-14.29526,29.00089,-10.2709,e465512e-ca2d-4222-a212-c574bb2ea6b2,4e4f1dc2-64b0-4ee8-9cda-b91ff3a7d7d3,89.74281,Pitching,25410021,,,,,,,,,,,,,,,,,,,,20.84732646,2012.677725,0.9345320383,,8ab4a937-59a0-48a1-8d2f-c1893b941a75,97ec3e98-4493-468c-a091-f7a435a5e9c5
116,2026-09-13,10:42:25.92,"Morrow, Jackson",1000616388,Right,,,,,,Fastball,Live,,89.42923,-3.017098278,-3.432242054,2124.990553,213.6245443,1:00,6.52359,1.13123,6.45738,-14.37639,20.1657,13.40701,2.54689,-0.90772,80.91763,-5.754039131,-0.8728191759,0.4230052234,-8.46475,12.06758,-0.89486,50,6.30376,7.39844,-129.81615,-7.2699,-14.28552,29.9726,-11.80821,51494335-6d0b-4173-ad5e-bc6bcd418a9a,4e4f1dc2-64b0-4ee8-9cda-b91ff3a7d7d3,89.10632,Pitching,25410021,,,,,,,,,,,,,,,,,,,,13.1844529,2068.977564,0.9736408296,,9ed5bbbd-96f0-434e-ab05-3f239db1d8a8,97ec3e98-4493-468c-a091-f7a435a5e9c5
117,2026-09-13,10:42:41.19,"Morrow, Jackson",1000616388,Right,,,,,,Fastball,Live,,89.73005,-2.860680128,-3.771447166,2094.129105,211.6225563,1:00,6.59424,1.04044,6.41841,-14.73857,19.67075,12.1165,2.72873,-1.4214,81.09684,-5.666295032,-1.460404565,0.422191423,-7.86073,11.74124,-0.777,50,6.38319,8.22937,-130.20614,-6.95079,-13.3331,30.39613,-12.25895,ca3d93f0-31cb-420f-b82f-1b9ae228c529,4e4f1dc2-64b0-4ee8-9cda-b91ff3a7d7d3,89.27808,Pitching,25410021,,,,,,,,,,,,,,,,,,,,14.74293769,2025.18475,0.9670773139,,6efe88a5-c8a5-4502-80e0-faa326cc0642,97ec3e98-4493-468c-a091-f7a435a5e9c5
118,2026-09-13,10:42:55.96,"Morrow, Jackson",1000616388,Right,,,,,,ChangeUp,Live,,81.36688,-2.047492215,-2.205255263,1300.374938,215.1768815,1:15,6.05905,1.48715,6.65689,-26.84909,14.20751,10.02915,1.94601,0.30413,74.34032,-7.151437456,-0.2867261547,0.4611719927,-6.21892,8.49284,-1.34333,50,5.9106,4.30526,-118.40261,-4.91659,-8.77707,23.83199,-20.18768,e291a557-284e-46e2-be65-dbb332888b34,4e4f1dc2-64b0-4ee8-9cda-b91ff3a7d7d3,81.73185,Pitching,25410021,,,,,,,,,,,,,,,,,,,,36.21837196,1049.104649,0.8067708922,,7d4a013c-73d1-4e0f-8b0f-db6cd8cc279d,97ec3e98-4493-468c-a091-f7a435a5e9c5
119,2026-09-13,10:43:10.09,"Morrow, Jackson",1000616388,Right,,,,,,ChangeUp,Live,,81.15043,-2.41744513,-2.087128793,1381.52245,240.5530731,2:00,6.05513,1.48945,6.51056,-34.96733,6.71145,11.91456,0.92028,0.56644,74.17981,-9.033063459,0.190849929,0.4646532124,-7.22629,4.45174,-1.34932,50,5.87134,3.99095,-118.0102,-5.89444,-10.0907,24.51001,-25.95769,68acae51-50da-4207-bd48-2de14a98c617,4e4f1dc2-64b0-4ee8-9cda-b91ff3a7d7d3,81.11951,Pitching,25410021,,,,,,,,,,,,,,,,,,,,39.50036582,1066.011074,0.7716205221,,c09b2d23-3ff4-4e31-8556-2b2a83d40306,97ec3e98-4493-468c-a091-f7a435a5e9c5
120,2026-09-13,10:43:33.00,"Morrow, Jackson",1000616388,Right,,,,,,Fastball,Live,,90.20644,-2.169206205,-2.137537623,2065.621692,212.7639632,1:00,6.48124,0.98956,6.39825,-14.56125,19.25382,12.39773,3.27086,0.05631,81.87756,-4.936394999,0.2258004696,0.4185299748,-7.46642,11.24958,-0.84223,50,6.3191,4.52909,-131.18738,-5.40408,-12.90861,29.80722,-12.72478,e961a03a-0816-4e5d-8769-abce38937f17,4e4f1dc2-64b0-4ee8-9cda-b91ff3a7d7d3,90.05911,Pitching,25410021,,,,,,,,,,,,,,,,,,,,17.62552077,1968.652923,0.9530558912,,14901d6e-92bc-4d1b-9e22-699c84557e1b,97ec3e98-4493-468c-a091-f7a435a5e9c5
121,2026-09-13,10:43:48.42,"Morrow, Jackson",1000616388,Right,,,,,,Sweeper,Live,,77.62637,1.258604809,-0.635693868,2283.173119,96.14379089,9:15,6.22457,1.52446,5.99089,-44.80575,1.19386,-11.41946,3.65726,-0.01623,71.3461,-7.147260106,-2.787635559,0.4881445634,6.0042,0.29401,-1.46813,50,6.29885,1.5712,-112.99389,1.23696,7.75739,20.71627,-31.79419,55945a39-9740-434c-95b5-d3c97cd959d8,4e4f1dc2-64b0-4ee8-9cda-b91ff3a7d7d3,77.21573,Pitching,25410021,,,,,,,,,,,,,,,,,,,,,,,,6f89ca45-1ba1-4811-97c3-06bcb08e774a,97ec3e98-4493-468c-a091-f7a435a5e9c5
122,2026-09-13,10:44:02.50,"Morrow, Jackson",1000616388,Right,,,,,,Sweeper,Live,,77.0405,0.4057481011,-0.3199645902,2218.216245,88.54421057,9:00,6.07891,1.64227,5.87607,-47.08226,-0.21718,-7.01872,2.53219,0.76025,71.00426,-8.39099272,-1.640419748,0.4927153396,3.6945,-0.23,-1.61239,50,6.08439,0.82419,-112.15407,-0.53306,4.70512,20.30696,-32.46696,00b74a39-554e-4761-b86a-c6c2da5affbf,4e4f1dc2-64b0-4ee8-9cda-b91ff3a7d7d3,76.49942,Pitching,25410021,,,,,,,,,,,,,,,,,,,54.3536752,68.06415505,828.6549951,0.3735681753,7:45,3586710a-85a0-4200-813c-24c896450770,97ec3e98-4493-468c-a091-f7a435a5e9c5
123,2026-09-13,10:44:18.07,"Morrow, Jackson",1000616388,Right,,,,,,Fastball,Live,,88.92612,-2.823540347,-2.501566358,1951.168705,215.424415,1:15,6.50754,1.06963,6.58998,-15.40433,18.8381,13.39593,2.63247,-0.10734,81.63297,-5.741122121,0.04647793615,0.4211663893,-8.07651,11.17194,-0.90457,50,6.30801,5.2721,-129.35443,-6.82188,-13.72934,26.1529,-13.18275,9783c165-464b-47cb-a962-bbea63216b30,4e4f1dc2-64b0-4ee8-9cda-b91ff3a7d7d3,89.49536,Pitching,25410021,,,,,,,,,,,,,,,,,,,,19.20757256,1842.552795,0.944332897,,ea9150a3-c354-4f26-b97d-5d7a1e4813aa,97ec3e98-4493-468c-a091-f7a435a5e9c5
124,2026-09-13,10:44:31.10,"Morrow, Jackson",1000616388,Right,,,,,,Slider,Live,,77.83816,-0.7261047447,-1.580456919,2259.89011,107.2937718,9:30,6.15676,1.48438,6.39726,-41.75801,2.95212,-9.61523,2.00896,-0.77052,72.41124,-8.550679968,-3.396731146,0.4812539962,4.86711,1.8048,-1.36672,50,6.08523,3.37872,-113.41526,-2.52129,6.38768,19.26603,-29.8054,4396a825-a693-473f-a2a2-4fc5d02c35c4,4e4f1dc2-64b0-4ee8-9cda-b91ff3a7d7d3,78.3213,Pitching,25410021,,,,,,,,,,,,,,,,,,,,,,,,093902e4-9e37-406c-ab76-b5d20c285467,97ec3e98-4493-468c-a091-f7a435a5e9c5
125,2026-09-13,10:46:18.61,"Garrett, Walter",1000500484,Left,,,,,,Fastball,Live,,88.381,-3.605915842,4.740072238,2161.217768,136.4324937,10:30,6.04204,-3.1195,5.09404,-21.87132,15.50443,-14.72587,0.80553,0.12998,80.17068,-7.648102601,2.006080751,0.4400138654,9.1688,9.23763,2.68259,50,5.68359,-10.05768,-127.73356,-8.8701,15.02449,28.31758,-17.03677,67b4c779-b9a2-476d-9cc0-fc0245e75bdc,bdaf26be-3f88-4036-9791-de33726a61d1,85.66193,Pitching,25410021,,,,,,,,,,,,,,,,,,,,-8.553121873,2137.181561,0.9888783966,,73954c18-9e74-44a0-9a96-6efaa364ee5e,97ec3e98-4493-468c-a091-f7a435a5e9c5
126,2026-09-13,10:46:32.66,"Garrett, Walter",1000500484,Left,,,,,,Fastball,Live,,87.28215,-2.858253335,6.873887134,2200.892431,140.8496118,10:45,6.07042,-2.96131,5.39416,-22.88846,15.16944,-12.38934,1.46315,2.47836,79.19727,-7.106209402,4.578179007,0.4440111314,8.62738,8.9068,2.3545,50,5.79794,-14.74713,-125.84021,-7.10985,13.7427,27.11539,-17.98624,e270d970-27eb-42b8-89b4-b7ec6fb550aa,bdaf26be-3f88-4036-9791-de33726a61d1,84.89075,Pitching,25410021,,,,,,,,,,,,,,,,,,,,0.5485295412,2200.79157,0.999954173,,834faeae-fe37-4772-8db4-66ab8f7e41e9,97ec3e98-4493-468c-a091-f7a435a5e9c5
127,2026-09-13,10:46:50.56,"Garrett, Walter",1000500484,Left,,,,,,Slider,Live,,79.63362,-1.241085457,4.258425292,2063.594843,228.9037122,1:45,5.85502,-2.98143,5.38732,-42.56904,3.85875,4.48796,1.14111,1.39071,71.10387,-9.211841505,5.105045168,0.4904112715,-0.76933,2.53766,2.59781,50,5.71525,-8.71468,-115.19392,-3.80441,-0.99754,28.3717,-28.88361,9c0442a2-c2a6-452f-a002-7d9074816871,bdaf26be-3f88-4036-9791-de33726a61d1,76.85883,Pitching,25410021,,,,,,,,,,,,,,,,,,,,-67.73508505,781.8744937,0.3788895366,,2458b605-9089-4bc0-8576-898a519578ac,97ec3e98-4493-468c-a091-f7a435a5e9c5
128,2026-09-13,10:47:04.33,"Garrett, Walter",1000500484,Left,,,,,,Slider,Live,,77.89068,-0.07716615959,3.155896383,2149.485761,179.1066988,12:00,5.95808,-3.20627,4.95325,-44.64617,4.4462,-0.07007,2.16456,-0.22763,69.44603,-8.406866069,3.142747586,0.5042877118,1.21795,2.36784,2.90057,50,5.91563,-6.21502,-112.76122,-1.58279,1.51737,26.6873,-29.22411,b94cafdb-60a7-4b34-bf79-bd76ab024a67,bdaf26be-3f88-4036-9791-de33726a61d1,74.74392,Pitching,25410021,,,,,,,,,,,,,,,,,,,,,,,,1b9f94a2-e0a9-461d-a3c9-ede7ef9663bf,97ec3e98-4493-468c-a091-f7a435a5e9c5
129,2026-09-13,10:47:18.86,"Garrett, Walter",1000500484,Left,,,,,,ChangeUp,Live,,78.46061,0.4334707941,3.66210273,1554.403831,126.8291356,10:15,5.81319,-3.41507,5.33786,-36.48945,9.9334,-13.35137,3.17984,-1.0879,71.60484,-6.347301871,1.175504261,0.4903851284,8.10863,5.13201,3.09419,50,5.82656,-6.87056,-113.87241,-0.27804,10.62151,21.37624,-25.45162,3c3cc8fc-8f82-425c-ba9e-6c5b5429831d,bdaf26be-3f88-4036-9791-de33726a61d1,76.86293,Pitching,25410021,,,,,,,,,,,,,,,,,,,,-11.15326334,1525.046221,0.9811132676,,98205ecf-ace7-4eee-8bb5-06bc55dbcf59,97ec3e98-4493-468c-a091-f7a435a5e9c5
130,2026-09-13,10:47:35.27,"Garrett, Walter",1000500484,Left,,,,,,ChangeUp,Live,,78.04001,0.2433210663,3.72176918,1328.528373,107.2124504,9:30,5.67886,-3.37872,5.46604,-42.22092,4.66815,-15.24056,2.38863,-1.16112,71.1117,-7.62450969,0.8700148053,0.492841427,9.22072,2.41135,3.0616,50,5.67191,-6.90345,-113.2416,-0.80007,11.89014,22.02149,-29.06461,19bf80c1-8d88-4f24-89d2-91e919afaa71,bdaf26be-3f88-4036-9791-de33726a61d1,76.47985,Pitching,25410021,,,,,,,,,,,,,,,,,,,,-9.721337861,1309.451573,0.9856406526,,15485e6f-165a-4c17-9bcb-33e63a12d508,97ec3e98-4493-468c-a091-f7a435a5e9c5
131,2026-09-13,10:47:52.60,"Garrett, Walter",1000500484,Left,,,,,,Fastball,Live,,88.22078,-0.5794599524,2.670254524,2183.620302,136.3141124,10:30,6.04199,-2.87619,5.19333,-21.53724,15.67943,-15.01463,3.70161,-1.61412,79.49783,-4.60048767,-0.1375256564,0.4390764774,8.76981,8.45951,2.6398,50,5.97244,-5.43529,-128.01989,-2.06412,14.36349,29.65888,-18.31879,a6510c65-54f0-409f-93e7-101c0e5c3a02,bdaf26be-3f88-4036-9791-de33726a61d1,85.84482,Pitching,25410021,,,,,,,,,,,,,,,,,,,,-8.032684242,2162.195748,0.9901885167,,20c33647-989c-4679-8139-85c7912abae3,97ec3e98-4493-468c-a091-f7a435a5e9c5
132,2026-09-13,10:48:07.73,"Garrett, Walter",1000500484,Left,,,,,,Fastball,Live,,86.89457,-2.4509259,5.084183977,2093.402407,143.1842562,10:45,6.01618,-2.84612,5.4508,-23.25888,15.04879,-11.29036,1.77331,0.98456,78.35498,-6.796035902,2.971103393,0.4454656997,7.64633,8.80598,2.40459,50,5.78365,-10.80187,-125.67263,-6.18146,12.05264,28.88666,-18.29348,03b783ee-1b94-4e6a-a2d4-c835441cfe21,bdaf26be-3f88-4036-9791-de33726a61d1,84.61356,Pitching,25410021,,,,,,,,,,,,,,,,,,,150.8534602,0.227622716,2093.385887,0.9999921086,11:00,2fb01aad-9acd-4039-a960-0e4df3367fbd,97ec3e98-4493-468c-a091-f7a435a5e9c5
133,2026-09-13,10:48:23.09,"Garrett, Walter",1000500484,Left,,,,,,Slider,Live,,78.31752,-1.295484209,3.690112195,2113.572545,167.9148726,11:30,5.78355,-3.27423,5.43046,-44.40129,3.90719,-0.84647,0.86763,0.11543,69.229,-9.671037179,3.529011936,0.5002453846,1.98085,2.63322,2.94791,50,5.63945,-7.28152,-113.29143,-3.88268,2.45832,29.37585,-28.90612,25ac0fcc-92a9-4758-b0ce-97436fa1451a,bdaf26be-3f88-4036-9791-de33726a61d1,75.3479,Pitching,25410021,,,,,,,,,,,,,,,,,,,,-70.57175303,703.0293985,0.3326261027,,300dfbbe-7f04-4535-a206-1e91ae7a63ca,97ec3e98-4493-468c-a091-f7a435a5e9c5
134,2026-09-13,10:48:37.04,"Garrett, Walter",1000500484,Left,,,,,,Slider,Live,,77.62959,-3.273460054,4.327443411,2134.90244,226.6356804,1:30,5.87508,-3.08062,5.41999,,,,,,,,,,-0.45673,3.61512,2.69343,50,5.55375,-8.60196,-111.99132,-7.75557,-0.54965,30.06895,-27.82346,1441efda-7fae-4116-ae91-39a6cda97be4,bdaf26be-3f88-4036-9791-de33726a61d1,,Pitching,25410021,,,,,,,,,,,,,,,,,,,,,,,,e115cc9c-81c3-4a43-b430-4f9019e97dd8,97ec3e98-4493-468c-a091-f7a435a5e9c5
135,2026-09-13,10:48:51.38,"Garrett, Walter",1000500484,Left,,,,,,ChangeUp,Live,,78.82782,-0.6526838046,3.237922733,1547.727401,110.2492931,9:45,5.63497,-3.1018,5.32242,-38.95556,7.54947,-20.56526,1.77526,-1.77424,71.34692,-7.915558951,-0.6192593984,0.4908189931,11.95094,4.21491,2.8234,50,5.54855,-5.82745,-114.3402,-2.51899,15.586,24.00679,-26.6771,20ead80e-3813-4b57-84f9-5abb7f4a0a14,bdaf26be-3f88-4036-9791-de33726a61d1,76.79499,Pitching,25410021,,,,,,,,,,,,,,,,,,,,-0.3136175206,1547.704215,0.9999850196,,a18512d0-2354-4240-b2e6-ff2d1a12cd9b,97ec3e98-4493-468c-a091-f7a435a5e9c5
136,2026-09-13,10:49:03.69,"Garrett, Walter",1000500484,Left,,,,,,ChangeUp,Live,,78.57732,-1.633296306,3.806859584,1479.933551,106.8744462,9:30,5.63168,-3.43015,5.39381,-41.17712,5.65137,-18.67654,0.666,-1.41411,71.21049,-9.300689774,0.2991338971,0.4925229767,11.17928,3.54043,3.10325,50,5.45764,-7.00433,-113.86945,-4.51642,14.43667,24.1168,-27.60202,66aff21f-6e57-4417-be49-b3885feeaa95,bdaf26be-3f88-4036-9791-de33726a61d1,76.5293,Pitching,25410021,,,,,,,,,,,,,,,,,,,,,,,,254aff02-26aa-4640-922b-6674f18dae05,97ec3e98-4493-468c-a091-f7a435a5e9c5
137,2026-09-13,10:49:18.61,"Garrett, Walter",1000500484,Left,,,,,,Fastball,Live,,88.19864,-0.6334375407,4.385795196,2218.17323,137.0096068,10:30,6.02528,-2.84448,5.34109,-21.20883,16.00416,-14.97918,3.66198,0.02899,79.26239,-4.605986536,1.581347428,0.4390547678,9.3602,8.69885,2.45937,50,5.95329,-9.27907,-127.76874,-2.1535,15.24613,29.92648,-18.00514,c4fd48e0-78e6-461d-91cd-ca2b7b84bb31,bdaf26be-3f88-4036-9791-de33726a61d1,85.84906,Pitching,25410021,,,,,,,,,,,,,,,,,,,,-6.561104426,2203.645443,0.9934505625,,1141e2d3-20f6-4135-bca4-4677c068b384,97ec3e98-4493-468c-a091-f7a435a5e9c5
138,2026-09-13,10:50:32.43,"Strouse, Ryan",1000616393,Right,,,,,,Fastball,Live,,81.78441,-2.633837302,-1.69608092,1872.86711,222.4230251,1:30,6.45775,1.33759,5.44082,-26.90261,16.25656,14.86147,1.7472,0.98769,73.70918,-7.661437627,1.105154479,0.4728331937,-8.49216,9.55022,-1.1978,50,6.20692,3.04283,-118.63595,-6.31078,-11.871,26.7524,-18.82401,bb66c3e3-3b11-487b-a0d5-326830e50fee,bdaf26be-3f88-4036-9791-de33726a61d1,79.71614,Pitching,25410021,,,,,,,,,,,,,,,,,,,,14.95890032,1809.397957,0.9661112351,,f1ac1173-9e04-4929-97d6-9d490df826f6,97ec3e98-4493-468c-a091-f7a435a5e9c5
139,2026-09-13,10:50:45.07,"Strouse, Ryan",1000616393,Right,,,,,,Fastball,Live,,82.17774,-1.364505672,-2.462451656,1849.054733,215.3247521,1:15,6.59888,1.20594,5.75387,-22.47913,19.81347,14.06537,3.45419,0.08471,73.63985,-5.614674427,0.2057556039,0.4680622536,-8.42934,11.15629,-1.01028,50,6.47235,4.70636,-119.29085,-3.52119,-11.88503,27.55113,-16.44411,d35be766-c153-43eb-a528-8113aa1f4bc4,bdaf26be-3f88-4036-9791-de33726a61d1,80.52869,Pitching,25410021,,,,,,,,,,,,,,,,,,,,-0.6743109452,1848.92668,0.9999307468,,deeed58c-483b-4036-9c75-90c5196fa87f,97ec3e98-4493-468c-a091-f7a435a5e9c5
140,2026-09-13,10:50:58.47,"Strouse, Ryan",1000616393,Right,,,,,,Fastball,Live,,81.84729,-3.714500398,-2.790438871,1893.941987,208.7135758,1:00,6.64882,1.13091,5.78297,-21.93097,20.75509,11.35889,1.35689,-0.52036,73.67639,-7.835032832,-0.6376874454,0.4702344344,-7.0678,12.4524,-0.90777,50,6.32935,5.4411,-118.58706,-8.36237,-9.86817,26.80609,-14.78783,b88e70c5-41cf-47f0-885f-1bbe3b7385e9,bdaf26be-3f88-4036-9791-de33726a61d1,80.1567,Pitching,25410021,,,,,,,,,,,,,,,,,,,,-0.487335676,1893.873478,0.9999638275,,feedd1f1-78d2-4bbb-b7ce-d8c38143e09f,97ec3e98-4493-468c-a091-f7a435a5e9c5
141,2026-09-13,10:51:10.67,"Strouse, Ryan",1000616393,Right,,,,,,Curveball,Live,,74.01302,-0.7099343542,-2.132643491,1389.283281,37.6446251,7:15,6.5718,1.13047,5.1415,-63.25905,-9.85296,-7.56764,0.63135,-1.50885,67.58612,-12.37474793,-3.550817041,0.5259770433,3.26258,-4.95945,-0.92535,50,6.4584,4.224,-107.35201,-3.22311,3.7214,22.49427,-37.83095,f4dc9847-8650-4da8-832e-4b66531c681c,bdaf26be-3f88-4036-9791-de33726a61d1,71.66176,Pitching,25410021,,,,,,,,,,,,,,,,,,,,36.99770201,1109.564494,0.7986596467,,97ca0f5a-f46d-4034-aad4-3887f29cfe83,97ec3e98-4493-468c-a091-f7a435a5e9c5
142,2026-09-13,10:51:25.30,"Strouse, Ryan",1000616393,Right,,,,,,Curveball,Live,,74.62606,-0.07594872446,-0.3524664295,1320.70916,28.23609782,7:00,6.56683,1.31266,5.36765,-57.76873,-6.14166,-3.27504,1.68157,0.7093,68.23105,-10.79800556,-0.9676763601,0.5171423706,1.62691,-3.23885,-1.27883,50,6.5201,0.76318,-108.43252,-1.83938,1.90821,21.58609,-35.97293,211375e7-83be-43d0-a2b1-655c3d1c7a32,bdaf26be-3f88-4036-9791-de33726a61d1,72.886,Pitching,25410021,,,,,,,,,,,,,,,,,,,,41.66302224,986.6586999,0.7470673556,,d14ae442-ad8d-4642-9987-f9bb742ad321,97ec3e98-4493-468c-a091-f7a435a5e9c5
143,2026-09-13,10:51:38.33,"Strouse, Ryan",1000616393,Right,,,,,,Curveball,Live,,74.30612,0.9573617011,-0.3661723342,1310.113441,20.45405394,6:45,6.52573,0.97763,5.38001,-60.60418,-8.61237,-3.19574,2.3728,0.36811,67.91932,-10.30829693,-0.9661641773,0.5189659884,1.58208,-4.87964,-0.94272,50,6.56951,0.78334,-107.967,0.03438,1.8425,21.14137,-37.85693,4d3dacb7-9fd5-4268-af5f-2baff9149ceb,bdaf26be-3f88-4036-9791-de33726a61d1,72.62988,Pitching,25410021,,,,,,,,,,,,,,,,,,,6.701879605,34.84124058,1075.260155,0.820738206,6:15,86efd60d-1752-47af-99af-dad9b73a8e34,97ec3e98-4493-468c-a091-f7a435a5e9c5
144,2026-09-13,10:51:53.81,"Strouse, Ryan",1000616393,Right,,,,,,ChangeUp,Live,,76.81087,1.317144925,-0.411076912,1518.27842,211.3280933,1:00,6.57989,1.36222,5.57639,-35.36882,13.39803,8.17876,4.86276,1.65989,68.69202,-5.366390255,1.138228744,0.5026130548,-4.53111,6.72913,-1.33211,50,6.67057,0.56334,-111.5452,1.54001,-5.57205,24.54439,-23.89902,fad79fe1-968a-4d23-8a23-1000099b70f2,bdaf26be-3f88-4036-9791-de33726a61d1,74.99296,Pitching,25410021,,,,,,,,,,,,,,,,,,,,4.945820739,1512.625365,0.9962766677,,11e6aec8-c0bb-423c-bde0-eb74ecb76585,97ec3e98-4493-468c-a091-f7a435a5e9c5
145,2026-09-13,10:52:06.37,"Strouse, Ryan",1000616393,Right,,,,,,ChangeUp,Live,,75.59536,0.01638522107,-0.2227729004,1408.970089,232.9893678,1:45,6.49376,1.41058,5.57414,-40.56064,9.36847,12.48293,3.12901,2.24278,68.5241,-7.583877448,2.130648702,0.5085671832,-6.75393,5.00961,-1.39944,50,6.46915,0.06834,-109.87922,-1.13472,-8.13046,22.25528,-26.14342,0a4bde86-ed1e-42d2-83cd-264fc93b4648,bdaf26be-3f88-4036-9791-de33726a61d1,74.11497,Pitching,25410021,,,,,,,,,,,,,,,,,,,,11.33317079,1381.496656,0.9805010532,,0f660a43-9c11-4555-afd9-75b0b769c94c,97ec3e98-4493-468c-a091-f7a435a5e9c5
146,2026-09-13,10:52:20.64,"Strouse, Ryan",1000616393,Right,,,,,,Fastball,Live,,82.00561,-1.40061088,-2.539263208,1860.227587,225.2232413,1:30,6.51782,1.27834,5.91329,-26.67119,15.11343,15.26055,2.99397,0.19215,74.40677,-6.423269087,0.3474956377,0.4652427634,-9.0402,8.61002,-1.08362,50,6.39052,4.83403,-119.15867,-3.70342,-12.86375,25.10087,-19.92243,4617c8dc-5350-4b5f-bbaf-4cea214ea6b3,bdaf26be-3f88-4036-9791-de33726a61d1,81.01671,Pitching,25410021,,,,,,,,,,,,,,,,,,,207.7168064,8.112105296,1841.613901,0.9899938664,1:00,1ee82169-d6d3-49e6-9fca-a14815135f2e,97ec3e98-4493-468c-a091-f7a435a5e9c5
147,2026-09-13,10:52:35.41,"Strouse, Ryan",1000616393,Right,,,,,,ChangeUp,Live,,76.46383,-1.608588463,-1.683358609,1368.87404,201.1398311,12:45,6.58867,1.21413,5.48932,-36.26006,12.75689,4.94708,2.06133,0.05137,69.37597,-8.375486895,-0.7524133123,0.5039001941,-3.18016,7.32375,-1.07019,50,6.42394,3.11744,-111.03849,-4.18844,-3.91188,22.61722,-23.16518,0ea3c9ca-8862-443f-9aa5-5a0d8123b84b,bdaf26be-3f88-4036-9791-de33726a61d1,74.8014,Pitching,25410021,,,,,,,,,,,,,,,,,,,,12.10187845,1338.452682,0.9777763639,,e88f32c0-2964-466f-af72-be8841a1fb85,97ec3e98-4493-468c-a091-f7a435a5e9c5
148,2026-09-13,10:52:46.62,"Strouse, Ryan",1000616393,Right,,,,,,Curveball,Live,,73.82841,3.080945866,1.568660896,1292.267281,44.02861794,7:30,6.35493,1.38598,5.61199,-57.93509,-6.11698,-5.85661,4.40609,2.36221,67.65615,-7.7277019,0.4711898803,0.5180983348,3.57244,-4.14037,-1.51605,50,6.58099,-2.77143,-107.22936,4.14091,4.15228,18.83829,-36.98644,14fddc1e-2be5-46a9-be75-d5068a1c99c1,bdaf26be-3f88-4036-9791-de33726a61d1,72.75152,Pitching,25410021,,,,,,,,,,,,,,,,,,,,,,,,41ef04c5-9a69-4c9a-b531-d547f5c7a397,97ec3e98-4493-468c-a091-f7a435a5e9c5
149,2026-09-13,10:53:16.42,"Strouse, Ryan",1000616393,Right,,,,,,Curveball,Live,,73.2799,1.47719395,0.5985977803,1347.474789,33.15563616,7:00,6.55335,1.13064,5.03006,-63.10586,-9.31743,-6.0548,2.68848,1.1908,67.43989,-10.14029739,-0.5263936122,0.527856461,3.34531,-5.31016,-1.18304,50,6.64503,-0.92709,-106.45967,0.81533,3.82111,19.08267,-38.23948,96a486c4-1e8a-4711-9f40-296aae73ab4f,bdaf26be-3f88-4036-9791-de33726a61d1,71.40661,Pitching,25410021,,,,,,,,,,,,,,,,,,,,34.71821787,1107.574407,0.8219629904,,ef12e212-e91e-4289-9830-b736a6fa2368,97ec3e98-4493-468c-a091-f7a435a5e9c5
150,2026-09-13,10:53:27.59,"Strouse, Ryan",1000616393,Right,,,,,,Fastball,Live,,81.94869,-3.768818111,-2.776339071,1965.610168,210.9160838,1:00,6.53177,1.01768,5.86457,-23.21182,18.9639,11.34504,1.08772,-0.61764,74.33057,-8.117642416,-0.6307767026,0.4674150207,-7.00419,11.43603,-0.79948,50,6.21278,5.42511,-118.80393,-8.52305,-9.8863,25.39797,-16.03229,f3cfce1e-be06-4702-810e-26b391433d4a,bdaf26be-3f88-4036-9791-de33726a61d1,80.6402,Pitching,25410021,,,,,,,,,,,,,,,,,,,,1.047002908,1965.281993,0.9998330415,,9012543d-ed20-4972-a391-3f484b543fc1,97ec3e98-4493-468c-a091-f7a435a5e9c5
151,2026-09-13,10:53:38.87,"Strouse, Ryan",1000616393,Right,,,,,,Fastball,Live,,83.14817,-1.223767657,-1.266211337,1924.258447,212.340737,1:00,6.55088,1.0699,5.74238,-22.12526,18.95275,12.01859,3.56739,0.89247,74.9133,-5.395243971,1.008338068,0.4612921874,-6.8865,10.60784,-0.972,50,6.43594,2.30177,-120.82884,-3.26094,-10.01357,27.14961,-16.74933,9b8630d0-f9fc-439d-80aa-c282135a5bcd,bdaf26be-3f88-4036-9791-de33726a61d1,81.71055,Pitching,25410021,,,,,,,,,,,,,,,,,,,,-0.7465644512,1924.095098,0.9999151107,,67ae570e-bc02-466e-8dc6-de31af972932,97ec3e98-4493-468c-a091-f7a435a5e9c5
152,2026-09-13,10:54:49.69,"Peterson, Charlie",1000616565,Right,,,,,,Fastball,Live,,88.17205,-2.588436017,-2.361720809,1784.484079,230.4066496,1:45,5.28814,1.72244,6.59891,-23.68881,11.2297,13.57989,0.93943,0.68953,80.88409,-7.074148029,0.2269193553,0.4253038168,-8.17647,6.94001,-1.56735,50,5.10167,4.91096,-128.2682,-6.46514,-13.61333,26.68984,-20.61935,9ac0c222-6b7d-4e82-9a19-7b0653f93def,bdaf26be-3f88-4036-9791-de33726a61d1,88.62474,Pitching,25410021,,,,,,,,,,,,,,,,,,,,21.78399438,1657.053237,0.9285895325,,ebfba453-5803-44d3-a07e-960a79d9fdcc,97ec3e98-4493-468c-a091-f7a435a5e9c5
153,2026-09-13,10:55:05.71,"Peterson, Charlie",1000616565,Right,,,,,,Fastball,Live,,87.29028,-0.0716838767,-1.802609211,1912.51235,223.9854672,1:30,5.32443,1.60375,6.62087,-22.45331,13.33888,12.90937,3.38765,1.02848,79.12705,-4.366452344,0.6710349905,0.4305915407,-7.71841,7.42577,-1.48707,50,5.31025,3.64711,-127.09674,-0.77282,-12.50004,28.45862,-20.14794,fb78d674-46db-4256-a8aa-d4f6fe1ace4b,bdaf26be-3f88-4036-9791-de33726a61d1,87.53641,Pitching,25410021,,,,,,,,,,,,,,,,,,,,25.5454107,1725.552396,0.9022437924,,b22c61ff-dd29-413e-ac8c-fdbd35c91200,97ec3e98-4493-468c-a091-f7a435a5e9c5
154,2026-09-13,10:55:26.06,"Peterson, Charlie",1000616565,Right,,,,,,Slider,Live,,69.59648,2.36834476,0.26315763,1877.992005,56.52045832,8:00,5.18571,1.68912,6.56995,-62.7948,-6.20686,-9.30294,2.12468,1.15506,63.63141,-9.576144145,-1.520105496,0.541418797,5.23979,-4.18512,-1.70321,50,5.32152,-0.26067,-101.27288,2.8084,5.37412,18.45768,-36.46646,da770a3c-8dd8-48d8-9093-1a803c09de47,bdaf26be-3f88-4036-9791-de33726a61d1,69.6179,Pitching,25410021,,,,,,,,,,,,,,,,,,,,,,,,eb693bf6-ae18-4310-b852-e37564d90382,97ec3e98-4493-468c-a091-f7a435a5e9c5
155,2026-09-13,10:55:43.79,"Peterson, Charlie",1000616565,Right,,,,,,Sweeper,Live,,70.95275,0.9167780826,-3.013341794,1989.27055,83.76606537,8:45,5.05323,1.75497,5.87279,-58.00787,-2.07695,-18.75466,1.07189,-2.60892,65.34311,-9.888577443,-6.534824195,0.5382665741,9.20545,-1.40491,-1.50068,50,5.09402,5.90785,-103.0673,0.15999,9.80006,18.77781,-33.66971,5ec445ce-e638-4d86-b1c5-29f03107520f,bdaf26be-3f88-4036-9791-de33726a61d1,70.0256,Pitching,25410021,,,,,,,,,,,,,,,,,,,,,,,,fe2ca85d-f3e0-46d7-965a-e6dd0b02b71d,97ec3e98-4493-468c-a091-f7a435a5e9c5
156,2026-09-13,10:56:11.57,"Peterson, Charlie",1000616565,Right,,,,,,Splitter,Live,,70.55325,3.090750568,1.101896093,,,,5.32866,1.45861,6.58665,-46.62891,8.95067,-1.98513,4.27799,2.30288,63.31015,-5.869432441,0.71948401,0.5365732757,1.48043,3.91766,-1.53302,50,5.52043,-1.92844,-102.53279,4.5114,1.54158,20.40288,-28.09454,607d8ca4-72a9-44ce-8528-bc8bd38081e0,bdaf26be-3f88-4036-9791-de33726a61d1,70.24658,Pitching,25410021,,,,,,,,,,,,,,,,,,,,,,,,6f400b06-4486-41c8-85bf-08fd517b7447,97ec3e98-4493-468c-a091-f7a435a5e9c5
157,2026-09-13,10:56:32.18,"Peterson, Charlie",1000616565,Right,,,,,,Splitter,Live,,71.29094,-0.3661143859,-2.453240948,,,,5.2731,1.19115,6.53664,-58.30803,-3.41932,-4.40339,0.07803,-1.42702,64.54466,-11.4654235,-3.302472773,0.533227956,1.54606,-1.76655,-1.01953,50,5.22297,4.53756,-103.61634,-1.9643,1.62984,22.20383,-34.03634,b2c6e88b-26ff-49dd-bb67-a6e285022ae1,bdaf26be-3f88-4036-9791-de33726a61d1,70.68729,Pitching,25410021,,,,,,,,,,,,,,,,,,,,,,,,9def91c1-c951-483e-bfa4-ceb237144985,97ec3e98-4493-468c-a091-f7a435a5e9c5
158,2026-09-13,10:56:56.37,"Peterson, Charlie",1000616565,Right,,,,,,Fastball,Live,,85.85239,-0.667174114,-1.116271337,1541.619541,231.5150945,1:45,5.39364,1.45527,6.99019,-25.72038,10.7483,13.55581,2.64355,1.56991,78.00238,-5.612325049,1.499995802,0.4346417308,-7.97257,6.25405,-1.39158,50,5.34391,2.10339,-125.10795,-2.09153,-12.50048,27.76614,-22.3681,31878421-7d27-4bb1-8474-920a10ca52c8,bdaf26be-3f88-4036-9791-de33726a61d1,86.72071,Pitching,25410021,,,,,,,,,,,,,,,,,,,,32.09427163,1306.021605,0.8471750458,,14ab1e84-21fc-4121-a374-50147f59580a,97ec3e98-4493-468c-a091-f7a435a5e9c5
159,2026-09-13,10:57:11.34,"Peterson, Charlie",1000616565,Right,,,,,,Fastball,Live,,85.40743,-2.494244986,-3.260842453,1793.783909,230.5097732,1:45,5.30757,1.33331,6.96328,-24.44888,12.49211,15.1614,0.99618,-0.37266,77.89015,-7.170852438,-0.3443177557,0.4374472324,-9.48975,7.76236,-1.1372,50,5.14474,6.70083,-124.19015,-6.02289,-14.7157,26.51662,-20.137,c0906e65-1f3d-4716-ab75-16367c9703ee,bdaf26be-3f88-4036-9791-de33726a61d1,86.16454,Pitching,25410021,,,,,,,,,,,,,,,,,,,,27.75891873,1587.346555,0.8849151486,,09b7d629-10c1-48c4-a4ed-ff23667dde1e,97ec3e98-4493-468c-a091-f7a435a5e9c5
160,2026-09-13,10:57:28.15,"Peterson, Charlie",1000616565,Right,,,,,,Sweeper,Live,,69.13602,1.932479558,-2.361715136,1825.635259,74.32830805,8:30,5.14231,1.77403,6.06092,-63.2024,-4.1521,-14.7011,1.66595,-1.63781,62.89179,-9.982927996,-5.154531615,0.5530729747,7.21422,-2.92364,-1.58324,50,5.25881,4.49327,-100.39783,1.87472,7.20626,19.48818,-35.09447,a47dea7f-5167-4945-a8cb-4c97e61cb67a,bdaf26be-3f88-4036-9791-de33726a61d1,68.15093,Pitching,25410021,,,,,,,,,,,,,,,,,,,63.54717976,57.05231023,992.9139328,0.5438731138,8:00,9703c0be-76c0-4e21-9493-9c19c8578177,97ec3e98-4493-468c-a091-f7a435a5e9c5
161,2026-09-13,10:57:43.78,"Peterson, Charlie",1000616565,Right,,,,,,Sweeper,Live,,69.67995,1.346503796,-2.438205306,1896.293467,70.70691706,8:15,5.09699,1.78526,6.58528,-63.0589,-6.01929,-17.11884,1.07715,-1.87664,63.50046,-10.63741231,-5.722566576,0.5435752182,8.67132,-3.81709,-1.61148,50,5.16272,4.68491,-101.29765,1.0143,8.79453,20.23492,-36.04538,a247730a-c490-4651-b279-a0f14326444e,bdaf26be-3f88-4036-9791-de33726a61d1,69.34172,Pitching,25410021,,,,,,,,,,,,,,,,,,,,54.00440783,1114.495308,0.5877230119,,2052033f-7c17-434f-806f-e00c37d1c2ed,97ec3e98-4493-468c-a091-f7a435a5e9c5
162,2026-09-13,10:58:04.80,"Peterson, Charlie",1000616565,Right,,,,,,Splitter,Live,,71.63187,2.208682675,-2.276446077,,,,5.32739,1.51125,6.54535,-54.19962,0.01446,10.08356,2.83859,0.26309,64.32199,-8.191563381,-0.3317060506,0.5299409407,-6.41263,-0.7779,-1.35838,50,5.45696,3.91086,-104.07622,2.80017,-6.84869,21.74642,-33.00484,af2ca64c-a352-4d62-96d6-21b05a1ce711,bdaf26be-3f88-4036-9791-de33726a61d1,71.12574,Pitching,25410021,,,,,,,,,,,,,,,,,,,,,,,,f4b4a81e-2abc-4a51-9242-879e7d186fe1,97ec3e98-4493-468c-a091-f7a435a5e9c5
163,2026-09-13,10:58:25.52,"Peterson, Charlie",1000616565,Right,,,,,,Splitter,Live,,71.20487,0.231633652,-1.94337994,,,,5.24092,1.309,7.07107,-59.63868,-5.68435,1.5559,0.48142,-0.32615,64.25862,-11.27560509,-1.639485368,0.5286698667,-1.61422,-3.31162,-1.1932,50,5.23547,3.48558,-103.62562,-0.75294,-1.69697,22.66796,-35.65543,ee4be842-abb4-4241-817d-0c7f6b0b2323,bdaf26be-3f88-4036-9791-de33726a61d1,71.29674,Pitching,25410021,,,,,,,,,,,,,,,,,,,,,,,,7cb8798c-67f7-459e-9749-e558a8eea83b,97ec3e98-4493-468c-a091-f7a435a5e9c5
164,2026-09-13,10:58:46.89,"Peterson, Charlie",1000616565,Right,,,,,,Fastball,Live,,86.03106,-0.7315280344,-2.602970538,1885.658309,230.7858311,1:45,5.27275,1.61377,7.11562,-22.07386,14.37276,17.65533,2.76906,0.72257,77.45612,-5.006166957,0.824163721,0.4345102865,-10.86184,8.38164,-1.46562,50,5.22245,5.27395,-125.23997,-2.12545,-16.93335,29.64524,-19.10727,1e4c2f8a-1ffe-4564-8199-27ec3aa0e6f2,bdaf26be-3f88-4036-9791-de33726a61d1,86.74694,Pitching,25410021,,,,,,,,,,,,,,,,,,,211.1449685,27.45764832,1673.242491,0.8873519044,1:00,b62f075f-184f-43f3-9856-4edf92980dae,97ec3e98-4493-468c-a091-f7a435a5e9c5
165,2026-09-13,11:00:05.72,"Ireland, Cameron",1000620472,Right,,,,,,Fastball,Live,,84.03997,-1.041387938,-3.534774198,2072.146041,216.8516934,1:15,5.9091,2.19014,6.11667,-20.41953,19.10557,14.35729,3.24286,0.11481,76.03889,-4.909608684,-0.8120599318,0.4524888427,-8.9135,10.73452,-1.92693,50,5.81867,7.12211,-122.06308,-2.81748,-13.31165,26.29997,-16.14283,28e0a3b8-6166-4ac9-b7b9-a018ee706549,bdaf26be-3f88-4036-9791-de33726a61d1,83.30026,Pitching,25410021,,,,,,,,,,,,,,,,,,,,27.97231729,1830.066165,0.883174317,,92dad4b0-c1d8-4745-baf0-cfd01d449e32,97ec3e98-4493-468c-a091-f7a435a5e9c5
166,2026-09-13,11:00:16.57,"Ireland, Cameron",1000620472,Right,,,,,,Fastball,Live,,84.72634,-0.7816698701,-3.640894587,2147.229677,219.2886557,1:15,5.92334,2.38487,5.96615,-21.45732,17.84409,14.64395,3.40907,0.22536,76.26085,-4.846305884,-0.8645743983,0.451206574,-9.12379,9.93826,-2.10453,50,5.84954,7.3854,-122.98056,-2.32601,-13.7604,27.85032,-17.18526,9bc9798b-920c-4dee-8109-852e5bf3f31a,bdaf26be-3f88-4036-9791-de33726a61d1,83.53699,Pitching,25410021,,,,,,,,,,,,,,,,,,,193.9965084,30.89001847,1842.654503,0.8581543571,12:30,aedf651d-063b-4191-a035-b5b7b648aeec,97ec3e98-4493-468c-a091-f7a435a5e9c5
167,2026-09-13,11:00:30.65,"Ireland, Cameron",1000620472,Right,,,,,,Fastball,Live,,85.56574,-0.9072074121,-3.908683134,2156.313281,205.9894795,12:45,6.01623,2.06522,5.7871,-21.90233,16.54809,8.09647,3.34514,-0.90148,77.85031,-5.015921734,-2.388975899,0.4462948793,-5.49113,9.16497,-1.74813,50,5.92836,8.23081,-124.21126,-2.66394,-8.54226,25.86734,-17.91659,79f5b176-f9ac-4cde-be6f-077d9df204e1,bdaf26be-3f88-4036-9791-de33726a61d1,84.45636,Pitching,25410021,,,,,,,,,,,,,,,,,,,,42.44128933,1591.292837,0.7379692232,,03c76d15-1d3e-4eb1-9e9b-16006e5281ea,97ec3e98-4493-468c-a091-f7a435a5e9c5
168,2026-09-13,11:00:41.87,"Ireland, Cameron",1000620472,Right,,,,,,Fastball,Live,,85.62188,-1.272376785,-2.666937633,2174.485456,204.6731514,12:45,5.99397,2.01455,6.04073,-19.26705,18.65296,8.58645,3.20902,0.25939,77.98574,-4.904476879,-1.045076005,0.4432059796,-5.43146,10.49201,-1.81153,50,5.88445,5.5388,-124.48824,-3.35123,-8.49089,25.88063,-15.77209,ea3e19a9-cfaf-4d95-b854-9a51b4b13b4e,bdaf26be-3f88-4036-9791-de33726a61d1,85.04497,Pitching,25410021,,,,,,,,,,,,,,,,,,,,34.73273106,1787.032805,0.8218186975,,d0dc5160-576b-4d0d-87a1-a41df993a359,97ec3e98-4493-468c-a091-f7a435a5e9c5
169,2026-09-13,11:00:53.33,"Ireland, Cameron",1000620472,Right,,,,,,Fastball,Live,,85.95727,-0.7063312354,-3.967543014,2026.205041,222.9475564,1:30,5.87746,2.3111,6.02945,-23.2481,14.60475,13.64439,3.28449,-0.23146,77.96107,-5.096369681,-1.389316773,0.4428133257,-8.60004,8.1428,-2.00851,50,5.80966,8.24209,-124.79994,-2.24722,-13.46155,26.87713,-19.4282,c4647428-9b53-4539-9b84-598d82662d17,bdaf26be-3f88-4036-9791-de33726a61d1,85.12038,Pitching,25410021,,,,,,,,,,,,,,,,,,,,42.49374711,1494.024439,0.7373510619,,c453ebb1-aeb6-4cab-ac28-1fcde0e44581,97ec3e98-4493-468c-a091-f7a435a5e9c5
170,2026-09-13,11:01:05.16,"Ireland, Cameron",1000620472,Right,,,,,,Fastball,Live,,84.55589,-0.04877844564,-2.948979044,2009.354247,231.0752972,1:45,5.74706,2.38062,5.99631,-29.40728,9.12202,11.34927,3.2512,0.59169,77.96555,-5.554303252,-0.8198257288,0.4467524703,-6.88177,4.94099,-2.15499,50,5.72689,5.99222,-123.03031,-1.00056,-10.63612,22.49585,-24.53749,08ea068d-8a31-4b3f-ae86-4711a67a602a,bdaf26be-3f88-4036-9791-de33726a61d1,84.36985,Pitching,25410021,,,,,,,,,,,,,,,,,,,211.5771983,43.21534992,1464.38765,0.7287852065,1:00,ecfbe4d1-5640-4bdc-90a3-3f3de270b950,97ec3e98-4493-468c-a091-f7a435a5e9c5
171,2026-09-13,11:01:17.21,"Ireland, Cameron",1000620472,Right,,,,,,Cutter,Live,,83.17999,-0.9171094075,-3.775232156,2184.18206,201.3058791,12:45,5.97444,2.2592,5.48691,-29.44354,11.09859,4.34875,2.66099,-0.91491,77.06498,-6.353433132,-2.970280477,0.4582734853,-3.22128,6.10454,-1.93144,50,5.87408,7.83224,-120.85718,-2.90442,-4.82385,20.80298,-23.03252,a1b86978-277a-4d6d-a849-2a34f421af78,bdaf26be-3f88-4036-9791-de33726a61d1,82.24879,Pitching,25410021,,,,,,,,,,,,,,,,,,,206.151096,58.31074919,1147.377095,0.5253120222,12:45,5df10748-ddc3-4a31-a0dd-4bdce4d2b517,97ec3e98-4493-468c-a091-f7a435a5e9c5
172,2026-09-13,11:01:28.73,"Ireland, Cameron",1000620472,Right,,,,,,Cutter,Live,,80.75786,-0.59512525,-3.64981969,2166.472859,169.887262,11:45,5.95935,2.1216,5.37609,-35.23111,7.94032,-1.42561,2.46443,-1.42297,75.01943,-7.074213596,-3.912929362,0.4729003095,-0.13233,4.33553,-1.79384,50,5.88119,7.53145,-117.34618,-2.36343,-0.18684,19.58522,-26.05258,b64d1d8f-6e29-4824-9383-aec5a35772d5,bdaf26be-3f88-4036-9791-de33726a61d1,79.70483,Pitching,25410021,,,,,,,,,,,,,,,,,,,,,,,,8b783eb5-2288-4a51-aba1-bf377d9622fa,97ec3e98-4493-468c-a091-f7a435a5e9c5
173,2026-09-13,11:01:41.37,"Ireland, Cameron",1000620472,Right,,,,,,Splitter,Live,,77.56974,-0.4061263439,-2.087986794,1111.863917,231.127376,1:45,6.00222,2.10865,5.18837,-36.9968,10.46643,13.03713,2.53689,1.2302,71.26616,-7.239054398,0.3325149148,0.4958496618,-7.42467,5.61371,-1.92477,50,5.93697,3.69596,-112.74428,-1.97601,-9.57292,20.1709,-24.93607,664ec626-1fa6-4a77-8a00-822cbbdd201b,bdaf26be-3f88-4036-9791-de33726a61d1,76.01586,Pitching,25410021,,,,,,,,,,,,,,,,,,,,24.0353231,1015.459233,0.9132945291,,42ef4513-890a-47d2-a3fc-88247a6f0f8c,97ec3e98-4493-468c-a091-f7a435a5e9c5
174,2026-09-13,11:01:53.32,"Ireland, Cameron",1000620472,Right,,,,,,Splitter,Live,,76.51094,0.1817496975,-1.727100203,995.7222672,226.4923167,1:30,6.18801,2.05101,5.1767,-39.98545,8.6358,9.14554,3.02696,1.18774,70.54847,-7.191563896,-0.03247365227,0.5018621802,-5.25496,4.4864,-1.8974,50,6.17487,3.06654,-111.26182,-0.90743,-6.62309,18.94428,-26.51962,1be9db2e-065a-423a-8507-b2f9f9bca9fb,bdaf26be-3f88-4036-9791-de33726a61d1,75.10516,Pitching,25410021,,,,,,,,,,,,,,,,,,,,22.42630639,920.4167621,0.9243709742,,132bd9f9-43e3-4beb-9068-ee016730ea36,97ec3e98-4493-468c-a091-f7a435a5e9c5
175,2026-09-13,11:02:05.59,"Ireland, Cameron",1000620472,Right,,,,,,Fastball,Live,,84.63304,0.04919844097,-2.532825957,2082.766361,205.2056111,12:45,5.92065,2.01517,5.68357,-25.48201,13.35037,6.30532,3.84304,0.17853,78.08611,-4.693490802,-1.357739373,0.4485060994,-3.99593,7.11649,-1.80614,50,5.90876,5.24385,-123.14714,-0.7168,-6.20029,22.06643,-21.13175,771445ae-7f30-4d86-afe6-7bda1d8a6ba5,bdaf26be-3f88-4036-9791-de33726a61d1,84.03997,Pitching,25410021,,,,,,,,,,,,,,,,,,,,40.64432319,1580.335738,0.7587676506,,36c122b0-c528-476a-b5cd-2a1856e78a1c,97ec3e98-4493-468c-a091-f7a435a5e9c5
176,2026-09-13,11:02:20.10,"Ireland, Cameron",1000620472,Right,,,,,,Fastball,Live,,84.73778,-1.926125105,-3.468097706,2202.697206,219.2486529,1:15,5.84982,2.10162,6.01138,-22.26451,16.17316,13.23436,2.20641,-0.01179,78.09985,-6.090287594,-0.9853010531,0.4462209509,-8.04117,9.23652,-1.83698,50,5.68634,7.06182,-123.16215,-4.82627,-12.44966,22.63737,-17.8737,a7f3b03e-9cfe-45e4-af3a-e8c1b738c678,bdaf26be-3f88-4036-9791-de33726a61d1,84.47035,Pitching,25410021,,,,,,,,,,,,,,,,,,,189.8783577,37.31434866,1751.852881,0.7953216974,12:15,ff2a54a3-2632-4a52-a579-282a3aa80215,97ec3e98-4493-468c-a091-f7a435a5e9c5
177,2026-09-13,11:02:32.47,"Ireland, Cameron",1000620472,Right,,,,,,Curveball,Live,,72.51795,0.4730105503,-1.129142397,2068.224655,50.28426441,7:45,5.9899,1.91679,5.44813,-66.32647,-11.90492,-14.28198,0.90557,-0.33049,66.80072,-11.79664129,-3.807913769,0.5309539397,7.25023,-6.48925,-1.80763,50,5.98697,2.47985,-105.37893,-1.00071,8.04847,20.04316,-39.37775,e55cc110-0813-4de9-98da-839bbc3c37a3,bdaf26be-3f88-4036-9791-de33726a61d1,70.99004,Pitching,25410021,,,,,,,,,,,,,,,,,,,,35.89002579,1675.559186,0.8101437055,,ee715cc7-f088-4120-9edd-de4a38b0873d,97ec3e98-4493-468c-a091-f7a435a5e9c5
178,2026-09-13,11:02:44.10,"Ireland, Cameron",1000620472,Right,,,,,,Curveball,Live,,73.34726,1.510982388,-1.181859203,1936.189832,42.45955477,7:30,6.05787,1.9692,5.43863,-65.74817,-13.00787,-11.86669,1.99415,-0.12637,67.92779,-10.63473035,-3.396075881,0.5226882136,5.96503,-7.33591,-1.85672,50,6.14658,2.54196,-106.63206,0.91783,6.85356,18.69459,-40.60268,86ffafd6-d17e-487b-8ffe-00a0bf218abb,bdaf26be-3f88-4036-9791-de33726a61d1,72.11266,Pitching,25410021,,,,,,,,,,,,,,,,,,,,41.6282733,1447.244544,0.747470377,,f719fbe1-11f2-474f-b30e-9f55b3c3bfb4,97ec3e98-4493-468c-a091-f7a435a5e9c5
179,2026-09-13,11:02:57.71,"Ireland, Cameron",1000620472,Right,,,,,,Slider,Live,,75.25022,1.825277975,-2.299589569,2331.917068,72.2731682,8:30,5.82422,2.21177,5.33899,-54.49206,-4.23493,-13.17388,2.99728,-1.04421,69.43294,-8.240781356,-4.744753636,0.5102349941,6.32945,-2.74423,-1.99526,50,5.95025,4.78641,-109.32065,1.84688,7.66374,19.17556,-35.49678,6d857485-da41-4a44-888c-54b7f6486412,bdaf26be-3f88-4036-9791-de33726a61d1,73.8727,Pitching,25410021,,,,,,,,,,,,,,,,,,,,52.69771444,1413.188689,0.6060201316,,30177bee-2a77-43c4-887f-86ec802b34a0,97ec3e98-4493-468c-a091-f7a435a5e9c5
180,2026-09-13,11:03:09.95,"Ireland, Cameron",1000620472,Right,,,,,,Sweeper,Live,,75.785,-0.7285004402,-3.612409282,2463.730371,85.18367859,8:45,5.80594,2.23972,5.41348,-52.0095,-1.82549,-21.0088,0.78804,-2.89922,69.62234,-10.30691149,-7.524219583,0.509863645,10.01747,-0.7367,-1.90439,50,5.70578,7.55849,-109.89864,-2.93595,12.06734,22.20501,-33.0615,aa43dead-4b6d-4865-9dfb-c248faa6bde5,bdaf26be-3f88-4036-9791-de33726a61d1,73.92651,Pitching,25410021,,,,,,,,,,,,,,,,,,,,,,,,0ac9aa4b-7d26-4808-b693-75bc62e13b9a,97ec3e98-4493-468c-a091-f7a435a5e9c5
181,2026-09-13,11:03:33.48,"Ireland, Cameron",1000620472,Right,,,,,,Slider,Live,,76.0571,2.679212638,-1.284524253,2335.382158,54.31844681,7:45,5.89142,2.48759,5.08048,-59.44312,-8.43911,-11.70025,3.46547,0.3017,68.16808,-8.427930197,-3.482352357,0.5140123308,5.71218,-5.42021,-2.35727,50,6.10019,2.8318,-110.19367,3.32412,6.82741,24.67431,-38.65249,b0c9e5ff-3e49-44e8-be23-d6f28b6ec10e,bdaf26be-3f88-4036-9791-de33726a61d1,73.32983,Pitching,25410021,,,,,,,,,,,,,,,,,,,,,,,,064667dc-898c-46fc-8d7d-bd145b68318b,97ec3e98-4493-468c-a091-f7a435a5e9c5
182,2026-09-13,11:03:49.59,"Ireland, Cameron",1000620472,Right,,,,,,Slider,Live,,76.09427,0.4718323336,-2.773546121,2372.870782,34.31514879,7:15,5.82709,2.39975,5.08597,-62.39549,-11.69952,-7.96778,1.07266,-0.88009,69.15424,-11.06990472,-4.263585036,0.5124577689,3.24195,-6.33102,-2.13151,50,5.82454,5.59072,-110.30752,-1.02344,3.90276,23.82012,-39.79551,a43c07f3-2167-40be-a39a-f8f284bdeb4d,bdaf26be-3f88-4036-9791-de33726a61d1,73.55228,Pitching,25410021,,,,,,,,,,,,,,,,,,,,,,,,6ad11281-8b44-498f-bb79-b63e09b6b7ae,97ec3e98-4493-468c-a091-f7a435a5e9c5
183,2026-09-13,11:04:02.05,"Ireland, Cameron",1000620472,Right,,,,,,Fastball,Live,,85.13148,-0.1553011558,-2.878891942,2184.037051,194.1976997,12:30,6.0388,2.06568,5.97817,-20.04323,19.35376,4.91075,4.22441,-0.1956,75.49783,-3.98447144,-1.940308382,0.451754995,-3.73962,10.60733,-1.84101,50,6.01567,6.067,-123.54826,-0.93143,-5.60253,31.65935,-16.28263,872b620a-460f-4217-a836-426a3c69af50,bdaf26be-3f88-4036-9791-de33726a61d1,83.43558,Pitching,25410021,,,,,,,,,,,,,,,,,,,194.8084359,39.7027348,1680.330544,0.769369065,12:30,8a23f1ba-cd97-4500-9dbc-08e49e0d1fb7,97ec3e98-4493-468c-a091-f7a435a5e9c5
184,2026-09-13,11:04:17.18,"Ireland, Cameron",1000620472,Right,,,,,,Fastball,Live,,84.68151,-0.1517713571,-2.227126291,2092.673503,228.4420014,1:30,5.76941,2.47365,5.79845,-25.75403,13.7655,15.57444,3.48199,1.6993,76.26981,-5.016798627,0.7217294591,0.4524569217,-9.12721,7.4778,-2.30003,50,5.74178,4.30274,-123.03911,-1.12368,-13.76954,28.02535,-20.89285,5780a8e9-7275-4596-aeed-ee76624f9c54,bdaf26be-3f88-4036-9791-de33726a61d1,83.30614,Pitching,25410021,,,,,,,,,,,,,,,,,,,,,,,,5cd3c680-f397-4181-9833-6307f5ac81b2,97ec3e98-4493-468c-a091-f7a435a5e9c5
185,2026-09-13,11:04:30.62,"Ireland, Cameron",1000620472,Right,,,,,,Fastball,Live,,84.94578,-2.131314154,-2.648359201,2103.336482,235.7485762,1:45,5.85942,2.25155,5.9287,-29.34516,9.69541,14.25604,1.43374,0.98092,77.06577,-7.651267026,0.05204531439,0.4497068197,-8.55781,5.9247,-2.04816,50,5.6727,5.27237,-123.35497,-5.48793,-13.01838,27.45019,-23.16122,821f7e59-f03d-4715-b450-79c1b1ba28c9,bdaf26be-3f88-4036-9791-de33726a61d1,83.81558,Pitching,25410021,,,,,,,,,,,,,,,,,,,,34.23534296,1738.899142,0.8267336953,,49df2a40-683a-444b-b756-054415f4cc39,97ec3e98-4493-468c-a091-f7a435a5e9c5
186,2026-09-13,11:04:44.30,"Ireland, Cameron",1000620472,Right,,,,,,Cutter,Live,,79.45556,-1.319300488,-4.84468696,2189.658289,214.4226513,1:15,6.01826,2.18878,5.30124,-38.18684,6.81725,4.70685,1.593,-1.97732,73.69121,-8.324220186,-3.977286603,0.4828335007,-3.69602,3.92312,-1.75166,50,5.87056,9.61391,-115.21225,-3.88979,-5.0157,19.47556,-26.85017,eeb10d53-916e-4538-9d21-244cf60e2bfa,bdaf26be-3f88-4036-9791-de33726a61d1,78.06509,Pitching,25410021,,,,,,,,,,,,,,,,,,,,75.93769077,532.0364929,0.2429769502,,7b298a82-0dc6-4b04-8cea-8f3618312a7e,97ec3e98-4493-468c-a091-f7a435a5e9c5
187,2026-09-13,11:04:59.57,"Ireland, Cameron",1000620472,Right,,,,,,Cutter,Live,,80.69329,-0.6465830023,-2.827947541,2148.400687,233.0964076,1:45,5.84573,2.10978,5.54168,-37.8004,5.88388,7.88734,2.09074,0.12232,73.57124,-7.696773581,-1.348912356,0.4757009117,-5.05904,3.33439,-1.87007,50,5.76503,5.5446,-117.19824,-2.49679,-6.98209,23.74554,-27.57219,305a3245-72d5-4e03-82a4-838343fc70e8,bdaf26be-3f88-4036-9791-de33726a61d1,79.23558,Pitching,25410021,,,,,,,,,,,,,,,,,,,,,,,,22afeb8a-dedb-48a4-a04b-b753602938cb,97ec3e98-4493-468c-a091-f7a435a5e9c5
188,2026-09-13,11:05:14.93,"Ireland, Cameron",1000620472,Right,,,,,,Splitter,Live,,76.82386,-1.166925114,-2.568135906,1136.121685,244.2157597,2:15,6.04182,2.02651,5.31268,-43.52294,5.0363,10.49777,1.31855,0.48963,70.37563,-9.221254455,-0.6079137567,0.5015420563,-6.31632,3.0111,-1.80135,50,5.90519,4.68156,-111.5545,-3.60931,-7.9089,21.25543,-28.40373,1d00cf2a-0ea2-46ca-ae2d-8a11dbaad34d,bdaf26be-3f88-4036-9791-de33726a61d1,75.1531,Pitching,25410021,,,,,,,,,,,,,,,,,,,,40.1482534,868.4271722,0.7643786612,,dc3408d1-7930-47c6-a78f-a114c4859360,97ec3e98-4493-468c-a091-f7a435a5e9c5
189,2026-09-13,11:05:26.65,"Ireland, Cameron",1000620472,Right,,,,,,Curveball,Live,,73.03229,-0.409810171,-2.730631134,2061.449694,31.11547454,7:00,6.03547,2.03367,5.25993,,,,,,,,,,4.41893,-8.84791,-1.77658,50,5.94697,5.34219,-105.85057,-2.82925,4.86252,23.13598,-41.91016,38764cac-dd12-4e48-aae6-be059d8f5f3e,bdaf26be-3f88-4036-9791-de33726a61d1,,Pitching,25410021,,,,,,,,,,,,,,,,,,,,38.47551784,1613.855538,0.7828740824,,4797b142-ebbf-4c88-ad36-b1303e67834d,97ec3e98-4493-468c-a091-f7a435a5e9c5
190,2026-09-13,11:05:41.96,"Ireland, Cameron",1000620472,Right,,,,,,Curveball,Live,,75.1728,1.218256849,-2.706941259,2366.110947,41.38611604,7:30,5.82562,2.41558,5.05617,-66.14777,-14.24504,-12.53666,1.4635,-1.1835,68.52708,-10.99527045,-5.045109863,0.5185212191,5.68253,-7.90947,-2.14866,50,5.89088,5.53835,-108.97212,0.28263,6.69301,22.80785,-41.48999,345f7afd-9268-44b4-bdd3-b0753f6d3f5c,bdaf26be-3f88-4036-9791-de33726a61d1,72.69218,Pitching,25410021,,,,,,,,,,,,,,,,,,,31.80018183,49.70028779,1530.367314,0.6467859487,7:00,866d0f68-2589-4814-a09f-2de9c94d0a97,97ec3e98-4493-468c-a091-f7a435a5e9c5
191,2026-09-13,11:05:53.42,"Ireland, Cameron",1000620472,Right,,,,,,Cutter,Live,,78.66611,-0.2621772788,-2.569620223,1982.430281,214.9600346,1:15,5.91478,2.38569,5.2407,-37.23943,8.61199,6.05312,2.56488,0.47381,72.64749,-7.126874271,-1.448864597,0.4873576625,-3.84414,4.59708,-2.15418,50,5.86329,4.9378,-114.36052,-1.72056,-5.12848,19.63054,-26.04108,2c71ac74-c32e-436e-9831-f0d5ff42d0bc,bdaf26be-3f88-4036-9791-de33726a61d1,77.3404,Pitching,25410021,,,,,,,,,,,,,,,,,,,,,,,,1a819cbc-a730-42eb-890f-a69adc4e9b58,97ec3e98-4493-468c-a091-f7a435a5e9c5
192,2026-09-13,11:06:05.94,"Ireland, Cameron",1000620472,Right,,,,,,,Live,,79.943,-2.937441882,-4.086939015,1922.676605,232.7449211,1:45,5.92307,2.1256,5.66462,,,,,,,,,,-3.70068,2.74832,-1.78297,50,5.64868,8.13942,-115.78491,-7.19298,-4.95534,24.3648,-28.49396,3d3e4b6d-2f60-4d4d-a625-a63a59feafe8,bdaf26be-3f88-4036-9791-de33726a61d1,,Pitching,25410021,,,,,,,,,,,,,,,,,,,,,,,,14cb5216-83fc-460a-8cbd-ea44b7cbdc63,97ec3e98-4493-468c-a091-f7a435a5e9c5
193,2026-09-13,11:06:20.44,"Ireland, Cameron",1000620472,Right,,,,,,Fastball,Live,,85.88413,-1.661789362,-3.173181239,2213.508124,203.2637395,12:45,5.91733,2.10057,6.19876,-18.73354,19.46426,8.38528,2.81961,-0.13246,76.74908,-5.237226178,-1.569561911,0.4448264581,-5.70868,11.25815,-1.86635,50,5.78308,6.66857,-124.66209,-4.16421,-8.76589,30.71762,-14.88674,932d3884-f2ef-4927-b8c2-6e9f16adf2b3,bdaf26be-3f88-4036-9791-de33726a61d1,84.73516,Pitching,25410021,,,,,,,,,,,,,,,,,,,,32.42957986,1868.314153,0.8440511839,,0454eb0f-0be9-4fd0-a98d-a11e4faa6272,97ec3e98-4493-468c-a091-f7a435a5e9c5
194,2026-09-13,11:07:33.28,"Powell, Kasen",1000539201,Right,,,,,,Fastball,Live,,79.13962,,,1912.520789,,,6.08127,2.65888,7.01778,,,,3.10371,0.54726,71.77164,,,0.4720113587,-5.67216,11.5387,-2.47394,50,6.00337,6.02444,-115.16738,-2.83913,-7.53264,23.62823,-16.85061,c15521d1-c5a9-4279-b23d-ae7dbf5f0e87,bdaf26be-3f88-4036-9791-de33726a61d1,79.85494,Pitching,25410021,,,,,,,,,,,,,,,,,,,,31.11611256,1637.350726,0.8561217927,,711c5465-7e87-4434-98b4-2974631bb843,97ec3e98-4493-468c-a091-f7a435a5e9c5
195,2026-09-13,11:07:47.30,"Powell, Kasen",1000539201,Right,,,,,,Fastball,Live,,79.42332,-0.7399130211,-2.376375148,1859.93466,198.616924,12:30,5.86969,2.5678,6.95244,-30.15968,12.08492,4.0853,2.68257,0.74489,73.10744,-6.491242419,-1.594244573,0.4677965357,-2.9336,6.97127,-2.42208,50,5.81312,4.70773,-115.73196,-2.19781,-3.98808,21.12463,-22.69696,9658c72c-8746-4f4e-b178-67b1cc4d3788,bdaf26be-3f88-4036-9791-de33726a61d1,80.57443,Pitching,25410021,,,,,,,,,,,,,,,,,,,,,,,,ef4e8232-0e4a-4cff-b810-d0579c01f399,97ec3e98-4493-468c-a091-f7a435a5e9c5
196,2026-09-13,11:08:01.00,"Powell, Kasen",1000539201,Right,,,,,,,Live,,80.79249,-1.135928118,-1.596157682,1983.126468,217.1574533,1:15,6.00985,2.70554,6.95499,-26.03324,14.8261,11.25955,2.80643,2.1913,74.18536,-6.107878237,0.5637388488,0.4600627755,-6.75298,8.62487,-2.61079,50,5.93033,3.01532,-117.75803,-2.95099,-9.48663,22.2667,-20.05778,293daf6e-4ff5-41e7-8760-ba634d39d924,bdaf26be-3f88-4036-9791-de33726a61d1,81.9289,Pitching,25410021,,,,,,,,,,,,,,,,,,,,34.45940001,1635.14199,0.8245273391,,85064e3b-264b-4f72-a9a2-22cec27b1ce1,97ec3e98-4493-468c-a091-f7a435a5e9c5
197,2026-09-13,11:08:15.60,"Powell, Kasen",1000539201,Right,,,,,,Fastball,Live,,80.88513,0.268350341,-3.682550695,1885.236449,202.9428124,12:45,6.02983,2.60652,6.72759,-27.51055,13.51258,5.74686,3.983,-0.28417,74.50682,-4.953582127,-2.591254444,0.4609839045,-4.14112,7.43078,-2.36611,50,6.03652,7.43249,-117.7179,-0.13675,-5.85145,20.88589,-21.67429,46041747-1604-4779-906e-891ce0cf1a99,bdaf26be-3f88-4036-9791-de33726a61d1,81.7652,Pitching,25410021,,,,,,,,,,,,,,,,,,,,,,,,f4695de1-20eb-4ace-9945-2bb1520db393,97ec3e98-4493-468c-a091-f7a435a5e9c5
198,2026-09-13,11:08:29.37,"Powell, Kasen",1000539201,Right,,,,,,Fastball,Live,,74.90047,-3.493997815,-3.134992062,1580.12947,224.1282307,1:30,5.71854,2.51534,7.40635,,,,,,,,,,-8.46946,8.81652,-2.34957,50,5.52027,5.71045,-108.90994,-7.30819,-10.1043,20.32605,-21.6557,c160598d-0e26-4b34-90b1-ea1e58c8c65f,bdaf26be-3f88-4036-9791-de33726a61d1,,Pitching,25410021,,,,,,,,,,,,,,,,,,,,26.70309741,1411.604075,0.8933470968,,88a51d38-5027-437a-9fb5-63a71408ce4d,97ec3e98-4493-468c-a091-f7a435a5e9c5
199,2026-09-13,11:08:46.29,"Powell, Kasen",1000539201,Right,,,,,,,Live,,74.05919,0.1590924977,-2.836291834,1720.92959,202.5393154,12:45,5.93589,2.92568,7.43944,-29.76384,19.00061,7.91258,3.59914,1.02653,66.48642,-5.649948723,-1.288765495,0.502600638,-5.52197,10.84405,-2.77621,50,5.93654,5.19512,-107.84094,-0.25562,-6.35139,22.8243,-19.70119,7b471206-5f13-420a-bb50-54a032c7385e,bdaf26be-3f88-4036-9791-de33726a61d1,74.99481,Pitching,25410021,,,,,,,,,,,,,,,,,,,206.4662455,34.01206846,1426.512558,0.828919769,1:00,61e98bb2-a337-42ab-88b4-21de8a97102b,97ec3e98-4493-468c-a091-f7a435a5e9c5
200,2026-09-13,11:09:48.55,"Powell, Kasen",1000539201,Right,,,,,,Fastball,Live,,80.35091,-2.127780191,-2.756129976,1951.86167,202.6999269,12:45,5.97221,2.53964,7.10703,-28.02837,13.25341,5.55685,1.70321,0.5006,73.72249,-7.48630673,-1.686930125,0.4624349267,-3.92357,8.0857,-2.37818,50,5.83692,5.50606,-116.97555,-4.98273,-5.42107,22.64601,-21.00229,4daa32c8-59f4-4788-bfda-4cd8f12a4fd5,444132a5-54be-4413-926a-94c09785937e,81.50863,Pitching,25410021,,,,,,,,,,,,,,,,,,,,37.53243586,1547.843062,0.7930085857,,1ab40dee-ad7a-4ac9-8c29-4b5424f14eb7,97ec3e98-4493-468c-a091-f7a435a5e9c5
201,2026-09-13,11:10:04.62,"Powell, Kasen",1000539201,Right,,,,,,Fastball,Live,,80.47928,-1.400781986,-3.868041179,1981.735592,203.8263981,12:45,5.90165,2.80232,6.95374,-27.20891,14.31691,6.34562,2.35663,-0.19342,73.55861,-6.600680499,-2.651627513,0.4637997172,-4.68791,8.44227,-2.56487,50,5.80515,7.76471,-117.03686,-3.5051,-6.47293,23.01877,-20.51719,502d29fa-5ecc-45ea-a90e-3b735bca40f8,444132a5-54be-4413-926a-94c09785937e,81.26878,Pitching,25410021,,,,,,,,,,,,,,,,,,,,37.0532254,1581.575821,0.7980761043,,8a7ccf2a-e7ff-44b4-912e-27615eadf9a5,97ec3e98-4493-468c-a091-f7a435a5e9c5
202,2026-09-13,11:10:17.59,"Powell, Kasen",1000539201,Right,,,,,,,Live,,72.50621,1.921094091,-1.591435344,1639.186306,208.1796295,1:00,6.07188,2.74096,7.20479,-34.25165,16.18629,8.69695,4.95831,2.0244,66.18017,-4.681474561,0.08765940733,0.5111519887,-5.38259,8.61104,-2.65213,50,6.17185,2.76317,-105.66363,2.86629,-6.06416,18.58811,-22.47264,6d254bff-f09e-4868-b05d-bfbd8aa2c34e,444132a5-54be-4413-926a-94c09785937e,73.74018,Pitching,25410021,,,,,,,,,,,,,,,,,,,,37.3796318,1302.547413,0.7946304876,,cf6ef482-ef18-492c-ad72-b762d55a7e49,97ec3e98-4493-468c-a091-f7a435a5e9c5
203,2026-09-13,11:10:31.18,"Powell, Kasen",1000539201,Right,,,,,,Fastball,Live,,74.18444,-1.227117493,-3.000493859,1610.284446,205.0205046,12:45,5.95462,2.52612,7.23183,-33.61285,14.32529,6.70905,2.04137,0.36741,68.46001,-7.655251832,-1.710222219,0.4983242048,-4.60999,8.44074,-2.35693,50,5.87429,5.52916,-108.07533,-2.99838,-5.46643,18.38351,-22.16519,68b3eb7d-ef62-4097-b548-bb536de94873,444132a5-54be-4413-926a-94c09785937e,75.63839,Pitching,25410021,,,,,,,,,,,,,,,,,,,,40.49073605,1224.638974,0.7605109626,,18187081-7c88-4057-a9e7-c1f2075ae31b,97ec3e98-4493-468c-a091-f7a435a5e9c5
204,2026-09-13,11:10:45.18,"Powell, Kasen",1000539201,Right,,,,,,Slider,Live,,67.77496,0.7506127558,-2.838421774,1992.372451,76.73454113,8:30,5.74188,2.82368,6.52909,-61.69793,-2.42038,-10.09617,1.28975,-0.62326,62.97476,-10.84032796,-4.754360909,0.5541361899,4.76775,-1.55018,-2.62246,50,5.767,5.10997,-98.63049,-0.04963,4.68625,16.00715,-33.69773,ec47d396-6fe7-463b-bb95-a3816b3e5529,444132a5-54be-4413-926a-94c09785937e,68.02017,Pitching,25410021,,,,,,,,,,,,,,,,,,,,,,,,00b8d915-c7a9-40e4-816d-118118f43fcc,97ec3e98-4493-468c-a091-f7a435a5e9c5
205,2026-09-13,11:10:59.19,"Powell, Kasen",1000539201,Right,,,,,,,Live,,81.37036,-3.03881669,-3.728517678,1989.199562,217.1055495,1:15,5.93336,2.58722,6.96917,-30.49383,9.84763,7.46048,0.61981,-0.18711,75.31721,-8.81088449,-2.303744461,0.4571378882,-5.16627,6.32259,-2.35984,50,5.73482,7.53099,-118.28173,-7.01631,-7.35416,21.54636,-23.17388,139ae7f5-15c8-49d1-afe2-08e11678b806,444132a5-54be-4413-926a-94c09785937e,82.45311,Pitching,25410021,,,,,,,,,,,,,,,,,,,,43.28328145,1448.083263,0.7279728442,,aad24e39-eb87-4ec7-ae1e-44dfa1a54a74,97ec3e98-4493-468c-a091-f7a435a5e9c5
206,2026-09-13,11:11:13.45,"Powell, Kasen",1000539201,Right,,,,,,Fastball,Live,,80.5874,-2.787897287,-3.461673582,2027.662372,223.2282197,1:30,5.88375,2.51784,6.90541,-27.42203,13.80187,12.97839,1.05312,0.44315,74.35497,-7.989707493,-0.9820600155,0.4621105689,-8.18044,8.46191,-2.30521,50,5.69845,6.77905,-117.18694,-6.37144,-11.41995,21.33695,-20.36116,a97ac2ef-a7fa-456e-b612-69295e151a93,444132a5-54be-4413-926a-94c09785937e,81.56584,Pitching,25410021,,,,,,,,,,,,,,,,,,,,35.99249385,1640.569442,0.8090939915,,bf973346-ca3c-4ea6-9e08-a0027ccc909c,97ec3e98-4493-468c-a091-f7a435a5e9c5
207,2026-09-13,11:11:29.60,"Powell, Kasen",1000539201,Right,,,,,,,Live,,80.81839,-1.374983117,-3.571831085,1901.276666,221.1302241,1:15,6.04418,2.34031,6.79774,-26.57139,14.36241,12.57668,2.5725,0.12472,74.67591,-6.413481127,-1.17949666,0.4604817949,-7.90311,8.33898,-2.11415,50,5.94489,7.0321,-117.62497,-3.48413,-11.16673,20.5288,-20.39146,1a83f1fd-14f4-4a57-8879-4e834874a2d6,444132a5-54be-4413-926a-94c09785937e,81.85435,Pitching,25410021,,,,,,,,,,,,,,,,,,,,37.52840667,1507.810169,0.793051425,,cd7537de-d94b-497a-aa3f-faa67d0a37d6,97ec3e98-4493-468c-a091-f7a435a5e9c5
208,2026-09-13,11:12:43.82,"Rangel, Rylan",1000510502,Right,,,,,,Fastball,Live,,87.42336,-1.04309939,-4.261396824,2084.825104,238.3513344,2:00,5.84433,1.41748,5.2317,-28.2256,10.07043,16.39658,2.509,-1.22868,78.19508,-6.32899341,-1.184397369,0.4453979974,-10.15121,5.69403,-1.03683,50,5.72783,8.85953,-126.55444,-3.29254,-16.09789,31.16862,-23.1444,5c85f75d-79ab-4923-856e-d0976da3bf38,444132a5-54be-4413-926a-94c09785937e,84.62642,Pitching,25410021,,,,,,,,,,,,,,,,,,,,47.83849466,1399.381981,0.6712227219,,38b1b539-f9a6-4c76-9b08-f5b6c6dca9c3,97ec3e98-4493-468c-a091-f7a435a5e9c5
209,2026-09-13,11:13:00.76,"Rangel, Rylan",1000510502,Right,,,,,,Fastball,Live,,86.5356,-0.1201986873,-1.66012877,2008.836652,248.6897191,2:15,5.71715,1.33934,5.0036,-32.68551,6.48869,16.72193,2.87986,1.16549,77.68378,-6.212937622,1.469674148,0.4504757825,-9.34571,3.44935,-1.19309,50,5.68017,3.04073,-125.54718,-1.43233,-14.61113,30.26925,-26.78132,acea8894-d461-4a75-9c61-1c894030e569,444132a5-54be-4413-926a-94c09785937e,83.67251,Pitching,25410021,,,,,,,,,,,,,,,,,,,,,,,,7c125663-40bd-4bf8-a4be-4f7d814d4e17,97ec3e98-4493-468c-a091-f7a435a5e9c5
210,2026-09-13,11:13:18.66,"Rangel, Rylan",1000510502,Right,,,,,,ChangeUp,Live,,82.8261,-2.332197337,-3.498465687,1593.120073,227.3005285,1:30,5.75966,1.33947,5.3597,-31.06397,10.73691,11.65416,0.97896,-0.97371,75.59994,-8.090072822,-1.323392597,0.4653332701,-7.20779,6.3786,-1.03343,50,5.52828,6.9607,-120.1072,-5.91934,-10.46848,24.50777,-22.90988,e8fff7df-e797-4fc8-9ad2-283d3ac1713d,444132a5-54be-4413-926a-94c09785937e,81.00095,Pitching,25410021,,,,,,,,,,,,,,,,,,,,30.09406707,1378.372819,0.8652033469,,a93a7e8d-1cea-4b09-adf4-748977862c01,97ec3e98-4493-468c-a091-f7a435a5e9c5
211,2026-09-13,11:13:39.06,"Rangel, Rylan",1000510502,Right,,,,,,ChangeUp,Live,,82.11709,-1.649704545,-1.897362628,1636.785721,240.2177993,2:00,5.71136,1.46693,5.2451,-34.095,8.44179,14.79014,1.31871,0.91597,75.08959,-7.95847371,0.8607500995,0.4694115513,-8.35935,4.93715,-1.30365,50,5.53517,3.4605,-119.26995,-4.5679,-11.98192,23.99618,-25.09735,3c4b8eeb-5496-4062-8285-55e79da68a6d,444132a5-54be-4413-926a-94c09785937e,80.29721,Pitching,25410021,,,,,,,,,,,,,,,,,,,230.2623947,30.59952146,1408.857218,0.8607462785,1:45,007c8ff1-4595-4817-bc6d-7706693766a7,97ec3e98-4493-468c-a091-f7a435a5e9c5
212,2026-09-13,11:13:58.12,"Rangel, Rylan",1000510502,Right,,,,,,Fastball,Live,,87.74022,-0.1952365867,-2.785938785,2018.241653,249.7899403,2:15,5.82083,1.37994,5.04804,-30.81513,7.12732,19.46109,3.06856,0.37228,78.99633,-5.933798421,0.8496742652,0.4433371038,-11.13266,3.80914,-1.12968,50,5.7785,5.48912,-127.25357,-1.54777,-17.96281,30.01093,-26.02791,20804512-dcbd-4d48-b1ed-509030c9e104,444132a5-54be-4413-926a-94c09785937e,85.01982,Pitching,25410021,,,,,,,,,,,,,,,,,,,206.3593462,43.47162049,1464.668716,0.725715235,1:00,a97f5642-533a-4e72-b678-818440288dc9,97ec3e98-4493-468c-a091-f7a435a5e9c5
213,2026-09-13,11:14:17.68,"Rangel, Rylan",1000510502,Right,,,,,,Sweeper,Live,,76.89724,1.129280066,-2.155905404,2560.996364,81.81003809,8:45,5.70702,1.41878,4.10575,-54.17809,-2.88289,-19.84594,2.27665,-2.30465,69.76609,-8.730990632,-5.790900019,0.5154775708,9.38521,-1.84155,-1.15784,50,5.77778,4.9021,-111.34553,0.25695,11.56735,23.39412,-34.44377,10208f96-ef85-47fe-ad24-600ad5c03ab7,444132a5-54be-4413-926a-94c09785937e,73.12139,Pitching,25410021,,,,,,,,,,,,,,,,,,,55.29236754,55.59931861,1446.903572,0.5649768161,7:45,e4cbfab7-5b32-4fb5-8070-8092289e64eb,97ec3e98-4493-468c-a091-f7a435a5e9c5
214,2026-09-13,11:14:36.57,"Rangel, Rylan",1000510502,Right,,,,,,Sweeper,Live,,76.00484,1.088696236,-1.243753755,2446.588076,77.87094324,8:30,5.73641,1.40864,4.03457,-56.39528,-4.10854,-18.95183,2.08316,-1.36581,69.37259,-9.13721017,-4.706692071,0.5204358119,9.2156,-2.4223,-1.24845,50,5.80022,3.07206,-110.1592,0.06925,11.18994,21.73319,-35.1153,94a91955-f692-4a37-b66a-40a9978c43c2,444132a5-54be-4413-926a-94c09785937e,72.42476,Pitching,25410021,,,,,,,,,,,,,,,,,,,,53.52188054,1454.535171,0.5945157606,,7eaf75d6-bf6c-423a-84fc-4f5634401be2,97ec3e98-4493-468c-a091-f7a435a5e9c5
215,2026-09-13,11:14:55.49,"Rangel, Rylan",1000510502,Right,,,,,,Fastball,Live,,86.92876,-0.773323858,-4.565072532,2099.530942,207.0327175,1:00,5.76256,1.25429,5.32582,-24.05774,13.58247,6.96405,3.02984,-2.45752,79.82485,-5.222429865,-3.277327758,0.4415677976,-4.86755,7.37032,-0.84623,50,5.67534,9.82442,-126.09091,-2.54772,-7.88383,24.18585,-20.23655,d2431378-fd91-4379-9b02-36c0496a7ca0,444132a5-54be-4413-926a-94c09785937e,85.36048,Pitching,25410021,,,,,,,,,,,,,,,,,,,,39.16665291,1627.791972,0.7753122089,,7fb7bb94-7dc6-4a4f-b6ea-ccadcde5d98c,97ec3e98-4493-468c-a091-f7a435a5e9c5
216,2026-09-13,11:15:16.57,"Rangel, Rylan",1000510502,Right,,,,,,ChangeUp,Live,,81.44813,-0.6520487347,-1.839445924,1502.390461,249.8636355,2:15,5.6825,1.31147,5.2059,-37.86093,5.09068,13.97369,1.91395,0.74569,75.02298,-7.635033635,0.7540642597,0.4716948103,-7.84254,2.85226,-1.15186,50,5.59413,3.3369,-118.41205,-2.6108,-11.17131,21.91924,-28.11115,19a3862f-9e31-46ec-8ce7-7eb4b6e1bdb8,444132a5-54be-4413-926a-94c09785937e,79.90853,Pitching,25410021,,,,,,,,,,,,,,,,,,,,21.89494337,1394.021788,0.9278691683,,34e0defc-fcf2-48ed-8af6-32aa77c7e92e,97ec3e98-4493-468c-a091-f7a435a5e9c5
217,2026-09-13,11:15:34.82,"Rangel, Rylan",1000510502,Right,,,,,,Sweeper,Live,,76.41663,1.450188797,-0.01238381398,2559.715573,85.05731119,8:45,5.73121,1.44882,4.05458,-54.57874,-1.9209,-21.69842,2.57606,-0.37128,68.21018,-8.576223808,-4.026179324,0.5222794452,11.06062,-1.52018,-1.4252,50,5.83845,0.7915,-110.56026,0.86817,13.25225,25.58584,-33.99545,97a9b225-313d-4a21-a772-1b2dfab257d8,444132a5-54be-4413-926a-94c09785937e,72.1691,Pitching,25410021,,,,,,,,,,,,,,,,,,,47.60010934,53.29694299,1529.859894,0.5976679247,7:30,e1c56c25-ac8a-40b5-bcd1-3ea334b34626,97ec3e98-4493-468c-a091-f7a435a5e9c5
218,2026-09-13,11:15:53.36,"Rangel, Rylan",1000510502,Right,,,,,,ChangeUp,Live,,80.88918,-0.9419617369,-2.154707468,1496.313684,247.8509941,2:15,5.7613,1.32379,5.13796,-37.06601,6.60357,16.29686,1.78491,0.65224,74.5323,-7.765578886,0.8654812689,0.4756208891,-9.12522,3.7161,-1.13447,50,5.64494,3.87788,-117.55983,-3.17439,-12.81681,21.52631,-26.95461,fb4ad9ac-10bf-41bd-b13a-4fb02de2470a,444132a5-54be-4413-926a-94c09785937e,79.24891,Pitching,25410021,,,,,,,,,,,,,,,,,,,,27.60657256,1325.959011,0.8861504274,,a12b3367-a54f-41c8-a601-33969796c5e3,97ec3e98-4493-468c-a091-f7a435a5e9c5
219,2026-09-13,11:16:10.48,"Rangel, Rylan",1000510502,Right,,,,,,Fastball,Live,,87.33177,1.044325166,-1.380961306,1990.526405,254.4310888,2:30,5.74204,1.31068,4.94769,-32.74632,5.31171,19.21093,4.00028,1.60658,79.32589,-5.019755674,2.185213015,0.44401181,-10.44549,2.46487,-1.19228,50,5.81699,2.35,-126.82961,1.1067,-16.90396,27.50821,-28.18515,74376e22-b770-4117-9108-5fe17b232ba8,444132a5-54be-4413-926a-94c09785937e,84.89062,Pitching,25410021,,,,,,,,,,,,,,,,,,,,,,,,3d568ee5-4a64-4a5a-8ee8-878ef9c82d0b,97ec3e98-4493-468c-a091-f7a435a5e9c5
220,2026-09-13,11:16:26.94,"Rangel, Rylan",1000510502,Right,,,,,,Fastball,Live,,86.20563,-0.3351278885,-3.184950611,1904.899249,249.9473811,2:15,5.74574,1.39353,5.2001,-32.84086,5.71756,15.76224,2.69336,-0.29122,78.82717,-6.416378473,-0.2567686627,0.4469212491,-9.1865,3.10283,-1.11037,50,5.69036,6.41053,-125.16681,-1.88835,-14.5655,25.39513,-27.25441,42ce9cde-970d-4a39-98b5-6720bb009ce2,444132a5-54be-4413-926a-94c09785937e,84.33799,Pitching,25410021,,,,,,,,,,,,,,,,,,,,47.25546254,1292.913663,0.6787307326,,fd982558-fbf3-40c3-9ee4-e86436a789d0,97ec3e98-4493-468c-a091-f7a435a5e9c5
221,2026-09-13,11:18:38.37,"Rodriguez, John",1000616296,Right,,,,,,Fastball,Live,,85.67077,-1.486609674,-0.3350388981,2106.053174,226.9214743,1:30,6.02563,1.52498,5.62284,-27.28044,11.54057,12.37045,2.36486,2.24324,77.48146,-6.602793126,1.999097442,0.4484404932,-6.74082,6.6668,-1.50426,50,5.8819,0.32824,-124.49383,-4.1125,-10.41914,28.51878,-21.86933,fc145dba-1864-4f81-8878-6f4b16f38def,6960ab32-663f-43b3-811e-5951f55664f4,84.05226,Pitching,25410021,,,,,,,,,,,,,,,,,,,,17.8783741,2004.352595,0.9517103457,,9cf4e604-1f93-482a-a9ac-96db57bd8fd5,97ec3e98-4493-468c-a091-f7a435a5e9c5
222,2026-09-13,11:18:58.43,"Rodriguez, John",1000616296,Right,,,,,,Fastball,Live,,86.74094,-1.24822958,-2.354508109,2081.138803,228.1613113,1:30,5.99349,1.60959,6.0142,-26.62807,11.77059,13.17741,2.6172,0.52572,76.07828,-6.36449123,0.1884606824,0.4459944501,-8.1945,6.96558,-1.43215,50,5.88166,4.7807,-125.79482,-3.53462,-12.5338,36.29927,-21.51993,e96cdaf9-dc3f-4ec3-96ce-1bb858401d5e,6960ab32-663f-43b3-811e-5951f55664f4,84.51325,Pitching,25410021,,,,,,,,,,,,,,,,,,,,24.58141086,1892.527524,0.90937112,,52384c41-70a2-4e84-80be-ed9d8c5e297e,97ec3e98-4493-468c-a091-f7a435a5e9c5
223,2026-09-13,11:19:12.78,"Rodriguez, John",1000616296,Right,,,,,,Fastball,Live,,86.45849,-2.183624025,-1.351764901,2122.303071,235.3166061,1:45,5.84914,1.65778,5.97363,-26.71211,11.26997,16.30327,1.59755,1.76318,77.55149,-7.241993321,1.759487548,0.443568568,-9.34798,6.90137,-1.55989,50,5.66198,2.4672,-125.55413,-5.60057,-14.54954,31.32956,-21.4325,1106b53b-276b-4edf-a2e9-424088f81f42,6960ab32-663f-43b3-811e-5951f55664f4,84.97545,Pitching,25410021,,,,,,,,,,,,,,,,,,,,9.446326051,2093.524181,0.9864397832,,a4dcf21b-7305-42e8-86a2-b88edbc039e5,97ec3e98-4493-468c-a091-f7a435a5e9c5
224,2026-09-13,11:19:25.97,"Rodriguez, John",1000616296,Right,,,,,,ChangeUp,Live,,77.76476,-0.7446440282,-1.114653372,1650.122537,205.7283038,12:45,5.53802,1.81478,6.56309,-29.57382,16.0788,7.7662,2.39081,1.44012,69.96472,-6.412854541,0.3807518722,0.4862999417,-4.69337,9.18404,-1.7415,50,5.47435,2.0122,-113.16486,-2.19322,-5.95554,24.78544,-20.52018,9aad8b50-62d5-4ca6-8d62-aab8b7c31c61,6960ab32-663f-43b3-811e-5951f55664f4,77.50862,Pitching,25410021,,,,,,,,,,,,,,,,,,,,14.82593715,1595.186083,0.9667076522,,67e5a5ab-505c-4d06-a23b-c2a1b1e44cd8,97ec3e98-4493-468c-a091-f7a435a5e9c5
225,2026-09-13,11:19:41.84,"Rodriguez, John",1000616296,Right,,,,,,Fastball,Live,,87.51822,-2.094330131,-2.318798925,2187.276835,218.2134766,1:15,6.08002,1.63013,5.84671,-20.9258,16.48228,12.98795,2.38783,0.55681,77.95799,-6.066715178,0.1579665257,0.4402041212,-7.88216,9.6963,-1.44919,50,5.89779,4.73403,-126.97025,-5.30333,-12.50191,32.87485,-16.79473,ab12fdb3-3dde-46a7-a15f-601c721ca277,6960ab32-663f-43b3-811e-5951f55664f4,85.62491,Pitching,25410021,,,,,,,,,,,,,,,,,,,,20.10375886,2054.009786,0.9390717045,,1ec5901a-7707-4bb8-9476-8d7a48670d9b,97ec3e98-4493-468c-a091-f7a435a5e9c5
226,2026-09-13,11:19:55.96,"Rodriguez, John",1000616296,Right,,,,,,Slider,Live,,77.89729,0.5550839056,-2.476200685,2009.25341,132.4122104,10:30,6.01487,1.32711,5.47954,-43.53197,4.3231,-4.77811,2.90701,-1.3891,69.72547,-7.6372177,-3.379542251,0.497892286,1.66162,2.11311,-1.10692,50,6.03496,5.02808,-112.98699,-0.19787,2.08707,26.02308,-29.51988,9dfff581-0778-469d-ab51-bb2f4816d02b,6960ab32-663f-43b3-811e-5951f55664f4,75.704,Pitching,25410021,,,,,,,,,,,,,,,,,,,,,,,,ab73154a-f951-4076-bbc7-b7b090867088,97ec3e98-4493-468c-a091-f7a435a5e9c5
227,2026-09-13,11:20:11.03,"Rodriguez, John",1000616296,Right,,,,,,Fastball,Live,,88.07786,-2.289577975,-2.890457648,2189.022014,225.1086724,1:30,6.04899,1.34797,5.96489,-22.79531,13.87485,13.93669,2.02295,-0.17257,78.82002,-6.613486048,-0.2337850024,0.4358407618,-8.59298,8.34985,-1.12668,50,5.85501,6.01936,-127.77201,-5.82161,-13.85916,32.30767,-18.70702,baa32867-4f82-4e54-b4a5-2a1967311a8c,6960ab32-663f-43b3-811e-5951f55664f4,86.48213,Pitching,25410021,,,,,,,,,,,,,,,,,,,,18.8652269,2071.43163,0.9462817717,,ebba4cf0-6b2f-4a9d-b562-d6bc40f934f6,97ec3e98-4493-468c-a091-f7a435a5e9c5
228,2026-09-13,11:20:28.84,"Rodriguez, John",1000616296,Right,,,,,,ChangeUp,Live,,78.17716,-1.515408858,-1.556737225,1643.071549,209.7132049,1:00,5.75804,1.59699,,-33.66558,13.7056,7.84121,1.51948,0.77877,71.59129,-7.70654211,-0.1044206976,0.4953686439,-4.53286,7.57973,-1.45203,50,5.58345,2.8257,-113.54006,-4.12097,-5.90312,21.2476,-22.30302,acce0ccd-1371-4562-8893-3535daa0f958,6960ab32-663f-43b3-811e-5951f55664f4,,Pitching,25410021,,,,,,,,,,,,,,,,,,,,16.87095549,1572.355104,0.9569608245,,db5ea0d7-4e0d-471d-aee1-4ba04ca99112,97ec3e98-4493-468c-a091-f7a435a5e9c5
229,2026-09-13,11:20:49.27,"Rodriguez, John",1000616296,Right,,,,,,Fastball,Live,,87.28973,-2.041524696,-2.221508025,2094.349998,235.812441,1:45,5.99101,1.31324,5.87636,-26.64552,10.13445,14.93588,1.87254,0.49393,79.6541,-7.035850856,0.5956902072,0.4364928138,-8.71501,6.07082,-1.14253,50,5.81077,4.44683,-126.85717,-5.37141,-14.12372,27.27993,-22.33556,e8638d3e-9ad8-48ee-99dc-054cecc06c54,6960ab32-663f-43b3-811e-5951f55664f4,86.35294,Pitching,25410021,,,,,,,,,,,,,,,,,,,,26.02333009,1882.015314,0.8986154728,,52b16803-845d-4a95-813e-3322aa83043a,97ec3e98-4493-468c-a091-f7a435a5e9c5
230,2026-09-13,11:21:02.35,"Rodriguez, John",1000616296,Right,,,,,,Fastball,Live,,86.7761,-2.462816122,-1.879505327,2081.064056,218.8556873,1:15,6.03436,1.38197,6.02197,-22.39545,14.72124,11.86663,1.88469,0.62967,78.89797,-6.678806416,0.3684146378,0.4384863036,-7.01378,8.74137,-1.2415,50,5.82957,3.77443,-126.10508,-6.11329,-11.19616,27.72325,-18.22012,b796bbf1-7568-46bf-8c64-5cf1cb028952,6960ab32-663f-43b3-811e-5951f55664f4,85.96036,Pitching,25410021,,,,,,,,,,,,,,,,,,,,17.17951073,1988.215401,0.9553840478,,61d50a30-b9a7-48f5-a078-fda6306dc69c,97ec3e98-4493-468c-a091-f7a435a5e9c5
231,2026-09-13,11:21:14.74,"Rodriguez, John",1000616296,Right,,,,,,Slider,Live,,78.77281,0.2153904254,-2.035488234,2050.574982,157.9548928,11:15,6.02555,1.24839,5.55001,-41.90252,3.83524,-1.56939,2.73504,-0.78497,71.93822,-7.600148963,-2.329702114,0.486753209,0.23024,1.98267,-1.07149,50,6.01686,4.1166,-114.49009,-0.83802,0.30346,22.52406,-29.56089,9dea2322-cd53-42de-a855-63b85698ea43,6960ab32-663f-43b3-811e-5951f55664f4,77.43645,Pitching,25410021,,,,,,,,,,,,,,,,,,,,,,,,806e6613-3c34-471b-816e-e8cb053f8460,97ec3e98-4493-468c-a091-f7a435a5e9c5
232,2026-09-13,11:21:29.14,"Rodriguez, John",1000616296,Right,,,,,,Fastball,Live,,86.98094,-1.677639148,-1.139809791,2163.741103,232.2769543,1:45,6.04802,1.55677,5.75163,-26.30777,10.73675,13.90645,2.29342,1.65457,79.63851,-6.591180719,1.473222847,0.4380598008,-7.78906,6.2398,-1.47076,50,5.89299,2.06561,-126.51073,-4.56011,-12.60037,26.25063,-22.07992,87835709-7a2e-4616-b285-1dcd89d65c41,6960ab32-663f-43b3-811e-5951f55664f4,86.04405,Pitching,25410021,,,,,,,,,,,,,,,,,,,,12.03988099,2116.144523,0.9780026459,,9f7417ff-cf9c-4dec-bd78-d085240c7f2a,97ec3e98-4493-468c-a091-f7a435a5e9c5
233,2026-09-13,11:21:47.58,"Rodriguez, John",1000616296,Right,,,,,,ChangeUp,Live,,79.32556,-3.172983415,-2.644950451,1622.132671,208.3800056,1:00,5.67032,1.52467,6.51682,-28.93393,14.11554,7.63115,0.34207,-0.2677,73.51299,-8.602050688,-1.198820036,0.4722318625,-4.88495,8.59363,-1.3441,50,5.43654,5.13253,-115.35247,-7.1457,-6.62866,20.03077,-20.51286,73e18464-9f16-42e2-9bd4-a551b8c77beb,6960ab32-663f-43b3-811e-5951f55664f4,79.81765,Pitching,25410021,,,,,,,,,,,,,,,,,,,,32.40097048,1369.59719,0.8443188495,,09c66113-7dfb-4bd6-9b74-d97bf01be285,97ec3e98-4493-468c-a091-f7a435a5e9c5
234,2026-09-13,11:22:04.45,"Rodriguez, John",1000616296,Right,,,,,,Fastball,Live,,86.91141,-2.990656462,-1.629089317,2205.520097,223.1268645,1:30,6.00201,1.41631,5.85456,-22.69595,14.67534,13.74275,1.32873,1.04771,78.84954,-7.248955455,0.9706691752,0.4399876257,-7.93219,8.86201,-1.29217,50,5.74617,3.15562,-126.20032,-7.312,-12.6421,28.5003,-18.05004,a91a663a-200e-4d81-957e-fe329bb1f8be,6960ab32-663f-43b3-811e-5951f55664f4,85.66704,Pitching,25410021,,,,,,,,,,,,,,,,,,,,19.03126756,2084.968056,0.9453407652,,7aab8633-edc0-4c43-a9cf-53323d40aa09,97ec3e98-4493-468c-a091-f7a435a5e9c5
235,2026-09-13,11:22:18.49,"Rodriguez, John",1000616296,Right,,,,,,Fastball,Live,,86.43022,0.6609559629,-1.400555656,2087.04373,242.4337076,2:00,5.68577,1.74867,6.06466,-27.97618,9.64983,18.55935,3.96624,1.99905,77.66952,-4.65864889,2.136325215,0.4414845734,-10.58769,5.04061,-1.65006,50,5.72217,2.51471,-125.66262,0.60954,-16.60434,30.03043,-24.26901,1f0f7212-1859-46af-9a03-6929ecf990b2,6960ab32-663f-43b3-811e-5951f55664f4,85.37657,Pitching,25410021,,,,,,,,,,,,,,,,,,,,21.86120478,1936.961479,0.9280885928,,ab536560-6aad-4ad5-b565-e23fa4578fb7,97ec3e98-4493-468c-a091-f7a435a5e9c5
236,2026-09-13,11:22:31.62,"Rodriguez, John",1000616296,Right,,,,,,ChangeUp,Live,,76.84398,-1.298781368,-2.550799598,1555.102079,209.2343081,1:00,5.53473,1.70784,6.42301,-32.0269,14.61201,8.20102,1.67076,0.04534,69.93284,-7.376064163,-0.9858012076,0.4915249831,-5.30634,8.45398,-1.53001,50,5.42765,4.77329,-111.76091,-3.33918,-6.64176,22.09359,-21.59249,7aaa52de-a023-4604-83cb-2bb36cd59ce2,6960ab32-663f-43b3-811e-5951f55664f4,76.68469,Pitching,25410021,,,,,,,,,,,,,,,,,,,,26.00399913,1397.668904,0.8987634467,,a56694b7-ba7e-4c35-830d-9dead55d45a2,97ec3e98-4493-468c-a091-f7a435a5e9c5
237,2026-09-13,11:22:46.44,"Rodriguez, John",1000616296,Right,,,,,,Fastball,Live,,87.4384,-2.44243962,-0.9365467175,2139.499961,236.6454246,2:00,5.97318,1.55258,5.85526,-25.56563,11.35327,17.26299,1.57205,2.12105,79.32187,-7.240534577,2.331002215,0.4373164189,-9.6255,6.90922,-1.48663,50,5.76033,1.52926,-127.04434,-6.23066,-15.52258,29.25525,-21.03187,5d05e690-db07-405f-9b85-95ac5dd5cd3f,6960ab32-663f-43b3-811e-5951f55664f4,86.19031,Pitching,25410021,,,,,,,,,,,,,,,,,,,,22.09601112,1982.364003,0.926554821,,4dc24beb-f0aa-4155-8fe9-cfb643b13832,97ec3e98-4493-468c-a091-f7a435a5e9c5
238,2026-09-13,11:22:58.97,"Rodriguez, John",1000616296,Right,,,,,,Fastball,Live,,85.83225,-1.159694526,-1.556365674,2158.509616,213.8518841,1:15,5.92344,1.4327,5.82604,-19.92793,18.70957,12.56856,3.18431,1.03309,76.83747,-4.936409293,0.8328559097,0.4473793055,-7.33486,10.52126,-1.31303,50,5.81727,2.99729,-124.68496,-3.14404,-11.28896,30.28744,-15.98095,ad75b5ba-ebd9-4a1b-90cf-cce08db15494,6960ab32-663f-43b3-811e-5951f55664f4,84.25164,Pitching,25410021,,,,,,,,,,,,,,,,,,,,17.30461041,2060.808709,0.9547368676,,1c9faf9b-0bd1-43f0-9a85-0b52bd611d8a,97ec3e98-4493-468c-a091-f7a435a5e9c5
239,2026-09-13,11:23:45.89,"Pence, Colin",1000511683,Right,,,,,,Fastball,Live,,89.78996,-0.7361482939,-1.159237866,2169.405195,233.401682,1:45,6.36314,1.59254,5.10152,-23.34428,12.77659,17.24138,3.72405,1.93701,80.77775,-5.089544005,2.067224461,0.4325641223,-9.45985,6.96993,-1.49636,50,6.27613,2.00488,-130.34676,-2.53184,-15.99947,31.72703,-20.38578,5a2f53d4-d704-4edb-97c6-2c0ea72b11be,6960ab32-663f-43b3-811e-5951f55664f4,87.13723,Pitching,25410021,,,,,,,,,,,,,,,,,,,,30.15831935,1875.755598,0.8646405024,,549fc717-e669-4e71-96b9-6c5fe8797f18,97ec3e98-4493-468c-a091-f7a435a5e9c5
240,2026-09-13,11:24:31.34,"Pence, Colin",1000511683,Right,,,,,,Fastball,Live,,91.92861,-3.196676632,-2.424899405,2241.406317,224.9481058,1:30,6.44482,1.55627,5.20369,-21.01729,13.40275,13.36678,1.68156,0.38854,82.92819,-7.104312952,0.07823491233,0.4222572432,-7.84446,8.11389,-1.34181,50,6.13346,5.14666,-133.20485,-8.22339,-13.87897,32.69134,-17.81839,ea70dfed-fc2b-4a2c-bc8f-2c213f1e2ba6,6960ab32-663f-43b3-811e-5951f55664f4,89.26416,Pitching,25410021,,,,,,,,,,,,,,,,,,,,16.45563432,2149.596898,0.9590393682,,ca330bdd-d546-4501-a2be-9ee2ae5ca52b,97ec3e98-4493-468c-a091-f7a435a5e9c5
241,2026-09-13,11:25:02.27,"Pence, Colin",1000511683,Right,,,,,,Fastball,Live,,91.28899,-1.163956588,-2.499322161,2290.218989,222.1033652,1:30,6.37612,1.5704,5.42609,-21.48957,13.0267,11.79727,3.49412,0.21147,82.18995,-5.193466061,-0.2816276685,0.4228470954,-7.08911,7.31273,-1.35697,50,6.25841,5.36455,-132.50193,-3.458,-12.40955,32.3677,-19.37306,20b56b1d-30b5-4ea4-8d9a-591d6e1d6630,6960ab32-663f-43b3-811e-5951f55664f4,89.13964,Pitching,25410021,,,,,,,,,,,,,,,,,,,224.1806293,35.22185924,1870.936966,0.8169249209,1:30,93413db6-7e2e-4855-be82-0333b6da77a2,97ec3e98-4493-468c-a091-f7a435a5e9c5
242,2026-09-13,11:25:17.93,"Pence, Colin",1000511683,Right,,,,,,Slider,Live,,83.07625,-3.381700521,-2.805732642,1962.159652,2.546461005,6:00,6.04822,1.6922,4.84307,,,,,,,,,,-0.77968,-2.65041,-1.41477,50,5.67244,5.90159,-120.19028,-8.87095,-1.11735,27.70562,-35.97229,78f7dcb8-61b5-4e12-aa3e-818f9a4cc234,6960ab32-663f-43b3-811e-5951f55664f4,,Pitching,25410021,,,,,,,,,,,,,,,,,,,,,,,,28734bc4-6e64-4da4-8883-735fdea4e498,97ec3e98-4493-468c-a091-f7a435a5e9c5
243,2026-09-13,11:25:38.48,"Pence, Colin",1000511683,Right,,,,,,Slider,Live,,80.99615,-1.427366882,-2.407398489,1591.615336,22.48446621,6:45,6.06539,1.56522,4.96584,-50.12419,-5.55044,-2.28224,0.53875,-0.90011,74.03476,-10.63728418,-2.832021278,0.4805194626,0.42938,-2.45255,-1.3308,50,5.88768,5.01609,-117.47587,-4.6253,0.59179,25.10751,-35.55428,e91de7e5-b0b0-469b-8f31-43f8afe82fc9,6960ab32-663f-43b3-811e-5951f55664f4,78.44102,Pitching,25410021,,,,,,,,,,,,,,,,,,,,49.11203568,1041.842786,0.654582023,,42848057-e338-4552-be81-6cca5daaeb27,97ec3e98-4493-468c-a091-f7a435a5e9c5
244,2026-09-13,11:25:55.75,"Pence, Colin",1000511683,Right,,,,,,ChangeUp,Live,,83.52977,0.5486994776,-2.139465114,1604.296529,242.9210571,2:00,6.11693,1.75158,5.33124,-34.57074,6.80984,13.40527,3.75116,0.86066,75.24812,-5.925164127,0.3782927571,0.4629879608,-7.81285,3.43622,-1.56791,50,6.14228,4.08801,-121.26056,0.02211,-11.44331,27.31687,-27.14109,d51d3f45-85c2-40da-bfba-f8db3e715f83,6960ab32-663f-43b3-811e-5951f55664f4,81.41127,Pitching,25410021,,,,,,,,,,,,,,,,,,,,20.01792548,1507.37387,0.9395855709,,f2f28f28-db2a-40ae-978a-f70f59778a5a,97ec3e98-4493-468c-a091-f7a435a5e9c5
245,2026-09-13,11:26:09.99,"Pence, Colin",1000511683,Right,,,,,,ChangeUp,Live,,81.28142,-0.1853414144,-1.637677357,1468.879106,238.0775319,2:00,5.97721,1.71711,5.48187,-35.48504,7.93901,12.80481,2.84667,1.25171,73.39015,-6.837908028,0.7743945219,0.4742819484,-7.36802,4.29751,-1.58216,50,5.93746,2.97432,-118.06637,-1.49409,-10.22889,25.93379,-26.2079,7884df9a-1502-4dbf-9780-5b684433bd41,6960ab32-663f-43b3-811e-5951f55664f4,79.47264,Pitching,25410021,,,,,,,,,,,,,,,,,,,,28.62706798,1289.318523,0.8777567313,,a26b50e8-87cc-4e23-b735-f66a05d51e50,97ec3e98-4493-468c-a091-f7a435a5e9c5
246,2026-09-13,11:26:25.28,"Pence, Colin",1000511683,Right,,,,,,Fastball,Live,,90.50626,-0.703522325,-1.371907131,2172.300824,233.2534355,1:45,6.34851,1.48499,5.4823,-23.85346,10.64037,14.28689,3.70237,1.39191,82.79112,-5.14543882,1.29703122,0.4227095834,-7.97368,5.85028,-1.37445,50,6.27087,2.64673,-131.6358,-2.46135,-13.99391,27.88622,-21.90674,96675c7c-0686-485a-be7b-cc6ce0851657,6960ab32-663f-43b3-811e-5951f55664f4,89.16864,Pitching,25410021,,,,,,,,,,,,,,,,,,,,33.74067955,1806.398424,0.8315599773,,3f701957-4101-41a9-8987-ce4779bb7a07,97ec3e98-4493-468c-a091-f7a435a5e9c5
247,2026-09-13,11:26:41.86,"Pence, Colin",1000511683,Right,,,,,,Fastball,Live,,90.36763,-0.9635060117,-3.332209317,2286.585038,226.9346195,1:30,6.29295,1.44803,5.81416,-22.15875,12.16333,13.05096,3.54901,-0.56584,82.40512,-5.12022938,-0.8802979014,0.421655917,-7.96858,6.81881,-1.18301,50,6.20091,7.20935,-131.29035,-2.9501,-13.88179,28.29801,-20.29524,2bc73e3f-fc40-4297-8b6f-fb1ef814b9b4,6960ab32-663f-43b3-811e-5951f55664f4,89.39146,Pitching,25410021,,,,,,,,,,,,,,,,,,,,,,,,0dadab28-e6a4-4d14-9701-cfc130550c8b,97ec3e98-4493-468c-a091-f7a435a5e9c5
248,2026-09-13,11:26:58.15,"Pence, Colin",1000511683,Right,,,,,,Slider,Live,,82.18792,-1.165654168,-2.659424652,1747.905916,344.6725318,5:30,6.1651,1.50342,5.09966,-48.89888,-5.42438,1.47847,0.99062,-0.8808,74.28058,-10.23366044,-2.382228462,0.4745573254,-1.70576,-2.4557,-1.25375,50,6.01835,5.484,-119.12683,-4.05802,-2.39287,27.95969,-35.61894,464efaa3-d4b2-46e4-9d45-61a901de1944,6960ab32-663f-43b3-811e-5951f55664f4,79.42652,Pitching,25410021,,,,,,,,,,,,,,,,,,,,,,,,024d4318-f855-45cd-ab91-1ea693cd9fef,97ec3e98-4493-468c-a091-f7a435a5e9c5
249,2026-09-13,11:27:16.60,"Pence, Colin",1000511683,Right,,,,,,Slider,Live,,82.2711,-1.257396373,-3.52051021,1881.213983,27.84489354,7:00,6.19385,1.52204,5.0348,-48.30078,-5.08891,-2.67163,0.98025,-2.02569,75.03513,-10.14863366,-4.017346775,0.4731217795,0.27087,-2.2677,-1.18382,50,6.0363,7.42521,-119.21754,-4.26173,0.38406,26.09068,-35.38932,5f62d205-50cd-45d0-a3dc-49e7dba5964f,6960ab32-663f-43b3-811e-5951f55664f4,79.66752,Pitching,25410021,,,,,,,,,,,,,,,,,,,,,,,,b5424e51-b5c5-4fe6-913c-4406a27db673,97ec3e98-4493-468c-a091-f7a435a5e9c5
250,2026-09-13,11:27:33.52,"Pence, Colin",1000511683,Right,,,,,,ChangeUp,Live,,82.50514,0.1748946458,-2.247041197,1594.165612,246.9411896,2:15,6.15089,1.66163,5.32765,-36.8608,5.24642,12.42009,3.24337,0.58741,75.02049,-6.691124373,0.07563599961,0.4670352795,-7.25605,2.72612,-1.46749,50,6.1407,4.29481,-119.84372,-0.84377,-10.46756,24.90902,-28.24136,8579d9d7-aff4-4344-a844-e5bc2d53b186,6960ab32-663f-43b3-811e-5951f55664f4,80.70576,Pitching,25410021,,,,,,,,,,,,,,,,,,,,21.30757321,1485.193561,0.9316432058,,4c504d14-341c-46d1-a522-c950517d1e90,97ec3e98-4493-468c-a091-f7a435a5e9c5
251,2026-09-13,11:27:49.19,"Pence, Colin",1000511683,Right,,,,,,ChangeUp,Live,,81.70155,-0.7791032725,-2.205317043,1488.964465,246.2726211,2:15,6.07461,1.63517,5.3772,-36.7659,5.845,13.37162,2.27993,0.68135,74.90154,-7.597534618,0.2895461433,0.4698203068,-7.70665,3.31655,-1.44726,50,5.9793,4.13881,-118.73794,-2.8083,-10.9849,23.07115,-27.44671,4ae47680-8bfe-4b40-aec3-9e90ef1364ea,6960ab32-663f-43b3-811e-5951f55664f4,80.22735,Pitching,25410021,,,,,,,,,,,,,,,,,,,,30.97437236,1276.634536,0.8573975846,,5a3a561d-60cb-4dc5-bebc-e9505d99944d,97ec3e98-4493-468c-a091-f7a435a5e9c5
252,2026-09-13,11:28:07.79,"Pence, Colin",1000511683,Right,,,,,,Fastball,Live,,92.37275,-1.818712767,-2.756824487,2243.320833,214.5952971,1:15,6.39334,1.35285,5.41416,-17.73002,15.3756,10.61985,3.20974,-0.34643,84.84754,-5.10618959,-0.7830053039,0.414116226,-6.33872,8.61271,-1.11536,50,6.21944,6.07377,-134.22355,-4.9172,-11.63699,27.32907,-16.36232,7acfa56e-6511-4302-98b4-79f72ce6a756,6960ab32-663f-43b3-811e-5951f55664f4,91.01899,Pitching,25410021,,,,,,,,,,,,,,,,,,,,35.41455568,1828.262972,0.8149806062,,25e56a05-a812-40b0-9a94-adbb664eff6f,97ec3e98-4493-468c-a091-f7a435a5e9c5
253,2026-09-13,11:28:25.13,"Pence, Colin",1000511683,Right,,,,,,ChangeUp,Live,,82.77203,-1.476373856,-3.483782086,1493.726966,227.8658076,1:30,6.05415,1.3684,5.30262,-33.66005,8.22441,9.12787,1.86051,-1.14495,75.56944,-7.714653058,-1.782896472,0.4657982189,-5.8486,4.78249,-1.05858,50,5.89599,7.00845,-120.08393,-4.21463,-8.49582,24.37872,-25.22689,412acffd-e5ab-4df2-8703-c4dca97571be,6960ab32-663f-43b3-811e-5951f55664f4,80.9201,Pitching,25410021,,,,,,,,,,,,,,,,,,,,22.41640489,1380.856308,0.9244368879,,6bbf94d7-59b6-44e0-9cf6-483fda6ca75f,97ec3e98-4493-468c-a091-f7a435a5e9c5
254,2026-09-13,11:28:43.63,"Pence, Colin",1000511683,Right,,,,,,Fastball,Live,,92.01514,-1.984461866,-3.037990641,2248.694229,211.8580699,1:00,6.46806,1.34244,5.49001,-18.05444,15.61199,9.71596,3.10399,-0.69217,83.54939,-5.355798103,-1.219231509,0.4176091191,-6.07343,8.90139,-1.0831,50,6.28224,6.741,-133.54834,-5.27823,-10.90035,30.43161,-16.1982,1ab3c254-f7dd-4245-9149-24da5fa17f19,6960ab32-663f-43b3-811e-5951f55664f4,90.2577,Pitching,25410021,,,,,,,,,,,,,,,,,,,,32.62494606,1893.890174,0.8422177413,,01b39ab4-2662-422a-86cf-c06900597be9,97ec3e98-4493-468c-a091-f7a435a5e9c5
255,2026-09-13,11:29:08.54,"Pence, Colin",1000511683,Right,,,,,,Fastball,Live,,94.12524,-0.7238231551,-1.752128296,2258.98601,210.8431137,1:00,6.53844,1.37032,5.11483,-16.63566,16.35337,9.78322,4.47,0.53474,84.1369,-3.839585039,0.08283108406,0.4133863953,-5.75435,8.87095,-1.21297,50,6.45791,3.80331,-136.56555,-2.36249,-10.64048,35.92547,-15.7706,5c2fd851-abb5-404c-ab4b-a8459024440b,6960ab32-663f-43b3-811e-5951f55664f4,91.17968,Pitching,25410021,,,,,,,,,,,,,,,,,,,,29.17366189,1972.425158,0.8731462476,,9b70299a-cffe-4019-b955-c7794d845cc9,97ec3e98-4493-468c-a091-f7a435a5e9c5
256,2026-09-13,11:29:24.74,"Pence, Colin",1000511683,Right,,,,,,Fastball,Live,,92.44925,-2.130794548,-1.849071941,2152.351071,227.3963453,1:30,6.6017,1.41106,5.31689,-21.92892,11.52611,12.54476,2.77284,0.72073,84.27474,-6.202091566,0.4921760359,0.4162958925,-7.17053,6.71371,-1.25268,50,6.39324,3.87109,-134.26899,-5.80868,-13.0379,30.15386,-19.96677,6e1dc268-0402-482f-a449-782da2642559,6960ab32-663f-43b3-811e-5951f55664f4,90.54242,Pitching,25410021,,,,,,,,,,,,,,,,,,,,24.88740819,1952.476266,0.9071365228,,adf04188-f442-42ce-a9f6-8e6689988385,97ec3e98-4493-468c-a091-f7a435a5e9c5