PitchNo,Date,Time,Pitcher,PitcherId,PitcherThrows,PitcherTeam,PitcherSet,PitchCall,Balls,Strikes,TaggedPitchType,PitchSession,Flag,RelSpeed,VertRelAngle,HorzRelAngle,SpinRate,SpinAxis,Tilt,RelHeight,RelSide,Extension,VertBreak,InducedVertBreak,HorzBreak,PlateLocHeight,PlateLocSide,ZoneSpeed,VertApprAngle,HorzApprAngle,ZoneTime,pfxx,pfxz,x0,y0,z0,vx0,vy0,vz0,ax0,ay0,az0,PlayID,CalibrationId,EffVelocity,PracticeType,Device,Direction,BatterId,Batter,HitSpinRate,HitType,ExitSpeed,BatterSide,Angle,PositionAt110X,PositionAt110Y,PositionAt110Z,Distance,LastTrackedDistance,HangTime,Bearing,ContactPositionX,ContactPositionY,ContactPositionZ,SpinAxis3dTransverseAngle,SpinAxis3dLongitudinalAngle,SpinAxis3dActiveSpinRate,SpinAxis3dSpinEfficiency,SpinAxis3dTilt,PitchUID,SessionId
1,2026-09-08,17:01:59.46,"Hoggat, Kyle",1000514767,Right,,,,,,Fastball,Live,,83.81584,-0.6615507545,-5.348753518,2125.79866,224.5900391,1:30,5.79955,3.27363,5.50217,-26.90269,13.10078,12.98944,2.93628,-0.66036,77.53331,-5.632265135,-2.950717952,0.4552188974,-8.15388,7.10033,-2.8146,50,5.72344,10.95154,-121.54303,-2.29598,-12.3743,20.58341,-21.39862,b94fe6a1-01b3-4d65-afbc-19c35b357659,3842a0a1-437e-4413-887b-e69dcada7b3b,82.80069,Pitching,25410021,,,,,,,,,,,,,,,,,,,,16.83264269,2034.718124,0.9571546743,,67b52a70-3c11-4d2c-8867-e943f4bfe9f3,22a94348-6609-46ba-97f3-abddc08ed57d
2,2026-09-08,17:02:15.13,"Hoggat, Kyle",1000514767,Right,,,,,,Fastball,Live,,83.78405,-0.6666806557,-3.48606799,2199.691537,238.3828698,2:00,5.72636,3.06667,5.43751,-31.2229,8.96874,14.63244,2.49907,1.01809,77.19109,-6.449015648,-0.767963018,0.4562882749,-8.64833,4.92247,-2.7684,50,5.64591,6.93012,-121.72503,-2.45437,-13.07002,22.26768,-24.73483,94d9c253-433b-4450-a5f7-a525a15da173,3842a0a1-437e-4413-887b-e69dcada7b3b,82.60664,Pitching,25410021,,,,,,,,,,,,,,,,,,,,16.31136691,2111.153054,0.9597495916,,d1e86c74-ea34-4388-893e-8974aec92217,22a94348-6609-46ba-97f3-abddc08ed57d
3,2026-09-08,17:02:30.83,"Hoggat, Kyle",1000514767,Right,,,,,,Fastball,Live,,83.98104,-1.522816235,-4.901982972,2232.308952,244.1518985,2:15,5.72645,3.01825,5.55036,-33.28613,6.38235,13.22428,1.52427,-0.47088,78.15658,-7.653571906,-2.458106374,0.453308805,-8.15275,3.73993,-2.60264,50,5.57231,10.01717,-121.85905,-4.34406,-12.46164,20.23871,-26.45749,fe1a5a4b-c092-4a8d-a27f-c0db0799c8b1,3842a0a1-437e-4413-887b-e69dcada7b3b,83.14958,Pitching,25410021,,,,,,,,,,,,,,,,,,,,24.91618946,2024.53682,0.9069250105,,e8082b32-0844-443d-8c5d-d4262dacd8c7,22a94348-6609-46ba-97f3-abddc08ed57d
4,2026-09-08,17:02:48.32,"Hoggat, Kyle",1000514767,Right,,,,,,Fastball,Live,,83.66627,-0.9599405955,-3.985579849,2137.119911,205.1938233,12:45,5.70109,3.12794,5.40478,-26.55349,13.74553,6.49339,2.58672,-0.07085,77.24591,-5.864980993,-2.784207592,0.4568973433,-4.4254,7.50622,-2.77755,50,5.59703,8.24867,-121.49781,-2.92626,-6.68302,21.51171,-20.83853,e4095b19-33fe-493d-916b-d2f901f8f285,3842a0a1-437e-4413-887b-e69dcada7b3b,82.49652,Pitching,25410021,,,,,,,,,,,,,,,,,,,,20.50861854,2001.668182,0.9366194998,,262eaac4-7551-404c-9f8b-d76f43adb09a,22a94348-6609-46ba-97f3-abddc08ed57d
5,2026-09-08,17:03:07.83,"Hoggat, Kyle",1000514767,Right,,,,,,Fastball,Live,,83.9744,-0.6036968477,-4.159904631,2180.063228,222.2257849,1:30,5.7684,3.27973,5.63067,-25.32952,14.4924,13.20784,3.09291,0.49277,77.099,-5.319704519,-1.699234267,0.4541846925,-8.13518,7.89052,-2.93412,50,5.70078,8.44371,-121.92983,-2.1022,-12.31893,22.65414,-20.22561,9139d228-9017-4e9f-931e-e9fee07ce644,3842a0a1-437e-4413-887b-e69dcada7b3b,82.98923,Pitching,25410021,,,,,,,,,,,,,,,,,,,,8.039633454,2158.63661,0.990171561,,b36c3ef6-bdaf-4e43-9c6e-fd933af0cdbb,22a94348-6609-46ba-97f3-abddc08ed57d
6,2026-09-08,17:03:28.64,"Hoggat, Kyle",1000514767,Right,,,,,,Fastball,Live,,84.39014,-0.1057547064,-3.071646675,2152.987062,234.0466924,1:45,5.75763,3.23418,5.39654,-30.16474,9.57808,13.26865,3.14467,1.45905,77.46386,-5.702577738,-0.6042909279,0.4537333962,-7.83878,5.09776,-2.96962,50,5.72723,6.1354,-122.63044,-1.23872,-11.98932,23.24943,-24.37708,ec9bf5df-0e6c-43e4-9e0b-62544ce5b50f,3842a0a1-437e-4413-887b-e69dcada7b3b,83.07178,Pitching,25410021,,,,,,,,,,,,,,,,,,,,13.23845925,2095.772303,0.9734254052,,a59ca7eb-6691-48dc-8fe8-7b879fb39277,22a94348-6609-46ba-97f3-abddc08ed57d
7,2026-09-08,17:03:46.37,"Hoggat, Kyle",1000514767,Right,,,,,,Fastball,Live,,84.26666,-1.893836657,-3.419830391,2186.559263,218.372751,1:15,5.67661,3.30323,5.46735,-24.79855,15.03638,11.92846,1.8341,1.09335,77.38821,-6.492121068,-1.199716682,0.4542588927,-7.24251,8.48529,-3.01065,50,5.49315,6.91688,-122.35177,-4.87332,-11.02275,23.23229,-19.25983,5a6797b5-2c5e-44e4-83dc-8457d2d80c81,3842a0a1-437e-4413-887b-e69dcada7b3b,82.97568,Pitching,25410021,,,,,,,,,,,,,,,,,,,213.669626,15.42101848,2107.838587,0.9639979223,1:00,471540a4-c828-4aba-b7d3-fd4ad0f6aaab,22a94348-6609-46ba-97f3-abddc08ed57d
8,2026-09-08,17:04:06.85,"Hoggat, Kyle",1000514767,Right,,,,,,Fastball,Live,,85.17551,-0.6727267479,-4.339056903,2175.552652,239.5668511,2:00,5.77444,3.0954,5.65431,-29.9044,8.79884,15.0517,2.65327,0.29583,78.27824,-6.237840446,-1.533328264,0.4477597789,-9.17824,4.87596,-2.73736,50,5.69846,8.8932,-123.64446,-2.4264,-14.28669,23.38292,-24.58421,1b1dbf84-9be7-443b-87dd-b1e76f23d5cd,3842a0a1-437e-4413-887b-e69dcada7b3b,84.18005,Pitching,25410021,,,,,,,,,,,,,,,,,,,,26.07112812,1954.188323,0.8982491512,,cf5a2448-1e74-4ca9-a511-54593b048f15,22a94348-6609-46ba-97f3-abddc08ed57d
9,2026-09-08,17:04:26.39,"Hoggat, Kyle",1000514767,Right,,,,,,ChangeUp,Live,,78.79824,-1.001954793,-4.332126597,1580.938693,236.5347973,2:00,5.5498,3.46674,6.13846,-35.5383,8.65307,13.15568,1.65969,0.55234,73.01971,-7.641139592,-1.864731582,0.4784539796,-8.21958,4.94679,-3.14333,50,5.45468,8.31012,-114.49801,-2.99042,-11.02443,19.09177,-25.53922,72cf4de1-45ed-4e49-8680-d42aeaa0aded,3842a0a1-437e-4413-887b-e69dcada7b3b,78.77965,Pitching,25410021,,,,,,,,,,,,,,,,,,,,0.9823247288,1580.706345,0.9998530315,,a5c9383b-8431-45a9-b986-1c8dd084efbb,22a94348-6609-46ba-97f3-abddc08ed57d
10,2026-09-08,17:04:51.20,"Hoggat, Kyle",1000514767,Right,,,,,,ChangeUp,Live,,78.02344,1.079501886,-4.19588545,1516.512307,240.0840158,2:00,5.80058,3.4078,5.801,-38.20533,7.63377,13.39905,3.62349,0.61552,71.73196,-6.051648582,-1.692014701,0.487292183,-8.29062,3.81534,-3.07119,50,5.86645,7.92342,-113.29901,1.03273,-10.83981,19.56205,-27.18558,91664e94-3e59-49cf-9f55-8195b41a7f92,3842a0a1-437e-4413-887b-e69dcada7b3b,77.3508,Pitching,25410021,,,,,,,,,,,,,,,,,,,,-0.03380042371,1516.512043,0.999999826,,9bafedd9-2531-4af1-b022-b7fe01847719,22a94348-6609-46ba-97f3-abddc08ed57d
11,2026-09-08,17:05:12.74,"Hoggat, Kyle",1000514767,Right,,,,,,ChangeUp,Live,,78.06487,-1.319437284,-4.292120813,1585.924345,266.2051431,2:45,5.65843,3.42881,5.81953,-44.66369,0.9183,14.08727,0.70623,0.60529,72.68865,-9.582014903,-1.665078805,0.4859236759,-8.62304,0.82028,-3.08604,50,5.52368,8.10013,-113.3762,-3.91541,-11.34369,18.65622,-31.09496,91bfaa57-df3b-48e1-b520-d703c5cb0c86,3842a0a1-437e-4413-887b-e69dcada7b3b,77.56864,Pitching,25410021,,,,,,,,,,,,,,,,,,,,14.60247194,1534.696284,0.9676982944,,67482da3-e5cf-4d03-8d77-f22fd80f47b7,22a94348-6609-46ba-97f3-abddc08ed57d
12,2026-09-08,17:05:36.95,"Hoggat, Kyle",1000514767,Right,,,,,,ChangeUp,Live,,74.88318,1.566538027,-4.206684377,1357.529786,243.4239096,2:00,5.67199,3.38683,5.9074,-43.9715,5.70967,11.56992,3.46585,0.43986,68.78812,-6.65951253,-2.038668585,0.5073028738,-7.36667,2.65795,-3.05577,50,5.77268,7.68107,-108.71633,1.78288,-8.84796,18.42433,-28.98164,8cd4d7e6-94af-403d-b086-737519fcd760,3842a0a1-437e-4413-887b-e69dcada7b3b,74.29968,Pitching,25410021,,,,,,,,,,,,,,,,,,,,-0.1150539656,1357.527049,0.9999979838,,38b53917-84d4-44b5-bb16-3096852a0bb5,22a94348-6609-46ba-97f3-abddc08ed57d
13,2026-09-08,17:05:57.10,"Hoggat, Kyle",1000514767,Right,,,,,,Fastball,Live,,84.71743,-0.6526520031,-3.769191348,2160.548358,240.8241012,2:00,5.67571,3.38622,5.34992,-30.27597,9.17267,16.50021,2.53931,1.22137,78.02726,-6.251171705,-0.7103846245,0.4520509847,-9.67614,5.01001,-3.05871,50,5.59548,7.54432,-123.03229,-2.43397,-14.94755,22.61829,-24.43466,003d1557-2a1e-4824-8c08-bc366abe4421,3842a0a1-437e-4413-887b-e69dcada7b3b,83.38095,Pitching,25410021,,,,,,,,,,,,,,,,,,,,15.28002983,2084.171529,0.9646493316,,719f286e-5a1b-42dd-bd0e-768b4d473b27,22a94348-6609-46ba-97f3-abddc08ed57d
14,2026-09-08,17:06:22.00,"Hoggat, Kyle",1000514767,Right,,,,,,ChangeUp,Live,,76.50399,-0.7310258225,-4.200547905,1564.937478,229.9479113,1:45,5.67126,3.4186,5.85108,-38.82083,8.26803,9.89678,1.75517,0.33378,71.41978,-7.916256216,-2.360834543,0.493890315,-6.26841,4.60142,-3.08312,50,5.58878,7.88539,-111.20066,-2.52783,-7.98634,16.66886,-26.31156,38eabbbe-ad63-4411-ab2b-28c18be9ba4b,3842a0a1-437e-4413-887b-e69dcada7b3b,76.31743,Pitching,25410021,,,,,,,,,,,,,,,,,,,,14.16453605,1517.358684,0.9695970003,,43581cb3-a6a7-40a5-acfc-3f5c2bf81805,22a94348-6609-46ba-97f3-abddc08ed57d
15,2026-09-08,17:06:44.30,"Hoggat, Kyle",1000514767,Right,,,,,,ChangeUp,Live,,77.64791,-0.8456680584,-4.216238969,1695.287053,245.3646195,2:15,5.58325,3.51598,5.86362,-38.67793,7.21378,15.81771,1.57241,0.91084,72.13563,-8.02577183,-1.265808742,0.4875717217,-9.51914,4.08025,-3.18358,50,5.49191,7.86315,-112.8216,-2.78024,-12.42405,18.10179,-26.84865,cc7ea49c-700a-45f8-9207-7ddbbc1bc9bf,3842a0a1-437e-4413-887b-e69dcada7b3b,77.30645,Pitching,25410021,,,,,,,,,,,,,,,,,,,,,,,,2bb6bfb1-b1cc-4347-b1d8-189ea4a84343,22a94348-6609-46ba-97f3-abddc08ed57d
16,2026-09-08,17:07:04.93,"Hoggat, Kyle",1000514767,Right,,,,,,Fastball,Live,,83.43546,-3.640782703,-4.823074414,2092.219345,228.4007454,1:30,5.74748,3.35517,5.39165,-27.46884,13.20385,14.84365,0.02999,0.06185,77.46951,-8.677037963,-2.082433936,0.4590107093,-8.99662,7.8489,-2.93466,50,5.4021,9.70049,-120.82575,-8.63054,-13.47833,20.57748,-20.41519,01b03882-cf3e-4c31-b678-93dcddba0f88,3842a0a1-437e-4413-887b-e69dcada7b3b,82.11669,Pitching,25410021,,,,,,,,,,,,,,,,,,,,,,,,9e6d88e2-c25c-4c5a-bef4-ba0d2cf80b9b,22a94348-6609-46ba-97f3-abddc08ed57d
17,2026-09-08,17:07:23.74,"Hoggat, Kyle",1000514767,Right,,,,,,Fastball,Live,,83.40524,-0.8996757624,-3.209980409,2196.096327,221.3617618,1:30,5.7634,3.1877,5.34461,-25.18931,15.94601,14.07906,2.81909,1.34717,75.84442,-5.590099358,-0.5824233097,0.4616138652,-8.39497,8.70787,-2.90853,50,5.66464,6.32338,-121.07217,-2.73935,-12.39905,24.73268,-19.31285,7bb0806c-b119-4b0e-8a6c-f2ebb82624fe,3842a0a1-437e-4413-887b-e69dcada7b3b,81.65361,Pitching,25410021,,,,,,,,,,,,,,,,,,,212.444797,15.97114456,2111.327868,0.9614003912,1:00,a88e8e36-55a0-4335-899b-1ac6c9975938,22a94348-6609-46ba-97f3-abddc08ed57d
18,2026-09-08,17:08:31.86,"Hoggat, Kyle",1000514767,Right,,,,,,ChangeUp,Live,,76.61326,1.627584359,-2.684047376,1644.751961,197.3601871,12:30,5.69022,3.25971,5.89097,-31.24267,16.31693,5.11905,4.59971,1.19272,69.8575,-4.245861495,-1.721186776,0.4963528441,-3.52024,8.34345,-3.04665,50,5.80333,5.07784,-111.36131,2.29649,-4.41386,20.28228,-21.71259,d01627a5-49c8-4270-804d-3bac3f72025a,3842a0a1-437e-4413-887b-e69dcada7b3b,75.9388,Pitching,25410021,,,,,,,,,,,,,,,,,,,,13.61733516,1598.517675,0.9718898125,,4af501c0-3e95-4f8c-adca-a0fc44d32300,22a94348-6609-46ba-97f3-abddc08ed57d
19,2026-09-08,17:09:01.13,"Hoggat, Kyle",1000514767,Right,,,,,,ChangeUp,Live,,76.64811,-0.7404540683,-3.19817144,1580.557142,227.366813,1:30,5.4757,3.62086,5.99765,-33.74225,13.3662,14.57149,1.97671,1.86898,70.55072,-7.057492142,-0.4584044226,0.4939929833,-8.73713,7.42812,-3.37742,50,5.39878,5.82722,-111.45494,-2.37013,-11.03174,19.32342,-22.7951,a8231690-6d6e-4cb9-a3aa-b479f9aa7475,3842a0a1-437e-4413-887b-e69dcada7b3b,76.30157,Pitching,25410021,,,,,,,,,,,,,,,,,,,213.9351968,3.89837167,1576.900067,0.9976862114,1:15,6b34cf63-4558-43f2-bd70-0c27da653051,22a94348-6609-46ba-97f3-abddc08ed57d
20,2026-09-08,17:09:17.01,"Hoggat, Kyle",1000514767,Right,,,,,,Fastball,Live,,85.44334,-1.384468841,-2.678147,2136.292595,227.531486,1:30,5.69297,3.2444,5.47313,-26.40403,12.25446,13.41757,2.19559,1.85489,78.50568,-6.283963454,-0.1783777344,0.4475008083,-7.83468,6.87316,-3.0184,50,5.55352,5.35853,-124.17988,-3.89039,-12.2848,23.89755,-21.39691,47ba4807-3595-4e69-9f3f-9de933d78163,3842a0a1-437e-4413-887b-e69dcada7b3b,84.22876,Pitching,25410021,,,,,,,,,,,,,,,,,,,222.9175581,16.16452363,2051.836931,0.9604662471,1:30,8673722c-5135-4467-abef-dcc4b9701a5e,22a94348-6609-46ba-97f3-abddc08ed57d
21,2026-09-08,17:10:07.45,"Johnson, Tate",1000512540,Right,,,,,,Fastball,Live,,84.35685,-2.220589798,-2.342007625,2277.742162,197.1973047,12:30,5.87606,1.01708,6.1387,-26.65172,11.89138,3.68883,1.60043,-0.84082,77.99632,-7.20311203,-1.647943526,0.4468324586,-2.60424,7.02908,-0.84069,50,5.6929,4.91036,-122.72801,-5.55068,-4.00211,22.56403,-21.37199,61f97e72-0b73-4780-92dd-7077a53bfa29,3842a0a1-437e-4413-887b-e69dcada7b3b,84.35475,Pitching,25410021,,,,,,,,,,,,,,,,,,,,,,,,b98fe9b9-1b53-464d-85f2-867dfc7e771f,22a94348-6609-46ba-97f3-abddc08ed57d
22,2026-09-08,17:10:24.15,"Johnson, Tate",1000512540,Right,,,,,,Fastball,Live,,85.33828,-2.761057437,-1.779449706,2266.167232,195.9735356,12:30,5.84822,0.73532,6.29103,-25.09215,12.24497,3.51009,1.21003,-0.61224,79.17399,-7.453610103,-1.117812029,0.4397864414,-2.35599,7.3669,-0.60633,50,5.63286,3.75644,-124.20143,-6.72303,-3.71971,22.37099,-20.54294,ec2a2db9-207d-46ae-8821-ac24769ee038,3842a0a1-437e-4413-887b-e69dcada7b3b,85.70623,Pitching,25410021,,,,,,,,,,,,,,,,,,,,,,,,cc8e080c-15ca-41a4-af70-db65399e8366,22a94348-6609-46ba-97f3-abddc08ed57d
23,2026-09-08,17:10:42.01,"Johnson, Tate",1000512540,Right,,,,,,Fastball,Live,,83.59433,-3.166578337,-0.3140068754,2209.891966,209.2949259,1:00,5.78519,0.71923,6.34649,-27.14153,12.10617,6.79917,0.60583,0.99681,76.8304,-8.266204431,0.9773624032,0.4508981918,-3.81811,7.53653,-0.6997,50,5.54258,0.47669,-121.59167,-7.48422,-5.70646,24.21458,-20.91013,d86f0cc5-d436-4f89-90af-dfb5bbc30bf8,3842a0a1-437e-4413-887b-e69dcada7b3b,83.59412,Pitching,25410021,,,,,,,,,,,,,,,,,,,,37.19907102,1760.26673,0.7965397208,,953af1ef-f8eb-47ba-bd56-18989ab2fc43,22a94348-6609-46ba-97f3-abddc08ed57d
24,2026-09-08,17:10:59.68,"Johnson, Tate",1000512540,Right,,,,,,ChangeUp,Live,,80.22672,-2.202118035,-1.529438994,1565.513945,226.0111982,1:30,5.85015,0.55188,6.21714,-34.83822,7.78813,8.09313,0.91342,-0.18519,74.12955,-8.723861847,0.000610562715,0.4699054525,-4.82725,4.84314,-0.44165,50,5.66789,2.89406,-116.75352,-5.45222,-6.6809,21.43316,-25.47116,119df145-5366-44b9-aead-62ad436d7524,3842a0a1-437e-4413-887b-e69dcada7b3b,80.21281,Pitching,25410021,,,,,,,,,,,,,,,,,,,204.4094242,43.57918778,1134.093232,0.7244223123,12:45,9560f508-59ca-40f8-b3bf-aa5d4c926970,22a94348-6609-46ba-97f3-abddc08ed57d
25,2026-09-08,17:11:18.93,"Johnson, Tate",1000512540,Right,,,,,,ChangeUp,Live,,81.16788,-2.007431578,-0.4355874888,1398.001563,230.6086357,1:45,5.84775,0.53298,6.27622,-32.43675,9.19174,11.22571,1.29376,1.06699,74.72727,-8.100363948,1.692309675,0.4643727496,-6.26177,5.58894,-0.50638,50,5.68385,0.58937,-118.16348,-5.03463,-8.84826,22.63383,-24.27654,07b26976-8aa9-48e3-80e0-538ac498740c,3842a0a1-437e-4413-887b-e69dcada7b3b,81.1685,Pitching,25410021,,,,,,,,,,,,,,,,,,,,27.65808286,1238.256766,0.8857334635,,e40b965c-4a70-4e1d-b0c5-2a657f6c89dc,22a94348-6609-46ba-97f3-abddc08ed57d
26,2026-09-08,17:11:37.05,"Johnson, Tate",1000512540,Right,,,,,,ChangeUp,Live,,80.77834,0.8745985782,0.5382064088,1392.151537,222.3763578,1:30,5.88011,0.67559,6.10973,-32.51332,9.36274,8.5724,3.97937,1.88757,74.69053,-5.222064158,2.149472522,0.4657515495,-4.51458,4.85917,-0.72137,50,5.92986,-1.35048,-117.70222,0.86838,-6.39589,20.27087,-25.28997,f82bf339-6ed0-490d-a8a5-01d96721f8a2,3842a0a1-437e-4413-887b-e69dcada7b3b,80.92821,Pitching,25410021,,,,,,,,,,,,,,,,,,,,32.36209691,1175.925635,0.8446822082,,2a20a3db-a27e-481f-96b3-2fdd0b342d27,22a94348-6609-46ba-97f3-abddc08ed57d
27,2026-09-08,17:11:54.64,"Johnson, Tate",1000512540,Right,,,,,,ChangeUp,Live,,80.55713,-0.7171367024,-0.07584169119,1527.434956,219.6128896,1:15,5.79071,0.60148,6.2222,-31.70535,9.98916,8.29556,2.48694,1.22281,75.07916,-6.643193886,1.482758963,0.4647408031,-4.52856,5.59887,-0.60004,50,5.72105,-0.07692,-117.45341,-2.35837,-6.42643,18.93732,-24.22876,969f2e33-1f9f-4280-8058-f408e63b9eb6,3842a0a1-437e-4413-887b-e69dcada7b3b,81.10422,Pitching,25410021,,,,,,,,,,,,,,,,,,,219.1794687,37.88702167,1205.487117,0.7892232092,1:15,948430c8-0af4-4505-9138-a40f39d13879,22a94348-6609-46ba-97f3-abddc08ed57d
28,2026-09-08,17:12:21.64,"Johnson, Tate",1000512540,Right,,,,,,Fastball,Live,,85.20315,-0.7476300493,-1.28301449,2216.278848,201.6036851,12:45,5.73153,0.55478,6.11029,-26.92582,10.52706,4.18132,2.79629,-0.28316,79.22546,-5.777598339,-0.4990587064,0.4404676628,-2.56318,5.87513,-0.45873,50,5.65989,2.65458,-124.17692,-2.43582,-4.06587,21.15919,-22.85455,13cd19b2-ebd0-45f5-922d-b508c6fca781,3842a0a1-437e-4413-887b-e69dcada7b3b,85.57368,Pitching,25410021,,,,,,,,,,,,,,,,,,,198.3776301,43.67804219,1602.883482,0.7232318639,12:30,b8cdab6a-65a5-47e4-a936-d8717d4dcf41,22a94348-6609-46ba-97f3-abddc08ed57d
29,2026-09-08,17:12:52.05,"Johnson, Tate",1000512540,Right,,,,,,Fastball,Live,,84.78361,-1.76624466,-0.1754627548,2265.223439,199.551771,12:45,5.75694,0.72424,6.28309,-25.02057,12.65879,4.50448,2.04375,0.93792,78.72881,-6.452741459,0.6731351916,0.4417974204,-2.49888,7.32976,-0.71356,50,5.61459,0.24753,-123.5533,-4.53677,-3.9126,21.63914,-20.69755,701eb486-7668-45c1-aee8-1646ded7b40c,3842a0a1-437e-4413-887b-e69dcada7b3b,85.31611,Pitching,25410021,,,,,,,,,,,,,,,,,,,,,,,,42f76e2a-0965-49af-b645-0710d524d535,22a94348-6609-46ba-97f3-abddc08ed57d
30,2026-09-08,17:13:25.82,"Johnson, Tate",1000512540,Right,,,,,,Fastball,Live,,86.54255,-1.158519797,0.6923240276,2164.3248,197.5999157,12:30,5.79421,0.64225,6.2433,-25.57805,10.84332,3.44914,2.59408,1.56818,79.81871,-5.966399482,1.343552087,0.434359729,-1.70105,6.216,-0.6954,50,5.69536,-1.62606,-126.08096,-3.31006,-2.75501,24.15638,-22.10669,a7b27940-8051-4a2e-9b59-da6820a7bed7,3842a0a1-437e-4413-887b-e69dcada7b3b,86.77701,Pitching,25410021,,,,,,,,,,,,,,,,,,,,,,,,4cedfb43-392d-44ae-a5a5-fff6cfcdbb2e,22a94348-6609-46ba-97f3-abddc08ed57d
31,2026-09-08,17:13:45.18,"Johnson, Tate",1000512540,Right,,,,,,Fastball,Live,,86.30937,-3.11774819,-1.065050606,2217.78741,191.558822,12:30,5.75314,0.44697,6.47622,-22.41288,13.9504,2.85503,1.01953,-0.2931,79.77226,-7.330570444,-0.5238074274,0.434013221,-1.84556,8.47939,-0.37347,50,5.52389,2.25467,-125.6171,-7.47649,-2.96901,23.82342,-18.53295,526cd140-7c8d-47c4-b2ef-c75b7ff4c959,3842a0a1-437e-4413-887b-e69dcada7b3b,86.84629,Pitching,25410021,,,,,,,,,,,,,,,,,,,,,,,,ddfc3ff6-768a-4a8d-90db-f8e545c10b64,22a94348-6609-46ba-97f3-abddc08ed57d
32,2026-09-08,17:14:36.89,"Johnson, Tate",1000512540,Right,,,,,,Fastball,Live,,86.12825,-1.385295633,-1.203036837,2254.514844,201.7242853,12:45,5.74748,0.75522,6.28975,-22.58612,14.16763,5.6556,2.58837,0.11788,79.28593,-5.638992071,-0.1336440733,0.4363371698,-3.40716,8.10686,-0.6696,50,5.63462,2.46886,-125.44911,-3.6956,-5.45785,24.14114,-19.18785,3a82a19d-33ca-4bd2-aa22-c8d76803b846,3842a0a1-437e-4413-887b-e69dcada7b3b,86.38375,Pitching,25410021,,,,,,,,,,,,,,,,,,,203.7085041,40.75292879,1707.866274,0.7575316162,12:45,45127e55-8346-4027-8108-be5af812fe0e,22a94348-6609-46ba-97f3-abddc08ed57d
33,2026-09-08,17:14:53.36,"Johnson, Tate",1000512540,Right,,,,,,Fastball,Live,,84.92539,-0.8705289678,0.4989507565,2205.907215,201.6659293,12:45,5.77113,0.5318,6.13056,-26.5458,11.35207,4.52216,2.75437,1.36977,78.48404,-5.846224918,1.35007059,0.4430765896,-2.32864,6.3836,-0.57221,50,5.69081,-1.21268,-123.73912,-2.67326,-3.64147,22.70191,-22.19155,6526a973-97ba-4060-afc0-589528b91a26,3842a0a1-437e-4413-887b-e69dcada7b3b,85.0698,Pitching,25410021,,,,,,,,,,,,,,,,,,,,42.00731908,1639.119967,0.7430593433,,12e334a9-69c8-4a35-b7dc-e9c816c452e5,22a94348-6609-46ba-97f3-abddc08ed57d
34,2026-09-08,17:15:10.44,"Johnson, Tate",1000512540,Right,,,,,,Fastball,Live,,85.30078,-0.7465864048,0.220225053,2278.359167,215.4736025,1:15,5.68926,0.52148,6.24575,-25.45689,12.2067,8.72049,2.87933,1.45127,78.23208,-5.547952855,1.87127503,0.4417049221,-4.70243,6.8743,-0.54216,50,5.62119,-0.7317,-124.25007,-2.36096,-7.35414,24.79995,-21.42333,e0f5ce74-8a07-45a9-9760-81fb833b658b,3842a0a1-437e-4413-887b-e69dcada7b3b,85.33398,Pitching,25410021,,,,,,,,,,,,,,,,,,,,,,,,0758962c-0410-450b-b641-8150d0811107,22a94348-6609-46ba-97f3-abddc08ed57d
35,2026-09-08,17:16:30.01,"Johnson, Tate",1000512540,Right,,,,,,ChangeUp,Live,,81.59026,-1.663969283,-0.5660921745,1519.40249,230.5068557,1:45,5.88639,0.47048,6.25973,-32.59664,8.44953,10.28671,1.63544,0.80579,75.37338,-7.779032879,1.379127775,0.4611133663,-5.76795,5.05759,-0.43369,50,5.74709,0.8874,-118.82959,-4.36064,-8.27989,21.92699,-24.91388,5eb08e84-e5c6-4ddb-9563-710d14ea8457,3842a0a1-437e-4413-887b-e69dcada7b3b,81.74224,Pitching,25410021,,,,,,,,,,,,,,,,,,,,,,,,ebcd7308-ba05-45d0-a5a4-060ac467318b,22a94348-6609-46ba-97f3-abddc08ed57d
36,2026-09-08,17:16:45.29,"Johnson, Tate",1000512540,Right,,,,,,Fastball,Live,,86.22921,-1.909835936,-0.1522895631,2206.255021,184.4183765,12:15,5.82743,0.43963,6.39611,-24.35537,11.92662,0.92337,2.04098,0.37654,80.05138,-6.481450959,0.02205796823,0.4335278128,-0.54257,6.99437,-0.42916,50,5.67918,0.30736,-125.66723,-4.89347,-0.87855,22.46807,-20.84859,da11f762-6ee2-4c29-b9d6-f30e8d14eecf,3842a0a1-437e-4413-887b-e69dcada7b3b,86.94353,Pitching,25410021,,,,,,,,,,,,,,,,,,,,,,,,961c677c-f373-4e49-8b76-bbce5c52880d,22a94348-6609-46ba-97f3-abddc08ed57d
37,2026-09-08,17:17:23.88,"Johnson, Tate",1000512540,Right,,,,,,Fastball,Live,,85.42454,-1.97903984,-0.2605503736,2167.027324,192.9872171,12:30,5.7426,0.54101,6.55062,-22.82396,14.16988,3.27312,2.02539,0.57488,78.74036,-6.291718652,0.3614589558,0.437760036,-1.87456,8.33989,-0.52448,50,5.59625,0.47595,-124.45992,-4.92848,-2.95498,23.81508,-19.02738,af2b0c50-f812-4f68-a135-7b93b5e70eb7,3842a0a1-437e-4413-887b-e69dcada7b3b,86.10297,Pitching,25410021,,,,,,,,,,,,,,,,,,,,33.53552635,1806.311393,0.8335434323,,89f73cd4-1141-4318-ae45-d2e5df8d99c8,22a94348-6609-46ba-97f3-abddc08ed57d
38,2026-09-08,17:17:54.48,"Johnson, Tate",1000512540,Right,,,,,,Fastball,Live,,86.604,-2.861877694,0.4687456555,2248.690414,202.094194,12:45,5.80209,0.60305,6.49803,-22.82611,13.19237,5.36188,1.27111,1.48008,80.16134,-7.15180765,1.484897581,0.4319506526,-2.831,7.98949,-0.63818,50,5.59189,-1.18322,-126.10645,-6.94931,-4.59562,23.70744,-19.20457,6ceb08a5-c2ea-4f65-a8e9-a3c577715cda,3842a0a1-437e-4413-887b-e69dcada7b3b,87.26098,Pitching,25410021,,,,,,,,,,,,,,,,,,,,30.08286199,1945.794944,0.8653013911,,4df5d49e-2fc7-4b11-9756-3e63a33f41cb,22a94348-6609-46ba-97f3-abddc08ed57d
39,2026-09-08,17:18:14.63,"Johnson, Tate",1000512540,Right,,,,,,Slider,Live,,74.76886,-1.161018848,-1.380285037,2146.252198,125.9920401,10:15,5.72493,0.5625,5.58768,-45.20731,5.30915,-7.37314,0.87321,-1.34088,68.8997,-9.539236481,-2.761149483,0.511549715,3.53948,3.16938,-0.43942,50,5.59624,2.83092,-108.72118,-3.49933,4.2218,19.67897,-28.3937,443fec08-0f3b-4c43-848a-6fd2c39dbcd7,3842a0a1-437e-4413-887b-e69dcada7b3b,73.68285,Pitching,25410021,,,,,,,,,,,,,,,,,,,,,,,,80b91acf-4db8-4464-8db7-284cd40621ff,22a94348-6609-46ba-97f3-abddc08ed57d
40,2026-09-08,17:18:34.48,"Johnson, Tate",1000512540,Right,,,,,,Curveball,Live,,71.62992,1.785418969,1.494307325,2108.641659,83.88255385,8:45,5.73686,0.44425,5.81035,-56.22872,-1.53024,-13.74575,2.71226,0.68844,65.67362,-8.740791068,-1.095888624,0.5323031387,7.84108,-1.3488,-0.55843,50,5.8498,-2.35426,-104.14606,1.76447,8.5649,18.38291,-33.64736,d0122a85-d30a-4979-bdcb-03964004d27e,3842a0a1-437e-4413-887b-e69dcada7b3b,70.8101,Pitching,25410021,,,,,,,,,,,,,,,,,,,,,,,,2fc64e1e-71aa-44a8-999c-59b2bdd9ee2f,22a94348-6609-46ba-97f3-abddc08ed57d
41,2026-09-08,17:19:11.97,"Johnson, Tate",1000512540,Right,,,,,,Curveball,Live,,76.02894,-1.248064354,-0.9850705575,2157.390111,95.39631383,9:15,5.72059,0.73782,5.67982,-47.93077,1.27422,-13.97771,0.56275,-1.34521,69.46896,-10.17769789,-3.621930822,0.5048658359,7.19221,1.08837,-0.64635,50,5.58604,2.29663,-110.48706,-3.76835,8.75208,22.54443,-30.84963,bc787f38-8888-4fdd-97a9-4c8d2618e793,3842a0a1-437e-4413-887b-e69dcada7b3b,74.65833,Pitching,25410021,,,,,,,,,,,,,,,,,,,,,,,,4e2773cd-1d98-425b-bbff-3d45478c9826,22a94348-6609-46ba-97f3-abddc08ed57d
42,2026-09-08,17:19:35.77,"Johnson, Tate",1000512540,Right,,,,,,Curveball,Live,,72.51905,1.596020083,0.8910871125,2214.837379,35.30858724,7:15,5.92258,0.42795,5.61556,-60.3193,-6.80774,-4.78732,2.38589,0.86061,66.9376,-9.614611813,-0.005880578916,0.5264961347,2.8067,-4.08348,-0.50084,50,6.02009,-1.50777,-105.47393,1.26672,3.15937,18.06474,-36.77063,0fad2242-3cd5-4dac-8d5a-fdacbdcd56e8,3842a0a1-437e-4413-887b-e69dcada7b3b,71.5911,Pitching,25410021,,,,,,,,,,,,,,,,,,,,,,,,3cd1714d-6fdb-4881-8ed1-57d46a6e534f,22a94348-6609-46ba-97f3-abddc08ed57d
43,2026-09-08,17:19:56.26,"Johnson, Tate",1000512540,Right,,,,,,Curveball,Live,,70.2615,2.551561526,1.383195592,2231.228187,43.15523481,7:30,5.98095,0.35304,5.83122,-66.96175,-9.84359,-9.16895,2.77449,0.87475,64.30234,-10.0002571,-0.3496642136,0.5439493854,5.37439,-6.09971,-0.46038,50,6.1499,-2.22957,-102.07715,2.83253,5.61056,18.46222,-38.5418,a818fc97-d4e5-4664-b02b-2a611f26f712,3842a0a1-437e-4413-887b-e69dcada7b3b,69.29402,Pitching,25410021,,,,,,,,,,,,,,,,,,,,,,,,36709151-9ccc-4270-8261-4f6bcdf12e59,22a94348-6609-46ba-97f3-abddc08ed57d
44,2026-09-08,17:20:47.46,"Morio, Brandon",1000500365,Left,,,,,,,Warmup,,79.59401,1.105127286,0.6623032011,1915.275593,150.4011005,11:00,5.94316,-2.86871,6.62695,-29.48558,13.32985,-7.59241,4.49798,-2.89503,72.54391,-4.522141541,-0.7892038167,0.4709464973,4.40286,7.06933,2.82711,50,6.00558,-1.15055,-115.95541,1.49955,5.96685,22.61807,-22.59355,1e7a729d-96b3-41d2-b351-9155913ceddf,3842a0a1-437e-4413-887b-e69dcada7b3b,80.0355,Pitching,25410021,,,,,,,,,,,,,,,,,,,,-23.27519793,1759.405712,0.9186175182,,e32ea239-f972-4ffa-8385-b5087352f1d7,22a94348-6609-46ba-97f3-abddc08ed57d
45,2026-09-08,17:20:56.45,"Morio, Brandon",1000500365,Left,,,,,,,Warmup,,81.15983,0.7098719165,2.394774839,2009.947312,155.655728,11:15,6.02884,-2.20218,6.63857,-25.58397,15.63704,-7.09782,4.5472,-0.60042,73.88575,-4.174008267,1.038685061,0.4620944514,4.63603,8.46732,2.04368,50,6.06612,-4.76099,-118.15577,0.81498,6.52296,23.50328,-20.26041,7cecdca8-2240-49f6-8f76-56013a1fb96d,3842a0a1-437e-4413-887b-e69dcada7b3b,81.56869,Pitching,25410021,,,,,,,,,,,,,,,,,,,,-26.44805993,1799.583178,0.8953384834,,2433141b-00f0-4600-be55-2047b1c2b89f,22a94348-6609-46ba-97f3-abddc08ed57d
46,2026-09-08,17:21:17.11,"Morio, Brandon",1000500365,Left,,,,,,Fastball,Live,,86.43376,-1.293151807,1.880283144,2001.44461,164.7115166,11:30,5.86733,-2.30329,6.87893,-20.65955,15.17069,-4.15546,2.96666,-0.93581,79.21354,-5.237262331,1.084561952,0.4308204268,2.84444,8.83917,2.18599,50,5.77796,-4.02745,-125.93737,-3.37606,4.56925,25.52077,-17.975,554a02e8-6b20-4b46-8896-b7d88be46bb9,3842a0a1-437e-4413-887b-e69dcada7b3b,87.48991,Pitching,25410021,,,,,,,,,,,,,,,,,,,178.9565953,-33.63426307,1666.383091,0.8325901618,12:00,28624970-6ab7-4baf-88d3-761cd694fc5c,22a94348-6609-46ba-97f3-abddc08ed57d
47,2026-09-08,17:21:51.84,"Morio, Brandon",1000500365,Left,,,,,,ChangeUp,Live,,76.68964,-0.1935558843,2.399806782,1444.177836,180.706488,12:00,5.68643,-2.58498,6.95024,-34.19777,10.85666,0.13446,2.66035,-0.38899,71.07601,-6.691916963,2.42545429,0.4831034509,0.53208,6.12202,2.43622,50,5.66219,-4.68818,-111.79302,-1.15112,0.67926,18.4991,-24.3586,aba8cf67-f7df-4b25-bc6c-62bca6c0dc9a,3842a0a1-437e-4413-887b-e69dcada7b3b,78.02147,Pitching,25410021,,,,,,,,,,,,,,,,,,,,-9.041052144,1426.235374,0.9875760026,,4b61332c-371f-4bc1-a2d8-7463f0d8f7a7,22a94348-6609-46ba-97f3-abddc08ed57d
48,2026-09-08,17:22:05.75,"Morio, Brandon",1000500365,Left,,,,,,ChangeUp,Live,,77.19208,-1.062703785,3.633218337,1521.485773,144.9075785,10:45,5.75816,-2.52411,7.22356,-35.51393,8.48199,-5.99141,1.83477,0.26945,71.84093,-7.820339789,2.48735352,0.4773947315,4.27491,5.05085,2.318,50,5.68632,-7.01222,-112.43955,-2.84465,5.53595,18.18131,-25.63326,f2f3f045-2d8a-4842-8ebf-9a37f712878b,3842a0a1-437e-4413-887b-e69dcada7b3b,78.95445,Pitching,25410021,,,,,,,,,,,,,,,,,,,,-4.594527654,1516.59653,0.9967865337,,4c305cfd-aa85-49b1-a738-7c47908e78b0,22a94348-6609-46ba-97f3-abddc08ed57d
49,2026-09-08,17:22:21.83,"Morio, Brandon",1000500365,Left,,,,,,Curveball,Live,,75.62805,0.9802808409,0.8664819966,2223.040427,286.4021938,3:30,5.94073,-2.40159,5.87336,-50.94906,-2.53275,8.47433,2.60552,-0.89066,70.10928,-8.510324577,2.455458665,0.5008033708,-4.33429,-1.62049,2.3267,50,5.99022,-1.90111,-110.11552,0.46723,-5.35086,18.55186,-34.17461,fd4ec463-e030-4366-8924-8bd8a2803221,3842a0a1-437e-4413-887b-e69dcada7b3b,75.26395,Pitching,25410021,,,,,,,,,,,,,,,,,,,314.1711659,-58.82095895,1150.89933,0.5177140803,4:30,01626d1c-22fa-443a-9bb9-9681b0f14514,22a94348-6609-46ba-97f3-abddc08ed57d
50,2026-09-08,17:23:11.40,"Morio, Brandon",1000500365,Left,,,,,,Curveball,Live,,75.75293,-0.1961872046,-0.04494574033,2251.12549,297.9152745,4:00,6.08513,-2.19227,6.37786,-51.48195,-4.08215,7.63025,1.61451,-1.59776,70.34582,-9.857863683,1.401784122,0.4955182331,-4.19766,-2.18628,2.19192,50,6.04683,-0.10612,-110.3913,-1.67827,-5.19428,19.13846,-34.8794,e89f2af8-4196-4dce-a67f-b972d7669e8a,3842a0a1-437e-4413-887b-e69dcada7b3b,76.0667,Pitching,25410021,,,,,,,,,,,,,,,,,,,,,,,,40ff1a9f-f4a3-46a1-a058-4e5af2f5519a,22a94348-6609-46ba-97f3-abddc08ed57d
51,2026-09-08,17:23:25.99,"Morio, Brandon",1000500365,Left,,,,,,Curveball,Live,,74.24482,-0.5145087772,2.028286779,2145.707985,306.5901987,4:15,6.06641,-2.30104,5.5982,-58.93815,-7.93576,10.63371,0.67431,0.47923,69.21899,-11.36348389,4.012307399,0.5140041968,-5.11777,-4.09291,2.12064,50,5.98438,-4.12742,-107.9812,-2.65111,-6.05131,18.54588,-37.01355,88355ca8-60ca-40f4-9162-f3ee9998c6bf,3842a0a1-437e-4413-887b-e69dcada7b3b,73.33099,Pitching,25410021,,,,,,,,,,,,,,,,,,,,,,,,b7b2c26f-747d-428d-8df4-16ab72e702b6,22a94348-6609-46ba-97f3-abddc08ed57d
52,2026-09-08,17:23:44.47,"Morio, Brandon",1000500365,Left,,,,,,Fastball,Live,,85.80801,-2.839275206,0.8739588969,2242.241924,163.7366745,11:30,5.87887,-2.40132,6.72843,-24.23443,11.83354,-3.45631,1.26254,-1.89071,80.13753,-7.393961476,0.2189143193,0.4322472738,2.11389,7.20298,2.3452,50,5.68209,-1.81483,-125.04748,-6.85264,3.40523,21.11235,-20.57087,4a41e2a4-867f-4085-af08-acc700043251,3842a0a1-437e-4413-887b-e69dcada7b3b,87.2011,Pitching,25410021,,,,,,,,,,,,,,,,,,,,,,,,48b16f13-1f44-4e67-9148-f2007d486937,22a94348-6609-46ba-97f3-abddc08ed57d
53,2026-09-08,17:24:11.33,"Morio, Brandon",1000500365,Left,,,,,,Fastball,Live,,87.7866,-2.827079102,1.804023125,2253.740931,166.1075852,11:30,5.71914,-2.30468,6.73823,-25.13132,9.43566,-2.33831,1.03874,-0.85089,81.77611,-7.555830595,1.360425017,0.4231575521,1.72491,5.9031,2.18718,50,5.52328,-3.96339,-127.86271,-7.00339,2.89618,22.85162,-22.26256,9a7c5038-8e26-4b96-9d01-ce174f4c51a5,3842a0a1-437e-4413-887b-e69dcada7b3b,89.07424,Pitching,25410021,,,,,,,,,,,,,,,,,,,,,,,,f010b1a5-b429-4544-996f-06c93f9fa13a,22a94348-6609-46ba-97f3-abddc08ed57d
54,2026-09-08,17:24:27.71,"Morio, Brandon",1000500365,Left,,,,,,ChangeUp,Live,,77.27326,-0.3553911551,1.460475557,1472.88895,188.4830657,12:15,5.62702,-2.63839,6.40305,-35.09107,10.66139,1.59635,2.37591,-1.16228,70.87011,-6.992135897,1.763885677,0.4868314346,-0.46103,5.96224,2.53323,50,5.58538,-2.90992,-112.5369,-1.59334,-0.58976,20.89883,-24.54707,a368a610-70cb-4b89-a2e6-681b9c901ebd,3842a0a1-437e-4413-887b-e69dcada7b3b,77.424,Pitching,25410021,,,,,,,,,,,,,,,,,,,,-7.706863971,1459.584552,0.9909671412,,f9c19600-905b-497d-aec4-321d67a10924,22a94348-6609-46ba-97f3-abddc08ed57d
55,2026-09-08,17:24:42.50,"Morio, Brandon",1000500365,Left,,,,,,ChangeUp,Live,,75.72737,0.3201398631,3.066749987,1621.786888,150.4131896,11:00,5.77243,-2.37518,6.81698,-36.73156,9.81153,-5.60166,3.00392,-0.04183,70.04412,-6.650261944,2.000592648,0.4910198263,3.90342,5.38078,2.18007,50,5.77896,-5.78057,-110.30058,-0.22803,4.84644,18.18265,-25.49333,77d7b478-8c2d-486b-9764-3f73e7f045a8,3842a0a1-437e-4413-887b-e69dcada7b3b,76.76358,Pitching,25410021,,,,,,,,,,,,,,,,,,,,-11.23463272,1590.70951,0.9808375702,,2066a767-7055-4bfa-b072-0d681d937e80,22a94348-6609-46ba-97f3-abddc08ed57d
56,2026-09-08,17:25:02.66,"Morio, Brandon",1000500365,Left,,,,,,Curveball,Live,,75.09823,-0.5473837691,0.6144974403,2433.186853,297.6521104,4:00,5.87132,-2.28896,5.90779,-53.52573,-4.58178,8.66525,0.90279,-0.99654,70.13435,-10.46450179,2.239249789,0.5035248947,-4.51004,-2.32745,2.23474,50,5.79668,-1.41141,-109.38015,-2.51683,-5.50331,17.98736,-35.01409,e0477652-0c85-401e-aee9-1f28abab5e2c,3842a0a1-437e-4413-887b-e69dcada7b3b,74.85715,Pitching,25410021,,,,,,,,,,,,,,,,,,,,,,,,722306ca-3ed9-45c5-9386-71ef4958872f,22a94348-6609-46ba-97f3-abddc08ed57d
57,2026-09-08,17:25:21.02,"Morio, Brandon",1000500365,Left,,,,,,Curveball,Live,,74.13657,-0.4008956761,1.179706913,2301.674129,308.8410649,4:15,5.83243,-2.12862,7.07172,-53.51478,-5.5827,6.88371,1.00888,-0.48395,69.44599,-10.52182134,2.496877701,0.4982927376,-3.56858,-3.03531,2.05575,50,5.79051,-2.3733,-108.15839,-1.89223,-4.26269,17.38236,-35.79974,2a0fb980-2ab8-4448-bfd9-06164199e483,3842a0a1-437e-4413-887b-e69dcada7b3b,75.64316,Pitching,25410021,,,,,,,,,,,,,,,,,,,,,,,,25a0cb5a-c968-4a7b-89e1-3520e1404433,22a94348-6609-46ba-97f3-abddc08ed57d
58,2026-09-08,17:25:55.04,"Morio, Brandon",1000500365,Left,,,,,,Fastball,Live,,86.19486,-1.045543843,2.469678369,2128.900543,172.6403314,11:45,5.88472,-2.19523,6.59154,-24.21928,12.13246,-1.572,2.90759,-0.06228,79.28661,-5.633089615,2.171029605,0.4339443067,1.52915,6.98533,2.02739,50,5.80302,-5.37058,-125.51968,-2.95813,2.4487,24.51529,-20.98807,6881ad98-3db4-4593-8310-3cbf2d675266,3842a0a1-437e-4413-887b-e69dcada7b3b,86.86008,Pitching,25410021,,,,,,,,,,,,,,,,,,,,,,,,d5a9cd8a-582b-48bd-b16a-41025ce96053,22a94348-6609-46ba-97f3-abddc08ed57d
59,2026-09-08,17:26:12.57,"Morio, Brandon",1000500365,Left,,,,,,Fastball,Live,,86.16872,-1.140474051,2.180320231,1985.005939,177.905998,12:00,5.76148,-2.0391,6.63957,-23.8208,12.52887,-0.45944,2.73165,-0.08079,79.15044,-5.659994733,2.092862229,0.4339319741,0.84856,7.25066,1.89236,50,5.67469,-4.76557,-125.49966,-3.14659,1.35598,24.9347,-20.58766,f6bc8b1a-6fb3-4a8e-be6f-a73f18fd9ebe,3842a0a1-437e-4413-887b-e69dcada7b3b,86.86255,Pitching,25410021,,,,,,,,,,,,,,,,,,,,,,,,64690e45-a494-4df6-8f99-562eb664650c,22a94348-6609-46ba-97f3-abddc08ed57d
60,2026-09-08,17:26:28.49,"Morio, Brandon",1000500365,Left,,,,,,ChangeUp,Live,,75.29752,0.5776332985,2.543299645,1454.830544,177.9346596,12:00,5.59428,-2.6918,6.56541,-38.75103,9.19179,-0.33324,2.89502,-0.38688,69.02888,-6.776459614,2.479847186,0.4983485518,0.90997,4.918,2.51724,50,5.61734,-4.86079,-109.61261,0.17604,1.10434,19.82754,-26.20561,a14b5219-abbb-45f5-83e7-9e30c8386bcb,3842a0a1-437e-4413-887b-e69dcada7b3b,75.63469,Pitching,25410021,,,,,,,,,,,,,,,,,,,,-23.28614603,1336.322952,0.9185419964,,a5c07429-eb19-4f4e-89e7-2673fcd036db,22a94348-6609-46ba-97f3-abddc08ed57d
61,2026-09-08,17:26:47.16,"Morio, Brandon",1000500365,Left,,,,,,Curveball,Live,,75.7055,-0.3336287751,1.995707143,2381.659639,307.8567007,4:15,5.874,-2.00705,5.86964,-53.45618,-5.20904,6.65216,1.10928,0.40152,70.72232,-10.22628436,3.239834354,0.4999276947,-3.06918,-2.7167,1.84187,50,5.8158,-4.02595,-110.20753,-2.13431,-3.80523,18.10328,-35.54226,14174196-2f44-494f-8f36-9de81fae8321,3842a0a1-437e-4413-887b-e69dcada7b3b,75.39578,Pitching,25410021,,,,,,,,,,,,,,,,,,,,,,,,2868dab9-a776-4a3b-8c41-a1f8de6784f2,22a94348-6609-46ba-97f3-abddc08ed57d
62,2026-09-08,17:27:42.32,"Hagen, Joey",1000343151,Right,,,,,,,Warmup,,84.26527,-4.277673727,-5.250262009,1955.03293,191.6265745,12:30,6.42879,1.64887,8.65016,-21.16101,14.18913,2.92555,0.87725,-2.7416,78.12429,-8.39461269,-4.676734219,0.4279243125,-3.11731,9.58546,-1.47931,50,6.28775,11.2059,-122.38383,-9.4832,-4.75649,22.7854,-17.54827,b996d7e6-e87d-4a13-aff1-82484a1f3447,3842a0a1-437e-4413-887b-e69dcada7b3b,88.08202,Pitching,25410021,,,,,,,,,,,,,,,,,,,,,,,,1c7d8e9b-450a-4716-af5d-94f7e954ce9e,22a94348-6609-46ba-97f3-abddc08ed57d
63,2026-09-08,17:27:56.21,"Hagen, Joey",1000343151,Right,,,,,,,Warmup,,85.7328,-1.176849038,-2.084650111,2099.483546,195.0599837,12:30,6.3818,1.72302,8.67917,-19.95565,14.0548,3.79033,3.68273,0.20421,78.42516,-5.126659826,-1.332421322,0.4197373558,-2.87722,8.75492,-1.65717,50,6.34241,4.50702,-125.24795,-2.84847,-4.54821,26.44332,-18.33456,e07e7ab0-c8f8-4b57-ab7f-ccadaad82505,3842a0a1-437e-4413-887b-e69dcada7b3b,89.80006,Pitching,25410021,,,,,,,,,,,,,,,,,,,,22.17814025,1944.152569,0.926014673,,9a7a5d6f-c945-4d9b-858d-4435aee56c00,22a94348-6609-46ba-97f3-abddc08ed57d
64,2026-09-08,17:28:08.40,"Hagen, Joey",1000343151,Right,,,,,,,Warmup,,86.42245,-0.8699509536,-0.2178056349,2142.029524,196.5185521,12:30,6.39947,1.65015,7.89484,-17.59656,16.67402,4.9528,4.15583,1.86829,79.48194,-4.292638624,0.7478627879,0.4213394294,-2.93145,9.90574,-1.64123,50,6.35643,0.38411,-126.22413,-2.25678,-4.74455,24.92242,-16.14163,6b6f4936-9669-41a1-b437-797fd940a913,3842a0a1-437e-4413-887b-e69dcada7b3b,89.45861,Pitching,25410021,,,,,,,,,,,,,,,,,,,,11.38657263,2099.868961,0.9803174691,,03376cc5-7d95-4fcf-a7e8-f2302b2b0921,22a94348-6609-46ba-97f3-abddc08ed57d
65,2026-09-08,17:28:21.48,"Hagen, Joey",1000343151,Right,,,,,,,Warmup,,86.11931,0.4446223253,-1.387334419,2108.520031,198.5083813,12:30,6.40958,1.54911,7.47704,-20.2525,14.91599,5.0047,5.12246,0.71638,78.92592,-3.472465531,-0.4185171286,0.4268234628,-3.23927,8.39988,-1.47725,50,6.42771,2.93355,-125.66453,0.53103,-5.18712,25.12767,-18.72314,a7939a0e-3ad9-4104-a51f-d354ff2af5b1,3842a0a1-437e-4413-887b-e69dcada7b3b,88.3092,Pitching,25410021,,,,,,,,,,,,,,,,,,,,27.27559802,1874.078936,0.8888124886,,20f392a9-b717-4ddd-9ed1-16c6516620dc,22a94348-6609-46ba-97f3-abddc08ed57d
66,2026-09-08,17:28:35.31,"Hagen, Joey",1000343151,Right,,,,,,,Warmup,,86.89533,-2.541123842,-0.1262052403,2190.915447,198.3741362,12:30,6.3893,1.37348,7.45056,-16.80244,17.51953,5.82279,2.69768,1.74498,80.58594,-5.758830445,0.995242208,0.4216552532,-3.34697,10.60024,-1.36833,50,6.24949,0.14827,-126.76629,-6.00382,-5.50928,23.10507,-14.72551,d02dc96a-bb5d-4ed6-b9d6-5d4fba1a1203,3842a0a1-437e-4413-887b-e69dcada7b3b,89.3916,Pitching,25410021,,,,,,,,,,,,,,,,,,,,,,,,4a05531a-86aa-47ba-a41e-fe59937e9f9b,22a94348-6609-46ba-97f3-abddc08ed57d
67,2026-09-08,17:28:51.36,"Hagen, Joey",1000343151,Right,,,,,,,Warmup,,87.63175,0.3325061671,-1.117676734,2179.277784,201.3230664,12:45,6.4428,1.44472,7.3838,-17.07016,16.83269,6.58307,5.32037,0.98469,80.71699,-2.954846761,0.1509827685,0.4190728498,-4.02951,9.48543,-1.38579,50,6.45609,2.34357,-127.90415,0.34882,-6.72562,24.5132,-16.34199,6f70f26e-96c1-498f-963e-dbabb3091bf3,3842a0a1-437e-4413-887b-e69dcada7b3b,89.94245,Pitching,25410021,,,,,,,,,,,,,,,,,,,,-0.2033591928,2179.264057,0.9999937013,,b132fc1e-422c-449f-9685-4c67ef1c77fb,22a94348-6609-46ba-97f3-abddc08ed57d
68,2026-09-08,17:29:12.29,"Hagen, Joey",1000343151,Right,,,,,,Fastball,Live,,87.33539,-2.668003716,-1.079456215,2129.653547,195.8318211,12:30,6.25922,1.27747,7.50232,-18.5128,15.48605,4.39436,2.31249,0.67178,80.8515,-6.219268474,-0.2313568606,0.4196657211,-2.78089,9.51418,-1.22215,50,6.11474,2.30229,-127.36818,-6.34754,-4.6096,23.94048,-16.40337,43e60212-1bf5-4e08-b396-438864aa51e6,3842a0a1-437e-4413-887b-e69dcada7b3b,89.81539,Pitching,25410021,,,,,,,,,,,,,,,,,,,,18.27306634,2022.261454,0.9495729747,,c50a263d-93d7-4b12-9b15-7bc1cd9c50bb,22a94348-6609-46ba-97f3-abddc08ed57d
69,2026-09-08,17:29:26.45,"Hagen, Joey",1000343151,Right,,,,,,Fastball,Live,,87.91256,-1.705395126,-0.9772111912,2146.461608,202.4706304,12:45,6.22967,1.37718,7.5571,-20.03533,13.07974,5.41862,3.02576,0.94986,82.16461,-5.540061993,0.06427725535,0.414175312,-3.30816,7.84127,-1.32838,50,6.13698,2.06922,-128.36992,-4.26779,-5.6319,21.53055,-18.82486,50e1a8b9-abb4-491d-ba99-1101f0310824,3842a0a1-437e-4413-887b-e69dcada7b3b,91.006,Pitching,25410021,,,,,,,,,,,,,,,,,,,,16.12545709,2062.010892,0.9606558457,,0ab0bd66-9885-46b7-ab07-1d74dd985281,22a94348-6609-46ba-97f3-abddc08ed57d
70,2026-09-08,17:29:48.90,"Hagen, Joey",1000343151,Right,,,,,,ChangeUp,Live,,83.16794,-4.011419791,-2.148403104,1813.814912,209.1044552,1:00,6.03019,1.52427,7.56213,-24.07774,13.26905,7.38042,0.40823,0.20657,77.69904,-8.594682546,-0.7272145772,0.439843375,-4.72235,8.52693,-1.41597,50,5.81804,4.38927,-121.10403,-9.00061,-7.11945,20.29242,-19.31879,983f151b-19d0-43a9-8db2-46e1fabd2a61,3842a0a1-437e-4413-887b-e69dcada7b3b,85.69514,Pitching,25410021,,,,,,,,,,,,,,,,,,,,,,,,ee4319eb-fab9-4b79-b587-f257f9a1338b,22a94348-6609-46ba-97f3-abddc08ed57d
71,2026-09-08,17:30:08.30,"Hagen, Joey",1000343151,Right,,,,,,ChangeUp,Live,,80.7924,-2.910084603,-1.97683851,1648.442731,218.2489726,1:15,6.01011,1.6561,7.77087,-27.51437,11.58924,9.1426,1.10733,0.64692,75.5935,-8.177861022,-0.2100079795,0.4500697505,-5.72181,7.34733,-1.56395,50,5.86531,3.89335,-117.83416,-6.51668,-8.1766,18.95252,-21.67453,f9f3655c-ab19-4f5c-9bcd-06d91813c3ae,3842a0a1-437e-4413-887b-e69dcada7b3b,83.74799,Pitching,25410021,,,,,,,,,,,,,,,,,,,,17.97479952,1567.986098,0.9511923396,,3a3e8046-3e58-47c5-83cb-bbb2b8224bae,22a94348-6609-46ba-97f3-abddc08ed57d
72,2026-09-08,17:30:30.65,"Hagen, Joey",1000343151,Right,,,,,,Slider,Live,,77.27642,-1.969126383,-1.877967453,2073.635212,65.06969963,8:15,6.26401,1.26223,7.19406,-46.05997,-2.12515,-4.48198,0.64074,-0.8126,72.46182,-10.67144706,-2.73655568,0.4770631017,2.05847,-0.70527,-1.15247,50,6.13589,3.79017,-112.66549,-4.86263,2.67115,18.63651,-33.08923,5da9d61c-98ec-470d-a7e5-7b195fb4d37c,3842a0a1-437e-4413-887b-e69dcada7b3b,79.00934,Pitching,25410021,,,,,,,,,,,,,,,,,,,,,,,,ffa31d0a-9e30-41b2-bc19-c71ae7871fb9,22a94348-6609-46ba-97f3-abddc08ed57d
73,2026-09-08,17:30:51.56,"Hagen, Joey",1000343151,Right,,,,,,Slider,Live,,76.51643,-2.155025074,-2.453295419,2088.315362,37.80697616,7:15,6.28801,1.1681,7.16476,-47.33583,-2.32082,-1.7697,0.38792,-1.20373,71.63894,-11.09340954,-2.792401534,0.4828920776,0.36404,-0.75158,-1.0247,50,6.14739,4.81411,-111.48225,-5.20818,0.46128,18.7561,-33.12639,c9fe1738-bb6d-4d62-8fb8-28120445b5d5,3842a0a1-437e-4413-887b-e69dcada7b3b,78.05562,Pitching,25410021,,,,,,,,,,,,,,,,,,,,69.03785512,747.0970302,0.357751058,,f65fd539-a26d-4d94-86f3-295307d73ba3,22a94348-6609-46ba-97f3-abddc08ed57d
74,2026-09-08,17:31:14.36,"Hagen, Joey",1000343151,Right,,,,,,Fastball,Live,,87.53571,-3.637464276,-2.733972534,2184.759073,205.0429152,12:45,6.27965,1.27643,7.6032,-22.70542,11.05128,5.16468,1.11123,-0.75145,81.43635,-7.976414414,-1.737962753,0.418168615,-3.6271,7.22119,-1.13943,50,6.08981,5.97464,-127.45236,-8.60215,-6.03608,23.31882,-20.1568,ad461968-7a30-4ffa-8c2c-bb075a0eb49a,3842a0a1-437e-4413-887b-e69dcada7b3b,90.13694,Pitching,25410021,,,,,,,,,,,,,,,,,,,,,,,,6c5d3ec2-47c1-43ab-ade3-79bb4ff65bb3,22a94348-6609-46ba-97f3-abddc08ed57d
75,2026-09-08,17:31:31.12,"Hagen, Joey",1000343151,Right,,,,,,Fastball,Live,,87.55162,-2.130282847,-1.91829851,2167.439079,200.788028,12:45,6.26267,1.20393,7.6226,-19.00413,14.80812,5.62884,2.76375,-0.05053,80.64891,-5.797126923,-0.827455461,0.4185124848,-3.74226,9.06872,-1.10896,50,6.15106,4.15602,-127.67996,-5.15849,-6.20287,25.28124,-17.14246,aeeed047-6724-4700-b5d4-d8d9d39c7d7c,3842a0a1-437e-4413-887b-e69dcada7b3b,90.06288,Pitching,25410021,,,,,,,,,,,,,,,,,,,,,,,,fcb4bf4f-05d7-4132-9ad0-2dfff9578e6b,22a94348-6609-46ba-97f3-abddc08ed57d
76,2026-09-08,17:31:47.12,"Hagen, Joey",1000343151,Right,,,,,,ChangeUp,Live,,81.82218,-2.13022595,-1.421630995,1651.464848,224.9369117,1:30,6.10037,1.40641,7.54359,-29.40382,9.15955,9.15955,1.7324,0.89067,76.2013,-7.75711387,0.3453046847,0.446949934,-5.58228,5.75601,-1.33541,50,5.98293,2.77392,-119.3802,-5.04788,-8.14995,20.46945,-23.77046,87f727f7-2759-416e-8dcb-6c81b6499f76,3842a0a1-437e-4413-887b-e69dcada7b3b,84.33258,Pitching,25410021,,,,,,,,,,,,,,,,,,,,25.51566337,1490.39345,0.9024675586,,41e29b41-c33f-41e4-b337-86083900c281,22a94348-6609-46ba-97f3-abddc08ed57d
77,2026-09-08,17:32:05.48,"Hagen, Joey",1000343151,Right,,,,,,ChangeUp,Live,,81.19587,-2.619322816,-1.995249076,1694.451518,219.2708715,1:15,6.07587,1.53813,7.56087,-28.28779,10.96582,8.97725,1.36015,0.49136,75.48204,-8.034360315,-0.2617810449,0.4509321602,-5.63566,6.93024,-1.43804,50,5.93428,3.94193,-118.38138,-5.99312,-8.07446,20.56076,-22.24478,e72d548f-e7fa-456e-a8e7-7de131f96cae,3842a0a1-437e-4413-887b-e69dcada7b3b,83.58783,Pitching,25410021,,,,,,,,,,,,,,,,,,,,,,,,dece5a99-4ac7-41a1-bb0f-87b0a793ed02,22a94348-6609-46ba-97f3-abddc08ed57d
78,2026-09-08,17:32:26.33,"Hagen, Joey",1000343151,Right,,,,,,Slider,Live,,75.82392,-1.814972453,-2.555944132,1972.995914,349.9272959,5:45,6.34627,1.24919,6.33631,-50.57765,-2.99334,0.52506,0.45841,-1.06158,70.58098,-11.25038969,-2.456573727,0.4964817365,-0.9875,-1.14272,-1.06364,50,6.19006,4.91099,-110.31423,-4.78522,-1.21869,19.34769,-33.58429,3020155f-76c2-4667-8cbf-082be8901a0f,3842a0a1-437e-4413-887b-e69dcada7b3b,75.91908,Pitching,25410021,,,,,,,,,,,,,,,,,,,,,,,,6badd476-06aa-4e32-bbdc-b70f0c7a0e14,22a94348-6609-46ba-97f3-abddc08ed57d
79,2026-09-08,17:32:44.66,"Hagen, Joey",1000343151,Right,,,,,,Slider,Live,,74.89139,-3.743204236,-3.298764813,2015.621935,354.9444012,5:45,6.31266,1.2842,6.71811,,,,,,,,,,-1.01903,0.86338,-1.06631,50,6.04538,6.26509,-108.71291,-8.25062,-1.20942,20.53191,-31.14936,2d9a5887-2c93-400c-bdd3-e0944ec6dadb,3842a0a1-437e-4413-887b-e69dcada7b3b,,Pitching,25410021,,,,,,,,,,,,,,,,,,,,,,,,8dfa3056-6e6c-4dea-b7de-609d6058d37f,22a94348-6609-46ba-97f3-abddc08ed57d
80,2026-09-08,17:33:51.93,"Hagen, Joey",1000343151,Right,,,,,,Fastball,Live,,86.97628,0.6851209098,-0.138300832,2106.314974,196.9715316,12:30,6.2727,1.47373,7.36479,-19.77444,15.03461,4.59696,5.24327,1.73197,79.23615,-3.144030983,0.75262341,0.4246367159,-2.6594,8.36553,-1.46745,50,6.30463,0.20161,-126.88679,1.0671,-4.3145,27.14702,-18.60217,6a750b59-7dd8-41ce-9640-aa3a2990bef8,3842a0a1-437e-4413-887b-e69dcada7b3b,88.76397,Pitching,25410021,,,,,,,,,,,,,,,,,,,,16.63068658,2018.206612,0.9581694275,,ae8dff81-b05e-4708-aef7-ae224addcb52,22a94348-6609-46ba-97f3-abddc08ed57d
81,2026-09-08,17:34:06.97,"Hagen, Joey",1000343151,Right,,,,,,Fastball,Live,,86.56119,-1.988296709,-1.214166096,2073.643103,198.4117231,12:30,6.19844,1.42549,7.48929,-21.71661,13.22909,4.4107,2.59722,0.69958,79.32859,-6.179147853,-0.3585112871,0.425469369,-2.86921,8.1347,-1.36286,50,6.08829,2.57871,-126.22629,-4.8586,-4.61784,26.27942,-19.08167,552f913d-b719-4490-8009-779188690557,3842a0a1-437e-4413-887b-e69dcada7b3b,88.59025,Pitching,25410021,,,,,,,,,,,,,,,,,,,,18.6532391,1964.718,0.9474716247,,337ca20b-1334-4577-a61a-39404ce82076,22a94348-6609-46ba-97f3-abddc08ed57d
82,2026-09-08,17:34:54.63,"Teer, Max",1000616387,Right,,,,,,Fastball,Live,,84.55918,-3.198820816,-4.5784013,1359.000974,199.4452757,12:45,6.2425,2.37834,4.72295,-25.89988,15.16209,5.3653,1.03643,-1.52755,77.45563,-7.921263952,-3.594192228,0.4612021615,-4.05293,8.73921,-1.92047,50,5.89625,9.59572,-122.29656,-7.81079,-6.13742,24.14432,-18.94011,09cb1ad6-e118-43cc-9967-26540421c5c3,3842a0a1-437e-4413-887b-e69dcada7b3b,81.7265,Pitching,25410021,,,,,,,,,,,,,,,,,,,,,,,,cff9aac7-b3c9-44cb-be5c-b8e6fffbd3b4,22a94348-6609-46ba-97f3-abddc08ed57d
83,2026-09-08,17:35:14.79,"Teer, Max",1000616387,Right,,,,,,Fastball,Live,,86.05616,-3.314724715,-5.269677725,1562.687647,233.1737969,1:45,6.2306,2.2183,4.55299,-30.10348,10.61596,14.15811,0.55039,-1.63126,77.35503,-8.841344186,-2.653979311,0.4592744245,-9.09239,6.60635,-1.68261,50,5.85778,10.91055,-124.07249,-8.34993,-13.89525,29.36425,-22.07804,dae90310-3941-4305-ae76-1ac32ccd9a31,3842a0a1-437e-4413-887b-e69dcada7b3b,82.06954,Pitching,25410021,,,,,,,,,,,,,,,,,,,,,,,,70a2bb41-6ca4-4ec3-9c3e-c87089cb438d,22a94348-6609-46ba-97f3-abddc08ed57d
84,2026-09-08,17:35:27.30,"Teer, Max",1000616387,Right,,,,,,Fastball,Live,,86.1985,-1.896849434,-3.857086416,1660.040418,237.6483577,2:00,6.0889,2.43609,4.68523,-30.43637,9.50837,15.03633,1.74692,0.02165,77.79307,-7.506719338,-1.071834998,0.4548845893,-9.03764,5.54169,-2.05716,50,5.86959,7.8491,-124.74703,-5.27724,-14.03358,28.51297,-23.56895,b336b737-7ff3-4549-bf59-057a621798c3,3842a0a1-437e-4413-887b-e69dcada7b3b,82.86154,Pitching,25410021,,,,,,,,,,,,,,,,,,,,,,,,663b53e7-b743-42fd-8b24-5a5a7560cfc2,22a94348-6609-46ba-97f3-abddc08ed57d
85,2026-09-08,17:35:40.86,"Teer, Max",1000616387,Right,,,,,,Fastball,Live,,83.59762,-1.660430073,-4.245297651,2067.784933,218.9326704,1:15,6.13638,2.31943,4.96291,-32.3719,8.99128,7.2957,1.86559,-1.08987,76.86932,-7.594440434,-2.902072113,0.4628905974,-4.94425,5.13424,-1.91438,50,5.94941,8.73702,-121.17901,-4.66778,-7.37678,22.92691,-24.51381,0a7808c6-ec1c-4fb9-9e3b-023d3e8423e9,3842a0a1-437e-4413-887b-e69dcada7b3b,81.4284,Pitching,25410021,,,,,,,,,,,,,,,,,,,,,,,,11a5a26b-1ca4-4098-8bdb-4b63bfe1292a,22a94348-6609-46ba-97f3-abddc08ed57d
86,2026-09-08,17:35:53.46,"Teer, Max",1000616387,Right,,,,,,Fastball,Live,,82.8716,2.090715369,-0.2441700083,2144.301047,219.0448076,1:15,6.21401,2.1975,4.76206,-34.38147,7.90436,6.43625,5.33192,2.50236,75.66837,-4.239149588,0.9424372427,0.4680247636,-3.40058,3.52051,-2.17856,50,6.39399,0.28062,-120.36789,3.15309,-4.9955,23.0785,-27.00237,c1f32e35-2632-4589-b9c0-fe962374e5fc,3842a0a1-437e-4413-887b-e69dcada7b3b,80.53514,Pitching,25410021,,,,,,,,,,,,,,,,,,,,43.47758561,1555.998338,0.7256436032,,9b0b4412-39df-47f0-8765-e5016fe2fddb,22a94348-6609-46ba-97f3-abddc08ed57d
87,2026-09-08,17:36:13.96,"Teer, Max",1000616387,Right,,,,,,ChangeUp,Live,,82.0287,0.7561838791,-1.448313767,2023.761363,233.2948036,1:45,6.11666,2.17948,5.01957,-37.77084,5.28962,7.14826,3.68287,1.40829,74.54056,-6.245823488,-0.1187068766,0.4722921469,-4.17958,2.5441,-2.04655,50,6.15943,2.76769,-119.13706,0.28112,-5.96113,24.52476,-28.54553,2e38ecb0-638b-4e8f-9246-4968525751ac,3842a0a1-437e-4413-887b-e69dcada7b3b,79.80747,Pitching,25410021,,,,,,,,,,,,,,,,,,,,,,,,77747d90-137b-4955-8922-b78242e03307,22a94348-6609-46ba-97f3-abddc08ed57d
88,2026-09-08,17:36:27.84,"Teer, Max",1000616387,Right,,,,,,Splitter,Live,,76.61733,-4.343060898,-5.14328025,970.8648684,244.266388,2:15,6.32511,1.94814,4.74538,,,,,,,,,,-3.98226,2.41541,-1.43464,50,5.84535,9.7883,-110.61566,-10.02014,-4.95431,18.97225,-29.16905,3d77b375-e8bd-45fa-bbed-850b03e75814,3842a0a1-437e-4413-887b-e69dcada7b3b,,Pitching,25410021,,,,,,,,,,,,,,,,,,,,,,,,f6cade54-4b87-4b86-bef2-8ab6f8ec590c,22a94348-6609-46ba-97f3-abddc08ed57d
89,2026-09-08,17:36:53.84,"Teer, Max",1000616387,Right,,,,,,Splitter,Live,,80.05631,-0.1192156359,-2.860417325,979.2278586,212.0463294,1:00,6.24339,2.01151,5.01712,-33.21763,12.494,7.85429,3.36262,-0.03533,72.00619,-6.303723465,-1.393745768,0.4866141383,-5.06992,6.60145,-1.74372,50,6.20617,5.54017,-116.07875,-1.34027,-6.79425,25.33807,-23.32738,69e9bacd-2bb4-41e0-bf28-3f7c98b98734,3842a0a1-437e-4413-887b-e69dcada7b3b,77.45858,Pitching,25410021,,,,,,,,,,,,,,,,,,,,38.30279439,768.4452843,0.7847461421,,63eb38b3-bb51-4a5c-a516-d434456e7e16,22a94348-6609-46ba-97f3-abddc08ed57d
90,2026-09-08,17:37:11.09,"Teer, Max",1000616387,Right,,,,,,Splitter,Live,,78.61514,1.478318128,-1.180590106,814.25409,203.4710699,12:45,6.24612,2.35247,4.48759,-38.1458,9.45533,4.12331,4.47654,1.57099,71.68409,-5.513679264,-0.423027692,0.4965694931,-2.45074,4.43605,-2.23242,50,6.36587,2.20574,-114.12112,1.59432,-3.22656,21.33029,-26.33369,0c78499a-1973-49bb-b3a7-8baa813d9086,3842a0a1-437e-4413-887b-e69dcada7b3b,75.90567,Pitching,25410021,,,,,,,,,,,,,,,,,,,,15.63222899,784.1357648,0.9630111465,,45cf3aca-6cc8-4a38-9cb5-05ed12094ee6,22a94348-6609-46ba-97f3-abddc08ed57d
91,2026-09-08,17:37:26.36,"Teer, Max",1000616387,Right,,,,,,Curveball,Live,,68.89343,7.212781869,1.554881853,1865.54623,32.96099252,7:00,6.26136,1.86617,4.35415,-67.62513,-4.09486,-2.5954,7.55463,3.13544,62.02959,-5.157173411,1.078242157,0.5736694745,1.78741,-4.23849,-2.03046,50,6.97422,-2.61101,-99.17401,10.44479,1.76935,16.76014,-36.36971,1c11497e-19cb-4bb5-82e9-da257bcdabb0,3842a0a1-437e-4413-887b-e69dcada7b3b,65.7041,Pitching,25410021,,,,,,,,,,,,,,,,,,,,,,,,42f2f734-5985-4826-a5f0-180b657cd839,22a94348-6609-46ba-97f3-abddc08ed57d
92,2026-09-08,17:37:54.03,"Teer, Max",1000616387,Right,,,,,,Curveball,Live,,69.53765,1.558290792,-2.960801975,1966.7164,357.3651138,6:00,6.1815,2.05052,5.02185,-64.84001,-4.76207,0.21704,2.25079,-0.72749,63.85054,-10.37532205,-2.92052421,0.5578647827,-1.00428,-2.96407,-1.76741,50,6.27998,5.21055,-100.86341,0.87089,-1.02651,17.59947,-35.20373,ff6f0ad6-244e-4c56-bc06-e4799497f02c,3842a0a1-437e-4413-887b-e69dcada7b3b,67.56555,Pitching,25410021,,,,,,,,,,,,,,,,,,,,,,,,e5a0d170-407e-4edd-9709-93835e2b4d0c,22a94348-6609-46ba-97f3-abddc08ed57d
93,2026-09-08,17:38:08.64,"Teer, Max",1000616387,Right,,,,,,Curveball,Live,,66.79755,3.884880577,-0.8656528154,2099.176862,18.74823694,6:30,6.40491,1.78817,4.92455,-82.85989,-17.05946,-5.76109,3.17807,0.48978,61.09503,-11.38723108,-1.938316368,0.5838291388,2.73762,-10.15821,-1.69932,50,6.71692,1.62344,-96.75725,4.24898,2.55968,17.02817,-41.67199,d85c7030-ba91-4933-a288-d3fa5e984039,3842a0a1-437e-4413-887b-e69dcada7b3b,64.56074,Pitching,25410021,,,,,,,,,,,,,,,,,,,,22.01872478,1946.065799,0.9270613802,,ae81bdbf-f82b-4d17-b54a-2ce26c21b977,22a94348-6609-46ba-97f3-abddc08ed57d
94,2026-09-08,17:38:21.42,"Teer, Max",1000616387,Right,,,,,,Fastball,Live,,86.25355,-2.703849465,-3.735174407,1687.708352,223.1040902,1:30,6.02529,2.27426,4.8117,-26.51522,13.14428,12.30993,1.24726,-0.24288,78.00796,-7.591787662,-1.452588435,0.4532575475,-7.58656,7.69748,-1.91325,50,5.73404,7.69623,-124.82329,-6.88253,-11.81912,28.07141,-20.18213,c40e54e2-a4e8-427d-9304-588f256f5652,3842a0a1-437e-4413-887b-e69dcada7b3b,83.15899,Pitching,25410021,,,,,,,,,,,,,,,,,,,,,,,,fc65334e-d7f7-447a-a423-3d78c8541783,22a94348-6609-46ba-97f3-abddc08ed57d
95,2026-09-08,17:38:33.56,"Teer, Max",1000616387,Right,,,,,,Fastball,Live,,86.00033,-1.540749754,-4.004720683,1772.597122,229.8271743,1:45,6.04133,2.46731,4.60587,-27.67413,12.51812,14.86502,2.26629,-0.1078,77.58275,-6.638879583,-1.257935084,0.456291713,-8.95306,6.96064,-2.06795,50,5.85787,8.15302,-124.46076,-4.39925,-13.86075,28.01392,-21.39789,3a5a3cd3-9ccf-4a1b-9026-cc0b65ad5033,3842a0a1-437e-4413-887b-e69dcada7b3b,82.60601,Pitching,25410021,,,,,,,,,,,,,,,,,,,,,,,,96f0ca5c-9f8a-4578-86c1-9253624c313c,22a94348-6609-46ba-97f3-abddc08ed57d
96,2026-09-08,17:38:44.74,"Teer, Max",1000616387,Right,,,,,,Fastball,Live,,86.71251,-2.308950208,-3.527480758,1580.737945,243.1110231,2:00,6.13339,2.3186,4.60166,-32.08966,7.12969,14.07101,1.25841,0.13279,79.15969,-8.174179511,-0.9374843911,0.4507353779,-8.28356,4.34969,-1.96768,50,5.86644,7.20303,-125.59768,-6.30374,-13.17468,26.46423,-25.25604,e9411b29-58d9-4ba0-86c6-0970e3441fde,3842a0a1-437e-4413-887b-e69dcada7b3b,83.62432,Pitching,25410021,,,,,,,,,,,,,,,,,,,,,,,,7b20129a-69c7-4dfd-904b-165c575f1b20,22a94348-6609-46ba-97f3-abddc08ed57d
97,2026-09-08,17:40:32.76,"Wells, Caden",1000511882,Right,,,,,,Fastball,Live,,79.82476,-1.501320436,-3.444688397,2271.537187,214.6782293,1:15,6.08284,1.74941,5.44498,-29.0157,15.92476,11.04794,2.25654,-0.55854,72.48549,-6.911490732,-1.37618118,0.4824920035,-6.92659,8.92964,-1.45268,50,5.93054,6.62711,-115.80551,-3.9432,-9.3212,23.45236,-20.15732,ae9e0505-b613-48eb-99ad-ebcc728bb634,3842a0a1-437e-4413-887b-e69dcada7b3b,78.12034,Pitching,25410021,,,,,,,,,,,,,,,,,,,,,,,,8b26ecba-00cb-48c1-820a-ec384909e19a,22a94348-6609-46ba-97f3-abddc08ed57d
98,2026-09-08,17:40:48.10,"Wells, Caden",1000511882,Right,,,,,,Fastball,Live,,79.9896,-0.2652181916,-3.317977355,2220.586486,217.7513488,1:15,6.07415,1.71044,5.82172,-28.9451,15.22998,11.83867,3.4151,-0.39074,72.34319,-5.719541794,-1.082682527,0.4783657648,-7.42606,8.3007,-1.44623,50,6.03551,6.38802,-116.15063,-1.38391,-10.02392,24.17371,-20.96951,88c0d4b1-3f08-4802-8edc-ec2aa22460f6,3842a0a1-437e-4413-887b-e69dcada7b3b,78.79418,Pitching,25410021,,,,,,,,,,,,,,,,,,,,,,,,77824a29-025a-4081-bb37-62e283fa8665,22a94348-6609-46ba-97f3-abddc08ed57d
99,2026-09-08,17:41:01.99,"Wells, Caden",1000511882,Right,,,,,,Fastball,Live,,77.48491,-1.583453522,-2.412981668,2222.902136,202.3639273,12:45,6.10811,1.65727,5.84386,-29.80157,17.56628,7.2438,2.15165,0.01749,69.73376,-7.208721529,-1.037820053,0.4953512183,-4.73667,10.04228,-1.46529,50,5.96214,4.53792,-112.49821,-3.94646,-5.9453,24.32472,-19.56935,b14d5712-3ae5-4e8d-a5f1-02505cfef66c,3842a0a1-437e-4413-887b-e69dcada7b3b,76.09235,Pitching,25410021,,,,,,,,,,,,,,,,,,,,,,,,cd18c912-405c-44b5-93ec-ad13511ecaa1,22a94348-6609-46ba-97f3-abddc08ed57d
100,2026-09-08,17:41:16.12,"Wells, Caden",1000511882,Right,,,,,,Fastball,Live,,78.89555,-0.9177409375,-2.318510442,2199.575759,215.7228942,1:15,6.04687,1.72438,5.63733,-31.1176,14.962,10.79042,2.59691,0.45973,70.84445,-6.781447186,-0.2756790636,0.4885688178,-6.59083,8.35374,-1.53428,50,5.94954,4.31872,-114.52914,-2.75408,-8.56398,25.43519,-21.31939,c11b6b32-8194-4e70-a19d-c00d17bb56b4,3842a0a1-437e-4413-887b-e69dcada7b3b,77.14868,Pitching,25410021,,,,,,,,,,,,,,,,,,,214.8650546,0.4798899929,2199.498607,0.9999649244,1:15,2ca4cc9a-349c-4494-8152-3901ba5aef8a,22a94348-6609-46ba-97f3-abddc08ed57d
101,2026-09-08,17:41:32.82,"Wells, Caden",1000511882,Right,,,,,,ChangeUp,Live,,71.3749,0.4551708358,-3.727666056,1224.054544,251.2338594,2:15,6.1178,1.45358,5.74161,-51.04697,4.21044,12.57305,2.28854,-0.9739,65.56823,-9.061775764,-1.368936426,0.5350158935,-7.81843,2.12972,-1.1513,50,6.12461,6.41797,-103.64482,-0.53372,-8.47994,17.79201,-29.86413,98efbad2-02e4-445e-a1e2-919ffcdd9aa7,3842a0a1-437e-4413-887b-e69dcada7b3b,70.45106,Pitching,25410021,,,,,,,,,,,,,,,,,,,,,,,,5b8bd3c4-ac1b-4f75-bb23-79dce4b4797a,22a94348-6609-46ba-97f3-abddc08ed57d
102,2026-09-08,17:41:47.25,"Wells, Caden",1000511882,Right,,,,,,ChangeUp,Live,,73.24317,0.8079545898,-2.804428607,1492.467589,265.9867448,2:45,6.02988,1.52836,5.6174,-51.71771,0.90527,13.67818,2.47496,0.04921,67.28711,-8.820319202,-0.2413107337,0.5221065424,-8.11053,0.25299,-1.29797,50,6.06581,4.83149,-106.42952,0.05826,-9.27903,18.70146,-31.88461,92c9296d-f23e-4e0c-a6d9-fdccb5926c60,3842a0a1-437e-4413-887b-e69dcada7b3b,72.193,Pitching,25410021,,,,,,,,,,,,,,,,,,,,9.610649409,1471.520841,0.9859650232,,f3fe594a-30b4-481a-a366-ad1371a0ac79,22a94348-6609-46ba-97f3-abddc08ed57d
103,2026-09-08,17:42:02.65,"Wells, Caden",1000511882,Right,,,,,,Fastball,Live,,80.31331,-0.756256771,-1.024168846,2267.624494,225.9388682,1:30,6.04748,1.73484,5.20395,-30.00732,14.34198,14.85556,2.83557,2.00962,73.46951,-6.312369055,1.73989246,0.4793081182,-8.11152,7.76529,-1.65117,50,5.95538,1.60059,-116.75452,-2.52438,-11.17675,22.34712,-21.47435,3ad6bed3-4328-4256-a516-0c859844ccf7,3842a0a1-437e-4413-887b-e69dcada7b3b,78.63927,Pitching,25410021,,,,,,,,,,,,,,,,,,,,-0.2469419228,2267.603433,0.9999907122,,2d156fef-bd1b-465e-9d7e-b090bb2b26ef,22a94348-6609-46ba-97f3-abddc08ed57d
104,2026-09-08,17:42:16.21,"Wells, Caden",1000511882,Right,,,,,,Fastball,Live,,79.73336,-3.785235676,-3.285638035,2283.781979,228.0523895,1:30,5.99798,1.65735,5.87352,,,,,,,,,,-8.29744,7.70897,-1.39972,50,5.67302,6.24136,-115.61504,-8.58763,-11.20134,22.08375,-21.76713,b71d7f8e-6665-4003-a25c-4c4a0d8ba07b,3842a0a1-437e-4413-887b-e69dcada7b3b,,Pitching,25410021,,,,,,,,,,,,,,,,,,,,,,,,5ccb024f-2b78-4d25-8557-ac7204b3a5ff,22a94348-6609-46ba-97f3-abddc08ed57d
105,2026-09-08,17:42:34.80,"Wells, Caden",1000511882,Right,,,,,,Fastball,Live,,80.21113,-1.556801188,-2.562450322,2241.027346,220.5490875,1:15,6.0736,1.58033,6.02499,-29.23024,13.71345,11.75857,2.19433,0.18575,73.85345,-7.028240281,-0.3495995954,0.4716513901,-7.05089,7.84103,-1.38655,50,5.93591,4.88485,-116.67329,-4.01094,-9.7566,21.1586,-21.3241,832ab0ff-dcfa-4ecd-a98a-59261a893278,3842a0a1-437e-4413-887b-e69dcada7b3b,79.91589,Pitching,25410021,,,,,,,,,,,,,,,,,,,,7.760793874,2220.500601,0.9908404754,,c426b8db-0618-4d63-9d47-85c1157f67b3,22a94348-6609-46ba-97f3-abddc08ed57d
106,2026-09-08,17:42:52.37,"Wells, Caden",1000511882,Right,,,,,,Fastball,Live,,77.33378,0.4204040054,-2.370178611,2051.775089,246.6010728,2:15,5.96694,1.66444,6.04822,-39.09832,6.94446,16.16198,3.09822,0.81615,71.33804,-6.905784155,0.6710996856,0.4883735888,-9.37606,3.65138,-1.489,50,5.97841,4.21391,-112.55932,-0.24999,-12.09551,19.37007,-27.46361,ef69eee7-70c8-43d2-bef6-3228c8ee6bd3,3842a0a1-437e-4413-887b-e69dcada7b3b,77.17952,Pitching,25410021,,,,,,,,,,,,,,,,,,,,8.596817956,2028.722748,0.9887646843,,caa8b44d-bd8b-4646-a071-2ab0fc345b09,22a94348-6609-46ba-97f3-abddc08ed57d
107,2026-09-08,17:43:06.10,"Wells, Caden",1000511882,Right,,,,,,Curveball,Live,,63.84103,2.823612112,-2.202041172,2005.294082,25.02244783,6:45,6.27219,1.44415,5.80761,-86.02468,-16.22853,-7.55114,1.73297,-1.23361,58.77325,-13.21820996,-3.630184132,0.6012943701,3.35134,-9.69787,-1.25934,50,6.45333,3.73756,-92.6371,2.57304,2.86043,16.13542,-40.45135,a02f9bdf-a0b4-4b63-899e-7d527835922f,3842a0a1-437e-4413-887b-e69dcada7b3b,62.6855,Pitching,25410021,,,,,,,,,,,,,,,,,,,,,,,,a8ce033d-8a7f-4228-ac95-8502ad63d555,22a94348-6609-46ba-97f3-abddc08ed57d
108,2026-09-08,17:43:21.38,"Wells, Caden",1000511882,Right,,,,,,Curveball,Live,,63.59954,3.188620076,-0.4284370547,1810.881042,40.78547202,7:15,6.27333,1.39745,5.38705,-79.67056,-9.01066,-7.71399,2.62552,0.3531,58.74538,-11.54736918,-1.870892327,0.6050035148,3.96586,-5.71975,-1.35389,50,6.50299,0.88407,-92.33391,3.14436,3.40418,14.48143,-37.08371,fee0ccbb-c728-4131-a54a-9660b5d3df27,3842a0a1-437e-4413-887b-e69dcada7b3b,62.30119,Pitching,25410021,,,,,,,,,,,,,,,,,,,,0.129746712,1810.876399,0.999997436,,fe1eb2ba-c6ad-401b-88c0-e767f8d0d15f,22a94348-6609-46ba-97f3-abddc08ed57d
109,2026-09-08,17:43:36.90,"Wells, Caden",1000511882,Right,,,,,,Curveball,Live,,63.44895,2.208446601,-1.600393493,1115.965485,34.97118676,7:15,6.38817,1.05625,5.7687,-72.89989,-2.83842,-1.94526,2.36995,-0.5954,58.48346,-11.38074964,-1.966943051,0.6024361656,0.56236,-2.19618,-0.92293,50,6.52695,2.62157,-92.19696,1.84636,0.47994,14.79561,-34.04832,53ccff45-b220-44f8-a5e8-1fb387feee2d,3842a0a1-437e-4413-887b-e69dcada7b3b,62.56669,Pitching,25410021,,,,,,,,,,,,,,,,,,,,12.47594041,1089.613978,0.9763868082,,9fdbd7b8-3add-4314-9657-9ea07906ead3,22a94348-6609-46ba-97f3-abddc08ed57d
110,2026-09-08,17:43:50.39,"Wells, Caden",1000511882,Right,,,,,,Fastball,Live,,78.96304,-0.7170206224,-2.386103829,2299.806433,225.1659709,1:30,5.96985,1.78549,6.09804,-30.07867,14.3283,14.45263,2.79963,0.78206,72.20261,-6.381622871,0.3468026904,0.4796196385,-8.54054,7.99578,-1.60974,50,5.89885,4.38687,-114.87001,-2.27071,-11.38043,21.81711,-21.51953,6d551ac0-51a5-4f7a-ba4c-4ebb4e4a2cd5,3842a0a1-437e-4413-887b-e69dcada7b3b,78.58819,Pitching,25410021,,,,,,,,,,,,,,,,,,,,-0.07779903861,2299.804312,0.9999990781,,d4cd15d5-5dfb-4288-a5b7-fb0a5b0c2bc4,22a94348-6609-46ba-97f3-abddc08ed57d
111,2026-09-08,17:44:03.32,"Wells, Caden",1000511882,Right,,,,,,Fastball,Live,,78.92179,-0.7158000243,-3.971289362,2168.771717,213.1601558,1:00,6.01705,1.72222,6.07927,-29.62707,14.82852,9.73012,2.88433,-1.14656,72.3715,-6.279591636,-2.140240674,0.4798821238,-6.36995,8.2454,-1.42061,50,5.94588,7.68974,-114.66201,-2.25956,-8.49312,20.90223,-21.18036,fe9801aa-63e1-42d3-ae6a-1454b045e2ed,3842a0a1-437e-4413-887b-e69dcada7b3b,78.5452,Pitching,25410021,,,,,,,,,,,,,,,,,,,,23.42990933,1989.95038,0.917547183,,0d00ed4f-e5de-41db-b181-9e8b28054584,22a94348-6609-46ba-97f3-abddc08ed57d
112,2026-09-08,17:44:15.89,"Wells, Caden",1000511882,Right,,,,,,ChangeUp,Live,,72.73203,-2.063978954,-5.107897068,1387.903115,253.8811674,2:30,5.98183,1.67568,5.84441,,,,,,,,,,-9.51034,2.91095,-1.2684,50,5.78481,9.02159,-105.3779,-5.11382,-10.67188,18.2505,-28.90758,e26d65e9-7395-4aa2-9f88-e7765a945170,3842a0a1-437e-4413-887b-e69dcada7b3b,,Pitching,25410021,,,,,,,,,,,,,,,,,,,,,,,,ea79b69c-f602-4802-aedd-61aa2923b821,22a94348-6609-46ba-97f3-abddc08ed57d
113,2026-09-08,17:44:34.09,"Wells, Caden",1000511882,Right,,,,,,ChangeUp,Live,,73.18639,-0.8735518952,-5.037672617,1348.954656,242.8174687,2:00,6.00448,1.59857,5.93482,-44.83367,7.04019,13.80899,1.45484,-1.93568,67.84855,-9.204079584,-2.457136518,0.5183769205,-8.74318,4.02146,-1.20411,50,5.90912,8.99374,-106.18788,-2.81646,-10.05676,16.92454,-27.54841,a16377ad-fa79-403e-ab63-da78d19e3ac1,3842a0a1-437e-4413-887b-e69dcada7b3b,72.71242,Pitching,25410021,,,,,,,,,,,,,,,,,,,,5.101558555,1343.61097,0.9960386469,,8b097479-a0f8-461a-99b3-a67c8ec08a62,22a94348-6609-46ba-97f3-abddc08ed57d
114,2026-09-08,17:44:48.95,"Wells, Caden",1000511882,Right,,,,,,Curveball,Live,,63.15598,4.236042108,0.1614517687,867.3792594,62.36765334,8:00,6.32034,1.12565,5.54033,-73.06247,-1.53574,-2.81081,4.19754,1.04229,57.73771,-9.39050286,-0.3663502065,0.6087032075,1.54844,-2.09417,-1.13778,50,6.63985,-0.18994,-91.59327,5.01258,1.30523,14.50607,-33.93929,17605061-a3f0-4d93-9f2d-351a350d6abe,3842a0a1-437e-4413-887b-e69dcada7b3b,61.92252,Pitching,25410021,,,,,,,,,,,,,,,,,,,,20.64623145,811.6721155,0.9357753332,,ed5a6bdc-aff7-40e7-97ba-bdc4befa6513,22a94348-6609-46ba-97f3-abddc08ed57d
115,2026-09-08,17:45:07.16,"Wells, Caden",1000511882,Right,,,,,,Curveball,Live,,64.50572,-0.8328660817,-3.012680708,1824.551231,27.82628425,7:00,6.28327,1.34798,4.96797,,,,,,,,,,2.67814,-6.70702,-1.05137,50,6.13653,5.10885,-93.50096,-3.61178,2.32891,16.42459,-38.00646,1c752e53-193e-4886-8b3f-ba2b5bd83c05,3842a0a1-437e-4413-887b-e69dcada7b3b,,Pitching,25410021,,,,,,,,,,,,,,,,,,,,,,,,709c55f4-fed0-411a-bacf-a0b97d9873e0,22a94348-6609-46ba-97f3-abddc08ed57d
116,2026-09-08,17:45:47.29,"Wells, Caden",1000511882,Right,,,,,,Curveball,Live,,64.36379,0.9461983819,-1.992104813,1847.481309,20.35113748,6:45,6.20592,1.51864,5.60366,-84.14003,-15.09384,-5.58114,0.07803,-0.80658,59.62916,-14.60450331,-3.044526019,0.5980551703,2.33535,-8.40517,-1.34484,50,6.23355,3.38687,-93.47425,-0.49911,2.0296,16.4189,-39.47879,dd1c08bd-23e2-4b3e-b210-f4d06b4c1c2a,3842a0a1-437e-4413-887b-e69dcada7b3b,63.02502,Pitching,25410021,,,,,,,,,,,,,,,,,,,,,,,,651480f8-783d-4856-9534-dcd424b8a87b,22a94348-6609-46ba-97f3-abddc08ed57d
117,2026-09-08,17:46:03.22,"Wells, Caden",1000511882,Right,,,,,,Fastball,Live,,79.4529,-2.13658952,-3.356544529,2310.47437,220.3411868,1:15,6.01564,1.67231,6.15363,-28.68098,15.2299,12.95502,1.64753,-0.35235,72.70636,-7.529411245,-0.9063739098,0.4769330788,-8.02335,8.91297,-1.42415,50,5.83847,6.41333,-115.42045,-5.10177,-10.78928,22.1138,-20.18847,bb926be1-7fc1-4df8-8d44-65f322bc871c,3842a0a1-437e-4413-887b-e69dcada7b3b,79.03088,Pitching,25410021,,,,,,,,,,,,,,,,,,,,,,,,e2f24bcf-224d-4727-8320-0564d724d626,22a94348-6609-46ba-97f3-abddc08ed57d
118,2026-09-08,17:46:38.73,"Delaney, Kieran",1000616394,Right,,,,,,Fastball,Live,,91.16358,-2.150178492,-2.929838002,2244.048085,212.0961851,1:00,6.2202,1.85028,5.91872,-18.13977,15.28848,9.60075,2.7099,-0.07055,83.64126,-5.545471504,-1.127494016,0.4161292127,-5.96154,8.82151,-1.62136,50,6.03766,6.46291,-132.49713,-5.58253,-10.63792,27.30331,-16.43273,028030fb-0000-428d-8ef9-1bfa61217adf,3842a0a1-437e-4413-887b-e69dcada7b3b,90.57869,Pitching,25410021,,,,,,,,,,,,,,,,,,,,,,,,a34b19e6-f17f-4831-8456-0d7458457e62,22a94348-6609-46ba-97f3-abddc08ed57d
119,2026-09-08,17:46:50.08,"Delaney, Kieran",1000616394,Right,,,,,,Fastball,Live,,92.70923,-2.471936191,-5.021230852,2360.306041,206.9936809,1:00,6.09882,1.81988,5.82013,-16.75017,15.78047,8.06012,2.39479,-2.18814,85.2268,-5.592603869,-3.51967994,0.4105043098,-5.62507,9.11412,-1.41361,50,5.8861,11.53056,-134.38261,-6.39843,-10.35953,27.17632,-15.38883,1509f899-cd99-4343-a355-f0378b5023eb,3842a0a1-437e-4413-887b-e69dcada7b3b,91.81984,Pitching,25410021,,,,,,,,,,,,,,,,,,,,,,,,894e3dc8-8f52-4f2a-a2e3-f2902362ddff,22a94348-6609-46ba-97f3-abddc08ed57d
120,2026-09-08,17:47:13.29,"Delaney, Kieran",1000616394,Right,,,,,,Fastball,Live,,90.24177,-0.6316694525,-0.9441915277,2341.867483,238.2313492,2:00,6.05478,1.8758,5.78874,-26.01864,8.57341,13.88796,3.29891,2.15482,81.86833,-5.525341806,1.677723289,0.4233109822,-7.77142,4.81252,-1.80643,50,5.98739,1.70132,-131.24227,-2.31206,-13.41802,30.38933,-23.86483,77ddad25-03a2-45a4-bd14-c8c57c44a67b,3842a0a1-437e-4413-887b-e69dcada7b3b,89.04196,Pitching,25410021,,,,,,,,,,,,,,,,,,,,,,,,8ed1fa65-8433-4e35-aa2e-d43aa686f04f,22a94348-6609-46ba-97f3-abddc08ed57d
121,2026-09-08,17:47:24.66,"Delaney, Kieran",1000616394,Right,,,,,,Fastball,Live,,90.4832,-1.698552409,-3.271212416,2325.279317,236.8682693,2:00,6.06011,1.84064,6.02404,-25.63802,8.47974,13.0175,2.34766,-0.10713,82.34875,-6.526496954,-0.8102875792,0.4203989298,-8.04043,5.10926,-1.59195,50,5.91329,7.09557,-131.42954,-4.72378,-13.96864,29.61655,-23.29772,d6c5a5ad-18ad-4c7b-ac46-6dae1bb78409,3842a0a1-437e-4413-887b-e69dcada7b3b,89.65874,Pitching,25410021,,,,,,,,,,,,,,,,,,,,26.92684811,2073.185151,0.8915854263,,754ebebb-31e0-4f4c-ac60-57de0cd31b3b,22a94348-6609-46ba-97f3-abddc08ed57d
122,2026-09-08,17:47:42.44,"Delaney, Kieran",1000616394,Right,,,,,,ChangeUp,Live,,85.23417,-1.44139739,-4.804475234,1554.598612,296.8611278,4:00,5.93504,2.13269,5.11328,-47.45675,-7.78899,15.427,0.61754,-1.11786,78.71529,-10.13558399,-1.953758797,0.4533047352,-9.40138,-3.68969,-1.69184,50,5.76275,9.8354,-123.48218,-4.7897,-14.543,24.15613,-37.88163,67345aad-62a8-41d5-9332-3e5e13f4b536,3842a0a1-437e-4413-887b-e69dcada7b3b,83.15033,Pitching,25410021,,,,,,,,,,,,,,,,,,,,,,,,15f3547e-fda0-4e53-a973-f9d3fdf1da60,22a94348-6609-46ba-97f3-abddc08ed57d
123,2026-09-08,17:47:55.02,"Delaney, Kieran",1000616394,Right,,,,,,ChangeUp,Live,,85.01074,-1.523764584,-2.554467039,1831.783591,288.090283,3:30,6.01002,2.10911,5.74489,-43.44791,-4.66182,14.23279,0.96914,0.91563,78.46397,-9.592267298,0.1160255872,0.4482387455,-8.34716,-2.07688,-1.9057,50,5.85698,5.06041,-123.57009,-4.6716,-12.9056,24.63687,-35.38513,d92d844d-adb5-42bf-8528-1b0f24d156cf,3842a0a1-437e-4413-887b-e69dcada7b3b,84.0901,Pitching,25410021,,,,,,,,,,,,,,,,,,,,10.39723431,1801.70604,0.9835801834,,2c646bbe-b851-4460-924b-ac269efac4f4,22a94348-6609-46ba-97f3-abddc08ed57d
124,2026-09-08,17:48:13.05,"Delaney, Kieran",1000616394,Right,,,,,,ChangeUp,Live,,84.01314,-0.337735105,-5.169804175,1660.041218,264.565775,2:45,6.05628,2.02521,5.86533,-38.26983,1.1267,12.17049,2.55215,-1.77541,77.72305,-7.453367664,-2.902412849,0.4517523636,-7.83829,0.69045,-1.61313,50,6.00642,10.65167,-121.89132,-1.90547,-11.90807,21.76021,-31.12511,a133b13e-c89d-488e-af56-83574faaf7a8,3842a0a1-437e-4413-887b-e69dcada7b3b,83.43606,Pitching,25410021,,,,,,,,,,,,,,,,,,,,,,,,4275fcd3-2927-4a81-abb4-2800e1e937ff,22a94348-6609-46ba-97f3-abddc08ed57d
125,2026-09-08,17:48:32.95,"Delaney, Kieran",1000616394,Right,,,,,,Fastball,Live,,91.15571,0.0266854252,-0.3980932105,2379.87779,217.4315602,1:15,6.0985,2.1178,5.73979,-22.57044,11.05953,8.487,4.24248,2.45442,83.3638,-4.200612596,1.194468161,0.4173828779,-4.66183,5.92427,-2.08991,50,6.08694,0.63178,-132.68315,-0.70975,-8.31568,28.22305,-21.60646,01556b9a-bf1a-464a-8f1e-4799d606a9f4,3842a0a1-437e-4413-887b-e69dcada7b3b,90.30662,Pitching,25410021,,,,,,,,,,,,,,,,,,,,,,,,aeeaed33-a580-44d1-830e-9b34c0aca7ce,22a94348-6609-46ba-97f3-abddc08ed57d
126,2026-09-08,17:48:46.02,"Delaney, Kieran",1000616394,Right,,,,,,Sweeper,Live,,76.46497,3.922977736,1.150902086,2829.515909,78.45806406,8:30,6.04817,2.00123,5.02013,-53.05596,-3.09094,-14.80012,5.33495,1.85398,69.03309,-5.939225471,-1.608160625,0.5087500108,8.12256,-2.8508,-2.09975,50,6.38258,-1.75652,-110.77988,5.91702,9.97245,22.01057,-35.67411,bde26dbb-e1da-4286-8266-ee6ec01dc01e,3842a0a1-437e-4413-887b-e69dcada7b3b,74.08833,Pitching,25410021,,,,,,,,,,,,,,,,,,,,,,,,5f5c9fd0-d485-4c62-9a7d-b9350a0cd6f2,22a94348-6609-46ba-97f3-abddc08ed57d
127,2026-09-08,17:49:01.19,"Delaney, Kieran",1000616394,Right,,,,,,Sweeper,Live,,77.62658,0.2599028893,-1.951881222,2656.182364,62.61629906,8:00,6.06791,1.89406,5.48084,-55.67563,-7.97807,-15.33849,1.67157,-1.21087,70.80992,-10.09597382,-4.833377599,0.4970722239,7.54329,-4.34549,-1.7129,50,6.05383,4.30004,-112.72402,-1.1523,9.53044,23.94473,-37.66428,8ddbf119-24f8-4b4e-9769-72493b6db159,3842a0a1-437e-4413-887b-e69dcada7b3b,75.8289,Pitching,25410021,,,,,,,,,,,,,,,,,,,,,,,,e2ad93a9-4b29-41c6-b409-e88b32900f46,22a94348-6609-46ba-97f3-abddc08ed57d
128,2026-09-08,17:49:15.78,"Delaney, Kieran",1000616394,Right,,,,,,Sweeper,Live,,75.66921,1.131048849,0.05902994873,2737.009088,66.40300113,8:15,6.02849,1.9358,5.23758,-56.87595,-6.79917,-15.46558,2.35188,0.70248,69.52147,-9.385507127,-2.824564288,0.5093186614,8.17845,-3.92158,-1.92996,50,6.09092,0.35992,-109.97949,0.431,9.95775,20.58075,-36.94881,b3fc17ef-c0ba-4d62-b043-1bafe2034a17,3842a0a1-437e-4413-887b-e69dcada7b3b,74.00561,Pitching,25410021,,,,,,,,,,,,,,,,,,,,,,,,de21fae7-ae0f-4039-9ac9-7cbbe0b53484,22a94348-6609-46ba-97f3-abddc08ed57d
129,2026-09-08,17:49:34.14,"Delaney, Kieran",1000616394,Right,,,,,,Fastball,Live,,91.55756,-4.653471924,-3.985419295,2472.398808,199.768768,12:45,6.05781,1.81692,5.68148,-19.58554,14.09278,5.06038,0.06848,-1.48185,84.29967,-8.270212807,-3.042098045,0.4176828126,-3.76428,8.77515,-1.48447,50,5.65248,9.0588,-132.53502,-11.49173,-6.72537,27.14203,-16.49608,8229814a-8624-4776-b2fd-fc1db1f1c95b,3842a0a1-437e-4413-887b-e69dcada7b3b,90.24178,Pitching,25410021,,,,,,,,,,,,,,,,,,,,,,,,6a3ce823-8b9f-4076-93d9-824a422731c4,22a94348-6609-46ba-97f3-abddc08ed57d
130,2026-09-08,17:49:55.05,"Delaney, Kieran",1000616394,Right,,,,,,Fastball,Live,,90.53612,-0.7762805218,-1.889848104,2457.318469,199.2852659,12:45,6.18889,1.89222,5.5678,-23.29975,11.2667,3.95355,3.52176,0.45592,82.32091,-5.135295608,-1.148297471,0.4231543008,-2.66878,6.24471,-1.73208,50,6.10694,4.20503,-131.60183,-2.5933,-4.65254,29.47698,-21.28752,c0a110cb-9773-46ca-88fd-f31c4edee7c2,3842a0a1-437e-4413-887b-e69dcada7b3b,89.07493,Pitching,25410021,,,,,,,,,,,,,,,,,,,207.4725572,46.33383676,1696.668642,0.690455333,1:00,36da5af3-f9d9-4583-8f26-1d71056c81c4,22a94348-6609-46ba-97f3-abddc08ed57d
131,2026-09-08,17:51:26.92,"Smith, Matt",1000617065,Right,,,,,,Fastball,Live,,88.3817,-0.6802872554,1.020639756,1887.871991,205.7274533,12:45,6.56937,0.69426,5.91077,-19.20238,16.68573,8.0561,4.33773,2.31287,80.10553,-4.301697181,2.543512463,0.4311681874,-4.0455,9.2361,-0.78056,50,6.50402,-2.54709,-128.56161,-2.13864,-6.70361,29.11873,-16.86932,22874ed7-ea62-43e6-bc12-3ecb794d9f71,3842a0a1-437e-4413-887b-e69dcada7b3b,87.41934,Pitching,25410021,,,,,,,,,,,,,,,,,,,,27.97288313,1667.311312,0.8831696848,,1d65620d-bf26-4927-9323-61f7136d5eeb,22a94348-6609-46ba-97f3-abddc08ed57d
132,2026-09-08,17:51:41.20,"Smith, Matt",1000617065,Right,,,,,,Fastball,Live,,87.99469,-0.9464132215,-0.3561147839,1976.125899,200.1020639,12:45,6.29802,1.35118,6.06697,-18.90653,16.83528,6.17148,3.84668,1.53596,80.28718,-4.511402435,0.8106763609,0.4302884396,-3.45336,9.41337,-1.32694,50,6.2147,0.60474,-128.10447,-2.7029,-5.72388,27.10003,-16.57159,78b1cd94-5059-4dbc-9478-9d2a889a0560,3842a0a1-437e-4413-887b-e69dcada7b3b,87.59807,Pitching,25410021,,,,,,,,,,,,,,,,,,,,20.97555971,1845.174376,0.9337332082,,a047f416-e0fc-4b2a-a0f9-0ea06eb0e95b,22a94348-6609-46ba-97f3-abddc08ed57d
133,2026-09-08,17:51:58.37,"Smith, Matt",1000617065,Right,,,,,,ChangeUp,Live,,83.76453,-2.919554892,-2.768931632,1890.990073,248.0944918,2:15,5.96389,1.60921,6.64327,-33.00142,5.50571,13.68629,0.53627,0.21355,77.53165,-9.132171048,-0.1646529697,0.4466239216,-8.31597,3.82743,-1.42843,50,5.7533,5.53122,-121.82543,-7.0904,-12.54866,23.01851,-26.39852,675b1950-24c4-495d-822e-94a067a747a6,3842a0a1-437e-4413-887b-e69dcada7b3b,84.39413,Pitching,25410021,,,,,,,,,,,,,,,,,,,,,,,,60ea0532-d905-4b0b-ab94-4db1ddcd8edb,22a94348-6609-46ba-97f3-abddc08ed57d
134,2026-09-08,17:52:15.37,"Smith, Matt",1000617065,Right,,,,,,ChangeUp,Live,,82.90467,-1.171268804,-1.79868855,1964.841344,244.6193715,2:15,6.0916,1.60249,6.70037,-32.434,6.60809,13.98244,2.31728,1.12273,76.61798,-7.310928044,0.8647471176,0.4497155553,-8.22917,3.97364,-1.48887,50,6.00077,3.43249,-120.80662,-3.3091,-12.22532,22.37286,-26.27077,f1b7da79-384d-4923-97c7-61b00848e59c,3842a0a1-437e-4413-887b-e69dcada7b3b,83.81395,Pitching,25410021,,,,,,,,,,,,,,,,,,,,,,,,2fa8f5fe-9c57-41e5-8cf2-295b39eee9b2,22a94348-6609-46ba-97f3-abddc08ed57d
135,2026-09-08,17:52:36.06,"Smith, Matt",1000617065,Right,,,,,,Slider,Live,,79.77077,1.085442057,-0.7899716746,2361.145876,53.26808773,7:45,6.18469,1.65215,5.38754,-50.35018,-5.37157,-7.14978,3.00628,0.31597,72.7503,-8.290700796,-2.12960126,0.4826967904,3.55417,-3.18648,-1.57675,50,6.24685,1.8229,-115.9234,0.6157,4.78722,23.72626,-36.46602,b7c5dcdd-e31e-41c8-a3b4-e45c83c2d5dd,3842a0a1-437e-4413-887b-e69dcada7b3b,78.0872,Pitching,25410021,,,,,,,,,,,,,,,,,,,,,,,,76148338-5680-4222-906e-69d65b6a8da1,22a94348-6609-46ba-97f3-abddc08ed57d
136,2026-09-08,17:52:54.20,"Smith, Matt",1000617065,Right,,,,,,Curveball,Live,,77.43714,1.389417562,0.6946645432,2342.104635,33.72246618,7:00,6.22882,1.345,5.53543,-55.7756,-8.32237,-5.52632,2.87971,1.53371,70.74137,-9.018578322,-0.3440429702,0.4957974521,3.16313,-4.86888,-1.40156,50,6.31277,-1.20016,-112.55283,1.06975,4.01749,22.31396,-38.358,6b0de130-8cd0-4492-8c5d-56b65bc1ea93,3842a0a1-437e-4413-887b-e69dcada7b3b,76.02387,Pitching,25410021,,,,,,,,,,,,,,,,,,,,,,,,ab662d2b-c1b7-4f81-9a29-d7284c236ec7,22a94348-6609-46ba-97f3-abddc08ed57d
137,2026-09-08,17:53:13.35,"Smith, Matt",1000617065,Right,,,,,,Curveball,Live,,77.95721,0.5206111355,0.2767296774,2328.733818,43.38183077,7:30,6.09477,1.41683,5.59963,-58.83921,-11.72361,-11.0415,1.67749,0.75502,70.88933,-10.48562542,-1.811310261,0.4940305007,6.01634,-6.46446,-1.43351,50,6.10206,-0.2225,-113.27249,-0.70042,7.65872,24.58853,-40.40323,f3dc8ff6-22c9-4e48-a471-a016d1598a7a,3842a0a1-437e-4413-887b-e69dcada7b3b,76.29577,Pitching,25410021,,,,,,,,,,,,,,,,,,,,45.35517648,1636.424236,0.7027098689,,e48230c5-0f2f-4887-930c-256e1879c6df,22a94348-6609-46ba-97f3-abddc08ed57d
138,2026-09-08,17:53:36.03,"Smith, Matt",1000617065,Right,,,,,,,Live,,88.65015,,,2019.856909,,,6.48718,0.62656,6.10715,,,,5.08132,1.89592,80.43104,,,0.4278011294,-1.60232,7.19079,-0.70928,50,6.51031,-2.48489,-129.01686,0.34043,-2.67948,28.81404,-20.14923,e5b79c3a-572d-452f-a1fa-51c8dc1f955d,3842a0a1-437e-4413-887b-e69dcada7b3b,88.10739,Pitching,25410021,,,,,,,,,,,,,,,,,,,,20.45772555,1892.465195,0.9369303272,,4d07dbcd-a677-40d1-bde8-5c42afc03abe,22a94348-6609-46ba-97f3-abddc08ed57d
139,2026-09-08,17:54:05.00,"Smith, Matt",1000617065,Right,,,,,,,Live,,87.05875,,,1936.414863,,,6.31303,0.92309,,,,,3.23647,1.24896,79.88766,,,0.3770272621,-6.71603,11.53622,-0.94959,50,6.42351,1.43985,-128.13064,-5.41141,-11.05406,28.9303,-13.18635,d2fd0027-cde2-4b56-b1a6-a655a32de6ad,398b8090-0b23-4f71-b5a6-e658810498fb,,Pitching,25410021,,,,,,,,,,,,,,,,,,,200.5571051,30.10163272,1675.264395,0.865137129,12:45,6bc1224e-918f-41ee-8831-abf9226e48c2,22a94348-6609-46ba-97f3-abddc08ed57d
140,2026-09-08,17:54:25.72,"Smith, Matt",1000617065,Right,,,,,,Fastball,Live,,88.22428,-3.747246618,-0.6312375582,2126.266141,195.1354195,12:30,6.25199,0.82824,6.46579,-16.72027,18.28223,4.94169,1.41232,0.66034,81.05658,-6.896353499,0.307737013,0.4258149453,-2.89173,11.08401,-0.78604,50,5.98029,1.27117,-128.29484,-8.8848,-4.82932,26.04409,-13.66329,ed4a774d-031d-4a7e-8b3b-32c9b7db7e52,398b8090-0b23-4f71-b5a6-e658810498fb,88.51836,Pitching,25410021,,,,,,,,,,,,,,,,,,,,33.37229083,1775.674594,0.835113987,,dc2072d5-e2d8-407e-afba-a326573e117b,22a94348-6609-46ba-97f3-abddc08ed57d
141,2026-09-08,17:54:46.15,"Smith, Matt",1000617065,Right,,,,,,ChangeUp,Live,,83.80387,-3.679653033,-2.121573049,1851.536041,239.0240283,2:00,6.10672,1.55812,6.7009,-29.88915,8.51152,14.15671,0.24499,0.79737,77.60288,-9.301961848,0.5761379478,0.4460061159,-8.41932,5.70306,-1.42316,50,5.85023,4.14577,-121.85987,-8.62042,-12.71338,23.0034,-23.56228,fe91a363-66da-401a-981e-80d23353de5c,398b8090-0b23-4f71-b5a6-e658810498fb,84.51104,Pitching,25410021,,,,,,,,,,,,,,,,,,,,40.31002589,1411.898324,0.7625551396,,a52c233b-64c4-4682-86fe-c2a587b180e7,22a94348-6609-46ba-97f3-abddc08ed57d
142,2026-09-08,17:55:11.24,"Smith, Matt",1000617065,Right,,,,,,ChangeUp,Live,,82.29427,-4.217744139,-1.973379286,1869.016554,235.6349778,1:45,6.05364,1.69746,6.79513,,,,,,,,,,-8.32534,6.48919,-1.57524,50,5.76871,3.77194,-119.60073,-9.5796,-12.08269,22.64116,-22.75618,ce6074e8-5f67-4841-a257-a56bc95cd7d1,398b8090-0b23-4f71-b5a6-e658810498fb,,Pitching,25410021,,,,,,,,,,,,,,,,,,,,,,,,194b2b8b-2583-4e1e-b287-b91004eaa3cb,22a94348-6609-46ba-97f3-abddc08ed57d
143,2026-09-08,17:55:35.60,"Smith, Matt",1000617065,Right,,,,,,Curveball,Live,,78.20918,2.266830677,1.240572427,2271.614489,51.71320682,7:45,6.15708,1.49045,5.44633,-53.36813,-6.7824,-8.52892,3.83336,1.94121,71.39894,-7.681634402,-0.3568300746,0.4912446772,4.9013,-4.27673,-1.59408,50,6.32098,-2.19957,-113.6153,2.86639,6.36712,22.01236,-37.72981,d02c4783-d9a1-40d4-92c0-3eca285a7005,398b8090-0b23-4f71-b5a6-e658810498fb,76.72844,Pitching,25410021,,,,,,,,,,,,,,,,,,,33.58870226,59.35121182,1158.01038,0.5097741653,7:00,b7bc3b2b-5b40-4605-bf39-0da9d9389992,22a94348-6609-46ba-97f3-abddc08ed57d
144,2026-09-08,17:55:52.40,"Smith, Matt",1000617065,Right,,,,,,Curveball,Live,,78.21291,0.3756915865,-0.8630881215,2450.960217,47.56699888,7:30,6.07204,1.64373,5.65503,-54.13987,-8.04531,-8.76025,1.91076,0.10884,71.98937,-9.696791229,-2.508036664,0.4886481564,4.43771,-4.4188,-1.56526,50,6.06984,1.97315,-113.76633,-0.8563,5.78415,21.93919,-37.93356,00e6e0ee-039a-4fcb-99be-c2177b364c5b,398b8090-0b23-4f71-b5a6-e658810498fb,77.13615,Pitching,25410021,,,,,,,,,,,,,,,,,,,,55.95772873,1372.058296,0.5598043926,,484ba8c5-5859-46ab-a402-96164728296f,22a94348-6609-46ba-97f3-abddc08ed57d
145,2026-09-08,17:56:21.55,"Smith, Matt",1000617065,Right,,,,,,Fastball,Live,,89.15166,-2.174900372,0.4333836265,2097.219735,191.9089682,12:30,6.58898,0.57773,6.147,-17.79538,17.02398,3.59415,3.09564,1.27765,81.27418,-5.530758337,1.114508846,0.4246995439,-1.83225,9.91189,-0.6125,50,6.41452,-1.09216,-129.71053,-5.47587,-3.10678,28.33313,-15.36737,9e7ecfc2-7cb2-4c37-a4a0-83310213ec70,398b8090-0b23-4f71-b5a6-e658810498fb,88.75083,Pitching,25410021,,,,,,,,,,,,,,,,,,,200.1713216,31.24564649,1793.02071,0.8549512862,12:45,16eb6528-d65a-489a-94fa-c3b445754d8e,22a94348-6609-46ba-97f3-abddc08ed57d
146,2026-09-08,17:57:11.15,"Smith, Matt",1000617065,Right,,,,,,Fastball,Live,,88.06461,-1.731495235,-0.7723481608,1962.325652,209.0009539,1:00,6.29486,1.50992,6.27049,-20.0484,14.97049,8.30988,3.02755,1.49046,81.45086,-5.495194691,0.794517945,0.4259146926,-4.72377,8.59446,-1.45704,50,6.1571,1.47882,-128.3045,-4.48409,-7.95733,23.92473,-17.69642,3fedaa62-6c3a-438e-ae7e-f9de90bd7fd7,13dae4c0-88a8-4757-96c0-ba34e3400e5f,88.49763,Pitching,25410021,,,,,,,,,,,,,,,,,,,201.984943,30.90510046,1683.71306,0.858019187,12:45,b9dc9e68-ac1a-40cc-8be9-54d37f18d0b1,22a94348-6609-46ba-97f3-abddc08ed57d
147,2026-09-08,18:00:23.88,"Jones, Gunnar",1000617064,Right,,,,,,Fastball,Live,,83.4808,-0.09978582708,-3.243333858,1962.439124,229.5466848,1:45,5.69807,2.88737,6.028,-29.8451,10.0533,11.84696,3.11844,0.86818,76.18006,-5.719705392,-1.008020608,0.4546206212,-7.35487,5.48131,-2.64046,50,5.67406,6.52574,-121.34699,-1.0951,-10.93509,24.38277,-24.02454,fdb4c65b-ed38-41e0-a5ed-fc6e7262513a,13dae4c0-88a8-4757-96c0-ba34e3400e5f,82.90966,Pitching,25410021,,,,,,,,,,,,,,,,,,,200.86457,38.01530995,1546.100237,0.7878462151,12:45,6dfae1de-69a0-470b-81ac-62c60798c3c5,22a94348-6609-46ba-97f3-abddc08ed57d
148,2026-09-08,18:00:36.23,"Jones, Gunnar",1000617064,Right,,,,,,Fastball,Live,,84.23558,0.3451165647,-2.354506981,1941.683879,221.2903565,1:30,5.79813,2.68406,5.80651,-26.34769,13.18048,11.61648,3.92366,1.46157,76.63202,-4.607739942,-0.167629008,0.4525064785,-6.93877,6.99454,-2.49802,50,5.8108,4.67506,-122.47663,-0.08003,-10.49195,25.21306,-21.59776,e690415d-02df-4981-bb16-1ce401b1c17a,13dae4c0-88a8-4757-96c0-ba34e3400e5f,83.29702,Pitching,25410021,,,,,,,,,,,,,,,,,,,,30.92236403,1665.70146,0.8578643919,,a622772c-59a8-4215-94c7-f2c094bd8be0,22a94348-6609-46ba-97f3-abddc08ed57d
149,2026-09-08,18:00:47.93,"Jones, Gunnar",1000617064,Right,,,,,,Sweeper,Live,,72.01843,2.091337553,-1.518597961,2077.249814,72.45218842,8:30,5.58125,2.90818,5.42875,-59.27907,-4.06453,-12.74298,2.60127,0.42388,65.8087,-8.939757754,-3.904820473,0.5348083016,6.30828,-2.81024,-2.76512,50,5.72622,3.1309,-104.58146,2.15325,6.91022,19.43498,-35.25244,8498eb0b-5b16-4aaf-9802-fe8be100135e,13dae4c0-88a8-4757-96c0-ba34e3400e5f,70.47841,Pitching,25410021,,,,,,,,,,,,,,,,,,,,48.09059687,1387.508776,0.6679546996,,0b46187f-1d14-45a9-8359-c2ddada45ee4,22a94348-6609-46ba-97f3-abddc08ed57d
150,2026-09-08,18:01:01.12,"Jones, Gunnar",1000617064,Right,,,,,,Sweeper,Live,,71.26907,2.996141779,1.516793924,2131.413199,73.51668344,8:30,5.54665,2.92285,5.32276,-60.5984,-4.1753,-13.87256,3.31155,3.19031,65.13885,-8.264074978,-1.074914557,0.54062965,7.78845,-3.09249,-3.05009,50,5.77478,-2.34501,-103.44342,3.69468,8.3915,18.16438,-35.50598,d73d3e92-7e49-483e-b685-a03e02675980,13dae4c0-88a8-4757-96c0-ba34e3400e5f,69.71952,Pitching,25410021,,,,,,,,,,,,,,,,,,,,46.00651563,1480.429654,0.6945765633,,89a363ee-51f4-4930-ad58-17f28c2c7c65,22a94348-6609-46ba-97f3-abddc08ed57d
151,2026-09-08,18:01:15.34,"Jones, Gunnar",1000617064,Right,,,,,,ChangeUp,Live,,79.00511,0.4508491598,-2.972345734,1624.625843,220.5345004,1:15,5.57001,2.98969,5.5186,-35.26049,10.90012,9.36944,3.05369,0.98925,70.90087,-6.184975124,-1.204620081,0.4889980944,-6.01916,5.67832,-2.73721,50,5.58627,5.66922,-114.62197,-0.15957,-7.84241,25.26566,-24.77573,685b80b2-deff-442b-9556-3088ae7f8e70,13dae4c0-88a8-4757-96c0-ba34e3400e5f,77.08095,Pitching,25410021,,,,,,,,,,,,,,,,,,,,43.16114904,1185.05511,0.7294326355,,e038be0c-94d6-4e88-bca6-1f209a54c7fd,22a94348-6609-46ba-97f3-abddc08ed57d
152,2026-09-08,18:01:28.23,"Jones, Gunnar",1000617064,Right,,,,,,ChangeUp,Live,,79.55193,-0.7143039087,-3.263657684,1727.790929,257.3252174,2:30,5.52114,2.88211,5.57558,-41.37101,3.79574,17.01771,1.40538,1.24914,72.20999,-8.450181978,-0.06015324689,0.4837052572,-10.14392,2.25836,-2.6123,50,5.43311,6.06864,-115.44907,-2.69284,-13.504,24.22893,-29.16763,ca12729a-dff8-4011-9922-435d6834e336,13dae4c0-88a8-4757-96c0-ba34e3400e5f,77.92439,Pitching,25410021,,,,,,,,,,,,,,,,,,,211.5895685,51.82353662,1067.922555,0.6180855199,1:00,a975d436-a218-4b0a-a789-c572d58ee347,22a94348-6609-46ba-97f3-abddc08ed57d
153,2026-09-08,18:01:45.51,"Jones, Gunnar",1000617064,Right,,,,,,ChangeUp,Live,,79.65958,0.4330929648,-2.662738623,1651.33288,242.9024656,2:00,5.67715,2.81259,5.49866,-38.9492,6.13664,12.08781,2.83686,1.3279,72.1419,-6.859696399,-0.390920019,0.4832718086,-7.28748,3.13746,-2.58804,50,5.68925,5.00808,-115.6664,-0.32087,-9.7478,24.11954,-27.97735,5b53364a-c0e7-4143-833d-533eb8a8cf5c,13dae4c0-88a8-4757-96c0-ba34e3400e5f,77.99428,Pitching,25410021,,,,,,,,,,,,,,,,,,,220.31272,53.19437746,989.3171166,0.5991021729,1:15,634eb73a-85c6-4beb-9ff5-0420da7b5f55,22a94348-6609-46ba-97f3-abddc08ed57d
154,2026-09-08,18:02:05.52,"Jones, Gunnar",1000617064,Right,,,,,,Fastball,Live,,85.78784,-1.134099159,-4.264170976,2005.09864,214.5856412,1:15,5.87313,2.69938,6.07153,-23.27744,14.19876,9.82667,2.88102,-0.43428,78.96304,-5.495728017,-2.421508115,0.4406047075,-6.42224,7.98636,-2.37457,50,5.77272,8.99342,-124.62362,-3.18152,-10.1747,23.31367,-19.52133,23668414-251b-4d5a-80f0-1801eafc197a,13dae4c0-88a8-4757-96c0-ba34e3400e5f,85.54706,Pitching,25410021,,,,,,,,,,,,,,,,,,,,31.91894172,1701.921594,0.8487969419,,bf0ade34-0013-49dd-8739-014fe6dd5dfa,22a94348-6609-46ba-97f3-abddc08ed57d
155,2026-09-08,18:02:19.62,"Jones, Gunnar",1000617064,Right,,,,,,Fastball,Live,,85.60628,-0.7840225681,-3.422870985,1956.567881,227.0586251,1:30,5.76817,2.73553,5.71955,-26.44461,11.76135,12.68295,2.8329,0.60075,78.52646,-5.719536765,-1.050820015,0.4448739337,-7.71104,6.50957,-2.45751,50,5.68634,7.03149,-124.39585,-2.55776,-12.12462,24.14314,-21.93858,6f0c0d7c-48f9-4df4-adf4-f038d72536fa,13dae4c0-88a8-4757-96c0-ba34e3400e5f,84.72611,Pitching,25410021,,,,,,,,,,,,,,,,,,,,30.14171775,1692.012581,0.8647860353,,6d9e79fe-8d50-4563-bdfe-5935bed27106,22a94348-6609-46ba-97f3-abddc08ed57d
156,2026-09-08,18:02:32.33,"Jones, Gunnar",1000617064,Right,,,,,,Sweeper,Live,,72.34674,2.776050263,-2.274572264,2149.046483,56.59354821,8:00,5.52759,2.82749,5.24681,-61.49388,-6.86354,-10.36371,3.01559,-0.17447,66.71649,-8.571020364,-4.196118897,0.5319714778,4.83335,-4.38438,-2.61132,50,5.73755,4.47532,-105.02022,3.2928,5.40163,17.67356,-37.07392,93fdd96b-fe28-48e8-aeef-ba54c77a0760,13dae4c0-88a8-4757-96c0-ba34e3400e5f,70.85425,Pitching,25410021,,,,,,,,,,,,,,,,,,,63.28822467,50.77984361,1358.846143,0.6323018854,8:00,83e946d4-71f7-4207-a772-a5c827116fce,22a94348-6609-46ba-97f3-abddc08ed57d
157,2026-09-08,18:02:44.62,"Jones, Gunnar",1000617064,Right,,,,,,Sweeper,Live,,72.78747,3.781897013,-1.232057932,2142.646343,58.91223259,8:00,5.60424,3.00926,5.19878,-61.09522,-6.98586,-11.51602,4.07562,0.89074,66.86172,-7.509501772,-3.368537215,0.5294288865,5.7187,-4.71829,-2.88672,50,5.90929,2.61346,-105.60632,5.16699,6.46395,17.83627,-37.50721,d890882d-d665-4095-87a3-8f4b2be8f8ed,13dae4c0-88a8-4757-96c0-ba34e3400e5f,71.19453,Pitching,25410021,,,,,,,,,,,,,,,,,,,44.74929921,51.46173335,1334.948347,0.6230371854,7:30,0d47c9b5-62d3-4398-ac97-10225f695452,22a94348-6609-46ba-97f3-abddc08ed57d
158,2026-09-08,18:02:57.31,"Jones, Gunnar",1000617064,Right,,,,,,Sweeper,Live,,72.64776,-0.08670232194,-2.296119149,2297.512582,71.40703475,8:30,5.66848,2.8247,5.12006,-58.94385,-4.26807,-12.55971,0.67477,-0.38562,67.1022,-10.89716147,-4.626827845,0.5321926988,5.9191,-2.21749,-2.59952,50,5.61567,4.60515,-105.49749,-1.9201,6.62701,19.04832,-34.65675,62482cce-cc5a-4797-9c2d-2f567e4f81e4,13dae4c0-88a8-4757-96c0-ba34e3400e5f,70.8248,Pitching,25410021,,,,,,,,,,,,,,,,,,,,51.41229196,1432.98598,0.6237119187,,6f40354e-926b-4ee0-9d32-2871aef79a00,22a94348-6609-46ba-97f3-abddc08ed57d
159,2026-09-08,18:03:11.38,"Jones, Gunnar",1000617064,Right,,,,,,ChangeUp,Live,,79.47471,0.1934719482,-3.827076509,1640.027622,255.9117094,2:30,5.65325,2.94123,5.58933,-40.88034,4.33622,17.483,2.42759,0.81977,72.03735,-7.463270742,-0.5397547407,0.4839719046,-10.55645,2.25981,-2.624,50,5.64372,7.1849,-115.29058,-0.84308,-14.03617,23.85931,-29.16934,538baa71-a69a-43b1-a403-67df0a21c8de,13dae4c0-88a8-4757-96c0-ba34e3400e5f,77.88146,Pitching,25410021,,,,,,,,,,,,,,,,,,,206.9363067,49.79492832,1058.679314,0.6455252945,1:00,426c2355-8d8a-4fd3-a1d1-5e97b43e138a,22a94348-6609-46ba-97f3-abddc08ed57d
160,2026-09-08,18:03:22.86,"Jones, Gunnar",1000617064,Right,,,,,,Fastball,Live,,86.05727,-0.531527456,-3.730736552,2075.832119,213.5211877,1:00,5.75698,2.73955,5.99149,-22.60623,14.93773,9.93241,3.37955,0.10544,78.60664,-4.781968328,-1.862360472,0.4410029023,-6.41451,8.23365,-2.45114,50,5.70258,7.84755,-125.03886,-1.85827,-10.15546,25.2077,-19.13851,e25a615e-af79-487b-986f-31658e2a1465,13dae4c0-88a8-4757-96c0-ba34e3400e5f,85.46982,Pitching,25410021,,,,,,,,,,,,,,,,,,,,37.90360379,1637.92588,0.789045446,,07188811-d9ad-44d8-b5f5-50bc1196e798,22a94348-6609-46ba-97f3-abddc08ed57d
161,2026-09-08,18:04:52.61,"Mcgrenera, Grady",1000616386,Left,,,,,,Fastball,Live,,90.91033,0.8235039748,1.494930479,2249.507573,127.3658717,10:15,5.99494,-2.21395,6.05454,-23.32577,10.25486,-13.47586,4.81359,-1.95305,82.6799,-3.584383007,-1.054404707,0.41707661,7.75416,5.32979,2.1052,50,6.04632,-3.02032,-132.29117,1.15419,13.67915,29.41865,-22.77174,f2f3121b-37ce-4071-b89b-64d792b1fdf9,13dae4c0-88a8-4757-96c0-ba34e3400e5f,90.37294,Pitching,25410021,,,,,,,,,,,,,,,,,,,,-32.46845173,1897.880671,0.8436871665,,e28bbb23-9223-4bdf-b0e3-e8008f368bdd,22a94348-6609-46ba-97f3-abddc08ed57d
162,2026-09-08,18:05:14.03,"Mcgrenera, Grady",1000616386,Left,,,,,,Fastball,Live,,91.51748,0.07573299851,2.605679327,2234.006962,134.7659555,10:30,6.01985,-2.0452,6.17454,-23.65039,9.40993,-9.52534,4.11899,-0.4312,83.16848,-4.402742304,0.7999885958,0.4138328706,5.96686,5.11215,1.85326,50,6.01352,-5.7577,-133.11058,-0.56884,10.6422,30.15249,-23.05627,a66234b9-db6f-448b-8c4f-726f4d8591b2,13dae4c0-88a8-4757-96c0-ba34e3400e5f,91.08131,Pitching,25410021,,,,,,,,,,,,,,,,,,,,-41.38914528,1676.033211,0.7502363421,,2108fe42-faac-421d-99e2-c63e1261da36,22a94348-6609-46ba-97f3-abddc08ed57d
163,2026-09-08,18:05:32.88,"Mcgrenera, Grady",1000616386,Left,,,,,,Curveball,Live,,78.95533,2.772600235,0.3322886501,1425.647395,325.611829,4:45,5.75782,-2.44804,5.40799,-55.81811,-10.03064,6.83236,3.70573,-1.56739,72.09009,-7.624599316,1.61071791,0.4870177057,-3.52918,-6.1448,2.41382,50,5.96605,-0.87727,-114.67346,3.81988,-4.67109,22.39696,-40.30708,390726bb-7b06-4d66-a22f-7c50fd8373fd,13dae4c0-88a8-4757-96c0-ba34e3400e5f,77.39439,Pitching,25410021,,,,,,,,,,,,,,,,,,,,-40.15995713,1089.546659,0.7642469395,,a3267de2-7924-4e39-ab87-0a5386f7c8e7,22a94348-6609-46ba-97f3-abddc08ed57d
164,2026-09-08,18:05:47.94,"Mcgrenera, Grady",1000616386,Left,,,,,,Curveball,Live,,79.11076,2.41905193,0.9496391743,1572.020461,312.3186532,4:30,5.69549,-2.39533,5.30089,-54.44402,-8.89383,9.72622,3.43082,-0.69334,72.68152,-7.666839374,2.759547298,0.4857541103,-4.87177,-5.37258,2.3022,50,5.87612,-2.2147,-114.94682,3.12496,-6.51565,21.38049,-39.3595,5cabb58c-de04-4014-b53a-30148d517780,13dae4c0-88a8-4757-96c0-ba34e3400e5f,77.59572,Pitching,25410021,,,,,,,,,,,,,,,,,,,352.4659912,-44.86653183,1114.172705,0.7087520374,5:45,41468f9e-581c-4f56-b196-cd62e841a227,22a94348-6609-46ba-97f3-abddc08ed57d
165,2026-09-08,18:06:05.10,"Mcgrenera, Grady",1000616386,Left,,,,,,Curveball,Live,,79.64654,1.879525914,2.828915707,1562.869271,314.0515447,4:30,5.68928,-2.46827,5.64549,-54.18559,-9.43135,9.73323,2.92952,0.98335,72.8198,-8.233401833,4.653242509,0.4814913361,-4.35414,-5.62589,2.22234,50,5.81472,-6.00632,-115.63251,2.17112,-5.84203,23.37866,-39.72242,9ec1dff4-8013-40c8-8d1c-843ea619b579,13dae4c0-88a8-4757-96c0-ba34e3400e5f,78.28269,Pitching,25410021,,,,,,,,,,,,,,,,,,,352.9364607,-41.65727399,1167.672837,0.7471340433,5:45,b29aa3f1-4369-4799-9504-902f88ee9f7e,22a94348-6609-46ba-97f3-abddc08ed57d
166,2026-09-08,18:06:22.34,"Mcgrenera, Grady",1000616386,Left,,,,,,Curveball,Live,,78.63504,2.308603017,1.36335968,1618.780418,315.4553612,4:30,5.71117,-2.5357,5.52456,-56.25597,-10.55777,10.35806,3.18294,-0.39789,72.40543,-8.141143372,3.297041804,0.4865426948,-5.1345,-6.26268,2.41047,50,5.87455,-3.03621,-114.29133,2.892,-6.79102,21.07671,-40.45724,8c72252b-d37e-48f6-b432-b7f044ab090b,13dae4c0-88a8-4757-96c0-ba34e3400e5f,77.46995,Pitching,25410021,,,,,,,,,,,,,,,,,,,,-39.07586835,1256.678606,0.7763119642,,548af4b9-dde8-4bb6-a46f-0b738dc6e882,22a94348-6609-46ba-97f3-abddc08ed57d
167,2026-09-08,18:06:39.89,"Mcgrenera, Grady",1000616386,Left,,,,,,ChangeUp,Live,,82.78154,-0.08582908758,3.550652474,1239.468914,122.4328197,10:00,5.66129,-2.37309,6.37993,-32.78152,7.34005,-11.62469,2.85039,-0.07165,75.49401,-6.299636244,1.341871705,0.455890312,7.42946,4.05929,2.12294,50,5.63982,-7.14948,-120.34507,-1.07721,10.84014,24.46626,-26.25124,709df8e4-396f-467e-8a9d-0f3c6da35541,13dae4c0-88a8-4757-96c0-ba34e3400e5f,82.67875,Pitching,25410021,,,,,,,,,,,,,,,,,,,115.5285544,-25.17638559,1121.722416,0.9050024602,9:45,855dbf97-2caa-4766-abf2-7220dd99fc99,22a94348-6609-46ba-97f3-abddc08ed57d
168,2026-09-08,18:06:54.08,"Mcgrenera, Grady",1000616386,Left,,,,,,ChangeUp,Live,,83.30582,0.125015308,3.587755682,808.4680548,68.68018899,8:15,5.70233,-2.3129,6.18732,-44.17247,-4.13729,-10.53214,2.13693,0.12593,76.05259,-8.208086709,1.590845919,0.4553992414,6.83658,-2.29758,2.0479,50,5.6894,-7.28881,-121.03928,-0.99514,10.05893,25.43591,-35.55456,507e88b7-7c75-477a-b41a-43cf0213842d,13dae4c0-88a8-4757-96c0-ba34e3400e5f,82.7679,Pitching,25410021,,,,,,,,,,,,,,,,,,,,-19.83932792,760.4838888,0.9406480371,,d54eac29-2ac6-4d1f-ad07-cdb6c51c0191,22a94348-6609-46ba-97f3-abddc08ed57d
169,2026-09-08,18:07:07.95,"Mcgrenera, Grady",1000616386,Left,,,,,,Fastball,Live,,91.70278,1.018256877,2.123006576,2227.606705,131.7764575,10:30,6.04898,-2.09332,6.11842,-22.58119,10.23275,-11.49937,5.10922,-1.08821,83.6855,-3.245551595,-0.04952737913,0.4122879468,6.84361,5.28102,1.93697,50,6.11504,-4.57803,-133.44414,1.64922,12.33988,28.72271,-22.6517,4bbdb6ae-2e0c-414c-b68e-8e5d2e8e255a,13dae4c0-88a8-4757-96c0-ba34e3400e5f,91.42261,Pitching,25410021,,,,,,,,,,,,,,,,,,,,-44.8593941,1579.016549,0.7088399157,,2fbc0d1a-ddc1-46bc-8735-746fa2929776,22a94348-6609-46ba-97f3-abddc08ed57d
170,2026-09-08,18:07:38.00,"Mcgrenera, Grady",1000616386,Left,,,,,,Fastball,Live,,90.6492,-1.038278553,3.488154182,2224.884438,137.201606,10:30,5.89803,-2.12492,6.21974,-22.48958,11.05759,-10.27163,3.06408,0.24133,82.83582,-5.28338142,1.546422645,0.416868748,6.58492,6.32725,1.86926,50,5.80905,-7.71336,-131.77159,-3.09056,11.56956,28.1905,-21.0572,61c83e6f-68ff-4a55-93f3-feac1669b4f4,13dae4c0-88a8-4757-96c0-ba34e3400e5f,90.418,Pitching,25410021,,,,,,,,,,,,,,,,,,,139.1083497,-42.72987863,1634.313,0.7345608483,10:45,a2d1037f-cf12-4cf5-ab17-604681a25373,22a94348-6609-46ba-97f3-abddc08ed57d
171,2026-09-08,18:07:53.85,"Mcgrenera, Grady",1000616386,Left,,,,,,Fastball,Live,,91.36489,-2.043155889,3.769983084,2280.255054,136.7594302,10:30,5.91732,-2.01756,6.22235,-22.24691,10.74242,-10.12115,2.17356,0.62213,83.79691,-6.228973992,1.860150189,0.4133882861,6.54827,6.41757,1.74087,50,5.75325,-8.42927,-132.73225,-5.44217,11.70645,27.85438,-20.70126,4d1fec84-8cca-4900-ac4f-20175eeb7c1f,13dae4c0-88a8-4757-96c0-ba34e3400e5f,91.17926,Pitching,25410021,,,,,,,,,,,,,,,,,,,121.3153096,-50.41161772,1453.132989,0.6372677417,10:00,58300beb-038f-489d-bf7a-bbe3e2c5cb64,22a94348-6609-46ba-97f3-abddc08ed57d
172,2026-09-08,18:08:09.25,"Mcgrenera, Grady",1000616386,Left,,,,,,ChangeUp,Live,,83.7652,0.9540529433,2.788490979,1087.962515,84.91827177,8:45,5.7848,-2.17765,6.27889,-40.2657,-1.09161,-11.81282,3.30969,-0.59018,76.70662,-6.653179066,0.5496627738,0.4504751404,7.25236,-0.86734,1.9779,50,5.83546,-5.60029,-121.85384,0.89032,10.88624,24.314,-33.47598,25bb1baa-0c40-4d0c-ab8d-25272f847c8e,13dae4c0-88a8-4757-96c0-ba34e3400e5f,83.67263,Pitching,25410021,,,,,,,,,,,,,,,,,,,,-18.53312241,1031.540849,0.9481400645,,f27fdce9-bddb-474c-828d-1ee57b5d1077,22a94348-6609-46ba-97f3-abddc08ed57d
173,2026-09-08,18:08:23.45,"Mcgrenera, Grady",1000616386,Left,,,,,,Fastball,Live,,91.40728,-0.3475341086,2.859393948,2272.527999,118.8815949,10:00,6.01534,-2.19615,6.11278,-26.93585,6.0794,-11.07861,3.44899,-0.4737,83.75027,-5.418019593,0.7695655938,0.4135506132,6.8035,3.39909,1.98292,50,5.97452,-6.28666,-132.97077,-1.67038,12.19984,28.0998,-26.07889,165fc282-afa7-4bf9-9d63-54eda980b152,13dae4c0-88a8-4757-96c0-ba34e3400e5f,91.14347,Pitching,25410021,,,,,,,,,,,,,,,,,,,,-44.7003802,1615.301099,0.7107948063,,1c66fdae-ef94-4185-99a9-b231c482afb4,22a94348-6609-46ba-97f3-abddc08ed57d
174,2026-09-08,18:08:38.79,"Mcgrenera, Grady",1000616386,Left,,,,,,Fastball,Live,,91.29944,-1.78243817,3.429700112,2297.043645,116.9670412,10:00,6.03697,-2.04197,6.25726,-26.61664,6.25387,-12.3163,2.17209,0.09752,84.07947,-6.784143105,1.105635551,0.4126430992,7.62774,3.88438,1.79389,50,5.89153,-7.57124,-132.73889,-4.96795,13.67779,27.07181,-25.20872,05c82515-0f1a-4ba8-82f7-f71f418e6ef4,13dae4c0-88a8-4757-96c0-ba34e3400e5f,91.34392,Pitching,25410021,,,,,,,,,,,,,,,,,,,141.3398134,-36.5133539,1846.175792,0.8037182037,10:45,4abefd62-74c4-40bf-8fc1-78698a131230,22a94348-6609-46ba-97f3-abddc08ed57d
175,2026-09-08,18:10:09.20,"Lasa, Sebastian",1000617068,Right,,,,,,Fastball,Live,,91.67652,-1.879287209,-2.015171181,1906.252777,227.8099852,1:30,5.8115,2.66937,6.80148,-21.54213,10.3848,11.47255,2.29986,1.78588,84.19075,-5.978243438,0.1775915443,0.4066773198,-6.94262,6.29972,-2.54369,50,5.68184,4.37892,-133.52281,-4.98316,-12.55597,28.26768,-20.78079,ffeed8b5-f1cb-43d2-a5d4-a4d7d1941990,13dae4c0-88a8-4757-96c0-ba34e3400e5f,92.6839,Pitching,25410021,,,,,,,,,,,,,,,,,,,,10.53067991,1874.146115,0.9831571858,,24fc4730-2947-4a9f-ae4c-fd8ba53fc724,22a94348-6609-46ba-97f3-abddc08ed57d
176,2026-09-08,18:10:20.76,"Lasa, Sebastian",1000617068,Right,,,,,,Fastball,Live,,90.9589,-0.7166598097,-5.002703752,1955.643281,234.3363723,1:45,5.65751,2.59688,6.99686,-23.97978,8.22519,11.52483,3.00518,-1.00206,83.74347,-5.287609676,-2.80741422,0.4084443235,-7.75081,4.79569,-2.29436,50,5.60517,11.26749,-132.19326,-2.29285,-13.81412,26.27888,-23.62678,477e42d3-8c22-45dc-bcf3-be889951cb5b,13dae4c0-88a8-4757-96c0-ba34e3400e5f,92.28293,Pitching,25410021,,,,,,,,,,,,,,,,,,,,0.3710499358,1955.602273,0.9999790305,,f76d7e86-a4e9-4db2-ad38-672a01f0bc11,22a94348-6609-46ba-97f3-abddc08ed57d
177,2026-09-08,18:10:36.92,"Lasa, Sebastian",1000617068,Right,,,,,,Slider,Live,,80.79311,-0.4926886126,-2.751532501,,,,5.75839,2.77297,6.48788,-40.44456,1.08465,0.92038,1.93522,0.32198,74.75355,-8.109767065,-2.577153649,0.4638186558,-1.23738,0.72803,-2.58062,50,5.70576,5.629,-117.62812,-2.07779,-1.74128,21.3946,-31.14955,7a2960b9-6878-4145-a691-4acd2f35f80b,13dae4c0-88a8-4757-96c0-ba34e3400e5f,81.26547,Pitching,25410021,,,,,,,,,,,,,,,,,,,,,,,,013dc06b-9460-4db3-a564-efcd9c9a0676,22a94348-6609-46ba-97f3-abddc08ed57d
178,2026-09-08,18:10:49.10,"Lasa, Sebastian",1000617068,Right,,,,,,Slider,Live,,80.99539,-1.231878118,-4.12981367,,,,5.62823,2.4965,6.6649,-43.6197,-2.14635,-2.82354,0.86316,-1.52352,74.70509,-9.459299513,-4.666661144,0.4635066479,0.37048,-0.83416,-2.21853,50,5.52774,8.56988,-117.70503,-3.63635,0.51769,23.16697,-33.33966,7393b463-b51d-444a-8ce6-7eeb6bdede4c,13dae4c0-88a8-4757-96c0-ba34e3400e5f,81.32017,Pitching,25410021,,,,,,,,,,,,,,,,,,,,,,,,be69eff0-f385-4325-8bda-5f17218eeeaa,22a94348-6609-46ba-97f3-abddc08ed57d
179,2026-09-08,18:11:10.78,"Lasa, Sebastian",1000617068,Right,,,,,,Slider,Live,,78.76317,-1.011519896,-3.952180725,,,,5.74227,2.40947,6.78455,-45.23844,-1.48481,-2.63936,1.04682,-1.42362,72.45929,-9.579826505,-4.456189007,0.4760783684,0.28879,-0.52525,-2.15185,50,5.65914,7.97309,-114.49618,-3.10207,0.38055,22.58409,-32.8662,c8b19be8-ae4e-477b-929d-a85b2075956b,13dae4c0-88a8-4757-96c0-ba34e3400e5f,79.17276,Pitching,25410021,,,,,,,,,,,,,,,,,,,,,,,,607948d9-82e5-433c-a457-af1e35f596b4,22a94348-6609-46ba-97f3-abddc08ed57d
180,2026-09-08,18:11:26.76,"Lasa, Sebastian",1000617068,Right,,,,,,ChangeUp,Live,,83.479,-5.149874678,-3.988928459,2035.986353,239.3573042,2:00,5.61934,2.49013,6.98725,,,,,,,,,,-9.90682,6.68521,-2.25074,50,5.2919,8.05722,-120.97096,-11.63419,-14.69871,23.32162,-22.25523,75a12ebf-2e3e-4f99-960c-bdfca981b2ca,13dae4c0-88a8-4757-96c0-ba34e3400e5f,,Pitching,25410021,,,,,,,,,,,,,,,,,,,,,,,,3eac5cac-8ef8-4bce-a0a8-9463bd4629c5,22a94348-6609-46ba-97f3-abddc08ed57d
181,2026-09-08,18:11:44.98,"Lasa, Sebastian",1000617068,Right,,,,,,ChangeUp,Live,,82.83777,-2.406319981,-2.621255331,1967.017912,227.3217914,1:30,5.6432,2.57437,6.92694,-29.21637,9.30136,10.10292,1.0145,1.02855,77.28397,-7.922601204,-0.6991003613,0.4466853621,-6.25493,5.75756,-2.41453,50,5.48231,5.27509,-120.66601,-5.79665,-9.36162,20.15217,-23.55684,4c7168dc-b76c-4394-912d-b92ffb5dcf1e,13dae4c0-88a8-4757-96c0-ba34e3400e5f,84.38253,Pitching,25410021,,,,,,,,,,,,,,,,,,,,38.67888029,1535.573824,0.780660824,,dd94624f-d661-425c-9810-f924f051ad29,22a94348-6609-46ba-97f3-abddc08ed57d
182,2026-09-08,18:11:58.45,"Lasa, Sebastian",1000617068,Right,,,,,,Fastball,Live,,88.4708,0.8257531309,-3.817619609,1844.745239,214.0324646,1:15,5.77668,2.44242,7.06023,-23.21868,10.52262,7.14502,4.59325,-0.43351,81.65172,-3.605666927,-2.455035909,0.4180731889,-4.95523,5.70294,-2.21539,50,5.8185,8.41431,-128.81573,1.27124,-8.4167,24.03094,-22.48733,0e2751e0-4ed4-4394-b951-82cc860931a9,13dae4c0-88a8-4757-96c0-ba34e3400e5f,90.15751,Pitching,25410021,,,,,,,,,,,,,,,,,,,,25.43271197,1665.971445,0.903090253,,183f8e40-b3fb-48b5-97dd-94a670806e30,22a94348-6609-46ba-97f3-abddc08ed57d
183,2026-09-08,18:12:19.40,"Lasa, Sebastian",1000617068,Right,,,,,,Fastball,Live,,88.91137,-1.664193671,-4.810163422,1895.067445,212.9425268,1:00,5.62596,2.55649,7.20494,-21.7446,11.67689,7.59605,2.30135,-1.17601,82.018,-5.817648402,-3.358414982,0.416087118,-5.52705,7.02386,-2.28168,50,5.52316,10.69083,-129.25237,-4.30068,-9.42016,25.04589,-20.20274,da2c3369-8f67-4981-a907-aee687639012,13dae4c0-88a8-4757-96c0-ba34e3400e5f,90.58785,Pitching,25410021,,,,,,,,,,,,,,,,,,,,23.72355177,1734.929116,0.915497293,,0cfbb83b-4214-4190-bc5b-ca14313297ef,22a94348-6609-46ba-97f3-abddc08ed57d
184,2026-09-08,18:12:32.62,"Lasa, Sebastian",1000617068,Right,,,,,,Fastball,Live,,89.68441,2.064293395,-3.851534604,1952.27092,222.5562573,1:30,5.72793,2.73093,6.77893,-22.76523,10.73667,9.92145,5.72033,0.0365,81.89542,-2.27815494,-1.960541573,0.4165874366,-6.57343,5.41401,-2.48436,50,5.85347,8.50724,-130.38948,4.08856,-11.3393,26.90138,-22.83476,1309be6c-7c88-43fa-a014-213813f3ab74,13dae4c0-88a8-4757-96c0-ba34e3400e5f,90.47906,Pitching,25410021,,,,,,,,,,,,,,,,,,,,21.25692412,1819.446337,0.9319640623,,cb65d4a5-78cf-41e9-8d68-89866db497a2,22a94348-6609-46ba-97f3-abddc08ed57d
185,2026-09-08,18:12:55.87,"Lasa, Sebastian",1000617068,Right,,,,,,Slider,Live,,76.70549,-0.5674526954,-4.001594537,,,,5.63332,2.70381,6.6169,-48.21045,-2.12705,1.14522,1.09488,-0.87094,71.07129,-9.644563117,-3.784316554,0.4885889675,-1.73286,-1.02141,-2.43274,50,5.57452,7.77459,-111.53395,-2.27522,-2.18567,19.81436,-33.46236,26f04d20-d362-41e4-baeb-35eff77bb86b,13dae4c0-88a8-4757-96c0-ba34e3400e5f,77.1455,Pitching,25410021,,,,,,,,,,,,,,,,,,,,,,,,f2071419-bc78-48d5-91ed-7897c2331c50,22a94348-6609-46ba-97f3-abddc08ed57d
186,2026-09-08,18:13:18.21,"Lasa, Sebastian",1000617068,Right,,,,,,Slider,Live,,77.69662,-1.323804205,-2.072845893,,,,5.75292,2.7709,6.61801,-44.64796,0.43421,-1.03775,0.81908,0.78555,71.50882,-9.764061912,-2.271113573,0.4832521845,-0.03971,0.63384,-2.63001,50,5.64455,4.11891,-113.10183,-3.70506,-0.05111,21.87447,-31.35834,6c8b3e97-ef97-4319-8af2-de87e3edffff,13dae4c0-88a8-4757-96c0-ba34e3400e5f,77.99745,Pitching,25410021,,,,,,,,,,,,,,,,,,,,,,,,95c05ae8-ddb0-4579-aead-de57a5833312,22a94348-6609-46ba-97f3-abddc08ed57d
187,2026-09-08,18:13:35.51,"Lasa, Sebastian",1000617068,Right,,,,,,Fastball,Live,,87.94657,0.8432347801,-3.090285303,1587.009969,207.682813,1:00,5.76086,2.53627,7.07638,-25.8292,8.74577,4.61154,4.37498,0.11289,80.02779,-4.127303805,-2.202707076,0.4232065167,-3.51252,4.68209,-2.35303,50,5.80277,6.79844,-128.04327,1.24676,-5.79708,27.89083,-24.4467,42382c2a-f11c-445d-aff3-f40d58d7da72,13dae4c0-88a8-4757-96c0-ba34e3400e5f,89.06394,Pitching,25410021,,,,,,,,,,,,,,,,,,,214.8565052,23.15969832,1459.116342,0.9194122094,1:15,e83449d1-fee4-4b6c-96ab-466edba59a8c,22a94348-6609-46ba-97f3-abddc08ed57d
188,2026-09-08,18:13:50.67,"Lasa, Sebastian",1000617068,Right,,,,,,Fastball,Live,,86.88735,-3.207147878,-5.148690676,1625.760434,214.545798,1:15,5.67192,2.52188,7.30178,-26.34647,8.62672,5.95333,0.56319,-1.64763,80.51187,-8.216429032,-4.010394726,0.4256366706,-4.69667,5.71547,-2.23557,50,5.48431,11.2254,-126.11941,-7.7085,-7.62256,23.81371,-22.898,76afc69a-445b-4185-b1ee-12ad04bb73c7,13dae4c0-88a8-4757-96c0-ba34e3400e5f,88.55543,Pitching,25410021,,,,,,,,,,,,,,,,,,,,,,,,cfd43adf-d845-4d4e-a423-7f2110570244,22a94348-6609-46ba-97f3-abddc08ed57d
189,2026-09-08,18:14:14.48,"Lasa, Sebastian",1000617068,Right,,,,,,Fastball,Live,,86.83379,1.090479813,-3.207873523,1572.441314,208.3150604,1:00,5.70667,2.63146,7.07246,-28.52179,6.62478,3.59215,4.3214,0.01585,79.84157,-4.3671178,-2.520416236,0.4266903699,-2.86626,3.4378,-2.44063,50,5.76246,6.99932,-126.46943,1.7056,-4.66565,24.57425,-26.57806,7861db97-aaed-419b-a34e-0ea419bff27e,13dae4c0-88a8-4757-96c0-ba34e3400e5f,88.33675,Pitching,25410021,,,,,,,,,,,,,,,,,,,,30.48307378,1355.096996,0.8617790589,,113b0d2e-3a76-4289-934e-d1faa6fc0f32,22a94348-6609-46ba-97f3-abddc08ed57d
190,2026-09-08,18:14:25.93,"Lasa, Sebastian",1000617068,Right,,,,,,Slider,Live,,75.62207,1.40217143,-2.60226211,1791.855542,302.9479561,4:00,5.66861,2.68448,6.56104,-48.12856,-0.78119,1.14328,2.94481,0.39272,69.78254,-7.700411691,-2.38513502,0.4952441143,-1.33444,-0.81045,-2.50602,50,5.7443,4.97562,-110.0858,1.53117,-1.64211,19.03685,-33.17135,59c80bc8-5c1f-4e8b-b763-8c7f54d3252a,13dae4c0-88a8-4757-96c0-ba34e3400e5f,76.10881,Pitching,25410021,,,,,,,,,,,,,,,,,,,,,,,,c50f3b0b-d8f4-4350-a4e1-7ebcb5401efe,22a94348-6609-46ba-97f3-abddc08ed57d
191,2026-09-08,18:15:56.24,"Brodhead, Hayes",1000616389,Right,,,,,,Fastball,Live,,86.15133,2.388271063,0.3085191825,2102.995759,223.4649252,1:30,5.66175,1.28546,5.9166,-27.09294,10.09534,9.58754,5.62143,2.3707,79.24406,-2.687256412,2.105523408,0.4389089169,-5.08672,4.83337,-1.31563,50,5.83732,-0.9773,-125.39506,4.37634,-8.16937,23.29698,-24.41157,bdc39a7f-c33b-41e6-93c0-27f4f21d2681,13dae4c0-88a8-4757-96c0-ba34e3400e5f,85.87759,Pitching,25410021,,,,,,,,,,,,,,,,,,,,44.52396304,1499.346058,0.7129572427,,794be1f3-36ef-4a3b-939d-8bc39f8c94ef,22a94348-6609-46ba-97f3-abddc08ed57d
192,2026-09-08,18:16:08.92,"Brodhead, Hayes",1000616389,Right,,,,,,Fastball,Live,,87.23963,-0.7563884941,-0.0237624365,2244.52466,211.7137512,1:00,5.72885,0.83892,5.79181,-23.13118,13.44925,8.32899,3.0977,1.5109,80.04774,-5.081932715,1.538852663,0.4353071294,-4.47968,7.42767,-0.84196,50,5.65284,-0.21783,-127.00358,-2.42796,-7.33622,25.3628,-20.01001,94bdce48-c9c8-4893-ad84-b1270fe7b923,13dae4c0-88a8-4757-96c0-ba34e3400e5f,86.58815,Pitching,25410021,,,,,,,,,,,,,,,,,,,201.8045734,40.23794712,1713.399138,0.7633683731,12:45,0a87868b-01bd-4d76-863b-2168b603ec2f,22a94348-6609-46ba-97f3-abddc08ed57d
193,2026-09-08,18:16:16.48,"Brodhead, Hayes",1000616389,Right,,,,,,Fastball,Live,,88.08199,-1.028883253,-1.166870594,2322.593735,220.8784712,1:15,5.69154,1.1554,5.93635,-23.44579,12.47884,10.82431,2.78307,0.97493,80.31763,-5.43843798,0.876389742,0.4313874975,-6.1924,7.04712,-1.06857,50,5.59639,2.26669,-128.16214,-3.04684,-10.25536,27.54846,-20.50316,2e747a88-69b6-4fa8-9e99-ff9721b03fb0,13dae4c0-88a8-4757-96c0-ba34e3400e5f,87.3749,Pitching,25410021,,,,,,,,,,,,,,,,,,,,45.01927654,1641.769146,0.7068688428,,56ae3cd2-0b56-404d-8164-93d5df16f019,22a94348-6609-46ba-97f3-abddc08ed57d
194,2026-09-08,18:16:24.69,"Brodhead, Hayes",1000616389,Right,,,,,,Fastball,Live,,88.57434,-1.584715516,-1.817567936,2226.922322,211.1109259,1:00,5.68554,0.83555,6.0587,-22.06687,12.90436,7.80217,2.37898,-0.19687,81.79097,-5.71461445,-0.3516272005,0.4256247216,-4.68191,7.38582,-0.69888,50,5.55069,3.84573,-128.95262,-4.26609,-7.95592,24.51064,-19.62341,057e3478-f3c7-42d4-93a6-e15bbf8b2f2e,13dae4c0-88a8-4757-96c0-ba34e3400e5f,88.55792,Pitching,25410021,,,,,,,,,,,,,,,,,,,,45.11889979,1571.400739,0.7056378768,,02ae55d0-ab5f-4f0c-856f-071d635059cb,22a94348-6609-46ba-97f3-abddc08ed57d
195,2026-09-08,18:16:40.31,"Brodhead, Hayes",1000616389,Right,,,,,,Fastball,Live,,88.54401,0.5318902239,-0.1612471088,2252.216042,197.6972462,12:30,5.67158,0.61306,5.99605,-22.73499,12.46729,3.98741,4.26983,0.79594,81.15808,-3.743084364,0.589477214,0.4270284328,-2.20018,6.60136,-0.60259,50,5.7008,0.23611,-128.95487,0.47415,-3.71746,25.96262,-21.02026,ab7f9726-b423-47b3-8880-dab5e184e4ba,13dae4c0-88a8-4757-96c0-ba34e3400e5f,88.26681,Pitching,25410021,,,,,,,,,,,,,,,,,,,198.1860088,49.90274713,1450.62297,0.6440869538,12:30,ed1d5e41-2bf2-454b-8c99-5f00e3c6e741,22a94348-6609-46ba-97f3-abddc08ed57d
196,2026-09-08,18:16:52.84,"Brodhead, Hayes",1000616389,Right,,,,,,Fastball,Live,,87.59356,-0.1048591114,-0.1672083997,2260.73527,202.3622354,12:45,5.79321,0.69059,5.84489,-21.28916,14.95736,6.16589,3.92168,1.04905,80.16042,-4.098635662,0.9915996351,0.4333158588,-3.36471,8.07979,-0.68063,50,5.7722,0.17318,-127.5282,-0.92046,-5.54868,25.89198,-18.84983,3986e648-7e60-48fd-a172-536d42f5878b,13dae4c0-88a8-4757-96c0-ba34e3400e5f,86.98606,Pitching,25410021,,,,,,,,,,,,,,,,,,,,,,,,6d2c028c-2fb3-46c4-aa69-a4db55b3a10b,22a94348-6609-46ba-97f3-abddc08ed57d
197,2026-09-08,18:17:05.95,"Brodhead, Hayes",1000616389,Right,,,,,,Slider,Live,,80.81604,1.035489652,-0.8389294817,2517.946136,77.9856176,8:30,5.58653,0.84707,5.18461,-44.66379,-1.32184,-6.04845,2.83884,-0.4462,74.94758,-7.180448372,-1.956569463,0.4738333329,2.96483,-0.94935,-0.7647,50,5.649,1.92409,-117.59533,0.63318,4.19635,20.05064,-33.51774,8cc1615b-7d87-44fe-a9b0-e6278a51beca,13dae4c0-88a8-4757-96c0-ba34e3400e5f,79.54788,Pitching,25410021,,,,,,,,,,,,,,,,,,,,68.96521446,903.778193,0.3589346809,,e7d8b984-c959-4770-8cb0-fd0cea40c607,22a94348-6609-46ba-97f3-abddc08ed57d
198,2026-09-08,18:17:22.74,"Brodhead, Hayes",1000616389,Right,,,,,,Curveball,Live,,77.33017,0.9010319399,-0.9351885348,2532.58145,42.49057227,7:30,5.58385,0.77557,5.20099,-58.97425,-11.42577,-10.43256,1.51684,-0.97334,71.89968,-9.923500299,-2.867760598,0.4962948232,5.23636,-6.24204,-0.68133,50,5.62327,2.16717,-112.47677,-0.10279,6.74209,19.43071,-40.21102,2ba2ef62-d261-47cd-9671-74dc942ea8a1,13dae4c0-88a8-4757-96c0-ba34e3400e5f,75.94768,Pitching,25410021,,,,,,,,,,,,,,,,,,,,,,,,e36be18b-1bd1-417d-ab96-c7c7df49e5af,22a94348-6609-46ba-97f3-abddc08ed57d
199,2026-09-08,18:17:43.01,"Brodhead, Hayes",1000616389,Right,,,,,,ChangeUp,Live,,83.30711,-1.57615441,-0.428515247,1051.119232,218.5980596,1:15,5.56833,0.83775,5.88267,-31.03472,8.88811,7.11771,1.51823,1.03301,76.89331,-7.36217884,0.9078721198,0.4547598047,-3.94644,5.2032,-0.80736,50,5.42333,0.68947,-121.27478,-4.28572,-5.90562,22.65156,-24.38777,e20a4c05-a28e-41b8-a362-51b995c64d48,13dae4c0-88a8-4757-96c0-ba34e3400e5f,82.88428,Pitching,25410021,,,,,,,,,,,,,,,,,,,,15.11539722,1014.753229,0.9654025901,,d769b910-1221-4ba1-95d6-d43987bcfc4d,22a94348-6609-46ba-97f3-abddc08ed57d
200,2026-09-08,18:17:54.91,"Brodhead, Hayes",1000616389,Right,,,,,,ChangeUp,Live,,82.49221,-2.147542525,-2.540439721,1098.930852,232.7602265,1:45,5.6446,0.7369,5.46138,-33.91348,7.70949,10.16854,0.80576,-0.79477,75.93831,-8.419631033,-0.6439143539,0.464341994,-6.0955,4.68263,-0.52029,50,5.43254,4.9874,-119.82732,-5.59549,-8.87451,22.86227,-25.35654,5fa9b1d4-5bc2-4332-8c8d-04d5b655a471,13dae4c0-88a8-4757-96c0-ba34e3400e5f,81.17388,Pitching,25410021,,,,,,,,,,,,,,,,,,,,25.95320735,988.1056075,0.899151758,,9a0eb178-722f-4252-ba44-31c7b2813221,22a94348-6609-46ba-97f3-abddc08ed57d
201,2026-09-08,18:18:10.04,"Brodhead, Hayes",1000616389,Right,,,,,,Curveball,Live,,75.51571,4.339781346,0.8100863082,2295.133871,42.12504654,7:30,5.5815,0.78982,5.049,-66.36852,-15.30902,-13.75489,4.15169,0.40759,68.66903,-7.956678717,-1.75103061,0.5142919247,7.46086,-9.34865,-0.85622,50,5.9437,-1.11702,-109.39318,6.22894,8.96233,20.86235,-43.40407,411cc6ab-4c6f-4b55-8d29-5c565a40ae8d,13dae4c0-88a8-4757-96c0-ba34e3400e5f,73.28997,Pitching,25410021,,,,,,,,,,,,,,,,,,,,32.86905214,1927.713081,0.8399131334,,c640a829-b6b8-46ce-b7a7-7996901e17fc,22a94348-6609-46ba-97f3-abddc08ed57d
202,2026-09-08,18:18:26.94,"Brodhead, Hayes",1000616389,Right,,,,,,Curveball,Live,,74.25081,2.029002933,-0.1213657641,2296.529503,37.20090424,7:15,5.65764,0.76647,5.62006,-66.52912,-15.32438,-11.59322,2.00759,-0.31288,68.51445,-10.33628648,-2.296292961,0.5150228504,6.16343,-8.78214,-0.74875,50,5.78814,0.55654,-107.95377,1.94306,7.24314,19.52326,-42.49465,b2dbcab3-0d04-4d8a-86bd-652f4ebfafa4,13dae4c0-88a8-4757-96c0-ba34e3400e5f,73.18595,Pitching,25410021,,,,,,,,,,,,,,,,,,,,31.41960774,1959.795003,0.8533724476,,99bf54a1-4208-45c0-95b9-cac4e0016ad2,22a94348-6609-46ba-97f3-abddc08ed57d
203,2026-09-08,18:18:40.53,"Brodhead, Hayes",1000616389,Right,,,,,,Fastball,Live,,87.17814,1.189771786,-0.6976260542,2174.159746,174.3343009,11:45,5.80875,0.57574,5.78688,-26.19618,10.15198,-1.01,4.73268,-0.15738,80.50868,-3.697437928,-0.886243413,0.4339229472,0.37118,5.14904,-0.51775,50,5.89076,1.57913,-126.97127,1.77958,0.61327,23.05636,-23.66677,63139637-f8bc-47d6-ab99-6974f5ce3b8b,13dae4c0-88a8-4757-96c0-ba34e3400e5f,86.86436,Pitching,25410021,,,,,,,,,,,,,,,,,,,190.1344219,55.53114601,1230.483445,0.565958158,12:15,6e1896ed-c707-4156-97aa-6a9831773c80,22a94348-6609-46ba-97f3-abddc08ed57d
204,2026-09-08,18:18:58.23,"Brodhead, Hayes",1000616389,Right,,,,,,Fastball,Live,,88.53781,-0.5881630714,-2.36636651,2266.763793,217.294294,1:15,5.66076,0.75819,6.01448,-24.74034,9.97404,7.6223,3.05382,-0.7996,82.54096,-5.195345037,-0.9437333686,0.4240588118,-4.6301,5.50644,-0.57713,50,5.60091,5.0854,-128.98633,-2.12011,-7.96022,21.67503,-22.70719,b5e29744-cda4-4f52-afcd-bc3d4de5ac2f,13dae4c0-88a8-4757-96c0-ba34e3400e5f,88.88493,Pitching,25410021,,,,,,,,,,,,,,,,,,,,51.20972445,1420.062982,0.6264715303,,1531efc2-fa7b-48a5-95a0-bfeb5ba05495,22a94348-6609-46ba-97f3-abddc08ed57d
205,2026-09-08,18:23:40.84,"Armento, Nick",1000617066,Right,,,,,,Fastball,Live,,85.91144,-0.371088026,1.662426328,2376.200381,189.0522434,12:15,6.26779,0.72075,6.20942,-21.96026,15.19344,2.42659,4.09518,2.45748,78.76984,-4.512078394,2.120857277,0.4387048333,-0.87098,8.38585,-0.84646,50,6.22889,-3.70264,-125.10202,-1.46042,-1.38319,24.74464,-18.85663,f9dee6b3-e3af-4424-bbd7-b971efdf036a,13dae4c0-88a8-4757-96c0-ba34e3400e5f,85.91754,Pitching,25410021,,,,,,,,,,,,,,,,,,,,,,,,13888223-76b5-4aed-b96a-d8bc78e0c6f3,22a94348-6609-46ba-97f3-abddc08ed57d
206,2026-09-08,18:23:53.74,"Armento, Nick",1000617066,Right,,,,,,Fastball,Live,,87.17674,-1.683834527,0.1228164686,2355.999045,191.2849971,12:30,6.23591,0.63841,6.19016,-20.07085,16.19731,3.23682,3.00848,1.02152,79.63062,-5.470920783,0.7362035101,0.4334451732,-1.73072,9.31839,-0.64928,50,6.09907,-0.36917,-126.90171,-4.3329,-2.81429,26.65561,-17.02157,acd5becc-6079-439f-8cfc-e2887b3bf076,13dae4c0-88a8-4757-96c0-ba34e3400e5f,86.96011,Pitching,25410021,,,,,,,,,,,,,,,,,,,,45.42635701,1653.500054,0.7018254349,,3fa510ca-4f0a-40d1-beab-3a257c28160c,22a94348-6609-46ba-97f3-abddc08ed57d
207,2026-09-08,18:24:07.77,"Armento, Nick",1000617066,Right,,,,,,Fastball,Live,,87.22664,-1.627207315,-0.7246140802,2278.89632,191.6169133,12:30,6.1936,0.44317,6.19027,-19.11211,17.03673,3.50718,3.09827,0.06649,79.82227,-5.230778669,-0.06080426688,0.432731549,-2.11427,9.74277,-0.39047,50,6.06147,1.50056,-126.98863,-4.18288,-3.45139,26.07973,-16.26969,fc31b443-2934-42b4-b00b-bae91cd45d41,13dae4c0-88a8-4757-96c0-ba34e3400e5f,87.10352,Pitching,25410021,,,,,,,,,,,,,,,,,,,,,,,,df188b36-0888-4ae0-9830-6cc67573e216,22a94348-6609-46ba-97f3-abddc08ed57d
208,2026-09-08,18:24:22.40,"Armento, Nick",1000617066,Right,,,,,,Fastball,Live,,87.97919,-3.171552334,-0.7509930988,2360.756663,191.9327569,12:30,6.23522,0.51805,6.06428,-21.5144,14.24075,3.01098,1.50435,0.07401,80.78877,-7.197769614,-0.1827130393,0.4303687027,-1.8408,8.60232,-0.46154,50,5.97793,1.58323,-127.92254,-7.75761,-3.05272,26.1905,-17.90824,ef83dfdb-0f7c-4624-8e41-34c4262029f9,13dae4c0-88a8-4757-96c0-ba34e3400e5f,87.58174,Pitching,25410021,,,,,,,,,,,,,,,,,,,,,,,,e4dfbfa8-c8d7-4929-90bd-9dab43481537,22a94348-6609-46ba-97f3-abddc08ed57d
209,2026-09-08,18:24:39.52,"Armento, Nick",1000617066,Right,,,,,,Fastball,Live,,87.74771,-2.615182165,-1.067003956,2105.08013,239.8961091,2:00,6.15208,0.47396,6.25149,-26.47846,9.5961,16.56474,1.53208,0.8704,79.76757,-7.614638535,2.089584978,0.4322867055,-9.41275,6.08062,-0.40299,50,5.94507,1.88596,-127.56902,-6.61102,-15.31901,29.27835,-22.27799,3022a9c5-b11c-4749-bf8f-fd08bd96ecb9,13dae4c0-88a8-4757-96c0-ba34e3400e5f,87.19315,Pitching,25410021,,,,,,,,,,,,,,,,,,,,,,,,21a3681a-7bac-4ca0-bf5b-d4377fb6ad0b,22a94348-6609-46ba-97f3-abddc08ed57d
210,2026-09-08,18:24:56.04,"Armento, Nick",1000617066,Right,,,,,,Fastball,Live,,87.54688,-1.606160127,0.6169692507,2109.359951,240.3215411,2:00,6.16495,0.50484,6.12154,-27.4685,8.80356,15.50388,2.39081,2.36714,79.81013,-6.777804567,3.556489498,0.4334685093,-8.2623,5.28866,-0.56004,50,6.02793,-1.8424,-127.37009,-4.40581,-13.44591,28.44783,-23.56739,297939d8-4fea-46dd-8dbf-9815b8fe4c5e,13dae4c0-88a8-4757-96c0-ba34e3400e5f,86.95543,Pitching,25410021,,,,,,,,,,,,,,,,,,,,,,,,31d40ae6-c88d-46fd-8ae4-88391aa4175f,22a94348-6609-46ba-97f3-abddc08ed57d
211,2026-09-08,18:25:10.71,"Armento, Nick",1000617066,Right,,,,,,Fastball,Live,,88.30923,-1.768698045,0.3264882147,2092.542161,236.8358768,2:00,6.17001,0.61481,6.31117,-24.52089,10.78003,16.53803,2.49705,2.29369,80.66202,-6.396862678,3.46926785,0.4276262574,-8.97315,6.43822,-0.64661,50,6.02893,-1.22176,-128.53733,-4.69472,-14.91184,28.3053,-21.47482,c4ea411f-90a9-485d-863b-ef55ad7293bc,13dae4c0-88a8-4757-96c0-ba34e3400e5f,88.14342,Pitching,25410021,,,,,,,,,,,,,,,,,,,,32.95298007,1755.888213,0.8391172449,,2b82d695-3d75-4910-8a05-077217e702d7,22a94348-6609-46ba-97f3-abddc08ed57d
212,2026-09-08,18:25:28.03,"Armento, Nick",1000617066,Right,,,,,,Fastball,Live,,87.33802,-2.02573585,-1.043770686,2128.120625,229.2724847,1:45,6.18985,0.64632,6.2784,-25.3128,11.03859,12.84079,2.21245,0.75434,79.24789,-6.820552243,1.405050824,0.4339422227,-7.37254,6.6932,-0.57565,50,6.02828,1.93827,-127.03162,-5.23542,-11.8951,29.08561,-21.37502,4252939f-6152-49b5-8bda-63ca5b461730,13dae4c0-88a8-4757-96c0-ba34e3400e5f,86.8605,Pitching,25410021,,,,,,,,,,,,,,,,,,,,40.40852413,1620.44016,0.7614418756,,38f9fc3e-b6d6-4273-83ae-03a532986fac,22a94348-6609-46ba-97f3-abddc08ed57d
213,2026-09-08,18:25:42.51,"Armento, Nick",1000617066,Right,,,,,,Fastball,Live,,88.07133,-1.870793013,-0.6741412192,2106.820057,219.3512298,1:15,6.15881,0.62355,6.32664,-22.38431,13.015,10.68798,2.57018,0.89347,80.4554,-6.102182967,1.357470877,0.4282217688,-6.05713,7.68064,-0.57957,50,6.01183,1.19344,-128.20012,-4.84749,-10.03825,27.54126,-19.44521,d93e3a14-db6a-42ef-8fe6-36ae22cf482b,13dae4c0-88a8-4757-96c0-ba34e3400e5f,88.02084,Pitching,25410021,,,,,,,,,,,,,,,,,,,205.7309555,40.91712716,1592.034834,0.7556577167,12:45,c4c68312-1635-4d95-a057-eadd7af911d4,22a94348-6609-46ba-97f3-abddc08ed57d
214,2026-09-08,18:26:01.23,"Armento, Nick",1000617066,Right,,,,,,ChangeUp,Live,,82.20889,-2.601638028,-0.4242183334,1539.288434,250.0265228,2:15,6.26241,0.35627,6.4018,-34.88168,5.8335,16.11284,0.96184,1.30896,75.3423,-9.170290253,2.648388689,0.4592503948,-8.99953,4.00234,-0.33336,50,6.06019,0.45084,-119.59256,-6.37516,-12.91769,24.98038,-26.42919,3b0257bc-8003-44ee-81ea-463cff088a09,13dae4c0-88a8-4757-96c0-ba34e3400e5f,82.07383,Pitching,25410021,,,,,,,,,,,,,,,,,,,,,,,,54a4b9f2-ca21-4a99-bc33-e503f337101a,22a94348-6609-46ba-97f3-abddc08ed57d
215,2026-09-08,18:26:15.42,"Armento, Nick",1000617066,Right,,,,,,ChangeUp,Live,,82.75729,-3.531569929,-0.8093427183,1753.71491,250.0696114,2:15,6.17026,0.50485,6.44849,-34.09008,5.82314,16.08376,0.08078,1.10163,76.45348,-9.915023227,2.249799329,0.4547050195,-9.08247,4.20336,-0.45493,50,5.90481,1.26509,-120.34055,-8.34947,-13.2995,23.67008,-26.01905,0d31086a-6474-45b8-89da-a964bf5905bc,13dae4c0-88a8-4757-96c0-ba34e3400e5f,82.89427,Pitching,25410021,,,,,,,,,,,,,,,,,,,,24.8551841,1591.273673,0.9073730647,,d813f244-4009-40eb-a07a-26fa88e80458,22a94348-6609-46ba-97f3-abddc08ed57d
216,2026-09-08,18:26:30.80,"Armento, Nick",1000617066,Right,,,,,,ChangeUp,Live,,82.86911,-1.846141467,-0.7123060505,1755.893805,248.8768652,2:15,6.26463,0.40257,6.40164,-33.77293,6.09996,15.85207,1.75207,1.06861,76.08746,-8.213558952,2.304503848,0.4544753147,-8.92495,3.89164,-0.35896,50,6.11695,1.06699,-120.64149,-4.81119,-13.09515,24.44125,-26.46403,7d70c0ce-8810-402d-b484-7110028eebd1,13dae4c0-88a8-4757-96c0-ba34e3400e5f,82.93616,Pitching,25410021,,,,,,,,,,,,,,,,,,,,,,,,4a4db0be-24af-4e51-b627-a7f769d657bc,22a94348-6609-46ba-97f3-abddc08ed57d
217,2026-09-08,18:27:02.51,"Armento, Nick",1000617066,Right,,,,,,Slider,Live,,76.1969,1.168646994,-0.6993102124,2134.341316,99.87935634,9:15,5.95727,0.79511,5.43015,-47.88742,1.10773,-6.58487,3.06121,-0.40849,69.72273,-7.742414152,-1.931119671,0.5037881572,3.29307,0.246,-0.72876,50,6.02804,1.54915,-110.77834,0.82731,4.07087,20.75007,-31.86995,f9e3eb27-e7f9-44a8-8ee8-09a3d25f902f,13dae4c0-88a8-4757-96c0-ba34e3400e5f,74.81803,Pitching,25410021,,,,,,,,,,,,,,,,,,,,,,,,857c4f4b-1b64-4221-9aeb-f98aa64e4c05,22a94348-6609-46ba-97f3-abddc08ed57d
218,2026-09-08,18:27:16.82,"Armento, Nick",1000617066,Right,,,,,,Slider,Live,,75.84167,-2.448018534,-0.9576277047,2016.333727,34.90207467,7:15,5.91967,0.74829,5.86841,,,,,,,,,,1.60485,-1.99263,-0.66887,50,5.6906,1.93906,-110.21489,-6.19875,1.95268,21.56651,-34.59856,8b24428e-e66a-4e37-bf86-e114ea47a570,13dae4c0-88a8-4757-96c0-ba34e3400e5f,,Pitching,25410021,,,,,,,,,,,,,,,,,,,,53.1328091,1209.724031,0.599962206,,f26ab2c4-a1ab-463d-a8b7-e3a646109707,22a94348-6609-46ba-97f3-abddc08ed57d
219,2026-09-08,18:27:32.21,"Armento, Nick",1000617066,Right,,,,,,Slider,Live,,77.61655,-0.4561222291,-0.9635965828,2176.804159,81.39142941,8:45,5.95142,0.9313,5.63485,-48.25255,-0.9911,-6.28151,1.50482,-0.49112,70.70881,-9.472460857,-2.148650599,0.4947945366,3.05897,-0.3846,-0.84555,50,5.88243,2.08099,-112.81163,-2.3082,3.88201,23.43923,-32.66213,8ce59ff7-a071-4c9c-baa2-b28897d193bb,13dae4c0-88a8-4757-96c0-ba34e3400e5f,76.17796,Pitching,25410021,,,,,,,,,,,,,,,,,,,85.89016563,63.55896487,969.2798939,0.4452765721,8:45,41c4c8b8-c2be-4412-a472-250dfba67b8e,22a94348-6609-46ba-97f3-abddc08ed57d
220,2026-09-08,18:27:53.19,"Armento, Nick",1000617066,Right,,,,,,Fastball,Live,,86.56872,0.6279157178,1.012511663,2290.808087,193.4264364,12:30,6.26592,0.52478,6.36856,-19.58962,16.89359,4.04032,5.21127,1.79311,78.95237,-3.090740814,1.779963279,0.4347283075,-1.93043,9.09607,-0.59968,50,6.30199,-2.3447,-126.08617,0.81809,-3.10098,26.14833,-17.56244,ec44c3b3-b733-471d-8bb2-46b500c091ce,13dae4c0-88a8-4757-96c0-ba34e3400e5f,86.70344,Pitching,25410021,,,,,,,,,,,,,,,,,,,,46.12573913,1587.708832,0.6930780634,,1512931a-5f54-46b8-a62b-84d82dc63fda,22a94348-6609-46ba-97f3-abddc08ed57d
221,2026-09-08,18:28:09.13,"Armento, Nick",1000617066,Right,,,,,,Fastball,Live,,86.89528,-3.58092673,-0.001363783024,2248.2701,198.3888076,12:30,6.09567,0.61338,6.44366,-18.26088,18.05066,5.99907,1.2798,1.11205,79.39042,-7.028589268,1.141691336,0.4337042657,-3.30485,10.98838,-0.616,50,5.83362,-0.16702,-126.33766,-8.42384,-5.31615,26.876,-14.49824,a5066902-e842-4b81-a2bd-632848b15396,13dae4c0-88a8-4757-96c0-ba34e3400e5f,86.90816,Pitching,25410021,,,,,,,,,,,,,,,,,,,,45.73553833,1569.227858,0.6979712349,,06354eec-93b1-41d5-bf34-c2ef733393ff,22a94348-6609-46ba-97f3-abddc08ed57d
222,2026-09-08,18:28:24.45,"Armento, Nick",1000617066,Right,,,,,,Fastball,Live,,86.71878,-1.887191558,-0.4051240267,2137.225409,211.4456898,1:00,6.16226,0.67151,6.33378,-20.71808,15.94985,9.76555,2.69767,1.11233,78.80259,-5.815247028,1.456055867,0.4358274409,-5.48724,9.33628,-0.64669,50,6.01519,0.61055,-126.19693,-4.75603,-8.76617,27.92424,-17.25883,d465be95-2bda-4fee-993e-bd303288a325,13dae4c0-88a8-4757-96c0-ba34e3400e5f,86.48478,Pitching,25410021,,,,,,,,,,,,,,,,,,,192.0568534,43.009997,1562.81337,0.731234695,12:30,849d693a-effe-4120-a590-25488128de6b,22a94348-6609-46ba-97f3-abddc08ed57d
223,2026-09-08,18:28:39.08,"Armento, Nick",1000617066,Right,,,,,,Fastball,Live,,87.71361,-2.283992032,0.692223567,2389.465289,208.5179207,1:00,6.18419,0.45171,6.32852,-22.96467,12.85114,6.99582,2.16627,1.67207,79.95561,-6.62497698,2.023714368,0.4307336603,-3.63235,7.74017,-0.50543,50,6.00691,-1.74653,-127.61847,-5.76204,-5.94444,28.14383,-19.50704,4c5c8dd7-7145-498b-994f-2539c131656a,13dae4c0-88a8-4757-96c0-ba34e3400e5f,87.50753,Pitching,25410021,,,,,,,,,,,,,,,,,,,,,,,,76622ab1-1350-4671-b7c9-e53902233cfe,22a94348-6609-46ba-97f3-abddc08ed57d
224,2026-09-08,18:29:15.39,"Armento, Nick",1000617066,Right,,,,,,,Live,,82.10676,-2.751273863,-3.073335795,1903.08518,202.9782728,12:45,6.1141,1.65964,5.94694,-25.78316,15.59944,6.62388,1.40838,-0.64126,75.29484,-7.569323403,-1.827050295,0.4629992295,-4.44284,9.20502,-1.41898,50,5.88054,6.20587,-119.23249,-6.5005,-6.39038,23.10352,-18.93398,d47d8a87-00bf-4e6e-9f10-b1654e5a1f99,13dae4c0-88a8-4757-96c0-ba34e3400e5f,81.40929,Pitching,25410021,,,,,,,,,,,,,,,,,,,,31.0411904,1630.557319,0.8567968142,,81c24bba-2140-43bd-9029-9b2f1ef7ec75,22a94348-6609-46ba-97f3-abddc08ed57d
225,2026-09-08,18:29:30.30,"Tallent, Ryan",1000617067,Right,,,,,,Fastball,Live,,81.81899,1.035936364,0.6171384846,2005.901315,215.6637081,1:15,6.10094,1.68725,5.65383,-28.85779,13.02681,9.37097,4.66229,3.04367,74.89201,-4.35801054,2.371387798,0.4657990247,-4.84034,6.67968,-1.74535,50,6.17033,-1.57423,-119.05676,1.25436,-6.95457,22.63714,-22.57674,ba7342b0-9f6d-4cde-87d9-91d0e8876951,13dae4c0-88a8-4757-96c0-ba34e3400e5f,80.91996,Pitching,25410021,,,,,,,,,,,,,,,,,,,,19.91669995,1885.926105,0.9401888769,,30203dd9-a223-4a0c-8a2b-bbdfc13ebc2b,22a94348-6609-46ba-97f3-abddc08ed57d
226,2026-09-08,18:29:45.39,"Tallent, Ryan",1000617067,Right,,,,,,Slider,Live,,72.38392,0.7558461664,-1.57748544,2114.806807,71.46077352,8:30,5.86131,1.66027,5.53417,-57.77157,-4.15061,-12.26021,1.75372,-0.83608,67.3525,-9.902499245,-3.860007688,0.5270340809,6.10312,-2.40793,-1.51544,50,5.8886,3.24563,-105.30947,-0.23809,6.88501,17.11917,-34.89046,e0ac5b31-5b64-4c7d-a17f-6c571ed30496,13dae4c0-88a8-4757-96c0-ba34e3400e5f,71.51803,Pitching,25410021,,,,,,,,,,,,,,,,,,,,53.6621347,1253.119609,0.5925456666,,e0f260ce-3507-4691-848d-b9929b7e1781,22a94348-6609-46ba-97f3-abddc08ed57d
227,2026-09-08,18:29:59.08,"Tallent, Ryan",1000617067,Right,,,,,,Curveball,Live,,72.1171,0.7302780111,-1.250595194,1988.067054,53.01931348,7:45,5.92267,1.51786,5.22252,-64.71969,-9.38702,-12.41099,1.21604,-0.69217,66.47987,-11.19515274,-3.565070672,0.535380076,6.17054,-5.17682,-1.39361,50,5.94266,2.64905,-104.7758,-0.55054,6.79761,19.19118,-37.87696,537b27a8-2004-4e5a-80e5-3d78b38455aa,13dae4c0-88a8-4757-96c0-ba34e3400e5f,70.40314,Pitching,25410021,,,,,,,,,,,,,,,,,,,,41.4537348,1490.037428,0.749490529,,79ddcb6b-3d11-4b8d-a9b4-9d1e5190d74d,22a94348-6609-46ba-97f3-abddc08ed57d
228,2026-09-08,18:30:14.37,"Tallent, Ryan",1000617067,Right,,,,,,Fastball,Live,,78.23135,2.834504073,-2.261685626,2038.527668,208.6073257,1:00,5.98558,1.67555,5.35764,-32.77957,14.3436,7.84907,5.91602,0.20783,70.32904,-3.3099645,-0.7894762864,0.4940701472,-4.88498,6.71558,-1.47796,50,6.21756,4.23915,-113.45578,4.61233,-6.28172,23.36152,-23.53832,6d4e8f11-4007-4983-ac8b-d0dd29fc4b73,13dae4c0-88a8-4757-96c0-ba34e3400e5f,76.28965,Pitching,25410021,,,,,,,,,,,,,,,,,,,199.1088175,59.08213632,1047.413363,0.5138087546,12:45,6a55666c-41cd-462e-8e3e-b7adeba729a7,22a94348-6609-46ba-97f3-abddc08ed57d
229,2026-09-08,18:30:31.40,"Tallent, Ryan",1000617067,Right,,,,,,Fastball,Live,,79.23475,-2.544951168,-1.63178731,1985.960884,230.1802198,1:45,6.03649,1.54156,5.71344,-34.01475,11.09103,13.31968,0.82889,1.13118,72.30808,-8.88864419,0.8793483057,0.4833786859,-7.6566,6.74019,-1.41338,50,5.80291,2.88504,-115.08253,-6.1218,-10.16594,23.34273,-23.22486,7bfcec7b-1444-4581-9047-dbf2c852e92a,13dae4c0-88a8-4757-96c0-ba34e3400e5f,77.97704,Pitching,25410021,,,,,,,,,,,,,,,,,,,,,,,,3f4368ef-382f-4b31-980b-92f9c3831082,22a94348-6609-46ba-97f3-abddc08ed57d
230,2026-09-08,18:30:48.37,"Tallent, Ryan",1000617067,Right,,,,,,Fastball,Live,,80.15015,0.1013525134,-0.3233536962,1982.503062,207.9281893,1:00,5.91827,1.8022,5.97359,-29.40278,13.68625,7.27431,3.56198,2.10867,73.48013,-5.421678121,1.047179037,0.4724487951,-4.02298,7.37381,-1.78072,50,5.90989,0.44883,-116.71064,-0.64171,-5.55445,21.76038,-21.99319,af953506-46f8-4be8-b316-289d56485506,13dae4c0-88a8-4757-96c0-ba34e3400e5f,79.781,Pitching,25410021,,,,,,,,,,,,,,,,,,,,33.33517646,1656.322099,0.8354701341,,d02a825a-5751-4856-b863-732e44e53d12,22a94348-6609-46ba-97f3-abddc08ed57d
231,2026-09-08,18:31:03.26,"Tallent, Ryan",1000617067,Right,,,,,,Fastball,Live,,81.40401,-1.76958355,-1.05241895,2120.324816,192.4029962,12:30,6.10351,1.52801,5.97488,-28.28902,13.38351,2.94965,2.10508,0.79823,75.08737,-7.054313376,-0.4978162799,0.4646183021,-1.87113,7.69786,-1.44656,50,5.94792,2.09013,-118.49437,-4.49244,-2.67371,21.57704,-21.17433,e1e1c135-4eed-47d6-b103-4c9e4c8e1481,13dae4c0-88a8-4757-96c0-ba34e3400e5f,81.1256,Pitching,25410021,,,,,,,,,,,,,,,,,,,,39.19357737,1643.284241,0.7750153318,,4ee737f3-b30f-4c71-bb6a-c5febd717cf9,22a94348-6609-46ba-97f3-abddc08ed57d
232,2026-09-08,18:31:18.04,"Tallent, Ryan",1000617067,Right,,,,,,,Live,,71.50149,-0.7587511485,-1.225630281,2055.101595,56.45471733,8:00,5.8831,1.71143,5.29707,,,,,,,,,,6.62763,-4.436,-1.5907,50,5.76796,2.60227,-103.92597,-3.23257,7.21127,18.25153,-37.00069,b9059cf0-c119-4413-a0a2-3baec2e0bb61,13dae4c0-88a8-4757-96c0-ba34e3400e5f,,Pitching,25410021,,,,,,,,,,,,,,,,,,,,,,,,10cd36e7-9964-40cb-814d-3d5ac4eb489b,22a94348-6609-46ba-97f3-abddc08ed57d
233,2026-09-08,18:31:37.25,"Tallent, Ryan",1000617067,Right,,,,,,Curveball,Live,,71.5058,0.6475844806,-1.363094067,2130.769147,60.33307037,8:00,5.90907,1.73499,5.50545,-64.70684,-9.08744,-15.88292,1.12258,-0.86344,66.099,-11.31439107,-4.336037875,0.5367654112,8.05522,-5.03873,-1.60567,50,5.9227,2.91279,-103.94308,-0.6152,8.74225,18.7228,-37.64253,0cde1c70-7959-4fbd-8427-fcb2970fb5b9,13dae4c0-88a8-4757-96c0-ba34e3400e5f,70.22144,Pitching,25410021,,,,,,,,,,,,,,,,,,,,37.80373902,1683.552693,0.7901150135,,037bc47d-b0fc-44ef-90ec-a859bfa96260,22a94348-6609-46ba-97f3-abddc08ed57d
234,2026-09-08,18:31:54.14,"Tallent, Ryan",1000617067,Right,,,,,,Fastball,Live,,77.83195,2.89930058,-1.414520955,1929.756719,216.8374051,1:15,6.00631,1.68206,5.4806,-35.21157,11.71329,8.80356,5.78751,1.09211,70.69075,-3.683843212,0.2332198755,0.4930294592,-5.09149,5.39333,-1.56405,50,6.23693,2.52419,-113.03019,4.65883,-6.56245,21.31304,-25.22257,668cb177-212c-44f0-bfe8-74f1153c52bc,13dae4c0-88a8-4757-96c0-ba34e3400e5f,76.45068,Pitching,25410021,,,,,,,,,,,,,,,,,,,212.5558313,55.73675758,1086.445231,0.5629959573,1:00,8af019ea-7021-4885-af4c-f71f9a9be342,22a94348-6609-46ba-97f3-abddc08ed57d
235,2026-09-08,18:32:11.38,"Tallent, Ryan",1000617067,Right,,,,,,Fastball,Live,,79.86659,-1.324295779,-3.323352762,1928.344357,197.2904645,12:30,6.01889,1.6539,5.74089,-30.61368,13.34825,4.17065,2.23256,-1.09599,73.33522,-7.028634902,-2.54283871,0.4772102907,-3.15205,7.5238,-1.38017,50,5.89002,6.61304,-116.03059,-3.60209,-4.30136,21.5094,-21.9069,d4c9c8e1-5702-400b-941a-5943dcc2a3d7,13dae4c0-88a8-4757-96c0-ba34e3400e5f,78.98497,Pitching,25410021,,,,,,,,,,,,,,,,,,,220.4404467,51.00274957,1213.474507,0.6292830958,1:15,34bfce0d-3ff7-4c9b-82fd-e5d42f52b13f,22a94348-6609-46ba-97f3-abddc08ed57d
236,2026-09-08,18:32:28.38,"Tallent, Ryan",1000617067,Right,,,,,,Curveball,Live,,70.88124,0.5905229691,-0.2723206742,2028.269804,64.25123398,8:15,5.88591,1.81591,5.25353,-63.47469,-6.47784,-13.33293,1.15117,0.44899,65.51077,-11.10046209,-2.758256495,0.5433714607,6.95883,-3.59327,-1.78131,50,5.89396,0.87117,-103.04042,-0.75384,7.44076,17.99286,-36.01616,ca0f0edd-85eb-4122-bb4a-2d69d945242f,13dae4c0-88a8-4757-96c0-ba34e3400e5f,69.36772,Pitching,25410021,,,,,,,,,,,,,,,,,,,,,,,,6e847cdb-edff-4f01-afd5-a14db8a851e4,22a94348-6609-46ba-97f3-abddc08ed57d
237,2026-09-08,18:32:43.38,"Tallent, Ryan",1000617067,Right,,,,,,Fastball,Live,,80.90776,0.05683605132,-1.525452784,2025.890816,190.6130074,12:15,6.11984,1.53321,5.97412,-30.23394,12.00582,2.25706,3.65305,0.30701,74.31095,-5.615461295,-1.100796188,0.4677697452,-1.63124,6.47463,-1.41398,50,6.10746,3.07099,-117.78971,-0.7646,-2.29855,21.75484,-23.0508,250b6e00-2776-4d1d-b0f0-4d0b0dad0163,13dae4c0-88a8-4757-96c0-ba34e3400e5f,80.57904,Pitching,25410021,,,,,,,,,,,,,,,,,,,198.8216709,43.13029175,1478.49701,0.7298009341,12:45,594ec201-4292-4b7f-8451-0f4a99565749,22a94348-6609-46ba-97f3-abddc08ed57d
238,2026-09-08,18:33:28.54,"Conte, Austin",1000462098,Right,,,,,,Fastball,Live,,86.5134,0.09302934769,-3.809696956,2016.78823,231.7960646,1:45,5.74953,2.98737,6.05956,-28.20976,8.62937,11.02933,3.485,0.37572,79.55508,-5.199333778,-1.738983241,0.4368436972,-6.96429,4.65096,-2.69773,50,5.74151,8.0357,-125.76331,-0.66209,-11.22689,23.94122,-24.67641,6f61ae00-41e3-421f-8c77-34531014944e,13dae4c0-88a8-4757-96c0-ba34e3400e5f,86.28358,Pitching,25410021,,,,,,,,,,,,,,,,,,,,29.66994478,1752.369735,0.868891294,,b4fcc158-0dda-43ff-8d95-17629718a285,22a94348-6609-46ba-97f3-abddc08ed57d
239,2026-09-08,18:33:44.61,"Conte, Austin",1000462098,Right,,,,,,Fastball,Live,,87.26016,-0.4739032471,-3.467002658,2182.368464,224.9693458,1:30,5.63429,2.86701,5.89575,-24.87109,11.68614,11.71929,3.12097,0.62134,79.90651,-5.136518525,-1.267319492,0.4351690535,-7.26026,6.4292,-2.59488,50,5.58184,7.31064,-126.82484,-1.84251,-11.85198,25.38306,-21.67873,0b09ddb0-20cf-47c1-8403-58f72c812f8e,13dae4c0-88a8-4757-96c0-ba34e3400e5f,86.61562,Pitching,25410021,,,,,,,,,,,,,,,,,,,226.3894735,32.79787504,1834.469891,0.8405866936,1:30,79d88e79-3573-439c-9d8c-d98cdc990f97,22a94348-6609-46ba-97f3-abddc08ed57d
240,2026-09-08,18:33:57.37,"Conte, Austin",1000462098,Right,,,,,,Fastball,Live,,86.34497,0.5327233767,-3.215765715,2143.71161,223.3738005,1:30,5.67587,2.84375,5.87057,-25.05038,12.3891,11.75837,4.08388,0.83395,78.78184,-4.172627433,-1.006230202,0.4403888673,-7.23459,6.52873,-2.59055,50,5.70444,6.67986,-125.49883,0.3778,-11.53508,25.45873,-21.76442,977a6927-039e-40ae-b3fc-bb31b48d1c06,13dae4c0-88a8-4757-96c0-ba34e3400e5f,85.58899,Pitching,25410021,,,,,,,,,,,,,,,,,,,,36.68564438,1719.096696,0.8019253557,,b9e014a5-e9f7-4e46-95c0-9266e232f2c8,22a94348-6609-46ba-97f3-abddc08ed57d
241,2026-09-08,18:34:11.15,"Conte, Austin",1000462098,Right,,,,,,Fastball,Live,,86.73757,-0.5755700006,-5.355861955,2104.047077,221.9146983,1:30,5.61662,2.82084,6.08982,-25.59202,11.42751,10.32219,2.94926,-1.28703,79.15081,-5.389797296,-3.416418412,0.4379120338,-7.11897,6.37179,-2.41298,50,5.55856,11.47601,-125.75291,-2.04587,-11.38688,25.76796,-21.98228,65d4bc21-9467-4564-b2c4-51bf9568d9e4,13dae4c0-88a8-4757-96c0-ba34e3400e5f,86.07308,Pitching,25410021,,,,,,,,,,,,,,,,,,,,32.40771993,1776.353783,0.8442557215,,68e8f6b2-8365-4a80-ae5f-80ffb304dc23,22a94348-6609-46ba-97f3-abddc08ed57d
242,2026-09-08,18:34:25.76,"Conte, Austin",1000462098,Right,,,,,,Fastball,Live,,87.46181,0.05622636387,-3.831137052,2143.735397,224.8131875,1:30,5.68791,2.77195,5.99336,-27.17666,9.09113,9.08297,3.4754,-0.02626,80.1193,-5.045696311,-2.125140345,0.4334429369,-5.9519,4.90298,-2.47528,50,5.6773,8.22621,-127.09244,-0.72664,-9.76,25.42004,-24.13409,18820cf9-68f3-43aa-822d-9dfd3c9e49bd,13dae4c0-88a8-4757-96c0-ba34e3400e5f,86.96056,Pitching,25410021,,,,,,,,,,,,,,,,,,,228.0092752,38.84098436,1669.733096,0.7788895484,1:30,3c800a27-2890-42c6-b416-23103427bd52,22a94348-6609-46ba-97f3-abddc08ed57d
243,2026-09-08,18:34:40.38,"Conte, Austin",1000462098,Right,,,,,,Sweeper,Live,,75.56049,1.582597167,-3.705839308,2218.068507,53.03629645,7:45,5.60193,2.92756,4.76832,-60.64975,-9.09721,-12.08053,2.05154,-1.59702,69.26741,-9.51937386,-5.9297779,0.5167689607,5.1402,-5.21232,-2.54618,50,5.70922,7.48179,-109.45006,1.05842,6.17446,21.07513,-38.43513,2d2e9f88-e89c-469c-bdf9-3ab49964537e,13dae4c0-88a8-4757-96c0-ba34e3400e5f,72.93867,Pitching,25410021,,,,,,,,,,,,,,,,,,,59.9561307,55.06814276,1270.070021,0.5726018007,8:00,756cdcca-e695-4a2f-8274-87b905559acb,22a94348-6609-46ba-97f3-abddc08ed57d
244,2026-09-08,18:34:52.53,"Conte, Austin",1000462098,Right,,,,,,Slider,Live,,75.7222,1.462909582,-2.530985544,2253.071159,55.3115593,7:45,5.51935,3.01011,5.38752,-54.99383,-5.28992,-7.60033,2.30913,0.0033,69.64356,-8.721626005,-3.946443212,0.507418964,3.30212,-3.22486,-2.77891,50,5.61189,5.08932,-109.98511,1.16421,4.032,20.08468,-36.11171,84f74751-08c4-43ca-a189-dd14d981175d,13dae4c0-88a8-4757-96c0-ba34e3400e5f,74.28268,Pitching,25410021,,,,,,,,,,,,,,,,,,,49.08050511,62.37307189,1044.777227,0.4637124856,7:45,f38ed5b5-364a-4ad4-b2c4-d265dc551c38,22a94348-6609-46ba-97f3-abddc08ed57d
245,2026-09-08,18:35:12.43,"Conte, Austin",1000462098,Right,,,,,,Slider,Live,,76.19001,0.9988970922,-4.235504549,2179.618316,41.13285001,7:15,5.73008,2.96665,4.95783,-57.03649,-7.2029,-6.27773,1.92332,-1.56485,70.55229,-9.418252076,-5.388253827,0.5080804191,2.12055,-4.02783,-2.55125,50,5.78102,8.38296,-110.46046,0.09209,2.62573,19.27343,-37.16143,57d8e8cb-f9c2-4e41-85a4-f0b381d4262c,13dae4c0-88a8-4757-96c0-ba34e3400e5f,74.18597,Pitching,25410021,,,,,,,,,,,,,,,,,,,,53.36935946,1300.478246,0.5966541191,,87bbfe57-8ac4-46e0-a841-98b1cc014117,22a94348-6609-46ba-97f3-abddc08ed57d
246,2026-09-08,18:35:30.69,"Conte, Austin",1000462098,Right,,,,,,Sweeper,Live,,74.97904,0.8019833772,-3.75796369,2188.016988,62.24134642,8:00,5.79589,2.94938,5.12235,-57.76708,-6.50336,-12.32185,1.73893,-1.62168,69.36446,-9.781977562,-6.031189471,0.5153193679,5.40079,-3.64268,-2.58688,50,5.8274,7.5246,-108.7648,-0.25851,6.45607,19.44719,-36.52849,b297d693-6805-4d94-9840-a517b9ddc955,13dae4c0-88a8-4757-96c0-ba34e3400e5f,73.14384,Pitching,25410021,,,,,,,,,,,,,,,,,,,,,,,,b0ef1b43-71c1-46ba-83a1-e125f112afd4,22a94348-6609-46ba-97f3-abddc08ed57d
247,2026-09-08,18:35:42.89,"Conte, Austin",1000462098,Right,,,,,,ChangeUp,Live,,81.74889,-1.318388336,-4.900906908,1720.89964,264.4171221,2:45,5.59684,2.8356,5.95909,-39.99613,1.42067,14.64238,1.03676,-0.49929,75.90272,-8.748061708,-2.166323204,0.4631905348,-9.11455,1.09428,-2.45462,50,5.46939,9.73982,-118.64785,-3.92551,-13.12932,20.46264,-30.59776,02a8e6b4-d691-43d1-bbb1-65d61ad0de8f,13dae4c0-88a8-4757-96c0-ba34e3400e5f,81.37567,Pitching,25410021,,,,,,,,,,,,,,,,,,,,,,,,d98185ea-11cb-4f68-a0e6-cd1e99d90fca,22a94348-6609-46ba-97f3-abddc08ed57d
248,2026-09-08,18:35:57.58,"Conte, Austin",1000462098,Right,,,,,,ChangeUp,Live,,81.71507,-2.950667956,-6.324013509,1880.741557,251.0669638,2:15,5.56434,2.96431,6.04458,,,,,,,,,,-9.66453,3.52352,-2.47887,50,5.31347,12.66437,-118.20671,-7.1884,-13.83243,20.09136,-27.13099,9b0c5e24-74a4-4f50-b701-85b0a1af7245,13dae4c0-88a8-4757-96c0-ba34e3400e5f,,Pitching,25410021,,,,,,,,,,,,,,,,,,,,,,,,6b491994-49aa-46bd-ba56-d9de3b89ff17,22a94348-6609-46ba-97f3-abddc08ed57d
249,2026-09-08,18:36:15.59,"Conte, Austin",1000462098,Right,,,,,,Fastball,Live,,87.56446,0.272321933,-1.541435533,2127.399565,228.2354958,1:30,5.68457,2.98872,5.98741,-27.37792,8.52933,9.58971,3.65553,2.35911,80.63444,-4.860140451,0.2600942515,0.4312830957,-5.57764,4.53805,-2.87266,50,5.69077,3.12849,-127.51786,-0.25864,-9.25048,24.44453,-24.64772,d683abb8-0e94-4dbe-8087-e347eed84c55,13dae4c0-88a8-4757-96c0-ba34e3400e5f,87.39605,Pitching,25410021,,,,,,,,,,,,,,,,,,,,36.38220233,1712.722781,0.805078091,,c5388a53-ac48-4acb-ad99-6559c36863ef,22a94348-6609-46ba-97f3-abddc08ed57d
250,2026-09-08,18:36:27.18,"Conte, Austin",1000462098,Right,,,,,,Slider,Live,,74.80392,1.309843084,-2.881985326,2169.440548,54.17341951,7:45,5.6662,2.89792,4.89203,-59.64316,-7.62633,-10.53108,1.93657,-0.70774,68.87476,-9.618096465,-4.825070052,0.5190908136,4.64649,-4.35726,-2.60705,50,5.74579,5.79834,-108.52437,0.58758,5.51473,19.84546,-37.34552,ce57b44b-b8c1-4466-8715-2f4ca0c5e41f,13dae4c0-88a8-4757-96c0-ba34e3400e5f,72.61242,Pitching,25410021,,,,,,,,,,,,,,,,,,,,,,,,bae52125-b83b-42cb-8a7c-5d92643e2665,22a94348-6609-46ba-97f3-abddc08ed57d
251,2026-09-08,18:36:39.01,"Conte, Austin",1000462098,Right,,,,,,ChangeUp,Live,,80.95386,-0.9838933062,-3.758815021,1858.890082,239.8083293,2:00,5.57612,2.9061,5.98057,-34.07791,8.24529,14.23321,1.82238,0.60354,74.50723,-7.357982936,-1.085206426,0.4682315157,-8.70264,4.72158,-2.61719,50,5.47939,7.31416,-117.63355,-3.0161,-12.23742,21.57367,-25.53469,276460e4-6858-4c5d-a852-30d22b84d79a,13dae4c0-88a8-4757-96c0-ba34e3400e5f,80.49958,Pitching,25410021,,,,,,,,,,,,,,,,,,,232.269411,14.16368931,1802.38097,0.9696006166,1:45,f77e26ed-bcce-4d7d-af15-d182eb4029ce,22a94348-6609-46ba-97f3-abddc08ed57d
252,2026-09-08,18:36:51.74,"Conte, Austin",1000462098,Right,,,,,,Fastball,Live,,87.64558,-0.9730946827,-3.023088172,2024.302922,241.4095122,2:00,5.75077,2.92378,5.82652,-28.99507,7.15082,13.17082,2.42869,1.20883,80.82071,-6.379739939,-0.5584304713,0.4327139661,-7.85149,4.09116,-2.68486,50,5.65408,6.30307,-127.45845,-3.11071,-13.01141,24.38572,-25.39421,449d27c9-8cb6-4cf9-979a-54a4bc8e6716,13dae4c0-88a8-4757-96c0-ba34e3400e5f,87.10705,Pitching,25410021,,,,,,,,,,,,,,,,,,,,22.29534339,1872.967159,0.9252405549,,edaa4aa2-f7d4-4361-9f82-01dd6cfee19c,22a94348-6609-46ba-97f3-abddc08ed57d
253,2026-09-08,18:38:28.43,"Tyler, Sheppard",1000498808,Right,,,,,,Sinker,Live,,82.82588,0.865975677,-4.18239249,1857.046225,251.9803273,2:30,4.36604,3.17364,5.12038,-36.93324,4.90604,15.27961,2.10609,0.50091,75.89423,-5.953177954,-1.357859067,0.4655469682,-9.12996,2.3397,-2.79202,50,4.41932,8.26149,-120.1387,0.5546,-13.39298,22.46916,-28.74188,92fa53ef-580b-4ebb-a036-aad245c61f82,13dae4c0-88a8-4757-96c0-ba34e3400e5f,80.96377,Pitching,25410021,,,,,,,,,,,,,,,,,,,,,,,,cca2d831-5394-4901-acf8-b818d5c1b098,22a94348-6609-46ba-97f3-abddc08ed57d
254,2026-09-08,18:38:43.20,"Tyler, Sheppard",1000498808,Right,,,,,,Sinker,Live,,82.30281,0.4343803039,-3.987172348,1885.886682,261.5408963,2:45,4.10605,3.23546,5.33155,-39.91338,2.12175,14.58895,1.18844,0.7047,75.54746,-6.956545051,-1.278319711,0.4666353064,-8.78506,1.00337,-2.88567,50,4.11697,7.84476,-119.44965,-0.40841,-12.72822,22.40568,-30.72032,580f1e82-3bae-4e96-a8e9-15067970b2ba,13dae4c0-88a8-4757-96c0-ba34e3400e5f,80.77494,Pitching,25410021,,,,,,,,,,,,,,,,,,,,26.10609824,1693.48993,0.897980746,,902cb657-46f4-4e8e-a306-8178ae71d3a0,22a94348-6609-46ba-97f3-abddc08ed57d
255,2026-09-08,18:38:59.78,"Tyler, Sheppard",1000498808,Right,,,,,,Sweeper,Live,,72.85111,1.090594026,-1.346566759,,,,4.2007,3.2076,4.77264,-49.89605,4.58313,-8.53664,1.07686,1.2196,67.33651,-8.029063897,-2.915493484,0.5312349895,4.06444,2.08533,-3.06569,50,4.26702,2.76018,-105.87341,0.42927,4.63737,17.19371,-29.79477,75ff6bb5-9a3d-45c4-8c18-140745496b98,13dae4c0-88a8-4757-96c0-ba34e3400e5f,70.95248,Pitching,25410021,,,,,,,,,,,,,,,,,,,,,,,,1257046f-d710-4268-8e29-01f1e391e8b2,22a94348-6609-46ba-97f3-abddc08ed57d
256,2026-09-08,18:39:12.93,"Tyler, Sheppard",1000498808,Right,,,,,,Sweeper,Live,,72.08892,1.853413007,-2.379977616,2568.518876,115.4328502,9:45,4.46231,3.17849,4.07531,-50.94177,6.93749,-14.65381,1.99869,-0.32887,65.799,-7.393222072,-5.048966704,0.5475615104,6.717,2.96303,-2.89628,50,4.61737,4.83897,-104.43848,1.65034,7.36759,18.72369,-28.92403,7e208ffb-82b7-4f18-8561-98eb9757ce3c,13dae4c0-88a8-4757-96c0-ba34e3400e5f,68.8369,Pitching,25410021,,,,,,,,,,,,,,,,,,,,71.57349436,811.8779004,0.3160879634,,45295256-fabf-4bac-8963-8479eb1cd0ae,22a94348-6609-46ba-97f3-abddc08ed57d
257,2026-09-08,18:39:32.79,"Tyler, Sheppard",1000498808,Right,,,,,,Sinker,Live,,82.03906,2.150444206,-3.743471225,1988.459775,243.1083996,2:00,4.20245,3.27193,4.99943,-36.30791,6.49798,12.96449,3.21193,0.81373,75.06549,-4.543802986,-1.352369583,0.4708940282,-7.75526,2.82142,-2.92244,50,4.38048,7.3362,-118.97933,3.22117,-11.17049,21.79514,-28.11015,d6ea9b33-f912-4d56-8cda-f77993d0d4c4,13dae4c0-88a8-4757-96c0-ba34e3400e5f,80.04442,Pitching,25410021,,,,,,,,,,,,,,,,,,,236.7359191,51.62273395,1234.508955,0.6208367758,2:00,72f553bf-3ddd-4cb3-9b34-7b1a3056a29e,22a94348-6609-46ba-97f3-abddc08ed57d
258,2026-09-08,18:39:46.11,"Tyler, Sheppard",1000498808,Right,,,,,,Sinker,Live,,80.54972,-0.1287416794,-5.224264467,1926.402748,256.8950005,2:30,4.22383,3.18831,4.94437,-40.98438,3.89322,16.93973,0.68632,-0.35008,73.60575,-7.669936099,-2.099916,0.4821544889,-10.31794,2.06756,-2.69411,50,4.17826,10.08462,-116.59285,-1.65652,-14.17959,22.25656,-29.33267,7b6bdece-7547-4085-a558-728d427925de,13dae4c0-88a8-4757-96c0-ba34e3400e5f,78.17502,Pitching,25410021,,,,,,,,,,,,,,,,,,,,,,,,719003fc-1440-4e90-9be1-ced8c893fffa,22a94348-6609-46ba-97f3-abddc08ed57d
259,2026-09-08,18:40:06.44,"Tyler, Sheppard",1000498808,Right,,,,,,Sweeper,Live,,73.46892,-0.2033470705,-3.916013999,2653.47163,119.0390335,10:00,4.40732,3.0222,4.32829,-49.30771,5.97158,-10.86882,0.10357,-1.63165,67.4385,-9.134822587,-5.897892096,0.5351217847,4.39182,3.11325,-2.58928,50,4.3376,7.64744,-106.38455,-2.03429,5.0002,19.36697,-28.62953,31dc3795-7d6d-473e-8fcf-f0200b142443,13dae4c0-88a8-4757-96c0-ba34e3400e5f,70.43712,Pitching,25410021,,,,,,,,,,,,,,,,,,,,,,,,7bda5331-75cc-4592-b1ba-d24392cb0d14,22a94348-6609-46ba-97f3-abddc08ed57d
260,2026-09-08,18:40:24.14,"Tyler, Sheppard",1000498808,Right,,,,,,Sweeper,Live,,74.11444,1.119779435,-3.636472035,,,,4.32763,3.22063,4.64508,-55.58599,-2.34453,-10.86546,0.76166,-1.14449,68.56618,-8.984464898,-5.621905485,0.5251657382,4.61132,-1.51504,-2.83897,50,4.39291,7.18608,-107.46935,0.28366,5.40314,18.29796,-33.94924,5d284335-b3fe-487a-b812-da752d379b75,13dae4c0-88a8-4757-96c0-ba34e3400e5f,71.77246,Pitching,25410021,,,,,,,,,,,,,,,,,,,,,,,,d358e492-66db-4d1d-a2f2-0e60df0c0c5d,22a94348-6609-46ba-97f3-abddc08ed57d
261,2026-09-08,18:40:40.42,"Tyler, Sheppard",1000498808,Right,,,,,,Fastball,Live,,80.55633,0.9990439192,-4.316305414,1976.568269,216.508073,1:15,4.44361,3.08041,5.15496,-28.76437,15.80107,11.76615,2.98965,-0.00931,72.99536,-4.345606041,-2.13140769,0.4804746491,-7.46314,8.01833,-2.6859,50,4.5155,8.42418,-116.74165,1.09528,-10.24108,23.13968,-21.17112,2c1a744b-b684-492f-bc00-60a74bea5b28,13dae4c0-88a8-4757-96c0-ba34e3400e5f,78.44834,Pitching,25410021,,,,,,,,,,,,,,,,,,,,48.52804414,1308.989023,0.6622533831,,c9fc336d-0eb2-40e7-94bd-fdad89cf41c2,22a94348-6609-46ba-97f3-abddc08ed57d
262,2026-09-08,18:40:58.89,"Tyler, Sheppard",1000498808,Right,,,,,,Fastball,Live,,82.74662,-0.9288819041,-5.802046286,2115.545564,232.752104,1:45,4.52416,2.93702,5.06858,-36.26856,6.05883,8.0376,0.62152,-1.88162,75.86367,-7.592573429,-4.323302056,0.4682546955,-5.81558,3.43045,-2.39149,50,4.40753,11.88571,-119.68717,-3.19591,-8.44164,22.95062,-27.19456,6b18df93-9d78-4270-8a5f-104c1ea0e411,13dae4c0-88a8-4757-96c0-ba34e3400e5f,80.49559,Pitching,25410021,,,,,,,,,,,,,,,,,,,,59.27390456,1080.905185,0.5109344858,,940eeaa9-fcf9-412a-8dfe-d67ff3810aa8,22a94348-6609-46ba-97f3-abddc08ed57d
263,2026-09-08,18:41:20.80,"Tyler, Sheppard",1000498808,Right,,,,,,Fastball,Live,,82.25512,1.233192286,-2.660131215,1965.279862,225.6068171,1:30,4.361,3.27308,5.01203,-31.23702,11.54586,11.85162,2.92311,1.74855,74.71178,-4.556516359,-0.4610776004,0.47076746,-6.97476,5.68329,-3.02749,50,4.45466,5.13925,-119.38899,1.49817,-10.02362,23.90883,-24.00644,7eed3f6e-84b4-4b9e-911f-0e879b7a5e24,13dae4c0-88a8-4757-96c0-ba34e3400e5f,80.06594,Pitching,25410021,,,,,,,,,,,,,,,,,,,,,,,,cae5a0de-58e1-41ec-8b15-1b821a4a615d,22a94348-6609-46ba-97f3-abddc08ed57d
264,2026-09-08,18:41:36.88,"Tyler, Sheppard",1000498808,Right,,,,,,Sweeper,Live,,73.06607,1.29143252,-1.964456982,2508.79625,121.7580471,10:00,4.25383,3.24302,4.52024,-49.08511,6.15962,-10.01598,1.39414,0.53691,66.82361,-7.685166296,-3.804487031,0.5349544577,4.57728,2.79038,-3.02878,50,4.34367,3.96335,-106.0075,0.78706,5.1818,18.99185,-29.01514,8a364f3e-6f6b-402a-b514-89ade9bb6dec,13dae4c0-88a8-4757-96c0-ba34e3400e5f,70.45915,Pitching,25410021,,,,,,,,,,,,,,,,,,,,,,,,b0408eaf-ffd3-48b5-ac14-1b53ecba0237,22a94348-6609-46ba-97f3-abddc08ed57d
265,2026-09-08,18:41:52.08,"Tyler, Sheppard",1000498808,Right,,,,,,ChangeUp,Live,,79.35016,-1.399321329,-5.473585954,1174.446703,267.5013417,3:00,4.56689,3.04398,5.50728,,,,,,,,,,-7.569,0.63918,-2.57331,50,4.41461,10.65882,-114.91495,-4.19702,-10.14635,20.79884,-31.31722,271e6c0d-8961-4129-b030-304e6e6c4629,13dae4c0-88a8-4757-96c0-ba34e3400e5f,,Pitching,25410021,,,,,,,,,,,,,,,,,,,,,,,,2bd17589-b1c1-4ef6-91a4-fbceb502601f,22a94348-6609-46ba-97f3-abddc08ed57d
266,2026-09-08,18:42:14.52,"Tyler, Sheppard",1000498808,Right,,,,,,Sweeper,Live,,73.751,0.8448874773,-2.681094702,2565.392617,110.8877481,9:45,4.38939,3.24875,4.05337,-50.67524,5.06394,-13.38049,0.97886,-0.44318,66.96382,-8.365636197,-5.126340778,0.5373431118,5.92835,2.29814,-2.93302,50,4.43188,5.4638,-106.78057,-0.17884,6.74245,20.95129,-29.56032,3735c51b-07c9-4840-a72b-310998cd5ba5,13dae4c0-88a8-4757-96c0-ba34e3400e5f,70.14594,Pitching,25410021,,,,,,,,,,,,,,,,,,,,,,,,8e1733cd-b60a-41fa-9756-ac94661befd2,22a94348-6609-46ba-97f3-abddc08ed57d
267,2026-09-08,18:42:27.71,"Tyler, Sheppard",1000498808,Right,,,,,,Sinker,Live,,82.28087,1.176861811,-4.141605283,1944.523882,247.9529081,2:15,4.40437,3.06914,5.18879,-36.00432,6.56445,16.39632,2.51404,0.53304,74.81097,-5.506899423,-1.095235923,0.4695879886,-9.82901,3.11562,-2.69681,50,4.48701,8.0884,-119.28636,1.2509,-14.11061,23.72646,-27.70124,d24ab201-1e49-42a3-bc97-f3c184812991,13dae4c0-88a8-4757-96c0-ba34e3400e5f,80.26704,Pitching,25410021,,,,,,,,,,,,,,,,,,,,47.602701,1311.129403,0.674267575,,729f618e-cb3e-46f6-a10d-2bf4d5ce13dc,22a94348-6609-46ba-97f3-abddc08ed57d