PitchNo,Date,Time,Pitcher,PitcherId,PitcherThrows,PitcherTeam,PitcherSet,PitchCall,Balls,Strikes,TaggedPitchType,PitchSession,Flag,RelSpeed,VertRelAngle,HorzRelAngle,SpinRate,SpinAxis,Tilt,RelHeight,RelSide,Extension,VertBreak,InducedVertBreak,HorzBreak,PlateLocHeight,PlateLocSide,ZoneSpeed,VertApprAngle,HorzApprAngle,ZoneTime,pfxx,pfxz,x0,y0,z0,vx0,vy0,vz0,ax0,ay0,az0,PlayID,CalibrationId,EffVelocity,PracticeType,Device,Direction,BatterId,Batter,HitSpinRate,HitType,ExitSpeed,BatterSide,Angle,PositionAt110X,PositionAt110Y,PositionAt110Z,Distance,LastTrackedDistance,HangTime,Bearing,ContactPositionX,ContactPositionY,ContactPositionZ,SpinAxis3dTransverseAngle,SpinAxis3dLongitudinalAngle,SpinAxis3dActiveSpinRate,SpinAxis3dSpinEfficiency,SpinAxis3dTilt,PitchUID,SessionId
1,2026-09-28,18:59:44.60,"Strouse, Ryan",1000616393,Right,,,,,,,Warmup,,82.93239,-1.297439032,-2.436065129,1880.730591,212.2640865,1:00,6.50123,1.37242,5.40424,-23.91587,17.70432,11.19904,3.29142,0.02206,75.18647,-5.762251909,-0.3382730626,0.4643264493,-6.69103,9.80044,-1.16336,50,6.36935,4.7586,-120.42449,-3.50856,-9.7365,25.36726,-17.91286,f0e3fee1-0dad-4cc9-8666-431d090ab0ad,cdd49331-8e20-442d-a84f-fa25c260ce98,81.17659,Pitching,25410021,,,,,,,,,,,,,,,,,,,207.8065322,0.191949421,1880.720037,0.9999943883,1:00,76822ef4-952f-4e02-a120-3c43a0f3f570,8e108f11-a654-479e-a3b6-7d1ceca6b65f
2,2026-09-28,18:59:54.66,"Strouse, Ryan",1000616393,Right,,,,,,,Warmup,,83.77156,-0.1785985166,-2.309533503,2056.318201,211.8652773,1:00,6.45854,1.51587,5.61465,-23.30885,17.15198,10.69053,4.34933,0.25036,75.79477,-4.556520234,-0.2984851765,0.4578137508,-6.43189,9.23698,-1.32567,50,6.42851,4.56947,-121.72132,-1.12027,-9.55388,26.10607,-18.45352,0da280a0-7188-4102-a575-19e6663a664f,cdd49331-8e20-442d-a84f-fa25c260ce98,82.33138,Pitching,25410021,,,,,,,,,,,,,,,,,,,206.7042722,16.51946011,1971.439998,0.9587232157,1:00,fc40055e-c97d-4e4d-ac24-b0135f5ca065,8e108f11-a654-479e-a3b6-7d1ceca6b65f
3,2026-09-28,19:00:06.04,"Strouse, Ryan",1000616393,Right,,,,,,,Warmup,,76.03137,-0.900580328,-3.274167938,1165.25137,42.79587936,7:30,6.53187,1.46409,5.60352,-55.52104,-6.52696,-6.0094,1.0631,-2.09605,70.38885,-11.14683598,-4.396998574,0.5037826312,2.25731,-3.22548,-1.18021,50,6.41926,6.4906,-110.41172,-3.34833,2.7738,20.49611,-36.13754,5e22f29d-1458-417a-8e93-d62bc1905a6e,cdd49331-8e20-442d-a84f-fa25c260ce98,74.81885,Pitching,25410021,,,,,,,,,,,,,,,,,,,,33.13662675,975.7458936,0.8373694458,,1635fd3e-d01f-4e14-a14e-186723905bb7,8e108f11-a654-479e-a3b6-7d1ceca6b65f
4,2026-09-28,19:00:17.40,"Strouse, Ryan",1000616393,Right,,,,,,,Warmup,,74.31474,1.246566247,-1.359388909,1257.879217,17.17602783,6:30,6.48856,1.50192,4.78011,-62.07293,-8.73389,-2.68639,2.49776,-0.01054,67.69603,-10.18429661,-1.858655034,0.5256467711,0.95945,-4.94904,-1.36396,50,6.5609,2.6438,-107.80729,0.37082,1.11179,21.43403,-37.90886,44a16c7a-f586-4c9f-a3a8-962a516e4fc5,cdd49331-8e20-442d-a84f-fa25c260ce98,71.70678,Pitching,25410021,,,,,,,,,,,,,,,,,,,17.15148587,42.83875458,922.3652521,0.733270126,6:30,5c5f0bb4-764a-48dd-8af8-0518bb7bef7f,8e108f11-a654-479e-a3b6-7d1ceca6b65f
5,2026-09-28,19:00:28.49,"Strouse, Ryan",1000616393,Right,,,,,,,Warmup,,76.66757,-1.932582999,-2.85114365,1517.046163,231.9056404,1:45,6.4993,1.84396,5.11977,-37.91289,10.72924,13.71784,1.5168,0.29963,70.91488,-8.882460432,-0.3139410795,0.5019699145,-7.9323,6.12681,-1.58658,50,6.28854,5.10814,-111.3335,-4.968,-10.01445,18.89176,-24.43901,2f86f57b-6fa6-4bb2-b06f-b75074ac4ea1,cdd49331-8e20-442d-a84f-fa25c260ce98,75.08904,Pitching,25410021,,,,,,,,,,,,,,,,,,,,23.03948956,1396.039483,0.920235334,,9d9abb1c-7e90-4ede-b02f-1c816a1bad5e,8e108f11-a654-479e-a3b6-7d1ceca6b65f
6,2026-09-28,19:00:38.95,"Strouse, Ryan",1000616393,Right,,,,,,,Warmup,,74.7329,-2.672242098,-4.130103839,1415.913546,235.028856,1:45,6.64961,1.89949,5.13651,-41.60068,9.38357,13.43204,0.65852,-0.87653,69.82459,-10.23995278,-1.659157862,0.5139128283,-8.01365,5.54844,-1.52259,50,6.3668,7.40914,-108.39238,-6.36606,-9.66634,16.47898,-25.48133,89a7d9c5-0db8-414e-b53e-7de433775c1a,cdd49331-8e20-442d-a84f-fa25c260ce98,73.34403,Pitching,25410021,,,,,,,,,,,,,,,,,,,,19.01485507,1338.652997,0.9454341338,,29b5e5d1-79bf-4824-b064-a64623c5372f,8e108f11-a654-479e-a3b6-7d1ceca6b65f
7,2026-09-28,19:01:23.92,"Strouse, Ryan",1000616393,Right,,,,,,,Warmup,,81.90997,-3.93194696,-4.790085688,1868.760196,216.6809213,1:15,6.51088,1.39692,5.75531,-26.10591,16.53144,12.30153,0.65722,-2.04663,74.24324,-8.807761503,-2.474682059,0.4699660956,-8.14139,10.15054,-1.00682,50,6.16804,9.5532,-118.42079,-8.95369,-11.40947,25.37961,-17.94892,8c0516ab-2f25-40c6-8432-0d1773448d56,cdd49331-8e20-442d-a84f-fa25c260ce98,80.20246,Pitching,25410021,,,,,,,,,,,,,,,,,,,,13.18773434,1819.476813,0.973627765,,fbf8af43-bb42-433d-a30a-a138c58bc27d,8e108f11-a654-479e-a3b6-7d1ceca6b65f
8,2026-09-28,19:01:33.07,"Strouse, Ryan",1000616393,Right,,,,,,,Warmup,,81.96119,-1.290903181,-4.11468825,1958.25655,214.7215256,1:15,6.48617,1.74729,5.3121,-25.08632,17.5549,12.20469,3.18085,-1.10379,74.72168,-5.94848207,-1.844970676,0.469987427,-7.62261,9.64714,-1.38286,50,6.35112,8.15043,-118.85929,-3.50781,-10.88091,23.24373,-18.40323,4fc1cefa-289e-423c-8ca6-26cea6d3a3be,cdd49331-8e20-442d-a84f-fa25c260ce98,80.19882,Pitching,25410021,,,,,,,,,,,,,,,,,,,208.0771757,18.6112381,1855.85115,0.9477058305,1:00,200db874-1fee-435c-a1d6-8322c089603c,8e108f11-a654-479e-a3b6-7d1ceca6b65f
9,2026-09-28,19:02:08.44,"Strouse, Ryan",1000616393,Right,,,,,,Fastball,Live,,83.31885,-3.377772213,-2.79628399,1923.506963,222.5285899,1:30,6.60794,1.0349,5.53729,-25.31375,15.62365,14.31645,1.3344,-0.38735,76.23735,-8.073437774,-0.1168483378,0.4605019971,-8.43065,9.29537,-0.80198,50,6.29813,5.44288,-120.85443,-7.95494,-12.43303,24.18464,-18.46579,6d396a05-a2f8-4eec-ad59-c61ab6ac74f7,cdd49331-8e20-442d-a84f-fa25c260ce98,81.85076,Pitching,25410021,,,,,,,,,,,,,,,,,,,,0.9461706049,1923.244693,0.9998636504,,2be3acd6-861c-4818-9553-ccf0d63aea2c,8e108f11-a654-479e-a3b6-7d1ceca6b65f
10,2026-09-28,19:02:20.61,"Strouse, Ryan",1000616393,Right,,,,,,Fastball,Live,,83.90593,-1.941649378,-3.605144549,2029.323945,211.9401775,1:00,6.68723,1.10611,5.48449,-21.9539,18.68416,11.67007,3.03712,-1.29829,76.0504,-6.042530218,-1.41919856,0.4588152871,-7.3129,10.54441,-0.79797,50,6.50228,7.28781,-121.68718,-4.84662,-10.86823,25.85163,-16.50325,8873a600-69ae-4e65-9c11-477a45ddb727,cdd49331-8e20-442d-a84f-fa25c260ce98,82.15166,Pitching,25410021,,,,,,,,,,,,,,,,,,,,2.655162938,2027.145329,0.9989264325,,bb94b770-e235-430a-8fda-a06c6db29b0b,8e108f11-a654-479e-a3b6-7d1ceca6b65f
11,2026-09-28,19:02:31.11,"Strouse, Ryan",1000616393,Right,,,,,,Fastball,Live,,83.60831,-3.314821027,-2.92318001,1968.661644,214.1890631,1:15,6.66783,1.18317,5.59067,-25.65585,14.98431,10.17796,1.42763,-0.70012,76.38758,-8.082113738,-1.015615592,0.4588271776,-6.2897,8.97293,-0.9391,50,6.36669,5.86732,-121.26322,-7.85133,-9.32154,24.75035,-18.87586,f7e3a3a2-6998-4188-b48a-13155ef86fe7,cdd49331-8e20-442d-a84f-fa25c260ce98,82.14953,Pitching,25410021,,,,,,,,,,,,,,,,,,,,0.0460347939,1968.661009,0.9999996772,,afb88490-0446-4b84-901c-9ab184dbe843,8e108f11-a654-479e-a3b6-7d1ceca6b65f
12,2026-09-28,19:02:42.57,"Strouse, Ryan",1000616393,Right,,,,,,,Live,,45.30156,7.408963343,10.94958318,,,,6.39283,-0.13308,,,,,4.05654,5.79557,37.91121,,,0.8477894014,34.52831,14.47489,-0.17905,50,6.60083,-12.18578,-64.36251,7.89266,13.02665,12.87713,-26.71304,2f5d34ce-c47d-4f3f-96ed-92ae88c90c24,cdd49331-8e20-442d-a84f-fa25c260ce98,,Pitching,25410021,,,,,,,,,,,,,,,,,,,,,,,,f5b49ed9-1427-4f71-96db-4823632e8413,8e108f11-a654-479e-a3b6-7d1ceca6b65f
13,2026-09-28,19:03:02.00,"Strouse, Ryan",1000616393,Right,,,,,,Fastball,Live,,82.67351,-4.424682891,-3.361480979,1952.275081,211.1561626,1:00,6.6218,1.00385,5.63811,-21.97041,19.97018,12.04638,0.64836,-1.13139,74.90875,-8.519613544,-1.093391249,0.4661102617,-7.52045,12.10835,-0.72591,50,6.23125,6.65335,-119.63908,-9.95529,-10.75978,25.85448,-14.8502,122b693c-a8c5-4124-8887-56cd22b6c541,cdd49331-8e20-442d-a84f-fa25c260ce98,80.86593,Pitching,25410021,,,,,,,,,,,,,,,,,,,,-0.7252528886,1952.11868,0.9999198879,,99818cfc-deaf-4416-b45b-d00e5dc6eefc,8e108f11-a654-479e-a3b6-7d1ceca6b65f
14,2026-09-28,19:03:14.72,"Strouse, Ryan",1000616393,Right,,,,,,Fastball,Live,,84.04818,-3.720720082,-3.497635397,1921.259848,212.8757608,1:00,6.77592,0.97253,5.6527,-22.42231,17.69198,11.42436,1.42639,-1.3411,76.86376,-7.888013714,-1.357950463,0.4558489268,-7.1097,10.52899,-0.68354,50,6.44608,7.08225,-121.81262,-8.6489,-10.65753,24.45153,-16.39097,3cd65095-33c3-4158-b794-f6c2ecc2b52d,cdd49331-8e20-442d-a84f-fa25c260ce98,82.68625,Pitching,25410021,,,,,,,,,,,,,,,,,,,,12.22373754,1877.701542,0.9773282589,,0c67ec95-e949-4460-b9e0-aa8baefe8f40,8e108f11-a654-479e-a3b6-7d1ceca6b65f
15,2026-09-28,19:03:28.31,"Strouse, Ryan",1000616393,Right,,,,,,Fastball,Live,,82.66803,-3.147182055,-3.037440004,1864.110599,206.4974608,1:00,6.66951,1.05639,5.69077,-21.92735,19.8259,9.88571,1.90244,-0.9529,74.73654,-7.255737721,-1.172965103,0.465068081,-6.28108,11.65883,-0.80735,50,6.3913,6.05519,-119.84718,-7.27385,-9.00744,26.19063,-15.4546,8a46fa61-2da2-4e26-9d02-b8a2375082b1,cdd49331-8e20-442d-a84f-fa25c260ce98,81.04714,Pitching,25410021,,,,,,,,,,,,,,,,,,,,0.4220527736,1864.060025,0.9999728696,,5c3fde56-e9ce-4655-8854-4b78ba43abfb,8e108f11-a654-479e-a3b6-7d1ceca6b65f
16,2026-09-28,19:03:43.59,"Strouse, Ryan",1000616393,Right,,,,,,Fastball,Live,,82.73348,-3.803100629,-3.284641656,1823.24009,209.1038784,1:00,6.66099,1.0833,5.69107,-22.95078,18.43061,10.25171,1.19346,-1.12654,75.60533,-8.071631119,-1.361542563,0.4629924534,-6.44483,10.9808,-0.81374,50,6.32666,6.56385,-119.91723,-8.69708,-9.34885,24.01337,-16.24534,adefc3b7-e307-47a9-bcbf-1c6a5eb3a97d,cdd49331-8e20-442d-a84f-fa25c260ce98,81.41048,Pitching,25410021,,,,,,,,,,,,,,,,,,,,0.4570422199,1823.182084,0.9999681848,,63705d95-0b22-4e22-965c-cd3a94a4d011,8e108f11-a654-479e-a3b6-7d1ceca6b65f
17,2026-09-28,19:03:57.85,"Strouse, Ryan",1000616393,Right,,,,,,Fastball,Live,,82.6892,-0.9359419314,-1.96029675,1971.50804,209.2689076,1:00,6.70429,1.15704,5.66751,-24.1896,17.22848,9.67658,3.81536,0.13521,74.96315,-5.476441827,-0.1382726251,0.4631977162,-5.78875,9.52574,-0.99771,50,6.61026,3.81231,-120.17495,-2.71665,-8.38487,25.35967,-18.37623,1bdcee89-2023-45f2-86f0-b76a15613ef1,cdd49331-8e20-442d-a84f-fa25c260ce98,81.37441,Pitching,25410021,,,,,,,,,,,,,,,,,,,211.7270746,12.30846631,1926.191125,0.9770140854,1:00,e64b5f19-9325-49da-ae66-c4ae124d72f6,8e108f11-a654-479e-a3b6-7d1ceca6b65f
18,2026-09-28,19:04:25.48,"Strouse, Ryan",1000616393,Right,,,,,,Fastball,Live,,81.68176,-4.252453979,-3.535449748,1913.770311,216.9036333,1:15,6.56125,1.17163,5.79495,-25.67222,16.46894,12.34025,0.45214,-1.09229,75.16645,-9.011297312,-1.222853191,0.4672234521,-7.59611,10.0131,-0.8884,50,6.19547,6.93985,-118.36259,-9.59377,-10.79471,22.22508,-17.94458,352844bb-5ad6-4912-8e8d-862b7515ec16,cdd49331-8e20-442d-a84f-fa25c260ce98,80.67326,Pitching,25410021,,,,,,,,,,,,,,,,,,,,9.786033155,1885.92373,0.9854493607,,89e72c18-1bad-4e88-91fd-d6057d8439fb,8e108f11-a654-479e-a3b6-7d1ceca6b65f
19,2026-09-28,19:04:44.56,"Strouse, Ryan",1000616393,Right,,,,,,Fastball,Live,,82.06971,-2.686040228,-2.930934565,1902.904325,207.0721962,1:00,6.60087,1.14765,5.71913,-24.80726,17.17306,8.78635,2.02682,-0.85229,74.79873,-7.319354739,-1.279332238,0.4663309581,-5.58569,10.01648,-0.90831,50,6.36116,5.82927,-119.11115,-6.3552,-7.97409,24.22231,-17.87461,e77c723e-c41c-48ce-803e-091ea26ed9de,cdd49331-8e20-442d-a84f-fa25c260ce98,80.82766,Pitching,25410021,,,,,,,,,,,,,,,,,,,,0.1901504065,1902.893845,0.999994493,,18667fcd-4c91-48d6-87bc-ad4e4905c7ac,8e108f11-a654-479e-a3b6-7d1ceca6b65f
20,2026-09-28,19:05:15.59,"Strouse, Ryan",1000616393,Right,,,,,,Fastball,Live,,81.72926,-1.804190386,-3.698105515,1817.657703,211.6726148,1:00,6.64886,1.37329,5.76312,-22.95099,19.72019,12.19244,3.05326,-1.05688,73.57069,-6.129511868,-1.394068376,0.4701524715,-7.7822,11.22144,-1.07449,50,6.48569,7.29465,-118.51926,-4.4295,-10.8848,26.17368,-16.47886,fd836d4e-f881-4b11-b5af-f7530ba27975,cdd49331-8e20-442d-a84f-fa25c260ce98,80.17067,Pitching,25410021,,,,,,,,,,,,,,,,,,,,-0.9543221096,1817.405578,0.999861291,,3dc81a1e-eade-4233-a74d-4fe734a058f5,8e108f11-a654-479e-a3b6-7d1ceca6b65f
21,2026-09-28,19:05:40.78,"Strouse, Ryan",1000616393,Right,,,,,,Slider,Live,,69.64945,3.316719228,0.4348524966,1516.043552,35.03314517,7:15,6.69527,1.09116,5.35599,-68.08808,-8.5897,-5.97549,4.13491,1.00097,63.28597,-9.383735063,-0.6875505466,0.5551674299,3.31344,-5.62924,-1.12604,50,6.94606,-0.60307,-101.02849,3.98957,3.37356,18.74694,-37.90543,ab561585-5e5e-4277-bc81-68467bb50312,cdd49331-8e20-442d-a84f-fa25c260ce98,67.89382,Pitching,25410021,,,,,,,,,,,,,,,,,,,,52.65906908,919.5660939,0.6065565154,,8666e49c-4c05-4de0-991f-c8aac8798f1e,8e108f11-a654-479e-a3b6-7d1ceca6b65f
22,2026-09-28,19:05:57.25,"Strouse, Ryan",1000616393,Right,,,,,,Fastball,Live,,82.0231,-3.356211993,-3.445384383,1854.723965,211.1632487,1:00,6.60457,1.12339,5.81049,-25.0273,16.93924,10.24421,1.38925,-1.23018,74.82648,-8.02886325,-1.517794326,0.4662544829,-6.53756,10.11879,-0.84719,50,6.31435,6.85192,-118.92996,-7.74053,-9.30591,24.11879,-17.77043,79d29d1e-b609-46ba-9fdb-ab9ba72e04ff,cdd49331-8e20-442d-a84f-fa25c260ce98,80.84091,Pitching,25410021,,,,,,,,,,,,,,,,,,,,15.33407288,1788.696398,0.9644003269,,a352b3b0-c1e0-424b-8d47-9c02057e2aa7,8e108f11-a654-479e-a3b6-7d1ceca6b65f
23,2026-09-28,19:06:25.31,"Strouse, Ryan",1000616393,Right,,,,,,Slider,Live,,71.64818,1.284199211,-1.130723042,1590.425654,39.80234387,7:15,6.70202,1.17157,5.40835,-62.73491,-7.0747,-5.85805,2.67756,-0.37598,65.81054,-10.35217309,-2.227767575,0.5369623237,2.7691,-4.14851,-1.06709,50,6.77319,2.21981,-104.11615,0.5693,3.01283,18.91747,-36.6877,a5e58c76-78bc-41f5-baaa-24d35d29f125,cdd49331-8e20-442d-a84f-fa25c260ce98,70.19569,Pitching,25410021,,,,,,,,,,,,,,,,,,,,50.69670136,1007.416043,0.6334254232,,687929e4-c1eb-4870-94b7-214f96bcd4e1,8e108f11-a654-479e-a3b6-7d1ceca6b65f
24,2026-09-28,19:06:47.31,"Strouse, Ryan",1000616393,Right,,,,,,Fastball,Live,,82.60546,-0.3433935464,-1.529899129,1842.03719,211.8867704,1:00,6.62308,1.05728,6.02635,-23.0163,18.04003,11.24714,4.38696,0.57752,74.56172,-4.705744774,0.6066725294,0.4611704342,-6.60356,9.91959,-0.94389,50,6.58387,2.88176,-120.13414,-1.38903,-9.5162,26.29578,-17.87921,95a2b320-1d21-4d45-aaaf-e7fdd6224cb2,cdd49331-8e20-442d-a84f-fa25c260ce98,81.73212,Pitching,25410021,,,,,,,,,,,,,,,,,,,,20.32295447,1727.370129,0.9377498662,,3ae0f849-f599-4154-9792-bb9b9d5e4bb6,8e108f11-a654-479e-a3b6-7d1ceca6b65f
25,2026-09-28,19:07:10.56,"Strouse, Ryan",1000616393,Right,,,,,,Fastball,Live,,70.81546,1.349292673,-1.333432331,1597.545299,357.908831,6:00,6.75421,1.15629,5.5097,-61.75156,-4.95717,0.17927,2.87044,-0.07577,64.9378,-10.13910683,-1.299777408,0.5424055439,-0.50261,-3.0555,-1.04028,50,6.831,2.39051,-102.90899,0.736,-0.53393,18.57489,-35.41992,92296a0e-aa9a-466b-85e1-d63c5790a8ce,cdd49331-8e20-442d-a84f-fa25c260ce98,69.49125,Pitching,25410021,,,,,,,,,,,,,,,,,,,,53.37085295,953.1485652,0.5966332007,,7d8d5324-faa8-4287-837f-cbd9b6faff06,8e108f11-a654-479e-a3b6-7d1ceca6b65f
26,2026-09-28,19:07:42.44,"Strouse, Ryan",1000616393,Right,,,,,,Fastball,Live,,82.95492,-2.108824169,-2.703507158,1983.193704,198.855328,12:45,6.61782,1.21398,6.2104,-20.0937,20.26888,6.93235,2.99431,-0.70493,75.29011,-5.910919011,-1.386792503,0.4572575354,-4.61535,11.72679,-1.01496,50,6.44968,5.4964,-120.54685,-5.01145,-6.72833,25.46325,-15.07854,27d2f40a-50b6-4b5c-a8a1-759581717ce8,cdd49331-8e20-442d-a84f-fa25c260ce98,82.43153,Pitching,25410021,,,,,,,,,,,,,,,,,,,,15.8164537,1908.10952,0.9621397628,,dd2877b9-2b94-4fcf-a4ca-2bbd8df146b0,8e108f11-a654-479e-a3b6-7d1ceca6b65f
27,2026-09-28,19:08:06.13,"Strouse, Ryan",1000616393,Right,,,,,,Slider,Live,,71.21815,1.073107545,-1.158567539,1403.536172,5.596990261,6:15,6.7836,1.23816,5.18435,-63.79909,-6.58092,-0.64028,2.4768,0.0948,64.9647,-10.75330227,-1.278517862,0.5444253863,-0.03964,-3.82556,-1.13021,50,6.83624,2.10945,-103.39616,0.10231,-0.04221,19.88983,-36.24717,5ba8fd35-e751-4edd-aef2-60f5a828148b,cdd49331-8e20-442d-a84f-fa25c260ce98,69.23343,Pitching,25410021,,,,,,,,,,,,,,,,,,,,49.53258702,910.9166771,0.6490154618,,16b0e95e-14a2-4ff9-8565-4150433284c7,8e108f11-a654-479e-a3b6-7d1ceca6b65f
28,2026-09-28,19:09:01.60,"Powell, Kasen",1000539201,Right,,,,,,,Warmup,,75.51943,0.02086956724,-2.592899537,1862.837252,212.6327247,1:00,6.14108,3.51197,6.6983,-38.48901,8.45854,5.44698,2.95276,1.59366,69.99426,-7.258689349,-1.5581643,0.4931486741,-3.67627,4.68282,-3.34209,50,6.12682,4.8542,-110.0301,-0.86839,-4.54566,17.94702,-26.38379,91fe2e5f-872f-4462-81bb-a10fec3da377,cdd49331-8e20-442d-a84f-fa25c260ce98,76.4322,Pitching,25410021,,,,,,,,,,,,,,,,,,,,39.86767466,1429.777748,0.767526925,,d0072355-2ea8-4720-8ca9-a2c64e017b81,8e108f11-a654-479e-a3b6-7d1ceca6b65f
29,2026-09-28,19:09:12.43,"Powell, Kasen",1000539201,Right,,,,,,,Warmup,,70.98324,1.006984354,-4.00067944,1576.379832,227.4861452,1:30,6.05272,3.33279,6.89219,-42.9644,10.40382,11.43823,3.39194,0.63588,65.09934,-7.190343495,-1.812490991,0.5257905523,-7.52999,5.53592,-3.08474,50,6.10056,6.97972,-103.23212,0.91669,-8.11395,17.41802,-26.20881,56509047-9f66-4407-a269-5a628ae99935,cdd49331-8e20-442d-a84f-fa25c260ce98,71.68717,Pitching,25410021,,,,,,,,,,,,,,,,,,,198.8267247,40.98927356,1189.902554,0.7548323889,12:45,24a49ee6-a999-4d7f-89fb-79435748a5d9,8e108f11-a654-479e-a3b6-7d1ceca6b65f
30,2026-09-28,19:09:23.68,"Powell, Kasen",1000539201,Right,,,,,,,Warmup,,66.41443,-1.16191423,-4.881562776,1912.886699,90.38694067,9:00,5.98366,3.58844,5.82842,,,,,,,,,,0.62776,0.33777,-3.18727,50,5.851,8.31552,-96.24897,-3.51488,0.58333,16.25253,-31.86018,8dfcea75-a2c0-4041-beb1-56cb71513140,cdd49331-8e20-442d-a84f-fa25c260ce98,,Pitching,25410021,,,,,,,,,,,,,,,,,,,,62.28061566,889.7631146,0.465141566,,7c6c7d92-fdca-4260-9975-0dbc28c28774,8e108f11-a654-479e-a3b6-7d1ceca6b65f
31,2026-09-28,19:09:41.50,"Powell, Kasen",1000539201,Right,,,,,,,Warmup,,77.49691,-2.247400077,-4.604666714,1802.641014,194.3007739,12:30,6.31074,2.71556,6.99111,-31.45111,12.8442,3.289,1.6389,-1.20576,72.00894,-8.191941466,-3.9794564,0.4790162719,-2.99943,7.7601,-2.43421,50,6.16162,8.99695,-112.6292,-5.14403,-3.88954,18.63127,-22.11107,7caa4705-af2e-4f6d-8deb-0789e9cb98b6,cdd49331-8e20-442d-a84f-fa25c260ce98,78.68718,Pitching,25410021,,,,,,,,,,,,,,,,,,,,40.76708384,1365.266798,0.7573703179,,bf15341b-224e-4d42-9e06-521d7cb3abb5,8e108f11-a654-479e-a3b6-7d1ceca6b65f
32,2026-09-28,19:09:53.56,"Powell, Kasen",1000539201,Right,,,,,,Fastball,Live,,77.99769,-0.3091542838,-3.37286261,1866.813032,211.2857466,1:00,6.15326,2.93106,7.04353,-30.07964,13.72743,8.37671,3.36535,0.5622,71.5366,-6.066141097,-1.76597873,0.4763690261,-5.65044,7.80673,-2.73026,50,6.12442,6.50638,-113.56521,-1.28411,-7.37874,20.81049,-21.97947,8c7fd499-26cb-4ab8-9d62-e344c82ebaab,cdd49331-8e20-442d-a84f-fa25c260ce98,79.12445,Pitching,25410021,,,,,,,,,,,,,,,,,,,,37.13860469,1488.181008,0.797177319,,599fa953-2cd6-468b-9747-d3b97685fb16,8e108f11-a654-479e-a3b6-7d1ceca6b65f
33,2026-09-28,19:10:48.30,"Powell, Kasen",1000539201,Right,,,,,,Slider,Live,,67.59807,2.460533962,-1.163271833,1863.612204,58.42674023,8:00,5.85517,3.03033,6.56153,-65.17199,-5.19791,-8.38243,2.68149,1.26533,61.96595,-9.911962121,-2.767266269,0.5573823071,4.28264,-3.64511,-2.94681,50,5.99656,2.17635,-98.34404,2.83196,4.14681,17.24055,-35.70355,590b2a99-c01f-4517-ab5e-6578e19da2ba,cdd49331-8e20-442d-a84f-fa25c260ce98,67.62403,Pitching,25410021,,,,,,,,,,,,,,,,,,,,,,,,b4e837d8-575b-452a-9f93-6605c5027245,8e108f11-a654-479e-a3b6-7d1ceca6b65f
34,2026-09-28,19:11:11.17,"Powell, Kasen",1000539201,Right,,,,,,Fastball,Live,,80.46798,-1.38172141,-4.099585504,1874.206479,198.8576162,12:45,5.85335,2.74765,7.26306,-26.54287,13.9742,4.79248,2.38836,-0.56702,74.58726,-6.445708239,-3.182930463,0.4581317837,-3.73056,8.24895,-2.51719,50,5.76711,8.29047,-117.13301,-3.41339,-5.23684,19.96815,-20.59445,963bce12-6658-4f3e-99dc-d61a81c4a08e,cdd49331-8e20-442d-a84f-fa25c260ce98,82.27423,Pitching,25410021,,,,,,,,,,,,,,,,,,,,32.0916201,1587.827041,0.847199633,,580b049b-5de0-444e-9470-e8e133a0ee82,8e108f11-a654-479e-a3b6-7d1ceca6b65f
35,2026-09-28,19:11:22.03,"Powell, Kasen",1000539201,Right,,,,,,,Live,,36.10654,,,,,,,,,,,,,,,,,,,,,,,,,,,,,577df5ae-8535-43ab-81f6-a9254492a03d,cdd49331-8e20-442d-a84f-fa25c260ce98,,Pitching,25410021,,,,,,,,,,,,,,,,,,,,,,,,9f07b6b0-7d7b-4034-96ab-b46b21962baa,8e108f11-a654-479e-a3b6-7d1ceca6b65f
36,2026-09-28,19:11:42.85,"Powell, Kasen",1000539201,Right,,,,,,Fastball,Live,,77.22709,0.4587812115,-4.762184649,1955.89408,185.7617458,12:15,5.98975,3.22646,7.17477,-34.94177,9.41466,0.95703,3.49502,-1.01806,71.35181,-6.207586439,-4.5795587,0.4793466484,-1.77976,5.19348,-2.94985,50,6.00541,9.33554,-112.30693,0.15415,-2.28756,19.12639,-25.49878,d199f2a3-1946-4347-9444-50fb8f51fbca,cdd49331-8e20-442d-a84f-fa25c260ce98,78.63295,Pitching,25410021,,,,,,,,,,,,,,,,,,,,50.8584459,1234.635594,0.6312384738,,73ae5dbb-7617-4688-a294-94a47dcf1eda,8e108f11-a654-479e-a3b6-7d1ceca6b65f
37,2026-09-28,19:11:58.35,"Powell, Kasen",1000539201,Right,,,,,,Fastball,Live,,79.74135,-3.587397662,-4.768282729,1896.901708,201.1710194,12:45,5.75537,3.06874,7.33587,,,,,,,,,,-3.45753,6.69853,-2.80606,50,5.54739,9.57386,-115.77922,-7.94484,-4.73377,19.86575,-23.00298,339dc81a-4c88-4e12-92f9-2a5f4589209d,cdd49331-8e20-442d-a84f-fa25c260ce98,,Pitching,25410021,,,,,,,,,,,,,,,,,,,,,,,,d5336daa-999b-4a57-adaa-365ef1a8b075,8e108f11-a654-479e-a3b6-7d1ceca6b65f
38,2026-09-28,19:12:19.63,"Powell, Kasen",1000539201,Right,,,,,,Fastball,Live,,80.64027,-1.275969372,-4.09859107,1942.816411,215.8685148,1:15,5.96518,2.81953,7.19946,-30.94694,9.77167,7.09811,2.2277,-0.30667,74.30133,-7.191451057,-2.736903382,0.4592698283,-5.12296,5.87014,-2.58533,50,5.88189,8.25034,-117.33311,-3.30593,-7.1604,21.65603,-23.96931,6d75eee9-6562-44e7-ab4c-2e45ab2ea4a9,cdd49331-8e20-442d-a84f-fa25c260ce98,82.07036,Pitching,25410021,,,,,,,,,,,,,,,,,,,,40.01144606,1488.034207,0.7659160173,,7ed95b8f-2a11-4aaf-aa75-77524d6b9476,8e108f11-a654-479e-a3b6-7d1ceca6b65f
39,2026-09-28,19:12:44.23,"Powell, Kasen",1000539201,Right,,,,,,ChangeUp,Live,,72.0749,-0.1836226487,-4.525267147,1605.138332,251.3725585,2:30,5.98639,2.76767,6.60719,-47.88202,4.62875,13.89504,1.82752,-0.22756,66.24604,-9.2449037,-1.879684686,0.5215495648,-9.00526,2.6173,-2.46551,50,5.95374,7.97131,-104.70247,-1.4235,-9.96025,18.27738,-29.27919,ea48e584-f6a6-4a46-ba79-d4c83f8d95a8,cdd49331-8e20-442d-a84f-fa25c260ce98,72.2701,Pitching,25410021,,,,,,,,,,,,,,,,,,,,49.60281318,1040.262078,0.6480825093,,c2f252f3-c1da-4cb1-bee1-9f823c544d65,8e108f11-a654-479e-a3b6-7d1ceca6b65f
40,2026-09-28,19:13:06.24,"Powell, Kasen",1000539201,Right,,,,,,ChangeUp,Live,,74.13992,-1.190713601,-2.169524422,1510.634307,233.5940327,1:45,5.83172,3.36593,6.74477,-40.89194,8.06009,10.9792,1.33546,2.29814,68.48732,-8.933325143,-0.07237135732,0.503566401,-6.70552,4.81183,-3.22805,50,5.7375,3.84092,-107.98949,-3.17764,-7.92389,18.68195,-26.48792,97a58eac-b47a-46a4-b14e-659459e9aa30,cdd49331-8e20-442d-a84f-fa25c260ce98,74.85098,Pitching,25410021,,,,,,,,,,,,,,,,,,,,,,,,5edca70d-062f-408b-81f7-a4a57bca5d43,8e108f11-a654-479e-a3b6-7d1ceca6b65f
41,2026-09-28,19:13:27.67,"Powell, Kasen",1000539201,Right,,,,,,Fastball,Live,,80.30593,0.1081607611,-2.85251792,1934.089081,197.7376386,12:30,5.73135,2.82507,6.5787,-28.72364,13.47031,4.32541,3.43695,0.56944,73.29996,-5.357372813,-2.028103383,0.4675159998,-3.21878,7.42341,-2.63159,50,5.72652,5.71317,-116.87298,-0.51133,-4.435,22.81405,-21.94569,ffea20f5-278d-4257-a382-d53ab9666261,cdd49331-8e20-442d-a84f-fa25c260ce98,80.62278,Pitching,25410021,,,,,,,,,,,,,,,,,,,,20.10526209,1816.230887,0.9390626861,,da286c41-eb2e-47c3-9010-6379eb3ae4d0,8e108f11-a654-479e-a3b6-7d1ceca6b65f
42,2026-09-28,19:13:36.75,"Powell, Kasen",1000539201,Right,,,,,,,Live,,48.66942,6.641817277,14.50311537,1242.585574,,,6.2197,-3.01322,,,,,3.24725,7.04798,39.59082,,,0.9233023807,36.3855,17.9168,0.79156,50,7.09524,-15.78819,-66.83384,4.96352,14.85833,13.65996,-24.85757,4fca5072-ec68-40f9-94b9-508b29523744,cdd49331-8e20-442d-a84f-fa25c260ce98,,Pitching,25410021,,,,,,,,,,,,,,,,,,,,,,,,66eaefb5-7648-498e-b5ec-dce1d90fe0e8,8e108f11-a654-479e-a3b6-7d1ceca6b65f
43,2026-09-28,19:13:59.82,"Powell, Kasen",1000539201,Right,,,,,,Slider,Live,,69.39229,-0.4047259973,-4.39455367,1934.61502,73.65543222,8:30,5.76145,2.83584,6.34816,-60.92404,-3.14375,-10.56681,0.31084,-2.09733,63.99762,-11.8075894,-6.396522379,0.5470931289,4.40263,-1.59963,-2.51191,50,5.70345,7.98119,-100.71034,-2.10635,4.45559,18.58642,-33.79292,6ef46d80-71fe-448e-8717-5605ae3b7496,cdd49331-8e20-442d-a84f-fa25c260ce98,68.89584,Pitching,25410021,,,,,,,,,,,,,,,,,,,,,,,,371246cd-5319-492c-ae69-a1e91244fc48,8e108f11-a654-479e-a3b6-7d1ceca6b65f
44,2026-09-28,19:14:22.40,"Powell, Kasen",1000539201,Right,,,,,,Fastball,Live,,78.06027,0.4790403541,-3.02703975,1933.308091,171.7312424,11:45,5.97555,2.84597,6.78018,-33.2949,10.92636,-1.59533,3.63888,-0.05275,71.56077,-5.863129658,-3.331479777,0.4786157457,0.03478,5.95275,-2.64871,50,5.99379,6.04708,-113.6364,0.16115,0.04542,21.09066,-24.40094,2af7d3a0-f49d-4644-bd6d-6a7de0b2fcc2,cdd49331-8e20-442d-a84f-fa25c260ce98,78.75303,Pitching,25410021,,,,,,,,,,,,,,,,,,,,32.10567208,1637.645952,0.8470693107,,ad63c318-6191-4e5b-a4ce-af3ca81ff4d6,8e108f11-a654-479e-a3b6-7d1ceca6b65f
45,2026-09-28,19:14:38.00,"Powell, Kasen",1000539201,Right,,,,,,Fastball,Live,,77.43662,2.464202748,-2.184617232,1850.258503,180.5816383,12:00,6.03372,2.6158,6.66973,-36.56617,8.81352,0.08984,5.24374,0.6239,70.37183,-4.524439839,-2.167431973,0.4848441702,-0.70167,4.16155,-2.46977,50,6.18374,4.29503,-112.64747,3.97297,-0.89529,21.79965,-26.86412,6e5af877-d373-49bf-9775-d17f279617c1,cdd49331-8e20-442d-a84f-fa25c260ce98,77.74135,Pitching,25410021,,,,,,,,,,,,,,,,,,,,32.54648738,1559.685075,0.842955226,,d62df374-d338-418b-95a1-8b7a0a70c7f8,8e108f11-a654-479e-a3b6-7d1ceca6b65f
46,2026-09-28,19:14:56.88,"Powell, Kasen",1000539201,Right,,,,,,Fastball,Live,,78.58031,-0.2509341646,-2.909435584,1823.630237,194.9706448,12:30,5.92601,2.74951,6.7868,-33.24862,10.32532,2.77409,2.92596,0.32289,72.1572,-6.578488311,-2.379757559,0.4750997245,-2.35761,5.82313,-2.56193,50,5.89689,5.74873,-114.4165,-1.29583,-3.12431,21.17106,-24.45722,ddef8474-60aa-4438-bbc0-db7c99c55b0e,cdd49331-8e20-442d-a84f-fa25c260ce98,79.33585,Pitching,25410021,,,,,,,,,,,,,,,,,,,,,,,,b7dd4d33-cf8a-4077-bfc2-a50847f5d21b,8e108f11-a654-479e-a3b6-7d1ceca6b65f
47,2026-09-28,19:15:11.28,"Powell, Kasen",1000539201,Right,,,,,,Fastball,Live,,80.13236,-2.592927565,-6.130054556,1827.50705,177.4075491,12:00,5.89036,2.645,7.06782,-27.05099,14.73839,-0.6722,1.26704,-2.99732,73.95937,-7.712178636,-6.257669175,0.4652692893,-1.289,8.99895,-2.2763,50,5.72505,12.48539,-116.1096,-5.90213,-1.76395,21.24295,-19.85928,c54e5348-55a4-4083-bd86-859e58460573,cdd49331-8e20-442d-a84f-fa25c260ce98,81.01209,Pitching,25410021,,,,,,,,,,,,,,,,,,,,,,,,d0a43ed1-c9f7-4734-889e-61640ba32452,8e108f11-a654-479e-a3b6-7d1ceca6b65f
48,2026-09-28,19:15:41.32,"Powell, Kasen",1000539201,Right,,,,,,Fastball,Live,,76.79076,-1.805260693,-6.060560119,1833.159629,182.6840055,12:00,5.80621,2.8756,6.8711,-34.37113,11.42166,0.53989,1.28711,-2.6228,70.97832,-8.289709371,-5.958376729,0.4870459766,-1.94503,6.86985,-2.49065,50,5.67848,11.80562,-111.30837,-4.31276,-2.44679,19.47256,-23.53199,53016ba7-9e3f-4528-9116-0b123137cd69,cdd49331-8e20-442d-a84f-fa25c260ce98,77.3899,Pitching,25410021,,,,,,,,,,,,,,,,,,,,,,,,679c7e64-bc0b-408d-8438-21951f783443,8e108f11-a654-479e-a3b6-7d1ceca6b65f
49,2026-09-28,19:15:57.56,"Powell, Kasen",1000539201,Right,,,,,,Fastball,Live,,77.34148,-0.8478308403,-4.621201951,1793.631119,185.9002927,12:15,5.8953,2.78572,6.91235,-35.07819,9.82779,1.02261,2.19756,-1.34597,71.24069,-7.509331958,-4.426384933,0.4823068917,-1.85145,5.73491,-2.4962,50,5.82933,9.06271,-112.40829,-2.46846,-2.37034,20.26047,-24.83187,030de8b3-b8cf-4c89-ac26-dcd7dc6a4454,cdd49331-8e20-442d-a84f-fa25c260ce98,78.15032,Pitching,25410021,,,,,,,,,,,,,,,,,,,,,,,,53888e77-5a47-4a66-9fbb-0467285c45be,8e108f11-a654-479e-a3b6-7d1ceca6b65f
50,2026-09-28,19:16:14.77,"Powell, Kasen",1000539201,Right,,,,,,Slider,Live,,68.25223,0.6962595799,-4.4152725,1942.674742,66.14042219,8:15,5.71495,2.91512,6.18218,-65.71806,-5.48828,-12.35697,0.88323,-2.19923,62.80851,-11.59597481,-6.750033026,0.5585692486,5.31931,-3.23077,-2.5756,50,5.73446,7.93135,-99.00682,-0.31768,5.19298,18.23474,-35.32809,f62bc31c-5a30-4f85-9bfa-9cfb0157c5ff,cdd49331-8e20-442d-a84f-fa25c260ce98,67.48033,Pitching,25410021,,,,,,,,,,,,,,,,,,,,,,,,fa63274a-9353-4209-b8b4-33acab1a30d3,8e108f11-a654-479e-a3b6-7d1ceca6b65f
51,2026-09-28,19:16:31.55,"Powell, Kasen",1000539201,Right,,,,,,Fastball,Live,,80.22277,-2.546643669,-4.18901511,1893.1441,189.2731353,12:15,5.77873,2.75618,6.71141,-31.10021,11.00665,1.80493,0.85154,-0.92917,73.94262,-8.415726562,-3.845931206,0.4670332661,-2.16465,6.82233,-2.47951,50,5.59736,8.48974,-116.52264,-5.96646,-2.97721,21.8186,-22.7908,85448cf0-aa54-4c8e-abfe-fb98474dced5,cdd49331-8e20-442d-a84f-fa25c260ce98,80.70611,Pitching,25410021,,,,,,,,,,,,,,,,,,,,,,,,93ae9892-c9e0-46ca-beab-9888552e9844,8e108f11-a654-479e-a3b6-7d1ceca6b65f
52,2026-09-28,19:16:49.99,"Powell, Kasen",1000539201,Right,,,,,,Fastball,Live,,77.98452,-0.2658704163,-3.518628139,1764.908245,190.3419856,12:15,5.87546,2.6273,6.858,-34.37455,9.97515,1.83043,2.76812,-0.43137,71.35458,-6.824140039,-3.168339786,0.4793102724,-2.05279,5.65613,-2.40411,50,5.84578,6.93441,-113.4657,-1.32522,-2.66302,21.71308,-24.83651,1904a6f5-1cd8-4c92-831c-6f01df8ba282,cdd49331-8e20-442d-a84f-fa25c260ce98,78.63891,Pitching,25410021,,,,,,,,,,,,,,,,,,,,-0.1061377438,1764.905217,0.9999982842,,af583536-756f-4074-8977-8c53f702efa2,8e108f11-a654-479e-a3b6-7d1ceca6b65f
53,2026-09-28,19:17:08.16,"Powell, Kasen",1000539201,Right,,,,,,ChangeUp,Live,,73.36079,1.690482598,-2.73821981,1233.385019,238.3622511,2:00,5.8059,2.86193,6.98,-42.82536,6.57386,10.76902,3.77657,1.26744,67.64203,-6.480634441,-0.6778276093,0.5058612788,-6.75613,3.23903,-2.69742,50,5.89482,4.88004,-106.85088,2.24104,-7.85149,17.51213,-28.40988,e5e17e28-7f94-449e-a3cd-e97122ee0d06,cdd49331-8e20-442d-a84f-fa25c260ce98,74.51141,Pitching,25410021,,,,,,,,,,,,,,,,,,,,25.15179525,1116.441562,0.9051849538,,b19801b4-34d4-4963-a082-2285b86246e0,8e108f11-a654-479e-a3b6-7d1ceca6b65f
54,2026-09-28,19:17:32.68,"Powell, Kasen",1000539201,Right,,,,,,Fastball,Live,,79.79971,-0.3242300635,-4.767256881,1802.087998,188.7840388,12:15,6.02307,2.48561,7.12332,-30.21866,11.82192,1.83837,3.2098,-1.69438,72.93574,-6.114703734,-4.414802156,0.4666655621,-2.43378,6.77068,-2.20471,50,5.99416,9.63107,-115.97436,-1.32975,-3.29847,22.68126,-22.99783,6eae15cc-0424-431a-9d89-4f6d4b7e16c8,cdd49331-8e20-442d-a84f-fa25c260ce98,80.7697,Pitching,25410021,,,,,,,,,,,,,,,,,,,,38.46510307,1411.011772,0.7829871644,,7ef08aee-5697-4885-93f7-fa9033ae26e3,8e108f11-a654-479e-a3b6-7d1ceca6b65f
55,2026-09-28,19:18:13.89,"Powell, Kasen",1000539201,Right,,,,,,Slider,Warmup,,67.58291,2.059782627,-2.018733569,1887.071542,107.5114342,9:30,5.73643,2.94506,6.46479,-58.4773,1.36034,-4.45161,2.7569,0.71943,62.2195,-8.993976317,-2.865359271,0.556747929,1.87089,0.15504,-2.80087,50,5.85532,3.56405,-98.33681,2.25342,1.82534,16.12126,-32.02278,0bdc9ddb-a7dd-41fb-af74-9c78222f943d,cdd49331-8e20-442d-a84f-fa25c260ce98,67.70109,Pitching,25410021,,,,,,,,,,,,,,,,,,,,,,,,9ddfc60f-1ff9-413e-9275-2684d36716be,8e108f11-a654-479e-a3b6-7d1ceca6b65f
56,2026-09-28,19:21:32.58,"Strouse, Ryan",1000616393,Right,,,,,,Fastball,Live,,82.65839,-2.444431889,-2.994063885,1903.982037,210.7335599,1:00,6.62836,1.43899,6.19281,-22.86477,17.74142,10.55909,2.46208,-0.4474,75.31691,-6.757237191,-0.9922237617,0.4586353763,-6.65182,10.41174,-1.21912,50,6.43273,5.98163,-120.07807,-5.78033,-9.65232,24.58513,-17.0658,4103bd91-2a22-46ce-b8a4-404b39088dbd,cdd49331-8e20-442d-a84f-fa25c260ce98,82.18389,Pitching,25410021,,,,,,,,,,,,,,,,,,,,,,,,468cf6f4-6613-4193-a12f-a5efd5aa9dce,8e108f11-a654-479e-a3b6-7d1ceca6b65f
57,2026-09-28,19:22:05.00,"Strouse, Ryan",1000616393,Right,,,,,,Fastball,Live,,82.56941,-2.345212659,-3.242277016,1939.785973,189.5113414,12:15,6.56701,1.40872,6.05685,-21.26286,19.67455,3.30336,2.62,-1.31981,75.18847,-6.344746191,-2.618263459,0.4605020705,-2.75793,11.38862,-1.15887,50,6.37343,6.69634,-119.89924,-5.53505,-3.98876,24.58209,-15.70281,70bb84f6-6a5e-446c-a3fc-ae589feaf092,cdd49331-8e20-442d-a84f-fa25c260ce98,81.85075,Pitching,25410021,,,,,,,,,,,,,,,,,,,,,,,,9fbfeb70-9681-43ca-aace-52518024a85d,8e108f11-a654-479e-a3b6-7d1ceca6b65f
58,2026-09-28,19:22:18.28,"Strouse, Ryan",1000616393,Right,,,,,,Fastball,Live,,81.91992,-2.413006415,-2.54948449,1933.114161,189.770373,12:15,6.61635,1.52852,5.93536,-21.26598,20.43498,3.52407,2.60238,-0.54423,74.67015,-6.403416506,-1.884837882,0.464776746,-2.65505,11.76285,-1.32731,50,6.41189,5.1951,-119.00732,-5.64665,-3.78713,23.98944,-15.39569,15f82290-0230-43a3-b014-819f537cd5ea,cdd49331-8e20-442d-a84f-fa25c260ce98,81.09795,Pitching,25410021,,,,,,,,,,,,,,,,,,,,,,,,d3ce811e-03ed-4008-8de2-a57f97de71a0,8e108f11-a654-479e-a3b6-7d1ceca6b65f
59,2026-09-28,19:22:53.23,"Strouse, Ryan",1000616393,Right,,,,,,Fastball,Live,,83.24561,-2.461096894,-2.716909915,1951.322855,219.2142335,1:15,6.63192,1.41137,5.96747,-25.19181,15.41701,12.58943,2.24714,-0.06005,75.43951,-7.205297571,-0.3310422561,0.4586501981,-7.68496,9.13909,-1.20329,50,6.42303,5.36295,-120.8606,-5.94579,-11.22383,26.32674,-18.82646,e7aa3716-3eed-435c-b5f5-3ae5829f5673,cdd49331-8e20-442d-a84f-fa25c260ce98,82.18123,Pitching,25410021,,,,,,,,,,,,,,,,,,,,,,,,58453bbc-b686-49da-842a-9d1985ec0423,8e108f11-a654-479e-a3b6-7d1ceca6b65f
60,2026-09-28,19:23:22.27,"Strouse, Ryan",1000616393,Right,,,,,,Fastball,Live,,83.93375,-3.081692707,-2.351839974,1961.877303,197.2315053,12:30,6.63613,1.3308,6.14503,-17.28734,22.33144,6.92751,2.34311,-0.26605,76.08116,-6.346465027,-1.036129764,0.4530247806,-4.50754,13.14029,-1.15556,50,6.39265,4.80562,-121.88344,-7.06699,-6.708,26.3507,-12.61903,38252e7b-2b29-4021-b5b3-2024316f3da7,cdd49331-8e20-442d-a84f-fa25c260ce98,83.20172,Pitching,25410021,,,,,,,,,,,,,,,,,,,,,,,,d9a4f441-fd8a-4c2c-b179-c1e83b491fed,8e108f11-a654-479e-a3b6-7d1ceca6b65f
61,2026-09-28,19:24:02.20,"Strouse, Ryan",1000616393,Right,,,,,,Fastball,Live,,82.26668,-3.690988239,-3.225195962,1854.858862,218.8050582,1:15,6.59715,1.34222,5.82729,-26.70001,15.4269,12.39178,0.93129,-0.62603,74.35318,-8.697295787,-0.8783777823,0.4671444744,-7.75769,9.55346,-1.08619,50,6.2798,6.3463,-119.178,-8.4961,-10.96375,26.61297,-18.67239,09b6b91a-30c9-456b-a6c7-8e3d23b1fdda,cdd49331-8e20-442d-a84f-fa25c260ce98,80.6869,Pitching,25410021,,,,,,,,,,,,,,,,,,,,2.669230564,1852.846393,0.9989150284,,435dda8e-dfb2-4ff9-aa7f-5566a9257a0a,8e108f11-a654-479e-a3b6-7d1ceca6b65f
62,2026-09-28,19:24:19.39,"Strouse, Ryan",1000616393,Right,,,,,,Slider,Live,,70.71012,-0.1197011116,-0.7871177338,1480.124119,70.99192435,8:15,6.72185,1.32641,5.75048,-57.59975,-1.21277,-3.38405,1.81045,0.3117,65.04146,-10.85094522,-1.425278003,0.5404565722,1.57968,-0.61575,-1.25913,50,6.67719,1.50172,-102.84398,-1.726,1.67573,18.5743,-32.82724,9e3fa1db-5d50-4d1a-918a-5674a4dad6fd,cdd49331-8e20-442d-a84f-fa25c260ce98,69.74185,Pitching,25410021,,,,,,,,,,,,,,,,,,,,42.75238038,1086.846715,0.7342943077,,c91fc4d3-13c5-4ce9-9325-9d894cdfb8b0,8e108f11-a654-479e-a3b6-7d1ceca6b65f
63,2026-09-28,19:24:46.06,"Strouse, Ryan",1000616393,Right,,,,,,Fastball,Live,,80.60317,-3.710634208,-2.174999067,1835.065853,204.3070319,12:45,6.65243,1.36444,6.1157,-21.75788,21.22241,9.57776,1.40174,0.15097,73.37505,-7.799792519,-0.3580354256,0.471852292,-5.87862,12.69124,-1.20297,50,6.35663,4.17575,-116.99387,-8.2008,-8.07649,23.87638,-14.73786,199ead12-4273-48c7-a098-6a5537b9c9ff,cdd49331-8e20-442d-a84f-fa25c260ce98,79.88186,Pitching,25410021,,,,,,,,,,,,,,,,,,,,,,,,54b814de-3f9f-4f42-9fdc-ddedadff08e3,8e108f11-a654-479e-a3b6-7d1ceca6b65f
64,2026-09-28,19:25:03.54,"Strouse, Ryan",1000616393,Right,,,,,,Fastball,Live,,82.08183,-2.635052247,-3.2805246,1918.898922,204.002477,12:45,6.69759,1.34446,6.22521,-21.43439,19.72415,8.79287,2.47478,-0.95248,74.77486,-6.679374352,-1.613580789,0.461744119,-5.77733,11.56312,-1.10389,50,6.4899,6.58668,-119.19719,-6.09334,-8.26132,24.21273,-15.63931,34ec1edc-49e2-441f-8d97-50db25c0b4cb,cdd49331-8e20-442d-a84f-fa25c260ce98,81.63058,Pitching,25410021,,,,,,,,,,,,,,,,,,,,,,,,3d7a086c-2e37-4a4e-a277-dccc00711a68,8e108f11-a654-479e-a3b6-7d1ceca6b65f
65,2026-09-28,19:25:21.45,"Strouse, Ryan",1000616393,Right,,,,,,Fastball,Warmup,,80.49708,-3.503113549,-1.858406393,1680.787483,203.0619496,12:45,6.60716,1.32198,6.16687,-25.25014,17.88308,7.61239,1.26196,0.23942,73.10742,-8.258771713,-0.4097418455,0.4726910199,-4.7464,10.87945,-1.18529,50,6.329,3.58233,-116.86805,-7.85351,-6.47933,24.68898,-17.32247,efca7e00-8256-4d5e-9184-c3c6eb58ab22,cdd49331-8e20-442d-a84f-fa25c260ce98,79.74012,Pitching,25410021,,,,,,,,,,,,,,,,,,,,,,,,5703f624-d099-407d-94ac-f8cf2fe0e487,8e108f11-a654-479e-a3b6-7d1ceca6b65f
66,2026-09-28,19:25:55.66,"Powell, Kasen",1000539201,Right,,,,,,,Warmup,,74.97086,2.198909465,-1.433061096,1743.260967,217.129814,1:15,6.14189,3.37769,6.96229,-36.08977,11.57026,8.79275,5.13628,2.80655,68.37963,-4.728105805,0.257369731,0.4968766375,-5.34879,5.85762,-3.29232,50,6.26502,2.54014,-109.19877,3.40754,-6.43391,19.91253,-25.12809,3c30b3cb-f891-428e-8291-e183f0188790,cdd49331-8e20-442d-a84f-fa25c260ce98,75.85875,Pitching,25410021,,,,,,,,,,,,,,,,,,,,32.82726061,1464.87748,0.8403087704,,57623924-6ccd-4460-a361-af93cc89eacf,8e108f11-a654-479e-a3b6-7d1ceca6b65f
67,2026-09-28,19:26:07.02,"Powell, Kasen",1000539201,Right,,,,,,,Live,,77.12622,,,1808.372308,,,6.59794,2.99885,7.20817,,,,0.46287,-0.29714,70.68673,,,0.4833913514,-5.63976,11.31808,-2.75156,50,6.34503,8.32602,-111.85784,-8.88459,-7.09895,21.40466,-17.92762,84931886-767b-48bd-bd0b-baae9d7ce3cd,cdd49331-8e20-442d-a84f-fa25c260ce98,77.975,Pitching,25410021,,,,,,,,,,,,,,,,,,,,,,,,8e4e32f5-b641-474f-9f7e-73bcce267d3d,8e108f11-a654-479e-a3b6-7d1ceca6b65f
68,2026-09-28,19:27:30.44,"Powell, Kasen",1000539201,Right,,,,,,Fastball,Live,,77.93213,-0.860676247,-4.274876058,1797.427988,216.3304811,1:15,6.03528,2.91947,7.22111,-34.6881,8.85229,6.5487,2.36334,-0.41138,71.91512,-7.488662884,-3.019127552,0.4749168272,-4.85384,5.23923,-2.67649,50,5.97525,8.33634,-113.39033,-2.44722,-6.34051,20.08536,-25.3301,43f88446-4fe1-40a9-9447-c4b9e2401c9c,cdd49331-8e20-442d-a84f-fa25c260ce98,79.3664,Pitching,25410021,,,,,,,,,,,,,,,,,,,,,,,,ba9e4945-11e4-4d93-8020-983dff9d5728,8e108f11-a654-479e-a3b6-7d1ceca6b65f
69,2026-09-28,19:27:46.47,"Powell, Kasen",1000539201,Right,,,,,,ChangeUp,Live,,72.08646,1.224786235,-2.697043797,1536.443761,228.9674218,1:45,6.06313,3.27785,6.83513,-42.44794,9.85435,11.39644,3.64407,1.76635,65.36506,-6.922545348,-0.5020418011,0.5205132257,-7.23899,5.1274,-3.10951,50,6.12572,4.69694,-104.88854,1.33596,-7.95355,20.01743,-26.54053,655429fa-4918-430f-bb15-83adb0828351,cdd49331-8e20-442d-a84f-fa25c260ce98,72.41399,Pitching,25410021,,,,,,,,,,,,,,,,,,,,33.10794424,1286.991345,0.8376429898,,4aef7852-93d4-4e50-88d1-53485ba6392a,8e108f11-a654-479e-a3b6-7d1ceca6b65f
70,2026-09-28,19:28:01.67,"Powell, Kasen",1000539201,Right,,,,,,Fastball,Live,,78.3711,-3.245357401,-5.069140552,1861.413659,186.94598,12:15,6.07303,2.91045,7.32899,-28.5342,14.4243,1.76464,0.74912,-1.53324,72.7377,-8.660756043,-4.731757457,0.4717326908,-2.31297,9.02742,-2.62979,50,5.88434,10.05508,-113.76854,-7.07032,-3.05256,19.51321,-20.26008,4724bf6d-1b39-433b-bf57-449470ac94f6,cdd49331-8e20-442d-a84f-fa25c260ce98,79.90211,Pitching,25410021,,,,,,,,,,,,,,,,,,,,,,,,f2f5392a-0517-4397-bc0e-6b6942ce4ed9,8e108f11-a654-479e-a3b6-7d1ceca6b65f
71,2026-09-28,19:28:19.35,"Powell, Kasen",1000539201,Right,,,,,,ChangeUp,Live,,73.86462,-0.3581389084,-3.960416786,1558.999754,223.7845088,1:30,6.03321,3.03518,7.30002,-37.17591,12.17686,11.73326,2.61077,0.42795,66.57462,-7.568327831,-1.675870758,0.5056234027,-8.05089,7.06994,-2.8171,50,6.00249,7.20911,-107.40893,-1.39252,-9.19957,22.39451,-24.09539,0ec202d8-2a79-4831-af72-8107bcd29707,cdd49331-8e20-442d-a84f-fa25c260ce98,74.54647,Pitching,25410021,,,,,,,,,,,,,,,,,,,,34.76828323,1280.663746,0.8214650087,,ae0e45ee-e0bd-484d-9059-7b1668da8a7f,8e108f11-a654-479e-a3b6-7d1ceca6b65f
72,2026-09-28,19:28:36.53,"Powell, Kasen",1000539201,Right,,,,,,ChangeUp,Live,,73.82646,-0.02310633304,-3.70848235,1657.604663,211.204049,1:00,5.85711,3.28586,6.9199,-35.14373,14.57198,8.87006,2.90739,0.64411,66.9996,-6.768443737,-2.001347038,0.5074791835,-6.14698,8.1888,-3.05707,50,5.84311,6.76804,-107.36243,-0.79909,-7.0853,20.75033,-22.73525,8706914b-edc0-478e-8f69-a21fbde0bd50,cdd49331-8e20-442d-a84f-fa25c260ce98,74.27386,Pitching,25410021,,,,,,,,,,,,,,,,,,,,37.78292107,1310.067415,0.7903376748,,56aed38c-7aef-41ba-99c7-2663d32f3807,8e108f11-a654-479e-a3b6-7d1ceca6b65f
73,2026-09-28,19:29:09.74,"Powell, Kasen",1000539201,Right,,,,,,Fastball,Live,,77.85656,-3.112624819,-3.76916926,1729.270153,181.0095669,12:00,6.11556,2.60295,7.39505,-29.08713,14.56997,0.25756,0.87485,-0.78069,71.60609,-8.674835192,-3.719461985,0.4755529061,-1.23723,9.21016,-2.39856,50,5.9384,7.45166,-113.18934,-6.75474,-1.59901,21.39063,-20.27067,877c5f36-5411-4f70-9e12-e1bf4be17003,cdd49331-8e20-442d-a84f-fa25c260ce98,79.26024,Pitching,25410021,,,,,,,,,,,,,,,,,,,,,,,,17ab91ca-16a3-4cc6-b388-76756563e794,8e108f11-a654-479e-a3b6-7d1ceca6b65f
74,2026-09-28,19:29:23.67,"Powell, Kasen",1000539201,Right,,,,,,Fastball,Live,,79.15256,-1.65397161,-3.290725405,1822.099301,182.8075517,12:00,6.02257,2.8847,7.16767,-29.12583,13.43527,0.66137,2.09391,-0.04512,72.46512,-7.233964818,-3.163365244,0.4695456532,-1.34318,8.08773,-2.69338,50,5.91708,6.60933,-115.20113,-3.9668,-1.79492,22.52211,-21.36625,a8e587d0-d317-47d5-99c2-585115f91582,cdd49331-8e20-442d-a84f-fa25c260ce98,80.27428,Pitching,25410021,,,,,,,,,,,,,,,,,,,,,,,,87f12b5e-f599-42f9-a635-407ff07473d1,8e108f11-a654-479e-a3b6-7d1ceca6b65f
75,2026-09-28,19:29:35.23,"Powell, Kasen",1000539201,Right,,,,,,,Live,,38.44238,3.731658627,0.4936159396,1075.182774,,,8.77512,0.97289,,,,,,,,,,,-0.44602,35.40791,-1.04897,50,9.07501,-0.50373,-54.8802,0.22663,-0.12356,8.96588,-22.3648,9ee2d223-2012-41ed-8395-b81487675af9,cdd49331-8e20-442d-a84f-fa25c260ce98,,Pitching,25410021,,,,,,,,,,,,,,,,,,,,,,,,23681069-9624-4611-8d31-1e25ac1cd393,8e108f11-a654-479e-a3b6-7d1ceca6b65f
76,2026-09-28,19:30:08.06,"Powell, Kasen",1000539201,Right,,,,,,ChangeUp,Live,,72.13174,1.716105591,-1.620995424,1475.532562,210.4955696,1:00,5.83501,2.99083,6.92882,-39.26319,12.25116,7.24377,4.12625,2.11858,65.94004,-5.806288812,-0.2296870113,0.5165774949,-4.52642,6.37245,-2.8924,50,5.92794,2.82047,-105.08112,2.31893,-5.044,18.36766,-25.07293,bfdb812e-7ee3-4e58-bcf9-53f980a8abe2,cdd49331-8e20-442d-a84f-fa25c260ce98,72.9657,Pitching,25410021,,,,,,,,,,,,,,,,,,,,36.03642666,1193.17928,0.8086431375,,a9b72769-a0d9-4c6b-8d3d-c99d960185fb,8e108f11-a654-479e-a3b6-7d1ceca6b65f
77,2026-09-28,19:30:25.47,"Powell, Kasen",1000539201,Right,,,,,,Fastball,Live,,78.50445,-2.906719645,-3.88170043,1864.067885,193.2523261,12:30,5.98997,2.88983,7.27091,-31.88164,11.28246,2.66616,0.69639,-0.40349,72.20029,-8.992042752,-3.368090154,0.4728601608,-2.64086,7.25027,-2.67161,50,5.81624,7.68672,-114.1123,-6.47781,-3.46764,21.81668,-22.65393,48be5345-1fd7-4c39-8a40-cdb45318badd,cdd49331-8e20-442d-a84f-fa25c260ce98,79.7116,Pitching,25410021,,,,,,,,,,,,,,,,,,,,,,,,aa955e32-fd35-4731-8d69-ca24c358a336,8e108f11-a654-479e-a3b6-7d1ceca6b65f
78,2026-09-28,19:30:46.55,"Powell, Kasen",1000539201,Right,,,,,,Fastball,Live,,78.27428,-1.477697712,-2.290211399,1764.37754,181.9155334,12:00,6.0969,2.88987,7.03388,-28.85015,14.54133,0.48775,2.34899,0.84895,72.10426,-6.979240446,-2.196694673,0.4741040383,-0.89941,8.57575,-2.75147,50,5.99763,4.55014,-114.04724,-3.59248,-1.18667,20.6289,-20.85932,1b3866f3-d3bc-479a-a019-6624e031268c,cdd49331-8e20-442d-a84f-fa25c260ce98,79.50246,Pitching,25410021,,,,,,,,,,,,,,,,,,,,,,,,019a1c4e-6622-43b4-b86f-ff7319d63257,8e108f11-a654-479e-a3b6-7d1ceca6b65f
79,2026-09-28,19:31:08.35,"Powell, Kasen",1000539201,Right,,,,,,ChangeUp,Live,,72.87536,-0.6295185528,-3.851142117,1486.567289,228.2365263,1:30,5.95224,2.81676,7.3607,-39.31028,10.13339,11.40996,2.1068,0.28589,67.36457,-8.159249177,-1.654246096,0.5060888618,-7.51894,5.93034,-2.60875,50,5.90655,6.92451,-106.11857,-1.92321,-8.60527,17.53758,-25.3869,6c311748-85b5-41e4-80e3-7960b005992b,cdd49331-8e20-442d-a84f-fa25c260ce98,74.47791,Pitching,25410021,,,,,,,,,,,,,,,,,,,,,,,,6fbec49a-98be-41eb-a7ec-3f8d8adddb9c,8e108f11-a654-479e-a3b6-7d1ceca6b65f
80,2026-09-28,19:31:45.13,"Powell, Kasen",1000539201,Right,,,,,,ChangeUp,Live,,73.04178,-0.2237074403,-3.763453564,1633.264517,214.825916,1:15,6.0155,2.885,7.22292,-38.86921,11.08933,7.759,2.57348,0.12033,66.77994,-7.694552321,-2.265963593,0.5087170321,-5.52823,6.35558,-2.67188,50,5.99086,6.8386,-106.2973,-1.18519,-6.27831,19.48033,-24.95613,1a947864-5e39-4785-a067-35d77654edc5,cdd49331-8e20-442d-a84f-fa25c260ce98,74.09313,Pitching,25410021,,,,,,,,,,,,,,,,,,,,43.74945932,1179.822086,0.7223704876,,f9e8d58a-6cc1-49db-920a-c243e643c627,8e108f11-a654-479e-a3b6-7d1ceca6b65f
81,2026-09-28,19:32:05.54,"Powell, Kasen",1000539201,Right,,,,,,ChangeUp,Live,,74.6366,-1.728974757,-3.18163192,1641.920903,229.0618453,1:45,5.94518,2.72863,7.43326,-35.37412,12.03779,13.91195,1.43589,1.01695,68.38939,-8.540002547,-0.4822918309,0.4955815834,-8.90003,7.39565,-2.56197,50,5.843,5.77546,-108.67728,-3.96087,-10.5691,20.29879,-23.39145,31152747-91ce-4216-85f8-794195014c23,cdd49331-8e20-442d-a84f-fa25c260ce98,76.05698,Pitching,25410021,,,,,,,,,,,,,,,,,,,,27.67707432,1454.051577,0.8855795514,,c2832825-3be1-412d-b197-75dd85f797c5,8e108f11-a654-479e-a3b6-7d1ceca6b65f
82,2026-09-28,19:32:32.98,"Powell, Kasen",1000539201,Right,,,,,,Slider,Live,,68.44859,0.3506630152,-4.341873327,2020.406009,78.04455592,8:30,5.89786,2.87311,6.63892,-61.21977,-1.88705,-8.7222,1.11811,-1.8355,62.28095,-11.27366591,-6.014381032,0.5543940217,3.3128,-1.17758,-2.57651,50,5.89668,7.72492,-99.3323,-0.67529,3.2217,19.86223,-33.31924,6cccbb80-1e91-4321-bef9-f62674c58ee5,cdd49331-8e20-442d-a84f-fa25c260ce98,67.98854,Pitching,25410021,,,,,,,,,,,,,,,,,,,74.4535906,61.53279769,963.0378846,0.4766556229,8:30,78a5b9d5-3049-4d6f-95b0-d97058e14152,8e108f11-a654-479e-a3b6-7d1ceca6b65f
83,2026-09-28,19:32:55.55,"Powell, Kasen",1000539201,Right,,,,,,Slider,Warmup,,67.68463,1.553293086,-2.22412715,2055.239013,114.375753,9:45,5.95212,2.9178,6.66983,-55.46757,4.11264,-9.16839,2.75215,0.11819,61.95093,-8.998168135,-3.979145267,0.5555490874,4.40635,1.80301,-2.76538,50,6.03355,4.01687,-98.4876,1.51216,4.27763,17.33908,-30.4237,739ed067-6913-40b6-8240-f0a438f83c61,cdd49331-8e20-442d-a84f-fa25c260ce98,67.84718,Pitching,25410021,,,,,,,,,,,,,,,,,,,,,,,,0a2095b0-2197-4bf7-a612-54f3a7363fbe,8e108f11-a654-479e-a3b6-7d1ceca6b65f
84,2026-09-28,19:33:30.93,"Powell, Kasen",1000539201,Right,,,,,,,Warmup,,87.94128,-1.031141844,-1.545511402,2215.190832,216.9665992,1:15,6.16395,1.98965,5.4391,-22.33626,14.72482,11.10395,3.33674,1.46765,79.38515,-5.215520296,0.5413225609,0.438157695,-6.40237,8.16746,-1.86063,50,6.05778,3.06662,-127.7456,-3.06462,-10.4383,29.59755,-18.85799,62fcbdad-2c8e-45ab-99a0-6839aace3677,cdd49331-8e20-442d-a84f-fa25c260ce98,86.02482,Pitching,25410021,,,,,,,,,,,,,,,,,,,,35.49890275,1803.445867,0.814126639,,a20aee2b-ca52-44df-aa72-d00bd85121c7,8e108f11-a654-479e-a3b6-7d1ceca6b65f
85,2026-09-28,19:33:44.60,"Rickman, Sam",1000497645,Right,,,,,,,Warmup,,88.53318,,,2243.637494,,,6.3799,1.77587,5.58482,,,,3.33525,1.2543,80.20039,,,0.4334911497,-7.35928,6.91893,-1.63834,50,6.26846,3.38413,-128.6513,-3.32401,-12.20345,29.32694,-20.7008,4a242a80-1b03-4579-8d8a-a8e10638b0a8,cdd49331-8e20-442d-a84f-fa25c260ce98,86.95088,Pitching,25410021,,,,,,,,,,,,,,,,,,,205.834873,38.40112651,1758.296624,0.7836812446,12:45,2f2bb5b8-117a-4d1e-b3d5-d467b522e17f,8e108f11-a654-479e-a3b6-7d1ceca6b65f
86,2026-09-28,19:34:56.85,"Rickman, Sam",1000497645,Right,,,,,,Slider,Live,,41.39952,7.271769653,0.856222569,1090.577814,,,6.85717,3.12106,,,,,6.05062,2.46067,39.87578,,,0.8001706707,11.18343,27.08606,-3.09838,50,6.66779,-1.00285,-60.30175,8.20357,4.3125,3.25734,-21.72926,c629e335-716d-4044-8734-5319f7843456,cdd49331-8e20-442d-a84f-fa25c260ce98,,Pitching,25410021,,,,,,,,,,,,,,,,,,,,,,,,16709a4b-b6eb-49cb-a6ed-b80ad37fba17,8e108f11-a654-479e-a3b6-7d1ceca6b65f
87,2026-09-28,19:35:37.12,"Rickman, Sam",1000497645,Right,,,,,,Fastball,Live,,90.36065,-2.166287584,-2.636696867,2346.845738,219.8555584,1:15,6.06157,2.03486,5.14392,-20.7428,14.65777,12.24756,2.29054,0.57156,82.01107,-6.014225693,-0.3553416363,0.4282294399,-7.23294,8.36079,-1.79747,50,5.84322,5.5843,-131.09026,-5.73055,-12.49439,29.59971,-17.73138,5ab83c42-836a-4ddd-996b-ed63ad6bf9f6,cdd49331-8e20-442d-a84f-fa25c260ce98,88.01926,Pitching,25410021,,,,,,,,,,,,,,,,,,,218.718814,45.67769931,1639.726555,0.6986937948,1:15,f01c4bdc-ddc0-480c-87a1-f793cb6af0fe,8e108f11-a654-479e-a3b6-7d1ceca6b65f
88,2026-09-28,19:36:05.27,"Rickman, Sam",1000497645,Right,,,,,,Slider,Live,,77.78505,0.811373615,-1.520570219,2847.336195,67.48489136,8:15,6.11295,2.26283,4.13635,-57.76467,-7.66774,-18.41831,2.07765,-0.73057,70.59641,-9.707076309,-4.904279529,0.5094211339,8.87635,-4.18039,-2.07531,50,6.14465,3.65485,-112.67244,-0.48606,11.18548,24.23886,-37.44194,08dcb92e-6b50-42e1-bf4f-1c3cca59dfff,cdd49331-8e20-442d-a84f-fa25c260ce98,73.99072,Pitching,25410021,,,,,,,,,,,,,,,,,,,,,,,,11b0180c-6b87-4eaf-a19c-9d5c5588f276,8e108f11-a654-479e-a3b6-7d1ceca6b65f
89,2026-09-28,19:36:55.36,"Rickman, Sam",1000497645,Right,,,,,,Slider,Live,,78.33941,-1.334123263,-2.091197743,2849.674005,63.46513165,8:00,5.92403,2.31257,4.70251,-55.85866,-7.35391,-14.62709,0.00185,-0.892,71.35985,-11.54914945,-4.807872247,0.5012605218,6.88784,-3.36536,-2.08841,50,5.74118,4.63751,-113.51272,-4.52673,8.78391,25.1543,-36.46582,a676b9b6-358f-42bb-9be7-8b2de26b012f,cdd49331-8e20-442d-a84f-fa25c260ce98,75.19531,Pitching,25410021,,,,,,,,,,,,,,,,,,,,52.87183201,1720.063305,0.6036000264,,dfc44a34-7f5f-4596-8369-401f7baa6bdd,8e108f11-a654-479e-a3b6-7d1ceca6b65f
90,2026-09-28,19:37:22.61,"Rickman, Sam",1000497645,Right,,,,,,Fastball,Live,,90.36658,-1.742295262,-3.529266625,2304.644677,199.9782885,12:45,6.1574,2.0481,5.28985,-21.21784,13.62561,4.96778,2.74988,-0.85557,82.99504,-5.662973974,-2.609160819,0.4248464468,-3.54879,7.64274,-1.73043,50,5.98333,7.90918,-131.18055,-4.77273,-6.21582,26.40653,-18.78755,18ba61c6-f350-49c7-ac04-96865650eada,cdd49331-8e20-442d-a84f-fa25c260ce98,88.72015,Pitching,25410021,,,,,,,,,,,,,,,,,,,,,,,,b7ac133c-0182-4ba0-8091-f615aaa0066a,8e108f11-a654-479e-a3b6-7d1ceca6b65f
91,2026-09-28,19:37:43.20,"Rickman, Sam",1000497645,Right,,,,,,Fastball,Live,,90.90214,-2.479819749,-3.657454541,2308.527107,204.1238241,12:45,6.1269,1.83624,5.26519,-21.381,13.2014,5.92397,2.00969,-1.11015,83.36234,-6.427290219,-2.559551932,0.4232519367,-4.11048,7.62862,-1.50601,50,5.88424,8.21003,-131.84783,-6.50809,-7.25604,27.29316,-18.70758,e7aac80e-1a4d-44d7-8881-3ed0c3a3116b,cdd49331-8e20-442d-a84f-fa25c260ce98,89.05438,Pitching,25410021,,,,,,,,,,,,,,,,,,,,,,,,866cb226-e647-4575-b7c1-2c5fab563cb8,8e108f11-a654-479e-a3b6-7d1ceca6b65f
92,2026-09-28,19:38:20.70,"Rickman, Sam",1000497645,Right,,,,,,Slider,Live,,78.83388,-2.222517689,-3.782207867,2908.307315,67.84615644,8:15,5.97173,2.32532,4.66954,,,,,,,,,,7.42715,-2.83932,-1.92547,50,5.69747,8.11069,-114.06005,-6.30655,9.62918,24.08201,-35.85518,1589cbb5-90aa-4296-a1f8-43c0805c684d,cdd49331-8e20-442d-a84f-fa25c260ce98,,Pitching,25410021,,,,,,,,,,,,,,,,,,,,,,,,bcd6bcee-869c-45f2-bf82-d3b4c16de4bd,8e108f11-a654-479e-a3b6-7d1ceca6b65f
93,2026-09-28,19:38:41.70,"Rickman, Sam",1000497645,Right,,,,,,Slider,Live,,80.3077,-1.011759929,-3.767393451,2767.013957,86.3731448,9:00,6.1556,2.02474,4.50209,-46.91416,-0.84049,-12.45079,1.2801,-2.60683,73.64575,-9.528185819,-6.047736376,0.4885374164,5.25784,-0.12336,-1.61843,50,6.00637,8.10387,-116.29561,-3.73875,7.13364,23.70542,-32.34142,e615444b-3113-4797-aaca-dce36c52698d,cdd49331-8e20-442d-a84f-fa25c260ce98,77.15364,Pitching,25410021,,,,,,,,,,,,,,,,,,,55.53227804,63.73383466,1224.519102,0.4425417149,7:45,79f9000f-b72c-4504-a8c4-2679b540a447,8e108f11-a654-479e-a3b6-7d1ceca6b65f
94,2026-09-28,19:39:01.44,"Rickman, Sam",1000497645,Right,,,,,,Fastball,Live,,90.50062,-2.900175236,-5.087428151,2293.525712,213.4069051,1:00,6.07472,1.87487,5.47314,-22.95289,11.74198,7.76119,1.43537,-2.25097,83.22179,-7.139950359,-3.649491111,0.4239396298,-5.46142,6.99814,-1.43272,50,5.80358,11.39057,-131.03464,-7.47781,-9.54411,26.36096,-19.94445,7e152872-8610-446d-b60a-8aed1593bf29,cdd49331-8e20-442d-a84f-fa25c260ce98,88.90992,Pitching,25410021,,,,,,,,,,,,,,,,,,,,44.35635563,1639.883344,0.7150054324,,1caa6e07-0aaa-4075-91c4-53ec814858c9,8e108f11-a654-479e-a3b6-7d1ceca6b65f
95,2026-09-28,19:39:22.48,"Rickman, Sam",1000497645,Right,,,,,,Fastball,Live,,89.94848,-2.059823498,-4.533200717,2325.339564,220.4510222,1:15,6.06681,1.99228,5.18263,-23.88896,11.65829,9.96577,2.13142,-1.45064,82.28588,-6.470411764,-2.689284377,0.4291156859,-6.48877,6.69774,-1.57824,50,5.85717,9.96637,-130.32458,-5.58026,-11.17103,27.1293,-20.64325,a0ec2282-8539-4aff-a41b-a34da73dc15d,cdd49331-8e20-442d-a84f-fa25c260ce98,87.83748,Pitching,25410021,,,,,,,,,,,,,,,,,,,,,,,,9abf1da4-0f62-44cd-82b5-fc961ee96383,8e108f11-a654-479e-a3b6-7d1ceca6b65f
96,2026-09-28,19:40:21.24,"Rickman, Sam",1000497645,Right,,,,,,Fastball,Live,,90.29172,-2.477960268,-3.754945574,2274.432238,215.5978435,1:15,6.11035,1.85321,5.16287,-21.6461,13.70348,9.82304,1.96811,-0.86692,82.38111,-6.47923757,-1.93265378,0.4279209361,-6.2308,7.90935,-1.51039,50,5.86271,8.22664,-130.87822,-6.47574,-10.78633,28.12293,-18.48193,a73055f3-ab8a-4260-9b06-1437eee9f3c3,cdd49331-8e20-442d-a84f-fa25c260ce98,88.08272,Pitching,25410021,,,,,,,,,,,,,,,,,,,,,,,,a7dc7942-c76c-4bc9-84a0-6f0fda04feb2,8e108f11-a654-479e-a3b6-7d1ceca6b65f
97,2026-09-28,19:40:40.79,"Rickman, Sam",1000497645,Right,,,,,,Fastball,Live,,90.19292,-0.2168420015,-2.700134028,2262.528742,219.944137,1:15,6.17886,1.97372,5.17317,-21.80865,13.57311,11.40225,4.15722,0.3815,81.85054,-4.27258777,-0.5775065667,0.4281156481,-6.79475,7.20868,-1.73106,50,6.14243,5.75646,-130.95976,-1.29904,-11.73752,29.02806,-19.72149,02919551-1de1-4891-8b67-effef191b4c5,cdd49331-8e20-442d-a84f-fa25c260ce98,88.04266,Pitching,25410021,,,,,,,,,,,,,,,,,,,,44.37049596,1617.329917,0.7148328714,,899159d5-7db6-43f7-bf73-9fac748c4fe1,8e108f11-a654-479e-a3b6-7d1ceca6b65f
98,2026-09-28,19:41:23.90,"Rickman, Sam",1000497645,Right,,,,,,Fastball,Live,,90.44662,-1.378800438,-2.877341621,2248.834644,218.2183343,1:15,6.23962,2.07835,5.15597,-22.94608,12.34663,9.74561,3.02785,0.18009,82.08736,-5.639549357,-1.062698635,0.4275765432,-5.98836,6.91019,-1.81711,50,6.09368,6.23677,-131.24963,-4.01071,-10.37237,29.60397,-20.20499,504d933d-6458-40cd-891a-31f05618eafa,cdd49331-8e20-442d-a84f-fa25c260ce98,88.15366,Pitching,25410021,,,,,,,,,,,,,,,,,,,204.5073084,40.87096585,1700.535377,0.7561851565,12:45,a15ec49c-1c3c-4d0b-b898-8cf159820700,8e108f11-a654-479e-a3b6-7d1ceca6b65f
99,2026-09-28,19:43:20.29,"Rangel, Rylan",1000510502,Right,,,,,,,Warmup,,85.54667,-0.2214428384,-2.245281056,1863.043514,238.8991018,2:00,5.87253,1.68565,5.0026,-29.8501,9.51047,15.8276,3.17585,0.88429,78.23255,-5.731742946,0.6856026483,0.4515461012,-8.89203,5.03051,-1.48271,50,5.82762,4.30297,-124.2777,-1.55504,-13.9113,24.83008,-24.30398,16629f4e-7800-49fc-b0de-1f3e3f0560e4,cdd49331-8e20-442d-a84f-fa25c260ce98,83.47418,Pitching,25410021,,,,,,,,,,,,,,,,,,,219.07382,30.42832039,1606.434308,0.8622634394,1:15,b1babb84-6c05-4f4e-b4ef-673fdd516db9,8e108f11-a654-479e-a3b6-7d1ceca6b65f
100,2026-09-28,19:43:25.93,"Rangel, Rylan",1000510502,Right,,,,,,,Live,,49.96295,5.37025253,4.418979098,1359.654575,,,7.17556,-0.09687,2.46677,,,,6.88146,2.36799,44.66611,,,0.8216415574,12.42451,28.44553,-0.48883,50,7.82966,-4.91168,-71.70211,4.90478,6.38082,9.3357,-17.56536,ad355e19-e066-466d-8a23-e78965914019,cdd49331-8e20-442d-a84f-fa25c260ce98,45.87455,Pitching,25410021,,,,,,,,,,,,,,,,,,,,,,,,1acae48c-59fd-48de-ba2c-2a64b2ba0e02,8e108f11-a654-479e-a3b6-7d1ceca6b65f
101,2026-09-28,19:43:58.86,"Rangel, Rylan",1000510502,Right,,,,,,Fastball,Live,,87.80631,-0.1214028575,-1.324751725,1867.772274,221.7860217,1:30,5.79931,1.41914,5.08862,-24.57647,12.78307,11.45415,3.63684,1.12504,79.85782,-4.681035482,0.8050965117,0.4399184384,-6.39535,6.74281,-1.30282,50,5.76899,2.53429,-127.59385,-1.16381,-10.49645,27.33519,-21.10733,e6e6ef70-94d9-47ae-b384-175a86d052fe,cdd49331-8e20-442d-a84f-fa25c260ce98,85.68052,Pitching,25410021,,,,,,,,,,,,,,,,,,,,,,,,dd22a6a0-0df5-4a2b-802e-d25b1795be6b,8e108f11-a654-479e-a3b6-7d1ceca6b65f
102,2026-09-28,19:44:18.36,"Rangel, Rylan",1000510502,Right,,,,,,Fastball,Live,,87.58408,0.6166433716,-1.114536899,1986.87812,232.0043737,1:45,5.70702,1.48768,5.21151,-26.15285,10.9548,14.06895,4.10753,1.61205,80.23446,-4.229503625,1.496966604,0.4384329356,-7.69871,5.59634,-1.39524,50,5.74456,1.97384,-127.37735,0.43383,-12.69134,25.33615,-22.94847,b6d4b07b-9f9c-4b66-a43c-6f8f6baf21f9,cdd49331-8e20-442d-a84f-fa25c260ce98,85.97082,Pitching,25410021,,,,,,,,,,,,,,,,,,,,24.83700626,1803.104557,0.907506373,,f1bd7e23-08a9-47af-ae57-3268713b66fc,8e108f11-a654-479e-a3b6-7d1ceca6b65f
103,2026-09-28,19:44:39.68,"Rangel, Rylan",1000510502,Right,,,,,,Fastball,Live,,87.42686,-0.9352930532,-2.572074747,1945.768054,207.5917752,1:00,5.75152,1.38489,5.17337,-20.26458,17.29905,9.06139,3.18184,-0.28165,79.59853,-4.695982917,-0.8876169255,0.4411184141,-5.50101,9.36718,-1.15244,50,5.64936,5.37947,-126.96811,-2.79971,-8.95693,26.61677,-16.92208,a6864273-31a8-4f16-aaef-086759a36f1b,cdd49331-8e20-442d-a84f-fa25c260ce98,85.44744,Pitching,25410021,,,,,,,,,,,,,,,,,,,,18.38138182,1846.49211,0.9489785313,,396a2a7b-a3f1-486c-b67a-fd3393064f05,8e108f11-a654-479e-a3b6-7d1ceca6b65f
104,2026-09-28,19:45:17.96,"Rangel, Rylan",1000510502,Right,,,,,,Slider,Live,,76.56722,1.298554917,-0.2528478374,2612.899686,88.31837273,9:00,5.68242,1.70366,4.41169,-51.28801,-0.50415,-15.77937,2.6477,0.14745,69.60246,-8.097041046,-3.160917246,0.5129018758,8.02297,-0.66564,-1.66194,50,5.77213,1.03507,-111.06151,0.7463,9.89929,22.14162,-32.99536,bb0e591a-1431-4e83-a526-3dd4b7d191ef,cdd49331-8e20-442d-a84f-fa25c260ce98,73.4886,Pitching,25410021,,,,,,,,,,,,,,,,,,,,56.90037346,1426.895375,0.5460965006,,579c29db-9d1b-4522-b301-975cc268478b,8e108f11-a654-479e-a3b6-7d1ceca6b65f
105,2026-09-28,19:45:38.20,"Rangel, Rylan",1000510502,Right,,,,,,Fastball,Live,,88.12539,-1.152748057,-2.427097145,2048.027005,230.9016573,1:45,5.74628,1.39986,5.29241,-25.67171,10.95292,13.51117,2.52365,0.24585,80.79974,-5.907544988,0.08436944807,0.4355700776,-7.78447,6.09032,-1.18892,50,5.62294,4.94758,-128.06423,-3.49232,-12.96229,25.78614,-22.03278,01889fc9-5375-443f-bbea-9a3a4ef37a16,cdd49331-8e20-442d-a84f-fa25c260ce98,86.53588,Pitching,25410021,,,,,,,,,,,,,,,,,,,,35.00084832,1677.628115,0.8191435518,,3a64e6e1-6bb6-49cd-865b-64bc7712d38f,8e108f11-a654-479e-a3b6-7d1ceca6b65f
106,2026-09-28,19:46:11.03,"Rangel, Rylan",1000510502,Right,,,,,,Fastball,Warmup,,87.28643,-1.327463639,-2.316947615,2105.098544,208.170847,1:00,5.74029,1.34386,5.24591,-21.01786,16.73662,8.98043,2.74025,-0.086,79.14759,-5.240082506,-0.6405784998,0.4422375523,-5.4394,9.23807,-1.13785,50,5.60322,4.81195,-126.73422,-3.67821,-8.77749,27.79123,-17.26671,c62218fa-bb0d-4f30-b0b3-e552239ffb73,cdd49331-8e20-442d-a84f-fa25c260ce98,85.2312,Pitching,25410021,,,,,,,,,,,,,,,,,,,,29.31000757,1835.611788,0.8719837811,,2c5e96c4-c808-4a10-aa5b-2e5d4e635433,8e108f11-a654-479e-a3b6-7d1ceca6b65f
107,2026-09-28,19:47:41.89,"Rickman, Sam",1000497645,Right,,,,,,,Warmup,,84.3026,,,1651.355923,,,6.16717,2.27877,5.44625,,,,1.11278,-1.31753,77.7869,,,0.4550883738,-8.07188,2.79391,-1.84868,50,5.94772,10.1854,-122.1417,-5.90133,-12.25172,22.98922,-27.93337,70b56d12-9897-45a5-b88b-3d3f07144c17,cdd49331-8e20-442d-a84f-fa25c260ce98,82.82444,Pitching,25410021,,,,,,,,,,,,,,,,,,,,,,,,36c1e67c-f982-4af0-8fbd-0758aad0a6f8,8e108f11-a654-479e-a3b6-7d1ceca6b65f
108,2026-09-28,19:47:55.93,"Rickman, Sam",1000497645,Right,,,,,,Slider,Warmup,,78.27593,-0.4500646319,-3.244652043,2659.519317,82.04706242,8:45,6.05718,2.17919,4.51853,-49.52434,-1.43083,-9.9388,1.50085,-1.74227,72.17521,-9.436250132,-5.062947541,0.4991311176,4.18386,-0.60711,-1.83104,50,5.96459,6.78317,-113.50349,-2.6301,5.44503,21.23679,-32.96417,c4dac82b-aaaa-469f-8464-3cd22fe79b10,cdd49331-8e20-442d-a84f-fa25c260ce98,75.51611,Pitching,25410021,,,,,,,,,,,,,,,,,,,,,,,,7a2cc118-31f9-477c-9cdb-901b418cd1c5,8e108f11-a654-479e-a3b6-7d1ceca6b65f
109,2026-09-28,19:48:10.16,"Rickman, Sam",1000497645,Right,,,,,,,Warmup,,87.86731,-4.20653132,-4.038794956,2291.736147,235.2965213,1:45,6.08131,1.82033,5.21975,,,,,,,,,,-8.99807,6.62759,-1.45879,50,5.67237,8.43911,-127.18989,-10.33144,-14.83159,24.56761,-21.24975,6518cc7d-83f6-4c23-93e0-a431f2c4c0b9,cdd49331-8e20-442d-a84f-fa25c260ce98,,Pitching,25410021,,,,,,,,,,,,,,,,,,,,,,,,50809f7b-96f5-4faa-8f5a-f3df19c1b5d7,8e108f11-a654-479e-a3b6-7d1ceca6b65f
110,2026-09-28,19:48:31.45,"Rickman, Sam",1000497645,Right,,,,,,,Live,,60.05814,,,1572.187424,,,7.59428,2.03689,,,,,7.31167,1.03043,55.37096,,,0.5692326818,2.79881,29.1822,-2.04249,50,7.58373,1.12914,-88.11263,2.15776,2.20661,12.18584,-9.16656,f7d806b5-9e55-41a5-bac9-17a8351e994c,cdd49331-8e20-442d-a84f-fa25c260ce98,,Pitching,25410021,,,,,,,,,,,,,,,,,,,,,,,,39722dae-ad3c-4ce7-85d6-fbff9f0ec8f0,8e108f11-a654-479e-a3b6-7d1ceca6b65f
111,2026-09-28,19:48:55.36,"Rickman, Sam",1000497645,Right,,,,,,ChangeUp,Live,,84.71151,0.3013348684,-0.5769134984,1761.639698,243.1449952,2:00,5.87348,2.11749,5.17673,-33.2236,6.52054,12.94503,3.38837,2.65345,77.73998,-5.842947413,1.825560241,0.4537409075,-6.95855,3.34448,-2.0736,50,5.87659,0.78982,-123.20513,-0.50893,-10.72054,23.94938,-27.02144,d903a23d-5d1f-4bd9-ae8d-202a470522fd,cdd49331-8e20-442d-a84f-fa25c260ce98,83.0704,Pitching,25410021,,,,,,,,,,,,,,,,,,,,16.7305473,1687.067996,0.9576691522,,543a0e18-1d5d-4ae2-be6f-881ce868725a,8e108f11-a654-479e-a3b6-7d1ceca6b65f
112,2026-09-28,19:49:10.12,"Rickman, Sam",1000497645,Right,,,,,,Fastball,Live,,89.94205,-1.84213339,-2.103368867,2371.74137,219.7780175,1:15,6.10998,1.91436,5.45098,-21.1842,13.74421,11.4571,2.61857,0.8994,82.51489,-5.77412382,0.03183343852,0.4253640929,-6.64191,7.78532,-1.73678,50,5.93309,4.39551,-130.73153,-4.95797,-11.53363,26.68348,-18.65489,ac4dee3c-bdb1-47aa-8ee5-c2923704ce9c,cdd49331-8e20-442d-a84f-fa25c260ce98,88.61218,Pitching,25410021,,,,,,,,,,,,,,,,,,,,44.45151021,1693.051871,0.7138433778,,bc25f40e-734d-454f-8580-8ba6a4c03ae6,8e108f11-a654-479e-a3b6-7d1ceca6b65f
113,2026-09-28,19:49:28.38,"Rickman, Sam",1000497645,Right,,,,,,Fastball,Live,,90.11032,-3.694302576,-2.61807933,2313.435079,224.8350223,1:30,6.07031,1.79174,5.64857,-21.13619,13.63898,13.53578,0.8553,0.47643,82.57476,-7.619606935,-0.08289050497,0.4244300038,-7.96642,8.32308,-1.57852,50,5.74347,5.51492,-130.72973,-9.17237,-13.78483,27.58839,-17.77207,471fffcc-c047-4651-961a-5285b3b20fd5,cdd49331-8e20-442d-a84f-fa25c260ce98,88.8072,Pitching,25410021,,,,,,,,,,,,,,,,,,,,,,,,d215efc5-d55e-4539-9d69-05814ce4b4a2,8e108f11-a654-479e-a3b6-7d1ceca6b65f
114,2026-09-28,19:49:50.19,"Rickman, Sam",1000497645,Right,,,,,,Fastball,Live,,89.79248,-3.20703452,-3.967050591,2334.967694,229.0874248,1:45,6.26032,1.89162,5.35254,-22.64469,12.60834,14.53002,1.35547,-0.62363,82.72074,-7.381876208,-1.273933135,0.4273361611,-8.69543,7.48629,-1.54503,50,5.95525,8.50497,-130.17091,-8.12514,-15.02755,25.47376,-19.23615,21702828-fc26-4256-a6ff-afdd9dd55e35,cdd49331-8e20-442d-a84f-fa25c260ce98,88.20325,Pitching,25410021,,,,,,,,,,,,,,,,,,,,,,,,e45dbc80-9507-4833-a521-412e9b22919d,8e108f11-a654-479e-a3b6-7d1ceca6b65f
115,2026-09-28,19:50:09.65,"Rickman, Sam",1000497645,Right,,,,,,ChangeUp,Live,,84.0028,-0.5829289349,-2.388982331,1615.263443,247.2635654,2:15,5.87839,2.40456,5.37528,-34.43482,5.53285,13.28008,2.46191,1.2706,77.59833,-6.945974735,0.07659485805,0.4550151351,-7.62602,3.07217,-2.20014,50,5.80202,4.6499,-122.16165,-2.40217,-11.61794,22.23037,-27.49371,2f4ea5d3-8efc-47ef-ae8b-64cdcc59750d,cdd49331-8e20-442d-a84f-fa25c260ce98,82.83777,Pitching,25410021,,,,,,,,,,,,,,,,,,,,7.676754702,1600.786608,0.9910374773,,d16a6025-9078-4fb4-89db-ca53c8ed9d83,8e108f11-a654-479e-a3b6-7d1ceca6b65f
116,2026-09-28,19:50:42.85,"Rickman, Sam",1000497645,Right,,,,,,Slider,Live,,79.66252,-0.7245105102,-3.242461402,2839.730549,59.23449043,8:00,6.03404,2.19216,4.42066,-56.65776,-9.2818,-15.53028,0.62022,-2.19871,72.67878,-11.02184675,-6.100259972,0.4953936363,6.90122,-4.53327,-1.83334,50,5.90421,7.0852,-115.3083,-3.47703,9.10546,25.44465,-38.15524,25e1ec01-9708-4335-9a74-217c8c547fdc,cdd49331-8e20-442d-a84f-fa25c260ce98,76.08584,Pitching,25410021,,,,,,,,,,,,,,,,,,,,55.27344536,1617.682318,0.5696604979,,f8b18928-84e4-4c8d-9e08-29438e016346,8e108f11-a654-479e-a3b6-7d1ceca6b65f
117,2026-09-28,19:51:02.12,"Rickman, Sam",1000497645,Right,,,,,,Fastball,Live,,90.55179,-0.5071094039,-3.103650681,2377.103756,208.7683462,1:00,6.10272,2.05957,5.16596,-20.19287,14.61925,8.0518,3.94207,-0.19289,82.97805,-4.241263302,-1.613822868,0.4246553422,-5.04498,7.80732,-1.77648,50,6.04024,6.83165,-131.53563,-1.91948,-8.88314,26.58523,-18.427,4a33b699-b38c-43d8-a299-b2e1df82b1dd,cdd49331-8e20-442d-a84f-fa25c260ce98,88.76007,Pitching,25410021,,,,,,,,,,,,,,,,,,,,50.77902846,1503.073387,0.6323129074,,bcad6fba-2ef1-4160-bf7b-45f848fee3d4,8e108f11-a654-479e-a3b6-7d1ceca6b65f
118,2026-09-28,19:52:08.54,"Rickman, Sam",1000497645,Right,,,,,,Fastball,Live,,88.64428,-2.508472972,-4.163670561,2383.055647,227.0318568,1:30,6.05169,1.97271,5.15514,-28.35096,8.33174,8.96199,1.32037,-1.20623,81.18421,-7.730864047,-2.503894386,0.4359152881,-5.87654,5.08235,-1.59045,50,5.79564,9.02418,-128.43508,-6.67164,-9.80918,26.76876,-23.69054,97753f3c-0065-444a-87c6-4de4dfc860f2,cdd49331-8e20-442d-a84f-fa25c260ce98,86.46735,Pitching,25410021,,,,,,,,,,,,,,,,,,,,48.31068759,1584.94903,0.6650910699,,5adcfa2c-fbfc-472c-9205-ee3282a5aaab,8e108f11-a654-479e-a3b6-7d1ceca6b65f
119,2026-09-28,19:52:44.69,"Rickman, Sam",1000497645,Right,,,,,,Fastball,Live,,90.77331,-2.035563077,-4.218579822,2234.17176,238.6898912,2:00,6.17929,1.95153,5.19658,-27.19086,7.83739,12.90452,1.99298,-0.94777,82.70019,-7.068791584,-1.821086512,0.4259715914,-8.02645,4.72213,-1.56998,50,5.97022,9.22561,-131.52315,-5.68971,-13.99654,29.06016,-23.9396,8ff88a47-6dc7-4de1-814a-137084dd61be,cdd49331-8e20-442d-a84f-fa25c260ce98,88.4858,Pitching,25410021,,,,,,,,,,,,,,,,,,,221.2762812,39.84473226,1715.360302,0.7677835398,1:30,804620c8-f9cf-4a44-8c15-cf60df451cf1,8e108f11-a654-479e-a3b6-7d1ceca6b65f
120,2026-09-28,19:53:07.22,"Rickman, Sam",1000497645,Right,,,,,,Slider,Live,,80.98398,-0.3030047065,-4.577174883,2719.804125,73.87288656,8:30,6.07818,2.13449,4.52592,-47.637,-2.65847,-9.07999,1.81899,-2.98978,74.74132,-8.931709216,-6.230896099,0.482696362,3.386,-1.28135,-1.64799,50,6.00271,9.71734,-117.26756,-2.34941,4.7131,22.25911,-33.95761,ecc2e665-f6ef-41ba-8534-d7019511899b,cdd49331-8e20-442d-a84f-fa25c260ce98,78.08727,Pitching,25410021,,,,,,,,,,,,,,,,,,,,63.7512764,1202.884262,0.4422687102,,9ebf922e-f921-4d81-a2c3-15f5ee0f03d3,8e108f11-a654-479e-a3b6-7d1ceca6b65f
121,2026-09-28,19:53:30.60,"Rickman, Sam",1000497645,Right,,,,,,Fastball,Live,,89.6857,-0.7226224508,-2.976737324,2286.923837,215.0549752,1:15,6.13632,2.03131,5.25728,-20.92933,14.73907,10.37077,3.71241,0.09661,81.47321,-4.617223406,-1.044630933,0.429846318,-6.34296,7.99154,-1.76626,50,6.05496,6.39594,-130.20734,-2.40114,-10.83848,28.53255,-18.51857,3883ab65-2ad1-4bd8-91b1-abbc18d31d3b,cdd49331-8e20-442d-a84f-fa25c260ce98,87.68817,Pitching,25410021,,,,,,,,,,,,,,,,,,,,42.99030048,1672.814225,0.7314691457,,f21305d7-2bb4-4f2a-b166-6c31bc73dfe6,8e108f11-a654-479e-a3b6-7d1ceca6b65f
122,2026-09-28,19:54:01.43,"Rickman, Sam",1000497645,Right,,,,,,Fastball,Live,,90.13287,-1.325421685,-2.775512258,2182.075435,217.2229147,1:15,6.09737,2.05101,5.33003,-21.88768,13.34959,10.16419,3.02827,0.29214,81.93228,-5.40026836,-0.8784254494,0.4272406263,-6.19504,7.45577,-1.80761,50,5.96219,5.97931,-130.86434,-3.81729,-10.6859,28.98726,-19.31348,76d93398-6b59-4fcf-adaf-b4a06f896411,cdd49331-8e20-442d-a84f-fa25c260ce98,88.22297,Pitching,25410021,,,,,,,,,,,,,,,,,,,,35.81689687,1769.425934,0.8108912762,,ee21b555-d7a8-44d1-9583-2e163a23257a,8e108f11-a654-479e-a3b6-7d1ceca6b65f
123,2026-09-28,19:54:18.35,"Rickman, Sam",1000497645,Right,,,,,,,Live,,37.9716,,,1014.298064,,,6.50137,2.21355,9.82712,,,,5.31852,4.46104,32.66959,,,0.9813951218,17.00001,26.39228,-2.26959,50,6.63607,-4.50595,-54.28668,10.74474,4.63239,8.56721,-24.98232,e98623b3-b7ab-431c-8277-9278bd9eed90,cdd49331-8e20-442d-a84f-fa25c260ce98,38.407,Pitching,25410021,,,,,,,,,,,,,,,,,,,,,,,,4909dc54-c5b3-4f99-9eb4-59034cf0d966,8e108f11-a654-479e-a3b6-7d1ceca6b65f
124,2026-09-28,19:54:45.85,"Rickman, Sam",1000497645,Right,,,,,,ChangeUp,Live,,84.24446,0.3423910861,-2.960235416,1461.29558,265.1214038,2:45,5.83771,2.49537,5.25343,-39.09251,1.14546,13.8818,2.90211,0.8686,77.20647,-6.897173261,-0.3799702071,0.4565511577,-8.13727,0.50896,-2.23424,50,5.84062,5.8539,-122.36491,-0.60209,-12.34316,24.04377,-31.40202,ea3ab656-7c8a-4d62-a5bd-0b7ba9a69782,cdd49331-8e20-442d-a84f-fa25c260ce98,82.55907,Pitching,25410021,,,,,,,,,,,,,,,,,,,,31.70783971,1243.181436,0.8507392019,,0b2910c9-c317-4d9b-9f81-94092976a2cd,8e108f11-a654-479e-a3b6-7d1ceca6b65f
125,2026-09-28,19:55:08.31,"Rickman, Sam",1000497645,Right,,,,,,ChangeUp,Live,,84.59945,-0.9938390558,-2.920700067,1739.291788,249.3110352,2:15,5.81351,2.46187,5.40473,-34.81199,4.92302,13.10813,1.98014,0.8156,77.51684,-7.452672466,-0.475701566,0.4536888212,-7.7726,2.89027,-2.21102,50,5.70101,5.8313,-122.88256,-3.29816,-11.87024,24.62548,-27.76005,31b4eb0b-80d8-49d2-bcfe-bd195c4df30c,cdd49331-8e20-442d-a84f-fa25c260ce98,83.07994,Pitching,25410021,,,,,,,,,,,,,,,,,,,,33.30849136,1453.571344,0.8357259858,,9adedd0c-3736-4403-aaf0-4461df841033,8e108f11-a654-479e-a3b6-7d1ceca6b65f
126,2026-09-28,19:55:13.81,"Rickman, Sam",1000497645,Right,,,,,,ChangeUp,Live,,66.74478,,,1681.345144,,,9.39951,3.10943,,,,,7.43563,0.93203,60.90092,,,0.5401319366,-0.14921,30.04115,-3.03074,50,9.34642,4.06704,-97.46004,-2.77779,-0.1428,16.02318,-3.42258,312d9331-dfdf-4daf-b653-0baa6a44f3ae,cdd49331-8e20-442d-a84f-fa25c260ce98,,Pitching,25410021,,,,,,,,,,,,,,,,,,,,,,,,744b7549-ba17-414d-acdb-fa007afb7de3,8e108f11-a654-479e-a3b6-7d1ceca6b65f
127,2026-09-28,19:55:46.69,"Rickman, Sam",1000497645,Right,,,,,,Fastball,Live,,89.85316,-2.212351407,-4.103642618,2323.612036,217.8637818,1:15,6.08013,2.06509,5.23867,-22.63876,12.75132,9.93337,2.10814,-0.97011,82.50282,-6.389519133,-2.265743026,0.428166041,-6.31311,7.29665,-1.69501,50,5.85977,8.98509,-130.29775,-5.87412,-10.90576,26.1354,-19.56923,f8abc70d-3134-496d-8faf-4a5585793b1d,cdd49331-8e20-442d-a84f-fa25c260ce98,88.03229,Pitching,25410021,,,,,,,,,,,,,,,,,,,,,,,,3eaf273a-dc2e-4605-8499-d53bb1f1560d,8e108f11-a654-479e-a3b6-7d1ceca6b65f
128,2026-09-28,19:56:04.07,"Rickman, Sam",1000497645,Right,,,,,,Slider,Live,,79.94292,-0.005708214537,-3.484953529,2613.27396,67.7693543,8:15,6.07317,2.14927,4.4582,-50.092,-3.77709,-9.16365,1.89339,-1.94091,73.49693,-9.103452462,-5.160556449,0.4898146952,3.69011,-1.9368,-1.77285,50,6.02575,7.38627,-115.86487,-1.81662,4.99488,22.51153,-34.79567,1b617581-955d-4b0d-9cf1-bfd23bcb4d04,cdd49331-8e20-442d-a84f-fa25c260ce98,76.95245,Pitching,25410021,,,,,,,,,,,,,,,,,,,49.97877057,66.70596343,1033.418945,0.3954499071,7:45,44ee65c2-d78e-490a-aaaf-c47d13b53fa9,8e108f11-a654-479e-a3b6-7d1ceca6b65f
129,2026-09-28,19:56:28.04,"Rickman, Sam",1000497645,Right,,,,,,Slider,Live,,80.06802,-1.901093449,-2.728646038,2915.466742,68.17687947,8:15,6.11079,2.10414,4.28175,,,,,,,,,,6.89698,-2.54477,-1.79302,50,5.85248,6.08355,-115.97733,-5.79419,9.30563,23.5929,-35.60754,43f0761c-a9e1-46e8-8bd7-80a52aceed7e,cdd49331-8e20-442d-a84f-fa25c260ce98,,Pitching,25410021,,,,,,,,,,,,,,,,,,,,57.02965729,1586.611146,0.5442048516,,a8f038ee-65af-4441-99c3-460a791e0720,8e108f11-a654-479e-a3b6-7d1ceca6b65f
130,2026-09-28,19:56:56.19,"Rickman, Sam",1000497645,Right,,,,,,Fastball,Warmup,,90.48275,-1.607100127,-3.701720847,2346.153025,214.4545245,1:15,5.98169,2.15761,5.30306,-20.52484,14.37383,9.8865,2.75928,-0.49787,82.63266,-5.414482496,-1.864908646,0.4251829651,-6.24852,8.03723,-1.82855,50,5.82092,8.13464,-131.28611,-4.43688,-10.90851,27.72724,-18.14286,85e2ba93-1b30-4ee3-9b0a-adf1a38724cd,cdd49331-8e20-442d-a84f-fa25c260ce98,88.64993,Pitching,25410021,,,,,,,,,,,,,,,,,,,,43.23635286,1709.252603,0.7285341513,,d87395e6-d241-4d26-bb89-a70fa7ebe486,8e108f11-a654-479e-a3b6-7d1ceca6b65f
131,2026-09-28,19:57:37.33,"Rangel, Rylan",1000510502,Right,,,,,,,Warmup,,70.78991,-0.8205273846,-1.604878866,1764.297077,217.5216478,1:15,6.09634,1.7373,4.58174,-46.05931,12.76103,9.83703,1.47721,1.03008,64.72265,-9.244244144,0.2110249554,0.551995013,-5.55776,6.8305,-1.58035,50,5.97019,2.56983,-102.7271,-2.9156,-5.89242,18.26239,-24.93226,61752171-b6fc-42a8-963c-614b36701c56,cdd49331-8e20-442d-a84f-fa25c260ce98,68.28402,Pitching,25410021,,,,,,,,,,,,,,,,,,,,35.47988588,1436.701211,0.8143193284,,7ca2bfe2-8ae3-4f9a-91dd-8910b1ce26a8,8e108f11-a654-479e-a3b6-7d1ceca6b65f
132,2026-09-28,19:57:47.41,"Rangel, Rylan",1000510502,Right,,,,,,,Warmup,,79.43084,-0.07037485688,-2.039869667,1924.169502,220.9798981,1:15,6.04679,1.52985,4.5825,-32.89127,13.76546,11.99859,3.23887,0.5886,72.19993,-6.114932119,0.172798059,0.4916188561,-6.79094,7.11967,-1.32992,50,6.00994,3.683,-115.26782,-1.3,-9.0808,22.64842,-22.65368,d98327b9-3f67-4741-87b1-4e27fe36d323,cdd49331-8e20-442d-a84f-fa25c260ce98,76.67004,Pitching,25410021,,,,,,,,,,,,,,,,,,,210.4358035,30.87371881,1651.515402,0.8583003734,1:00,ed2bd1cc-00a8-4003-bc87-91b46b45189d,8e108f11-a654-479e-a3b6-7d1ceca6b65f
133,2026-09-28,19:59:02.71,"Rangel, Rylan",1000510502,Right,,,,,,,Live,,48.14084,4.982585249,-0.07998001312,1286.000071,174.0256889,11:45,7.11085,1.93822,10.81375,-52.23496,48.00239,-5.01317,6.96609,1.45308,43.62049,-5.862052661,-1.12392276,0.7205865989,3.23964,29.62527,-1.93864,50,7.08321,0.09104,-70.38126,6.21109,1.59612,9.31151,-17.57811,6078ce0b-4019-4b10-b16a-d9bcc2257542,cdd49331-8e20-442d-a84f-fa25c260ce98,52.30799,Pitching,25410021,,,,,,,,,,,,,,,,,,,,,,,,8bb7258f-abaa-4bcf-87d5-78857f19bd38,8e108f11-a654-479e-a3b6-7d1ceca6b65f
134,2026-09-28,19:59:34.51,"Rangel, Rylan",1000510502,Right,,,,,,Slider,Live,,74.79554,2.167278807,-0.0758135422,2368.380997,63.34530405,8:00,5.75084,1.57166,3.88328,-60.9407,-6.45576,-12.7628,2.7614,0.43505,67.81872,-8.908151927,-2.41097785,0.5312630913,6.41515,-3.95361,-1.54902,50,5.93488,0.60087,-108.31399,1.91434,7.5081,21.53522,-36.80124,fb07fcbb-40d9-4363-b64f-ee98f18311e2,cdd49331-8e20-442d-a84f-fa25c260ce98,70.94873,Pitching,25410021,,,,,,,,,,,,,,,,,,,,52.46061576,1443.07023,0.609306624,,9876b9d4-b782-4a60-8257-b0521b7ad881,8e108f11-a654-479e-a3b6-7d1ceca6b65f
135,2026-09-28,19:59:50.45,"Rangel, Rylan",1000510502,Right,,,,,,Slider,Live,,74.77004,1.672553591,-2.337607115,2579.099873,63.08017385,8:00,5.65564,1.52915,4.28572,-61.03806,-7.29241,-14.31292,2.17052,-1.90047,68.11584,-9.4546934,-4.964897641,0.5276464913,6.57196,-4.26782,-1.26158,50,5.77776,4.90967,-108.29768,1.08047,7.69025,21.50755,-37.16808,747ce581-1c2d-43e7-84be-460310735b04,cdd49331-8e20-442d-a84f-fa25c260ce98,71.43502,Pitching,25410021,,,,,,,,,,,,,,,,,,,,48.1965128,1719.170825,0.666577841,,397f2d26-a8e1-4a19-a28e-0611915cbd44,8e108f11-a654-479e-a3b6-7d1ceca6b65f
136,2026-09-28,20:00:09.07,"Rangel, Rylan",1000510502,Right,,,,,,Slider,Live,,74.57778,2.622541637,0.00391246336,2388.807307,62.78291096,8:00,5.7285,1.55495,4.29032,-61.72517,-7.84751,-15.15506,3.09441,0.29577,67.78201,-8.664722751,-2.784547526,0.5282941041,7.75077,-4.83715,-1.5406,50,5.95271,0.50968,-108.06525,2.84388,9.05156,21.01713,-37.823,c341ef7b-1546-4b78-975b-df6fedbd79c7,cdd49331-8e20-442d-a84f-fa25c260ce98,71.34745,Pitching,25410021,,,,,,,,,,,,,,,,,,,,46.91983233,1631.605543,0.6830209948,,da868b0b-f9bd-4f24-a875-bc6fd6baddcf,8e108f11-a654-479e-a3b6-7d1ceca6b65f
137,2026-09-28,20:00:29.38,"Rangel, Rylan",1000510502,Right,,,,,,Slider,Live,,76.8007,1.10724281,-1.097348263,2465.54987,56.48394982,8:00,5.72242,1.47621,4.90969,-58.51065,-8.68731,-13.06163,1.89374,-0.64991,69.76504,-9.705231781,-3.531926054,0.508028171,6.47115,-4.91449,-1.35866,50,5.78343,2.55521,-111.42714,0.26873,7.98478,23.48936,-38.23806,28faddbe-153c-44aa-8bee-4b81da441790,cdd49331-8e20-442d-a84f-fa25c260ce98,74.1936,Pitching,25410021,,,,,,,,,,,,,,,,,,,,,,,,aec9d64e-f9cf-40e1-a86d-2ba0f76c6e8b,8e108f11-a654-479e-a3b6-7d1ceca6b65f
138,2026-09-28,20:01:07.87,"Rangel, Rylan",1000510502,Right,,,,,,Fastball,Live,,87.25523,-0.6098458107,-1.957088758,2298.815194,208.8102769,1:00,5.84981,1.34172,4.99646,-22.46039,15.54199,8.56814,3.40208,0.20757,79.30472,-4.769667105,-0.3668578922,0.4436870791,-5.05168,8.30681,-1.16047,50,5.77345,4.01679,-126.72487,-2.17153,-8.17703,27.01003,-18.72803,ffa76e50-859c-43ee-893e-904f622707b2,cdd49331-8e20-442d-a84f-fa25c260ce98,84.95275,Pitching,25410021,,,,,,,,,,,,,,,,,,,,42.71940396,1688.904778,0.7346848854,,061358f9-7ec8-400d-918e-a9deeb111f25,8e108f11-a654-479e-a3b6-7d1ceca6b65f
139,2026-09-28,20:01:26.53,"Rangel, Rylan",1000510502,Right,,,,,,Fastball,Live,,87.26399,-1.334723469,-3.862318127,2147.35868,233.730291,1:45,5.75231,1.40024,5.2134,-27.35671,10.52346,14.3829,2.21462,-1.03798,79.29889,-6.413335873,-1.184756303,0.4429731237,-8.72975,5.94526,-1.05399,50,5.6088,8.03398,-126.52483,-3.92096,-14.06187,27.3365,-22.59742,91552e68-24a1-4952-8539-40df845d3d83,cdd49331-8e20-442d-a84f-fa25c260ce98,85.08967,Pitching,25410021,,,,,,,,,,,,,,,,,,,,41.34813265,1612.042387,0.7507094187,,93c9939c-7e9a-44f3-aa1d-12fef6430239,8e108f11-a654-479e-a3b6-7d1ceca6b65f
140,2026-09-28,20:01:47.13,"Rangel, Rylan",1000510502,Right,,,,,,ChangeUp,Live,,81.76705,-1.222451848,-2.264616896,1614.44747,243.4458905,2:00,5.7673,1.45708,5.15707,-35.7879,6.96951,14.00116,1.63337,0.49135,75.26274,-7.814805102,0.3320068584,0.4706272879,-7.96361,3.99001,-1.2564,50,5.62623,4.22672,-118.81015,-3.74297,-11.41331,22.19531,-26.45564,efa4674c-7137-4c2c-96fa-53cc93f87268,cdd49331-8e20-442d-a84f-fa25c260ce98,80.08979,Pitching,25410021,,,,,,,,,,,,,,,,,,,,28.39091631,1420.268134,0.8797239674,,51418d81-8fd3-4a51-8910-d4de6c7b8283,8e108f11-a654-479e-a3b6-7d1ceca6b65f
141,2026-09-28,20:02:08.88,"Rangel, Rylan",1000510502,Right,,,,,,Fastball,Live,,88.57868,-1.130227087,-3.015952412,2285.246071,220.7645511,1:15,5.86197,1.37531,5.20057,-23.38843,13.27121,11.47084,2.84845,-0.50764,80.54395,-5.473503798,-0.8808422188,0.4357782483,-6.92383,7.32202,-1.10464,50,5.74003,6.36083,-128.56786,-3.38214,-11.53403,27.83889,-19.97669,2017ae90-fb42-4808-9d15-58b92ea2a30a,cdd49331-8e20-442d-a84f-fa25c260ce98,86.49454,Pitching,25410021,,,,,,,,,,,,,,,,,,,,37.06124654,1823.607492,0.7979917415,,e8b25e95-cae9-4d06-9086-8e7bd13b1765,8e108f11-a654-479e-a3b6-7d1ceca6b65f
142,2026-09-28,20:02:43.73,"Rangel, Rylan",1000510502,Right,,,,,,Fastball,Live,,88.48637,-2.058882135,-3.835243158,2288.280686,220.648821,1:15,5.81997,1.26017,5.30315,-24.61848,11.90553,10.24322,1.83076,-1.49145,80.95087,-6.616352723,-1.932398901,0.4349712943,-6.47535,6.86023,-0.9192,50,5.61515,8.2396,-128.33638,-5.49832,-10.80114,26.52043,-20.73091,ea33ce6b-9aeb-4f04-942c-9922ebb03d34,cdd49331-8e20-442d-a84f-fa25c260ce98,86.655,Pitching,25410021,,,,,,,,,,,,,,,,,,,,33.36008891,1911.243228,0.8352311145,,856aa863-d77c-4a01-9ad8-f66be2c52151,8e108f11-a654-479e-a3b6-7d1ceca6b65f
143,2026-09-28,20:03:03.03,"Rangel, Rylan",1000510502,Right,,,,,,Fastball,Warmup,,87.56644,-0.4779679699,-2.725465825,2174.363353,240.5967652,2:00,5.74285,1.49843,5.28583,-27.4329,10.13727,18.05106,3.00748,0.44176,79.20516,-5.596809404,0.6523204034,0.4411568207,-10.39935,5.51374,-1.26316,50,5.67974,5.41982,-127.10796,-2.02062,-16.82613,28.73067,-23.25282,36149d05-6de0-49db-b747-4fd1f68d1400,cdd49331-8e20-442d-a84f-fa25c260ce98,85.44,Pitching,25410021,,,,,,,,,,,,,,,,,,,,39.68040337,1673.429142,0.7696179851,,e900db98-e6ed-4f34-a186-5ee730a86830,8e108f11-a654-479e-a3b6-7d1ceca6b65f
144,2026-09-28,20:05:01.84,"Rodriguez, John",1000616296,Right,,,,,,,Warmup,,74.97135,,,1721.107766,,,5.84564,2.57903,5.18683,,,,1.43171,0.84431,68.60074,,,0.5158478716,-11.33993,0.40747,-2.26243,50,5.78955,6.18388,-108.75164,-1.92394,-13.4783,20.41443,-31.68974,f06d05d8-2c66-4db9-9442-4c94f177d7a7,cdd49331-8e20-442d-a84f-fa25c260ce98,73.0689,Pitching,25410021,,,,,,,,,,,,,,,,,,,,31.21728364,1471.905053,0.8552079551,,b66022a3-54e5-4f3f-9491-93d11ecdb5cf,8e108f11-a654-479e-a3b6-7d1ceca6b65f
145,2026-09-28,20:05:12.84,"Rodriguez, John",1000616296,Right,,,,,,,Warmup,,82.14679,0.8999195715,-2.463190961,1941.181243,263.7019805,2:45,5.3638,2.49346,5.31145,-40.69483,2.10838,19.56228,2.81796,1.81059,74.17956,-6.706367348,1.207464277,0.4708792444,-11.16901,0.82773,-2.28411,50,5.41667,4.49186,-119.22193,0.54984,-15.83064,26.17973,-31.00084,7fbcaef8-2e15-4ec4-b2bf-0538216f5c16,cdd49331-8e20-442d-a84f-fa25c260ce98,80.04693,Pitching,25410021,,,,,,,,,,,,,,,,,,,,27.02860326,1729.164984,0.8907797716,,15525eb7-c3cf-4a97-81d6-8b3736a0bfd1,8e108f11-a654-479e-a3b6-7d1ceca6b65f
146,2026-09-28,20:05:20.96,"Rodriguez, John",1000616296,Right,,,,,,,Live,,44.41519,6.685068088,3.949324168,1129.019251,,,6.64974,2.43118,13.68276,,,,6.02951,3.42094,39.63342,,,0.744824898,20.53276,23.41336,-2.20202,50,6.24972,-4.86883,-65.01979,8.69405,8.39727,9.64709,-22.59871,b05e4a16-6448-4042-87f1-56c0169a8406,cdd49331-8e20-442d-a84f-fa25c260ce98,50.60577,Pitching,25410021,,,,,,,,,,,,,,,,,,,,,,,,9bced3c6-fb70-483b-9088-aef2db221bf6,8e108f11-a654-479e-a3b6-7d1ceca6b65f
147,2026-09-28,20:05:38.43,"Rodriguez, John",1000616296,Right,,,,,,Slider,Live,,74.51307,3.453975687,-4.336322282,2064.297897,56.79490732,8:00,5.21809,2.77256,4.74006,-57.25263,-4.58679,-6.997,3.73634,-1.93116,68.54567,-7.003382886,-5.614760483,0.522319108,2.45513,-3.30173,-2.32986,50,5.51721,8.40237,-107.81073,4.66584,2.89969,18.1311,-36.07363,b9438c0b-818f-40ea-8bb2-ac1b9700e25b,cdd49331-8e20-442d-a84f-fa25c260ce98,72.16362,Pitching,25410021,,,,,,,,,,,,,,,,,,,,,,,,ec2e9ec7-f549-493f-9dcf-f18f695d37c0,8e108f11-a654-479e-a3b6-7d1ceca6b65f
148,2026-09-28,20:05:48.70,"Rodriguez, John",1000616296,Right,,,,,,Fastball,Live,,83.43299,0.209018584,-3.799931522,1959.869802,255.3229766,2:30,5.31571,2.52907,5.65511,-36.17423,4.81611,18.57636,2.49653,0.52855,75.35535,-6.589291075,-0.2991299108,0.4607996674,-11.18219,2.51783,-2.21894,50,5.31089,7.45798,-121.03407,-0.68878,-16.3551,26.7121,-28.49146,4b9a3376-8bda-4344-ab44-d8561937c801,cdd49331-8e20-442d-a84f-fa25c260ce98,81.79789,Pitching,25410021,,,,,,,,,,,,,,,,,,,,30.15428382,1694.652156,0.8646758854,,73cfb0a0-9d4b-4b6c-b265-d070924b4d04,8e108f11-a654-479e-a3b6-7d1ceca6b65f
149,2026-09-28,20:06:09.19,"Rodriguez, John",1000616296,Right,,,,,,Slider,Live,,74.53559,1.5117536,-4.254318132,1929.435145,117.7038169,10:00,5.27212,2.77571,4.68224,-52.12264,1.2839,-2.52656,2.36821,-1.48156,67.62791,-8.07101893,-4.720124227,0.5259792466,-0.04204,0.1847,-2.34084,50,5.38085,8.10422,-107.84653,1.1694,-0.04884,21.11797,-31.95945,a53d9866-0633-42e8-b905-7e98ce6f596b,cdd49331-8e20-442d-a84f-fa25c260ce98,71.66146,Pitching,25410021,,,,,,,,,,,,,,,,,,,,76.37485742,454.5143499,0.2355686072,,c716cb04-9056-4cef-bb8c-d7f3f84cfb80,8e108f11-a654-479e-a3b6-7d1ceca6b65f
150,2026-09-28,20:06:41.40,"Rodriguez, John",1000616296,Right,,,,,,Slider,Live,,74.67522,1.079717601,-5.048215082,,,,5.18071,2.83771,4.62349,-53.52832,-0.87446,-1.66362,1.75038,-2.11161,68.90161,-8.650977758,-5.351508817,0.5222596752,-0.51331,-0.74413,-2.31723,50,5.24398,9.60276,-108.08374,0.27517,-0.60873,18.39875,-33.0565,82ab8d4e-505e-4a72-ae22-895ba7b5efcc,cdd49331-8e20-442d-a84f-fa25c260ce98,72.17183,Pitching,25410021,,,,,,,,,,,,,,,,,,,,,,,,78d846b3-0284-47f4-8213-b7df57b7108f,8e108f11-a654-479e-a3b6-7d1ceca6b65f
151,2026-09-28,20:06:55.99,"Rodriguez, John",1000616296,Right,,,,,,Slider,Live,,74.68303,1.053549693,-5.336605541,2094.534906,89.48444377,9:00,5.19104,2.82271,4.86706,-52.43566,-0.05336,-1.33414,1.82276,-2.35278,68.65925,-8.535591391,-5.581135223,0.520911187,-0.81399,-0.32594,-2.29554,50,5.25171,10.1359,-108.05279,0.32479,-0.96107,19.06102,-32.55888,071abd0d-6dec-4eee-b634-eac824f41598,cdd49331-8e20-442d-a84f-fa25c260ce98,72.35867,Pitching,25410021,,,,,,,,,,,,,,,,,,,,74.09559035,573.9721788,0.2740332363,,da8e2ff4-a60d-48d4-bfab-310f29b42e1d,8e108f11-a654-479e-a3b6-7d1ceca6b65f
152,2026-09-28,20:07:11.86,"Rodriguez, John",1000616296,Right,,,,,,Fastball,Live,,83.98572,0.3926989177,-3.630989201,2034.456109,252.1098021,2:30,5.20667,2.7689,5.77263,-34.22625,5.74746,17.96799,2.7206,0.88334,76.35977,-6.033055752,-0.2502779106,0.4550494981,-10.74162,2.97492,-2.47977,50,5.21861,7.18034,-121.94848,-0.22582,-16.07358,25.39485,-27.72244,47e19270-ab6d-4121-8bfc-727e8556630e,cdd49331-8e20-442d-a84f-fa25c260ce98,82.83151,Pitching,25410021,,,,,,,,,,,,,,,,,,,,26.95094681,1813.503752,0.8913948769,,4b6cceb5-5dca-4aea-99c2-8120362b039c,8e108f11-a654-479e-a3b6-7d1ceca6b65f
153,2026-09-28,20:07:27.11,"Rodriguez, John",1000616296,Right,,,,,,Fastball,Live,,84.02814,-1.083447441,-4.69108706,2020.938144,249.2266962,2:15,5.24411,2.56025,5.45985,-33.96273,6.60602,17.48826,1.39637,-0.38254,76.43571,-7.409169301,-1.423380907,0.4584238282,-10.70529,3.83852,-2.15855,50,5.12563,9.41968,-121.75718,-3.42031,-15.95863,25.45911,-26.45188,2d1165b7-b928-41cb-a962-bd68906de857,cdd49331-8e20-442d-a84f-fa25c260ce98,82.22181,Pitching,25410021,,,,,,,,,,,,,,,,,,,,34.34407359,1668.617022,0.8256645694,,87853143-8c36-4d6b-806c-a0877ee1e556,8e108f11-a654-479e-a3b6-7d1ceca6b65f
154,2026-09-28,20:07:49.61,"Rodriguez, John",1000616296,Right,,,,,,Slider,Live,,74.85812,2.339692582,-3.421562092,2149.949344,56.51036308,8:00,5.1298,2.82215,5.06192,-54.94139,-3.06955,-4.59533,2.76245,-0.79059,68.2675,-7.815838462,-4.273484532,0.5183668326,1.37845,-2.31775,-2.49354,50,5.30994,6.62841,-108.48609,2.74061,1.62941,20.42007,-34.91378,4c1a2743-ecb1-4f2e-ae08-85bb221ee6ae,cdd49331-8e20-442d-a84f-fa25c260ce98,72.71383,Pitching,25410021,,,,,,,,,,,,,,,,,,,,,,,,a8a301a7-9411-4ad9-8f8d-3eae13792873,8e108f11-a654-479e-a3b6-7d1ceca6b65f
155,2026-09-28,20:08:08.13,"Rodriguez, John",1000616296,Right,,,,,,ChangeUp,Live,,79.63496,0.4847724862,-4.648178712,1751.33693,275.7506556,3:15,5.4183,2.76635,5.84106,-45.97285,-1.62199,15.68306,2.03919,-0.25546,72.8602,-8.116774758,-1.70313582,0.4793165565,-9.7946,-1.01431,-2.39684,50,5.43094,8.93498,-115.51574,-0.35892,-13.18628,22.2509,-33.5396,9702fe40-365c-4980-8a2f-f17f47022746,cdd49331-8e20-442d-a84f-fa25c260ce98,78.63788,Pitching,25410021,,,,,,,,,,,,,,,,,,,,31.08855589,1499.792824,0.8563702385,,55934cfd-cb60-4642-9b86-9ea348f81a6f,8e108f11-a654-479e-a3b6-7d1ceca6b65f
156,2026-09-28,20:08:21.74,"Rodriguez, John",1000616296,Right,,,,,,,Live,,41.23957,6.171772873,-4.961324004,1080.691099,,,7.27145,2.40367,5.39359,,,,3.11863,-0.47583,36.25867,,,0.9682365993,-13.95097,29.97632,-1.97449,50,7.74723,4.80606,-59.11864,4.5905,-4.59934,9.21061,-22.2915,7c9b2020-8db1-4b0b-a56e-954cb0b2dc05,cdd49331-8e20-442d-a84f-fa25c260ce98,38.92895,Pitching,25410021,,,,,,,,,,,,,,,,,,,,,,,,20907aca-bad6-4265-acae-a3307ba31e7a,8e108f11-a654-479e-a3b6-7d1ceca6b65f
157,2026-09-28,20:08:43.77,"Rodriguez, John",1000616296,Right,,,,,,Slider,Live,,72.90399,1.988002684,-2.399225538,,,,5.33852,2.86552,4.90972,-53.11035,1.54571,-3.75315,2.79469,0.283,66.7471,-7.791051041,-3.093083273,0.5320966794,1.26497,0.23237,-2.62829,50,5.48945,4.54856,-105.78753,2.03109,1.42845,18.63767,-31.91165,f7ab7545-8e1b-4a71-a41d-94e363d7cc0f,cdd49331-8e20-442d-a84f-fa25c260ce98,70.83758,Pitching,25410021,,,,,,,,,,,,,,,,,,,,,,,,49e8adff-c452-4343-b680-092fe8102e82,8e108f11-a654-479e-a3b6-7d1ceca6b65f
158,2026-09-28,20:08:59.70,"Rodriguez, John",1000616296,Right,,,,,,Slider,Live,,70.81033,0.6215687403,-0.6041812167,2089.866383,,,5.27816,2.86675,4.74655,,,,0.68813,2.0018,64.06832,,,0.5541415845,1.6145,-1.71664,-2.80314,50,5.28823,1.18872,-102.67909,-0.76519,1.68126,20.89604,-33.96166,0c9b4608-fe37-4309-a566-12617c89996e,cdd49331-8e20-442d-a84f-fa25c260ce98,68.01951,Pitching,25410021,,,,,,,,,,,,,,,,,,,,78.70005877,409.4991578,0.1959451385,,18fc2985-519d-4946-83e1-d7ecde14d63c,8e108f11-a654-479e-a3b6-7d1ceca6b65f
159,2026-09-28,20:09:32.42,"Rodriguez, John",1000616296,Right,,,,,,Fastball,Live,,83.82075,0.8678343218,-5.5732983,2006.995532,242.2489432,2:00,5.19992,2.54236,5.39171,-33.74256,7.09628,13.65309,3.2052,-1.55901,76.21044,-5.408631195,-3.037173596,0.4599473039,-8.84074,3.5125,-2.05347,50,5.2543,11.38747,-121.31909,0.73209,-13.13681,24.39526,-26.95468,9dadf163-2cec-4bd6-9d62-51ce8dab9190,cdd49331-8e20-442d-a84f-fa25c260ce98,81.94947,Pitching,25410021,,,,,,,,,,,,,,,,,,,,28.90957427,1756.89129,0.8753837571,,abd14c18-9c67-4904-95b1-caae719dd0e6,8e108f11-a654-479e-a3b6-7d1ceca6b65f
160,2026-09-28,20:09:49.82,"Rodriguez, John",1000616296,Right,,,,,,Fastball,Live,,84.7095,1.206696738,-4.96515992,2048.995175,244.6155317,2:15,5.21003,2.38932,5.4434,-32.62004,7.09699,15.13812,3.62579,-1.00908,77.21574,-4.863631354,-2.150310138,0.4535861603,-9.41245,3.43107,-1.96045,50,5.29469,10.16134,-122.75345,1.51155,-14.36697,24.2168,-26.93693,96911e4a-fde6-4a1c-b85e-3f31d2ea78c0,cdd49331-8e20-442d-a84f-fa25c260ce98,83.09874,Pitching,25410021,,,,,,,,,,,,,,,,,,,,33.83341251,1702.018167,0.8306599196,,688b3f5a-9150-4be4-bace-fae05719bc2a,8e108f11-a654-479e-a3b6-7d1ceca6b65f
161,2026-09-28,20:10:27.06,"Rodriguez, John",1000616296,Right,,,,,,Fastball,Live,,84.82223,0.2352325097,-3.926448631,2029.212623,246.6688129,2:15,5.24637,2.66108,5.75629,-31.84248,7.41938,17.32957,2.81228,0.44509,77.01195,-5.744454787,-0.6672313709,0.450979502,-10.48926,3.91878,-2.34603,50,5.24668,7.90536,-123.11423,-0.49445,-15.98741,26.02521,-26.20117,9b5fa946-9eae-4d64-8374-6a1aa237b838,cdd49331-8e20-442d-a84f-fa25c260ce98,83.57905,Pitching,25410021,,,,,,,,,,,,,,,,,,,,24.38367405,1848.209565,0.9108013345,,b9988385-4718-4ae6-b4c4-d885f4270185,8e108f11-a654-479e-a3b6-7d1ceca6b65f
162,2026-09-28,20:10:49.75,"Rodriguez, John",1000616296,Right,,,,,,Fastball,Live,,84.7821,0.569019241,-4.566937963,2017.669399,248.8324408,2:15,5.25129,2.45926,5.70362,-32.21905,7.54373,19.66889,3.09819,-0.16539,76.23296,-5.503485401,-0.857597147,0.4538472972,-12.05978,3.87229,-2.08826,50,5.27938,9.19545,-122.86158,0.2111,-18.14425,27.90733,-26.34809,295b7c0b-16ca-4b7c-b719-388c40f9b9e8,cdd49331-8e20-442d-a84f-fa25c260ce98,83.05093,Pitching,25410021,,,,,,,,,,,,,,,,,,,,27.9207762,1782.804397,0.8835958945,,c112b7c3-4bb4-4170-814e-ba5e52bf9b7d,8e108f11-a654-479e-a3b6-7d1ceca6b65f
163,2026-09-28,20:11:11.39,"Rodriguez, John",1000616296,Right,,,,,,Slider,Live,,74.53276,1.646626837,-2.964046627,2040.330338,106.8563588,9:30,5.12025,2.69895,4.86501,-51.83243,1.0122,-3.47232,2.36155,-0.39769,67.68371,-7.924793869,-3.607769578,0.5232049186,0.87899,0.00964,-2.4044,50,5.23994,5.70347,-108.03266,1.47237,1.0258,21.01817,-32.1628,8882c7a8-68c6-4287-87cf-6b024a9f557c,cdd49331-8e20-442d-a84f-fa25c260ce98,72.04145,Pitching,25410021,,,,,,,,,,,,,,,,,,,,76.28928925,483.5986095,0.2370197612,,d037960d-0b17-4d38-ae87-9162e605c519,8e108f11-a654-479e-a3b6-7d1ceca6b65f
164,2026-09-28,20:11:50.35,"Rodriguez, John",1000616296,Right,,,,,,Fastball,Live,,84.59062,-0.3955046021,-4.788587981,1960.19143,244.7032479,2:15,5.24968,2.52183,5.61646,-32.96593,6.78127,14.45062,2.13216,-0.75286,76.93557,-6.556623503,-2.084209364,0.4537584,-9.14409,3.7439,-2.12203,50,5.19488,9.80793,-122.61602,-1.90752,-13.83952,25.57212,-26.50769,08cd4a14-4d71-47a4-bf67-922c474af6c8,cdd49331-8e20-442d-a84f-fa25c260ce98,83.0672,Pitching,25410021,,,,,,,,,,,,,,,,,,,,19.91583254,1842.960288,0.940194034,,e205f33c-bb0a-43f2-bbf0-19262a125360,8e108f11-a654-479e-a3b6-7d1ceca6b65f
165,2026-09-28,20:12:04.66,"Rodriguez, John",1000616296,Right,,,,,,Fastball,Live,,84.67513,0.899517756,-3.491055897,2037.32951,246.5295881,2:15,5.30102,2.56895,5.66865,-33.13023,6.40283,14.8808,3.38036,0.55048,76.78107,-5.318421711,-0.6946487901,0.4525344072,-9.0274,3.16169,-2.28356,50,5.35635,7.02505,-122.92172,0.87847,-13.70492,26.13114,-27.37414,97ffaedb-704d-4c1b-9b6f-c97f60cc2c05,cdd49331-8e20-442d-a84f-fa25c260ce98,83.29187,Pitching,25410021,,,,,,,,,,,,,,,,,,,,19.8122641,1916.736392,0.9408082409,,164c8346-db78-4fe1-be4e-25105453cbbe,8e108f11-a654-479e-a3b6-7d1ceca6b65f
166,2026-09-28,20:14:03.89,"Bussard, Jack",824655,Left,,,,,,,Live,,47.36297,6.127556422,4.573915084,1296.040798,,,6.94949,-0.38249,,,,,6.52913,1.99782,42.35283,,,0.8108338729,13.7301,27.27899,0.0512,50,7.37402,-5.11205,-68.28626,6.19405,6.34472,9.01553,-19.56835,d3a5ee06-705d-4e1e-94d2-73d96b73abc1,cdd49331-8e20-442d-a84f-fa25c260ce98,,Pitching,25410021,,,,,,,,,,,,,,,,,,,,,,,,d5953c9c-43c4-498a-9259-de75925d8af5,8e108f11-a654-479e-a3b6-7d1ceca6b65f
167,2026-09-28,20:14:37.51,"Bussard, Jack",824655,Left,,,,,,Curveball,Live,,72.20915,0.7331865835,2.79333061,2067.842399,344.0639532,5:30,6.6618,-1.20383,4.79028,-69.03055,-12.97108,3.69513,1.60486,1.75307,66.81114,-11.85070189,3.47531711,0.5388847555,-1.09599,-6.95356,0.92219,50,6.67668,-5.22645,-104.761,-0.80619,-1.21102,18.64494,-39.85739,881737e7-a15e-490b-8a25-adc15914bf34,cdd49331-8e20-442d-a84f-fa25c260ce98,69.94527,Pitching,25410021,,,,,,,,,,,,,,,,,,,,-53.90329806,1218.269033,0.5891498468,,d829b0ef-9966-4022-99b3-a3b079129713,8e108f11-a654-479e-a3b6-7d1ceca6b65f
168,2026-09-28,20:14:56.76,"Bussard, Jack",824655,Left,,,,,,Fastball,Live,,86.49048,-2.657498533,2.39845583,2157.668555,150.9007839,11:00,6.74027,-0.85984,5.57216,-21.71512,16.27185,-9.06253,2.44482,0.62623,78.71469,-6.707729631,0.6982105253,0.4435971311,5.55185,9.47981,0.65935,50,6.49736,-4.95886,-125.55192,-6.55133,8.80464,26.95194,-17.1401,925b0cc9-2acb-47d6-b9d7-66a31540bf07,cdd49331-8e20-442d-a84f-fa25c260ce98,84.96998,Pitching,25410021,,,,,,,,,,,,,,,,,,,,-9.913155549,2125.454183,0.985069824,,79d1f0f0-52b6-4ed0-8920-52945f5bd989,8e108f11-a654-479e-a3b6-7d1ceca6b65f
169,2026-09-28,20:15:19.50,"Bussard, Jack",824655,Left,,,,,,Fastball,Live,,86.54902,-1.498715818,1.481782823,2174.393129,144.1640614,10:45,6.76364,-0.8677,5.491,-19.58252,18.44616,-13.33767,3.72917,-0.59289,78.49099,-5.160058353,-1.021040375,0.4438406453,7.55474,10.28182,0.74703,50,6.61956,-2.80577,-125.76116,-3.94831,11.99634,27.52633,-15.84731,c8b383c2-47c0-4249-9b93-29a3411ab6ec,cdd49331-8e20-442d-a84f-fa25c260ce98,84.92336,Pitching,25410021,,,,,,,,,,,,,,,,,,,,-0.2445568759,2174.373322,0.9999908907,,8f144557-fc0a-4ecf-b6d9-69745dab2626,8e108f11-a654-479e-a3b6-7d1ceca6b65f
170,2026-09-28,20:15:50.02,"Bussard, Jack",824655,Left,,,,,,Fastball,Live,,86.75163,-2.009867006,0.0506381899,2142.056753,154.4107248,11:15,6.84366,-0.80425,5.40795,-17.56029,20.47881,-9.8161,3.49671,-1.57482,78.55774,-5.287323647,-1.790261722,0.4439014294,5.23293,11.50486,0.80647,50,6.653,0.2225,-126.0261,-5.01995,8.32746,28.12698,-13.8657,3c7d30a4-229f-4111-8ea5-34b61ff78bfc,cdd49331-8e20-442d-a84f-fa25c260ce98,84.91173,Pitching,25410021,,,,,,,,,,,,,,,,,,,,0.2958904814,2142.02819,0.9999866652,,0465f1e2-ee44-41b0-8f85-aed6730e9ef0,8e108f11-a654-479e-a3b6-7d1ceca6b65f
171,2026-09-28,20:16:39.39,"Bussard, Jack",824655,Left,,,,,,Fastball,Live,,87.20134,-3.964221239,1.32868939,2139.432833,141.165491,10:45,6.73209,-1.11351,5.69632,-21.08925,16.40176,-13.18368,1.27407,-0.97392,78.989,-7.902706438,-1.160968087,0.440691815,7.50796,10.07821,1.01021,50,6.38626,-2.50519,-126.45409,-9.44989,11.98914,29.1093,-16.08058,519212d8-c08d-4125-a552-b3aae8ba4211,cdd49331-8e20-442d-a84f-fa25c260ce98,85.53015,Pitching,25410021,,,,,,,,,,,,,,,,,,,,-7.657213998,2120.355465,0.9910829785,,7fd9a2d3-c45f-4ff7-b354-004ff3dc4533,8e108f11-a654-479e-a3b6-7d1ceca6b65f
172,2026-09-28,20:17:04.46,"Bussard, Jack",824655,Left,,,,,,Fastball,Live,,85.62203,-3.168486339,2.21357847,2100.459586,142.4692458,10:45,6.70424,-1.15289,5.68354,-26.30824,12.51654,-9.6165,1.5537,0.10977,77.71546,-8.083987129,0.4001114268,0.448462269,5.85898,7.71737,0.9727,50,6.42125,-4.49404,-124.22209,-7.72315,9.04193,27.75294,-20.26414,d1b51c09-e479-4450-b364-1f993f4cffa6,cdd49331-8e20-442d-a84f-fa25c260ce98,84.04818,Pitching,25410021,,,,,,,,,,,,,,,,,,,,-3.86319286,2095.686851,0.9977277664,,6ee1d1f0-06ec-44bd-a1be-9cb2c38177e4,8e108f11-a654-479e-a3b6-7d1ceca6b65f
173,2026-09-28,20:17:30.40,"Bussard, Jack",824655,Left,,,,,,Fastball,Live,,85.78367,-3.270182356,0.8382895015,2142.204423,139.18836,10:45,6.68742,-1.06522,5.78384,-22.98864,15.20103,-13.1246,1.72605,-1.37908,78.48361,-7.553982045,-1.631595056,0.4447790691,7.30016,9.12047,1.00409,50,6.40425,-1.40674,-124.62029,-7.85114,11.43664,25.93122,-17.88567,4a026d49-d1ca-4b16-919e-cb57dedf9772,cdd49331-8e20-442d-a84f-fa25c260ce98,84.74418,Pitching,25410021,,,,,,,,,,,,,,,,,,,,-4.457229615,2135.725592,0.9969756244,,bf6a5eae-2ab4-472e-befa-8d6f6d5d594b,8e108f11-a654-479e-a3b6-7d1ceca6b65f
174,2026-09-28,20:17:54.88,"Bussard, Jack",824655,Left,,,,,,Curveball,Live,,72.35846,1.349177201,1.279949409,2022.483692,358.2675953,6:00,6.65391,-1.17743,5.44542,-66.41567,-12.20434,0.36775,2.38283,0.05162,66.93331,-10.93268573,1.348685447,0.5299274777,0.17105,-6.86912,1.06427,50,6.72785,-2.36078,-105.19317,0.59245,0.19111,18.32208,-39.84887,f84fe2ed-7960-4d41-b98d-069df9175036,cdd49331-8e20-442d-a84f-fa25c260ce98,71.12754,Pitching,25410021,,,,,,,,,,,,,,,,,,,330.5648342,-56.15964633,1126.282222,0.5568807436,5:00,d6fc008f-e29d-4736-ab5f-4ff9dd7cc93f,8e108f11-a654-479e-a3b6-7d1ceca6b65f
175,2026-09-28,20:18:17.94,"Bussard, Jack",824655,Left,,,,,,Fastball,Live,,86.1602,-3.927683082,0.8818078399,2126.91557,148.179945,11:00,6.7185,-0.88355,5.71164,-19.47233,18.61121,-11.53482,1.43104,-1.02333,78.60887,-7.552220665,-1.288272132,0.444160662,6.44948,11.14533,0.81696,50,6.37783,-1.55308,-125.04404,-9.21361,10.15359,26.55015,-14.62766,4a756384-4890-44ef-82af-27d174991a22,cdd49331-8e20-442d-a84f-fa25c260ce98,84.86217,Pitching,25410021,,,,,,,,,,,,,,,,,,,,-5.962901088,2115.407615,0.9945893689,,2cbfbf9a-f211-4096-8ae3-fea8087bc038,8e108f11-a654-479e-a3b6-7d1ceca6b65f
176,2026-09-28,20:18:44.78,"Bussard, Jack",824655,Left,,,,,,Fastball,Live,,86.34696,-2.15961328,0.8058332294,2160.60614,152.2810452,11:00,6.71376,-0.95739,5.67103,-19.10048,18.83357,-9.9036,3.10771,-1.03144,78.43135,-5.736158993,-1.058276822,0.443288023,5.55272,10.7488,0.89565,50,6.5198,-1.44332,-125.49361,-5.35349,8.78382,27.30188,-15.17055,36c76c32-62c3-4f5b-a7a5-0d746c05eb32,cdd49331-8e20-442d-a84f-fa25c260ce98,85.02923,Pitching,25410021,,,,,,,,,,,,,,,,,,,,-0.144844126,2160.599236,0.9999968046,,6e8031fe-3905-412c-8f5f-271340e06f81,8e108f11-a654-479e-a3b6-7d1ceca6b65f
177,2026-09-28,20:19:08.10,"Bussard, Jack",824655,Left,,,,,,Curveball,Live,,72.79128,2.827998511,-0.1439546157,2008.495559,328.008052,5:00,6.63485,-1.18795,4.9105,-61.62867,-6.96071,4.31411,4.1751,-0.96455,66.85194,-8.511338096,0.6544119303,0.5321546278,-2.2879,-4.4206,1.19847,50,6.86064,0.13184,-105.67372,3.31068,-2.58465,18.16549,-37.16802,5186dd9b-7d04-4c56-83fb-29fe43a13c58,cdd49331-8e20-442d-a84f-fa25c260ce98,70.82986,Pitching,25410021,,,,,,,,,,,,,,,,,,,333.5579982,-53.30162453,1200.281794,0.5976024137,5:00,fa099917-d47a-4a53-a0e1-e5d5a529f009,8e108f11-a654-479e-a3b6-7d1ceca6b65f
178,2026-09-28,20:19:29.04,"Bussard, Jack",824655,Left,,,,,,Fastball,Live,,84.89012,-2.959333964,1.090637054,2150.053169,147.4509832,11:00,6.7595,-0.83412,5.72046,-22.871,16.31359,-10.41483,2.0945,-0.68615,77.37217,-7.229591973,-0.8702449205,0.4505355409,5.91704,9.64168,0.74953,50,6.49846,-2.01749,-123.31,-7.10053,9.04813,26.08652,-17.43032,9c15319c-8363-4a58-ba2e-d5b217222fed,cdd49331-8e20-442d-a84f-fa25c260ce98,83.66141,Pitching,25410021,,,,,,,,,,,,,,,,,,,,-20.78073344,2010.181533,0.9349450335,,f57c1722-4124-4937-a58a-e8dcbcd9fc04,8e108f11-a654-479e-a3b6-7d1ceca6b65f
179,2026-09-28,20:19:45.70,"Bussard, Jack",824655,Left,,,,,,,Live,,38.0998,,,1043.120105,,,8.89023,-3.01222,,,,,,,,,,,20.05775,33.26088,0.82806,50,9.5632,-11.17483,-52.78804,1.39184,5.22073,7.71831,-23.51675,90849078-ec5e-4644-bd6a-eb4747b1f90f,cdd49331-8e20-442d-a84f-fa25c260ce98,,Pitching,25410021,,,,,,,,,,,,,,,,,,,,,,,,d4135c4d-1af6-4b08-8e71-94db8c7aedce,8e108f11-a654-479e-a3b6-7d1ceca6b65f
180,2026-09-28,20:20:11.07,"Bussard, Jack",824655,Left,,,,,,Curveball,Live,,72.64646,-1.466957431,0.5562304004,2144.843998,317.7372051,4:30,6.58844,-1.15667,5.13124,-60.4059,-5.47675,4.93283,0.17294,-0.22183,66.92035,-12.54956022,1.477964472,0.5334243638,-2.4223,-2.42102,1.10086,50,6.40562,-1.17043,-105.48896,-4.49321,-2.69396,20.125,-34.86658,a652a607-001c-4241-bd7a-dea56fe8fc98,cdd49331-8e20-442d-a84f-fa25c260ce98,70.66126,Pitching,25410021,,,,,,,,,,,,,,,,,,,,,,,,d6be1c5e-5561-497a-9fd1-796b7c607bc6,8e108f11-a654-479e-a3b6-7d1ceca6b65f
181,2026-09-28,20:20:55.77,"Bussard, Jack",824655,Left,,,,,,Fastball,Live,,86.61802,-3.885705851,1.071949105,2158.292903,157.2247364,11:15,6.67262,-0.96032,5.70387,-20.01628,18.00983,-7.55469,1.37838,-0.59111,78.29358,-7.630816585,-0.3561246144,0.4438255787,4.40874,10.94153,0.87522,50,6.33466,-2.10758,-125.61959,-9.17749,6.9365,29.09711,-14.95916,d0856e3d-0f4e-483b-8b57-880f98b96ab9,cdd49331-8e20-442d-a84f-fa25c260ce98,84.92624,Pitching,25410021,,,,,,,,,,,,,,,,,,,,-15.96063786,2075.092506,0.9614508316,,96cb9247-af0a-42bf-8246-327200fce649,8e108f11-a654-479e-a3b6-7d1ceca6b65f
182,2026-09-28,20:21:17.20,"Bussard, Jack",824655,Left,,,,,,Fastball,Live,,86.80503,-2.863387719,0.8427559211,2124.224669,144.2897476,10:45,6.76755,-0.82083,5.57409,-21.07611,16.97308,-12.20343,2.3346,-1.05069,78.24158,-6.811436117,-1.461266665,0.4439603179,6.81397,10.03538,0.75621,50,6.50771,-1.45165,-125.98124,-6.99537,10.75759,29.80898,-16.33064,e8c78617-60e8-4280-81e9-ccc4f8678844,cdd49331-8e20-442d-a84f-fa25c260ce98,84.90047,Pitching,25410021,,,,,,,,,,,,,,,,,,,,-13.38688788,2066.507123,0.9728288882,,ab8be336-dfba-4bbc-93cb-eb322c46bdd3,8e108f11-a654-479e-a3b6-7d1ceca6b65f
183,2026-09-28,20:21:42.04,"Bussard, Jack",824655,Left,,,,,,Fastball,Live,,88.16308,-2.016047145,-0.03998606061,2213.086645,152.6458963,11:00,6.81042,-0.89224,5.5493,-20.05353,16.60311,-8.59997,3.25488,-1.64627,79.85066,-5.767931179,-1.657592879,0.4357603332,4.58244,9.49798,0.90128,50,6.62317,0.37977,-128.09975,-5.18635,7.52789,29.26644,-16.57105,43af9382-2f73-4c8e-837c-94b44467c73f,cdd49331-8e20-442d-a84f-fa25c260ce98,86.4981,Pitching,25410021,,,,,,,,,,,,,,,,,,,,-15.23226057,2135.338068,0.9648687151,,946c9cd0-17e3-47a0-a662-e0e884f44839,8e108f11-a654-479e-a3b6-7d1ceca6b65f
184,2026-09-28,20:21:59.79,"Bussard, Jack",824655,Left,,,,,,Curveball,Live,,72.30497,0.1719633141,1.668960519,2174.370509,316.2813553,4:30,6.67721,-1.00672,5.21581,-63.13515,-7.96977,7.58087,1.57769,1.19452,66.55545,-11.46169066,3.084034593,0.5345701233,-3.48564,-4.26091,0.84725,50,6.64691,-3.28138,-105.02078,-1.52833,-3.85058,19.59023,-36.88107,ec2b5643-bbc4-4773-932e-935a6939021f,cdd49331-8e20-442d-a84f-fa25c260ce98,70.50981,Pitching,25410021,,,,,,,,,,,,,,,,,,,344.5533424,-54.3419307,1267.542219,0.5829467491,5:30,6d1bdbba-0112-4523-bc03-9554f8fd84ae,8e108f11-a654-479e-a3b6-7d1ceca6b65f
185,2026-09-28,20:22:18.80,"Bussard, Jack",824655,Left,,,,,,Fastball,Live,,85.98222,-2.658177552,1.841267636,2175.561271,152.8517217,11:00,6.71163,-0.94692,5.85041,-19.97965,18.0534,-9.26159,2.57399,-0.00747,78.18037,-6.406860043,0.09327300695,0.4438660829,5.54949,10.53891,0.80287,50,6.48411,-3.72504,-124.90773,-6.42859,8.70092,26.94108,-15.65033,86677d4a-620c-41b5-aa6c-4e421848160d,cdd49331-8e20-442d-a84f-fa25c260ce98,84.91849,Pitching,25410021,,,,,,,,,,,,,,,,,,,,0.05223106863,2175.560367,0.9999995845,,f23fdd10-9f36-41fc-beb9-8f16ce6e410f,8e108f11-a654-479e-a3b6-7d1ceca6b65f
186,2026-09-28,20:22:47.25,"Bussard, Jack",824655,Left,,,,,,Fastball,Live,,87.01548,-2.946845427,2.436125989,2163.576934,144.3686569,10:45,6.70941,-0.8775,6.01663,-19.44355,17.3884,-12.46052,2.35497,0.34174,79.36751,-6.598784769,0.08180154059,0.4368011297,7.46567,10.28767,0.69361,50,6.46787,-4.99267,-126.39188,-7.11229,12.02471,26.79555,-15.60403,a5131c9c-ae20-4c55-9bff-c09b4d46818d,cdd49331-8e20-442d-a84f-fa25c260ce98,86.29199,Pitching,25410021,,,,,,,,,,,,,,,,,,,,-9.418716277,2134.409227,0.9865187568,,d9e2f535-8271-47f0-bd0e-028c2d2ad0e0,8e108f11-a654-479e-a3b6-7d1ceca6b65f
187,2026-09-28,20:23:03.27,"Bussard, Jack",824655,Left,,,,,,Curveball,Live,,72.79307,0.3562562193,0.1309937574,2154.276836,317.1196658,4:30,6.73511,-1.05544,4.65467,-61.64168,-6.3619,5.86494,1.93673,-0.44226,67.12717,-10.88845115,1.213588478,0.5351241495,-2.99304,-3.39246,1.03691,50,6.71717,-0.42948,-105.72227,-1.3161,-3.37037,18.87746,-35.99419,f7e56032-2f38-416c-b458-cb80d7b819b9,cdd49331-8e20-442d-a84f-fa25c260ce98,70.43681,Pitching,25410021,,,,,,,,,,,,,,,,,,,,-54.02710776,1265.427437,0.5874024247,,9ddab5cd-19af-4754-a552-0508e8e1a9ad,8e108f11-a654-479e-a3b6-7d1ceca6b65f
188,2026-09-28,20:24:57.90,"Rodriguez, John",1000616296,Right,,,,,,,Warmup,,75.58528,-0.06838630696,-4.784357042,1689.618917,270.7469048,3:00,5.53667,2.39887,5.29835,-50.95619,-0.23186,14.70392,1.22591,-0.87736,68.74617,-9.526227886,-2.038191617,0.5126011243,-9.30319,-0.10118,-1.97404,50,5.4943,8.71943,-109.448,-1.65965,-11.13861,21.6497,-32.29519,21617198-32f8-44d2-a874-bc35b9a2c762,cdd49331-8e20-442d-a84f-fa25c260ce98,73.53171,Pitching,25410021,,,,,,,,,,,,,,,,,,,,22.87033796,1556.792452,0.9213867317,,6b9f6926-2df2-4044-a7ae-fc505ef97d9a,8e108f11-a654-479e-a3b6-7d1ceca6b65f
189,2026-09-28,20:25:09.02,"Rodriguez, John",1000616296,Right,,,,,,,Live,,82.11923,1.560624808,-3.171308792,2000.053063,244.3262177,2:15,5.51346,2.3105,5.34586,-34.86465,7.99136,16.7707,4.07435,0.73073,73.83584,-4.973737529,-0.02400817321,0.4711696405,-9.93061,3.73847,-2.03667,50,5.62979,6.05587,-119.0855,2.12219,-14.04021,26.16398,-26.88848,7ee35eae-c314-42ee-a7e2-46d04be29b2a,cdd49331-8e20-442d-a84f-fa25c260ce98,79.9976,Pitching,25410021,,,,,,,,,,,,,,,,,,,,19.53885399,1884.879827,0.9424149099,,260cc695-30e6-47e7-8690-966000c4bc22,8e108f11-a654-479e-a3b6-7d1ceca6b65f
190,2026-09-28,20:25:34.34,"Rodriguez, John",1000616296,Right,,,,,,Fastball,Live,,82.97266,0.3654552763,-2.221123016,1939.824125,259.4951678,2:45,5.27255,2.43849,5.57992,-38.39331,3.14614,17.1894,2.41463,1.79584,74.91553,-6.846414879,1.021832323,0.4638758711,-9.92979,1.56575,-2.2587,50,5.2794,4.13272,-120.50208,-0.43914,-14.36107,26.99871,-29.90957,8ddafd82-2ce3-4462-a88d-a5f5db72b33c,cdd49331-8e20-442d-a84f-fa25c260ce98,81.25544,Pitching,25410021,,,,,,,,,,,,,,,,,,,,16.65295202,1858.464285,0.9580581357,,58b37e3a-4fc8-4f68-b1ba-425731f11534,8e108f11-a654-479e-a3b6-7d1ceca6b65f
191,2026-09-28,20:25:47.41,"Rodriguez, John",1000616296,Right,,,,,,ChangeUp,Live,,77.81029,1.276881124,-3.888507382,1705.523464,267.9485674,3:00,5.45666,2.53393,,-48.16408,0.41878,13.41629,2.65659,-0.0404,70.68945,-7.596747768,-1.408409849,0.5016640263,-8.14486,-0.16992,-2.15527,50,5.54393,7.21096,-112.7102,0.90205,-10.38809,22.11423,-32.39076,a5a7c4d1-321b-4e8a-a6f8-b607fdb6d682,cdd49331-8e20-442d-a84f-fa25c260ce98,,Pitching,25410021,,,,,,,,,,,,,,,,,,,,23.79052721,1560.598951,0.915026374,,b030b94a-338f-44f6-a2d5-0df125328725,8e108f11-a654-479e-a3b6-7d1ceca6b65f
192,2026-09-28,20:26:07.80,"Rodriguez, John",1000616296,Right,,,,,,Fastball,Live,,82.98571,-0.08149371723,-1.177796149,1950.435286,255.7808596,2:30,5.25066,2.51793,5.5863,-37.43756,3.68775,14.69013,2.05476,2.64227,75.68627,-7.076417812,1.581638525,0.4615576684,-8.20296,1.99523,-2.42638,50,5.21961,2.015,-120.67037,-1.359,-12.00796,25.06196,-29.25332,bed48723-da7e-422f-bad1-ff9a5df75601,cdd49331-8e20-442d-a84f-fa25c260ce98,81.66355,Pitching,25410021,,,,,,,,,,,,,,,,,,,,14.90250869,1884.832043,0.9663648199,,b99e0cb3-80b6-4df1-a814-039623727fad,8e108f11-a654-479e-a3b6-7d1ceca6b65f
193,2026-09-28,20:26:19.50,"Rodriguez, John",1000616296,Right,,,,,,ChangeUp,Live,,78.40352,0.604677523,-5.582049365,1720.568953,272.9755637,3:00,5.44122,2.57024,5.8503,-46.75433,-0.67793,12.12022,2.10951,-1.62232,71.39176,-8.154843211,-3.306659032,0.4885518525,-8.23609,-0.54978,-2.12297,50,5.46336,10.75015,-113.52479,-0.12757,-10.65652,22.44094,-32.8854,fb4245de-c80a-4aae-b777-d23301b8e323,cdd49331-8e20-442d-a84f-fa25c260ce98,77.15136,Pitching,25410021,,,,,,,,,,,,,,,,,,,,23.3171802,1580.04619,0.9183277353,,f2d03e86-ed9f-4e4d-8794-9fe581f63e0f,8e108f11-a654-479e-a3b6-7d1ceca6b65f
194,2026-09-28,20:26:31.13,"Rodriguez, John",1000616296,Right,,,,,,Fastball,Live,,83.48476,0.02443902029,-4.553568565,2021.203661,260.9163135,2:45,5.33036,2.52962,5.65534,-38.11928,2.90287,18.43239,2.17662,-0.18938,75.41942,-7.132824442,-1.083605256,0.4609784529,-11.34857,1.55009,-2.15537,50,5.30869,9.05999,-120.99261,-1.13978,-16.58491,26.72213,-29.90874,f8a588d8-1fa0-484f-9d79-0c76659b7c70,cdd49331-8e20-442d-a84f-fa25c260ce98,81.76616,Pitching,25410021,,,,,,,,,,,,,,,,,,,,8.67571707,1998.076856,0.9885579049,,e1af7c98-7879-4e4b-8303-6c20f33b7896,8e108f11-a654-479e-a3b6-7d1ceca6b65f
195,2026-09-28,20:27:12.97,"Rodriguez, John",1000616296,Right,,,,,,Slider,Live,,74.50619,2.841395179,-3.951020249,2046.584081,87.78083103,9:00,5.18204,2.47912,4.33908,-54.31269,-0.25296,-5.89086,3.37948,-1.79276,67.60166,-7.085184152,-5.028911152,0.5291860097,1.79557,-1.00844,-2.04802,50,5.4362,7.63896,-107.71366,3.52031,2.08743,20.53864,-33.34641,fb64444b-4abe-4acb-b39d-8a5e73f585c0,cdd49331-8e20-442d-a84f-fa25c260ce98,71.2272,Pitching,25410021,,,,,,,,,,,,,,,,,,,,,,,,94b87155-93de-44a1-9648-3449434baf51,8e108f11-a654-479e-a3b6-7d1ceca6b65f
196,2026-09-28,20:27:28.83,"Rodriguez, John",1000616296,Right,,,,,,Fastball,Live,,82.92559,1.301899877,-3.750673198,1992.938729,242.7577954,2:00,5.26394,2.37411,5.21556,-33.84463,8.34266,16.35005,3.67037,0.20539,74.69377,-5.017375687,-0.6953651567,0.4674791532,-9.82253,3.99489,-2.03971,50,5.35956,7.33354,-120.18957,1.60811,-14.18146,26.11732,-26.40636,4e5310d4-2e16-48a6-9568-4d44ede22d62,cdd49331-8e20-442d-a84f-fa25c260ce98,80.62913,Pitching,25410021,,,,,,,,,,,,,,,,,,,,13.45049143,1938.27496,0.9725712746,,09665b88-17d9-4c4f-bb5c-422c31c335e3,8e108f11-a654-479e-a3b6-7d1ceca6b65f
197,2026-09-28,20:27:43.29,"Rodriguez, John",1000616296,Right,,,,,,Fastball,Live,,80.36996,0.6453890851,-4.094202307,1973.084026,244.4047118,2:15,5.37259,2.47712,5.03376,-38.76864,6.6557,14.03202,2.75226,-0.22228,72.27654,-6.571387437,-1.476913111,0.4850826165,-8.71865,3.28483,-2.09679,50,5.40434,7.86631,-116.38349,0.03149,-11.75292,25.34311,-27.74603,6fb2e6fb-bcfd-4dcc-85a7-47069d72b74f,cdd49331-8e20-442d-a84f-fa25c260ce98,77.70313,Pitching,25410021,,,,,,,,,,,,,,,,,,,,18.68249172,1869.118688,0.9473082055,,4ae061f6-f445-4276-be46-47a37e90da68,8e108f11-a654-479e-a3b6-7d1ceca6b65f
198,2026-09-28,20:28:14.23,"Rodriguez, John",1000616296,Right,,,,,,Fastball,Live,,82.45004,0.7683520416,-4.226823309,1973.434714,256.5170161,2:30,5.30144,2.31914,5.26737,-37.84489,4.49265,19.0134,2.87138,-0.07364,74.93372,-6.26826514,-0.6853281996,0.4683108169,-11.28772,2.1465,-1.94623,50,5.34449,8.20447,-119.53082,0.35425,-16.24011,24.23393,-29.08579,f1ebe71a-27a2-4838-9059-df31e9027233,cdd49331-8e20-442d-a84f-fa25c260ce98,80.48595,Pitching,25410021,,,,,,,,,,,,,,,,,,,,26.0465915,1773.00731,0.8984372767,,d5751ef0-12a7-4b0f-9fa5-fce17157b2ea,8e108f11-a654-479e-a3b6-7d1ceca6b65f
199,2026-09-28,20:28:26.17,"Rodriguez, John",1000616296,Right,,,,,,,Live,,42.17051,5.307303719,-5.744570472,1096.107187,,,7.42233,2.6124,13.32944,,,,5.26457,-1.11038,37.69535,,,0.7934335639,-10.15723,29.82817,-2.90014,50,7.13639,6.33512,-61.69467,6.7005,-3.71111,9.10349,-21.27584,a68d761c-8e2b-4337-b253-80b28ba6fecc,cdd49331-8e20-442d-a84f-fa25c260ce98,47.50548,Pitching,25410021,,,,,,,,,,,,,,,,,,,,,,,,67365e15-b139-45bc-9e3b-a5725191b513,8e108f11-a654-479e-a3b6-7d1ceca6b65f
200,2026-09-28,20:28:52.53,"Rodriguez, John",1000616296,Right,,,,,,ChangeUp,Live,,77.36916,1.251352953,-4.100067518,1693.113851,236.4682751,2:00,5.39539,2.65159,5.31514,-38.69388,9.36274,14.25572,3.34838,-0.01456,70.19714,-5.956214563,-1.4414483,0.4989396452,-8.77103,4.58126,-2.29012,50,5.48148,7.60088,-112.16218,1.26439,-11.0944,21.62537,-26.37926,19d81be3-c18a-4571-9a54-dab944572d3b,cdd49331-8e20-442d-a84f-fa25c260ce98,75.54509,Pitching,25410021,,,,,,,,,,,,,,,,,,,,21.32435372,1577.197761,0.9315367425,,fc316deb-ece3-4079-9f01-1547a1e797d6,8e108f11-a654-479e-a3b6-7d1ceca6b65f
201,2026-09-28,20:29:15.96,"Rodriguez, John",1000616296,Right,,,,,,ChangeUp,Live,,77.46934,1.609667935,-3.853703218,1742.028737,289.7079289,3:45,5.39311,2.65195,5.49571,-52.90303,-5.70393,15.75995,2.49379,0.35563,71.25485,-8.207189264,-0.916590919,0.4944681028,-9.42765,-3.47118,-2.3255,50,5.4986,7.09747,-112.43278,1.56831,-12.09123,20.01442,-36.62593,373788dd-52f0-484e-8816-06828ac69cbe,cdd49331-8e20-442d-a84f-fa25c260ce98,76.22825,Pitching,25410021,,,,,,,,,,,,,,,,,,,,22.33239688,1611.367895,0.9249950138,,e32682f5-eef4-46d5-a3c6-7587dc6ab7e9,8e108f11-a654-479e-a3b6-7d1ceca6b65f
202,2026-09-28,20:29:53.44,"Rodriguez, John",1000616296,Right,,,,,,Slider,Live,,73.54234,2.523954039,-2.090523902,,,,5.17911,2.73454,4.04002,-54.7092,0.74893,1.53148,3.04787,0.85298,67.20752,-7.404111475,-1.811572411,0.5359867089,-1.36665,-0.33742,-2.5004,50,5.40631,3.83625,-106.56233,2.78675,-1.56853,18.63002,-32.56131,cd9c88b9-3658-47b6-a8e8-e08535dabe8a,cdd49331-8e20-442d-a84f-fa25c260ce98,70.32346,Pitching,25410021,,,,,,,,,,,,,,,,,,,,,,,,3979875a-1f9c-443b-a1f0-e2ed1bbb41fe,8e108f11-a654-479e-a3b6-7d1ceca6b65f
203,2026-09-28,20:30:06.23,"Rodriguez, John",1000616296,Right,,,,,,Slider,Live,,71.46276,1.063540781,-2.196664233,,,,5.15585,2.77214,4.28003,-58.89081,-0.58893,-1.91143,1.2664,0.51077,65.57376,-9.637076491,-2.546698715,0.5495569317,0.33036,-0.61278,-2.53173,50,5.21348,4.03804,-103.63134,-0.01476,0.35734,18.18374,-32.83687,cf93c4b0-c165-41cc-b52f-1c4fd23c68f6,cdd49331-8e20-442d-a84f-fa25c260ce98,68.58696,Pitching,25410021,,,,,,,,,,,,,,,,,,,,,,,,0f366594-877f-41e0-b185-10be798e3f48,8e108f11-a654-479e-a3b6-7d1ceca6b65f
204,2026-09-28,20:30:21.15,"Rodriguez, John",1000616296,Right,,,,,,Fastball,Live,,81.76239,-0.5614464491,-5.611515363,1946.865166,254.2924363,2:30,5.2729,2.53121,4.98373,-37.63646,6.11321,21.89643,1.60385,-0.95945,74.25959,-7.512294026,-1.559959102,0.4760568172,-13.12704,3.36542,-2.0067,50,5.18877,10.86849,-118.22589,-2.44921,-18.45546,23.94363,-27.44256,6c6b4bff-34aa-4ada-9ed8-36d08c46670e,cdd49331-8e20-442d-a84f-fa25c260ce98,79.17635,Pitching,25410021,,,,,,,,,,,,,,,,,,,,11.95654586,1904.627932,0.9783050034,,f54dd51c-9ad8-4399-a6b2-8548393cfb7b,8e108f11-a654-479e-a3b6-7d1ceca6b65f
205,2026-09-28,20:30:38.98,"Rodriguez, John",1000616296,Right,,,,,,Slider,Live,,73.03314,1.023550884,-4.039374502,2012.795963,72.40166607,8:30,5.18716,2.7101,4.57816,-57.19469,-1.69766,-5.23928,1.39714,-1.57543,66.93018,-9.410616002,-5.000562401,0.5361746722,1.48881,-1.18354,-2.28729,50,5.24176,7.6374,-105.75599,0.04727,1.67328,19.31753,-33.50424,0b95ff3f-e7d6-462f-bbcc-8dcc88b92b8d,cdd49331-8e20-442d-a84f-fa25c260ce98,70.29881,Pitching,25410021,,,,,,,,,,,,,,,,,,,,67.92042254,756.5978991,0.3758939868,,26a82ca0-bf2e-46c5-b7f6-830913033940,8e108f11-a654-479e-a3b6-7d1ceca6b65f
206,2026-09-28,20:30:51.67,"Rodriguez, John",1000616296,Right,,,,,,Fastball,Warmup,,82.516,-0.7284777007,-4.615571723,1909.50478,250.4986124,2:15,5.09263,2.57606,5.13936,-35.25736,7.17302,20.35991,1.46641,-0.08216,75.26752,-7.24967663,-0.8382089179,0.4688240313,-12.02624,3.97907,-2.15877,50,4.99764,8.96348,-119.56225,-2.71828,-17.35389,23.72551,-26.43225,c3030b2a-145d-4caf-b5b9-b140fdd05ad1,cdd49331-8e20-442d-a84f-fa25c260ce98,80.39784,Pitching,25410021,,,,,,,,,,,,,,,,,,,,9.630150131,1882.596313,0.9859081437,,ebaaff08-3b84-47ab-a383-79bb716e13c9,8e108f11-a654-479e-a3b6-7d1ceca6b65f
207,2026-09-28,20:32:37.59,"Bussard, Jack",824655,Left,,,,,,,Warmup,,71.38789,1.412244108,1.344208503,2033.831324,299.7915269,4:00,6.78012,-0.99371,4.99796,-61.7037,-5.16067,8.94054,2.97187,1.02042,65.99886,-9.906800033,2.998347519,0.541203947,-4.29643,-3.09041,0.85755,50,6.86683,-2.70248,-103.72272,0.704,-4.67903,17.40044,-35.53966,4be26401-009a-4783-934b-a9a59d741f87,cdd49331-8e20-442d-a84f-fa25c260ce98,69.64554,Pitching,25410021,,,,,,,,,,,,,,,,,,,345.45507,-59.49366517,1032.441167,0.5076336247,5:30,d8f857d0-23b7-437b-8654-fd07b2f5110e,8e108f11-a654-479e-a3b6-7d1ceca6b65f
208,2026-09-28,20:32:52.29,"Bussard, Jack",824655,Left,,,,,,,Warmup,,71.87052,2.262536438,-0.6453530794,1996.428177,306.0706046,4:15,6.7015,-1.33598,5.23719,-61.06603,-5.67585,7.71827,3.74017,-1.2993,66.09006,-9.032745008,0.7920345856,0.535658219,-4.25204,-3.63482,1.38961,50,6.86475,0.95128,-104.42187,2.34628,-4.68513,17.92255,-36.17909,22fc4258-2dc5-4964-ae88-6ead6aae7b20,cdd49331-8e20-442d-a84f-fa25c260ce98,70.36658,Pitching,25410021,,,,,,,,,,,,,,,,,,,,,,,,70c44249-a3eb-48ad-908f-0e88293dce0a,8e108f11-a654-479e-a3b6-7d1ceca6b65f
209,2026-09-28,20:33:07.72,"Bussard, Jack",824655,Left,,,,,,,Live,,84.01684,-2.374591413,2.145424343,2022.655639,145.6423308,10:45,6.77617,-0.98904,5.90208,-23.08485,16.59416,-11.35304,2.64561,0.05711,76.5921,-6.705092747,0.003055563825,0.4533689699,6.7652,9.66491,0.82332,50,6.57226,-4.22827,-122.08386,-5.7682,10.15314,25.29027,-17.66906,91c30fba-3af1-4b69-9c2a-7ffefe88a938,cdd49331-8e20-442d-a84f-fa25c260ce98,83.13855,Pitching,25410021,,,,,,,,,,,,,,,,,,,,-18.96724896,1912.834581,0.9457045203,,f57ef2ff-087e-46fd-b07a-26d2a26fc75b,8e108f11-a654-479e-a3b6-7d1ceca6b65f
210,2026-09-28,20:33:38.05,"Bussard, Jack",824655,Left,,,,,,Fastball,Live,,85.42319,-1.989638751,1.219387464,2062.512061,142.1022473,10:45,6.7875,-0.98638,5.74086,-21.98059,16.61059,-12.94268,3.10231,-0.92954,77.79087,-6.105375044,-1.217432445,0.4471111104,7.31445,9.51331,0.89296,50,6.60884,-2.23146,-124.17931,-5.01423,11.3505,26.30868,-17.41138,f20588c5-4c00-4be0-893c-0507145264df,cdd49331-8e20-442d-a84f-fa25c260ce98,84.30217,Pitching,25410021,,,,,,,,,,,,,,,,,,,,-11.03789933,2024.357144,0.9815007546,,af5840f9-4b35-4ff5-bf9d-44f864bdf83c,8e108f11-a654-479e-a3b6-7d1ceca6b65f
211,2026-09-28,20:33:57.66,"Bussard, Jack",824655,Left,,,,,,Splitter,Live,,76.19892,-1.285164485,2.77198554,997.9719138,136.1938089,10:30,6.64836,-1.20885,5.61458,-39.50301,8.6178,-8.30345,2.15554,0.68799,70.75112,-8.585408119,1.22578498,0.499272792,5.12082,4.91471,0.97772,50,6.51318,-5.12118,-110.80612,-3.64879,6.42626,18.06128,-26.00644,86a56738-7402-443a-8912-1cd17647b5da,cdd49331-8e20-442d-a84f-fa25c260ce98,75.49468,Pitching,25410021,,,,,,,,,,,,,,,,,,,,-27.24582984,887.2473936,0.8890504646,,5f1e59bf-834f-4f56-b477-9af525a2446d,8e108f11-a654-479e-a3b6-7d1ceca6b65f
212,2026-09-28,20:34:18.00,"Bussard, Jack",824655,Left,,,,,,Fastball,Live,,85.84679,-2.584509067,-0.2304522317,2200.554337,145.4843477,10:45,6.75687,-1.01219,5.45807,-20.02835,18.87531,-12.99105,2.6673,-2.31046,77.68614,-6.3197527,-2.671349865,0.4489176004,6.84909,10.87738,1.04117,50,6.51592,0.93385,-124.64446,-6.29315,10.63045,28.19072,-15.29131,d5d56090-09aa-4f29-bfc9-5c870a547eb0,cdd49331-8e20-442d-a84f-fa25c260ce98,83.96293,Pitching,25410021,,,,,,,,,,,,,,,,,,,,-0.06665771034,2200.552847,0.9999993233,,b0ec5a8e-839f-4e25-99a4-d96182d1a8c1,8e108f11-a654-479e-a3b6-7d1ceca6b65f
213,2026-09-28,20:34:37.42,"Bussard, Jack",824655,Left,,,,,,Splitter,Live,,76.56978,-0.5977947553,0.3966311434,832.0457832,99.66031024,9:15,6.6271,-1.17231,5.23299,-47.35887,1.40344,-8.47991,2.11866,-1.50619,70.48903,-9.334785919,-1.182908806,0.5025896316,4.58377,0.91072,1.14206,50,6.53751,-0.50718,-111.32817,-2.63323,5.73704,20.49471,-31.03419,226528a1-787e-4e54-a0f2-dd4412382915,cdd49331-8e20-442d-a84f-fa25c260ce98,74.99645,Pitching,25410021,,,,,,,,,,,,,,,,,,,,-16.66843021,797.0837886,0.9579806842,,c1426802-05ba-4a49-8f12-c2a58d30124a,8e108f11-a654-479e-a3b6-7d1ceca6b65f
214,2026-09-28,20:35:02.23,"Bussard, Jack",824655,Left,,,,,,Splitter,Live,,77.71468,-0.506532879,0.3418987295,885.169125,133.1713247,10:30,6.59324,-1.3397,5.23678,-35.97517,11.37527,-12.16674,3.11926,-2.03228,71.14202,-7.16888963,-1.924670714,0.49526017,6.51403,6.14399,1.31719,50,6.52044,-0.29093,-112.99113,-2.1324,8.39376,21.21608,-24.25712,de982123-db25-4fcd-8719-db0c7c824a92,cdd49331-8e20-442d-a84f-fa25c260ce98,76.10634,Pitching,25410021,,,,,,,,,,,,,,,,,,,,-13.86971797,859.3605246,0.9708433116,,b475a618-c9d6-4544-88de-0e3d4f136c0e,8e108f11-a654-479e-a3b6-7d1ceca6b65f
215,2026-09-28,20:35:28.78,"Bussard, Jack",824655,Left,,,,,,Curveball,Live,,72.85046,0.317536979,0.7218093738,2082.520572,305.2393807,4:15,6.67509,-1.24182,5.40569,-60.13482,-6.467,9.09231,1.96136,0.19212,67.2263,-10.7979843,2.422146269,0.5272643218,-4.61359,-3.52676,1.17141,50,6.662,-1.59544,-105.92261,-1.13888,-5.21023,19.10041,-36.1569,82e63586-14b5-483c-80b4-d92ad38d809b,cdd49331-8e20-442d-a84f-fa25c260ce98,71.4868,Pitching,25410021,,,,,,,,,,,,,,,,,,,,-56.40326301,1152.350499,0.5533441132,,c40a84fa-6b35-4fa4-9e06-99117a7442f8,8e108f11-a654-479e-a3b6-7d1ceca6b65f
216,2026-09-28,20:35:51.40,"Bussard, Jack",824655,Left,,,,,,Fastball,Live,,86.031,-4.980903762,1.406598323,2148.961301,150.6537841,11:00,6.72355,-0.86702,5.88647,-22.60918,15.80831,-8.86442,0.20192,-0.29952,77.93085,-9.204444032,-0.2749335872,0.4461037613,5.25573,10.17999,0.75881,50,6.3086,-2.78597,-124.60345,-11.56072,8.13049,28.77996,-16.42582,5d1c324b-6673-4ccf-b89b-018c79265e39,cdd49331-8e20-442d-a84f-fa25c260ce98,84.49254,Pitching,25410021,,,,,,,,,,,,,,,,,,,,-5.641513686,2138.552668,0.995156435,,8d83ad2b-9a81-4837-8194-b3224da8f4c8,8e108f11-a654-479e-a3b6-7d1ceca6b65f
217,2026-09-28,20:36:24.19,"Bussard, Jack",824655,Left,,,,,,Slider,Live,,71.90391,-0.05796937403,0.6034609952,2047.194565,283.1797847,3:30,6.68196,-1.39464,5.77498,-55.765,-1.71117,7.11477,1.98094,-0.24027,66.60752,-10.41560907,1.939823448,0.5291570945,-3.65283,-0.903,1.3406,50,6.64363,-1.2927,-104.65194,-1.5984,-4.04723,17.81497,-33.17455,c088d554-fc33-43d0-8d21-d191bf9a7b23,cdd49331-8e20-442d-a84f-fa25c260ce98,71.23109,Pitching,25410021,,,,,,,,,,,,,,,,,,,,-54.12458729,1199.706561,0.5860246903,,e7cb3366-bf15-4f48-8d47-c68ccfedb3d3,8e108f11-a654-479e-a3b6-7d1ceca6b65f
218,2026-09-28,20:36:44.21,"Bussard, Jack",824655,Left,,,,,,Curveball,Live,,71.90194,0.5208005126,1.940832095,2082.054475,327.7659524,5:00,6.70365,-0.99451,5.6547,-65.99938,-11.05176,6.94499,1.68963,1.39472,66.18921,-11.7414019,3.248058627,0.5335140619,-3.11484,-6.09282,0.82603,50,6.70653,-3.72831,-104.48287,-0.83361,-3.39979,19.67657,-38.82426,140b3ba7-094d-4c76-854b-784dbc200752,cdd49331-8e20-442d-a84f-fa25c260ce98,70.64938,Pitching,25410021,,,,,,,,,,,,,,,,,,,352.3083453,-51.70020112,1290.407971,0.619776277,5:45,abdd5798-462c-4112-b9c4-d36549eacf35,8e108f11-a654-479e-a3b6-7d1ceca6b65f
219,2026-09-28,20:37:11.55,"Bussard, Jack",824655,Left,,,,,,Curveball,Live,,71.80631,0.5513017267,-0.04742411759,2105.515875,288.7602237,3:45,6.67532,-1.19988,,-60.53429,-3.46031,10.04693,2.15712,-0.40791,66.50145,-10.41513929,1.792253342,0.5437390267,-5.14839,-1.92,1.1953,50,6.67608,-0.24411,-104.29905,-0.98736,-5.67806,17.34193,-34.29158,88289e0e-949f-4aca-aa74-96ae294e9fd6,cdd49331-8e20-442d-a84f-fa25c260ce98,,Pitching,25410021,,,,,,,,,,,,,,,,,,,,-51.19132386,1319.572735,0.6267218171,,f7779dda-3efb-482e-ac7c-9db516ddf506,8e108f11-a654-479e-a3b6-7d1ceca6b65f
220,2026-09-28,20:37:39.98,"Bussard, Jack",824655,Left,,,,,,Curveball,Live,,72.28119,0.8609828815,0.7399926772,2192.962773,310.1917809,4:15,6.64524,-1.04665,5.46771,-62.34524,-8.44666,9.94696,2.25559,0.47475,67.31834,-10.6270413,2.592629349,0.5283966747,-5.08184,-4.71121,0.97493,50,6.6786,-1.64137,-105.17526,-0.19261,-5.71647,17.1288,-37.4736,ea8a47b9-fccc-4733-b691-0a72d05c8ba0,cdd49331-8e20-442d-a84f-fa25c260ce98,71.3336,Pitching,25410021,,,,,,,,,,,,,,,,,,,,-49.19329777,1433.121237,0.6535091497,,1ca19873-f8b3-4dce-9d82-6ca537855112,8e108f11-a654-479e-a3b6-7d1ceca6b65f
221,2026-09-28,20:38:22.72,"Bussard, Jack",824655,Left,,,,,,Fastball,Live,,84.12078,-2.543860457,1.309462178,2037.672068,143.3093642,10:45,6.68043,-1.13634,5.95105,-22.57068,17.0062,-12.67752,2.43842,-0.97831,76.54654,-6.783768254,-1.088937828,0.4527851434,7.26166,9.97952,1.03946,50,6.46574,-2.41284,-122.26077,-6.11304,10.89995,25.97525,-17.19452,92320abe-e0af-429f-a5ae-eae57b9966cb,cdd49331-8e20-442d-a84f-fa25c260ce98,83.24575,Pitching,25410021,,,,,,,,,,,,,,,,,,,,-9.697490412,2008.555462,0.9857108481,,cf0ca52b-1d76-4c66-9eb4-a4de09a69d58,8e108f11-a654-479e-a3b6-7d1ceca6b65f
222,2026-09-28,20:38:45.32,"Bussard, Jack",824655,Left,,,,,,Fastball,Live,,84.30761,-0.6234115679,2.962271397,2129.149676,156.0643264,11:15,6.73372,-0.99418,6.05341,-18.66056,20.67543,-9.20151,4.6009,0.98313,76.22062,-4.157364721,1.218492746,0.4514050903,5.91994,11.43789,0.76906,50,6.67532,-6.06795,-122.51704,-1.88652,8.90271,26.60078,-14.97318,adac13e8-8cd0-491b-ac9c-b18e976e39fb,cdd49331-8e20-442d-a84f-fa25c260ce98,83.50025,Pitching,25410021,,,,,,,,,,,,,,,,,,,,-17.31092146,2032.707921,0.9547040979,,28b4a1fa-118e-4c21-a4ff-e57e1a1ebb2a,8e108f11-a654-479e-a3b6-7d1ceca6b65f
223,2026-09-28,20:39:05.76,"Bussard, Jack",824655,Left,,,,,,Fastball,Live,,83.93372,-2.380026804,1.328643422,2053.243222,152.1164932,11:00,6.7388,-0.99811,5.93292,-23.1985,16.34077,-8.65386,2.59595,-0.48656,76.83448,-6.724731044,-0.3027119663,0.4525699095,5.05244,9.50433,0.89711,50,6.53587,-2.56839,-122.05339,-5.77783,7.60814,24.41567,-17.86211,e50b79e3-bf80-4554-89e8-143216c029f1,cdd49331-8e20-442d-a84f-fa25c260ce98,83.28534,Pitching,25410021,,,,,,,,,,,,,,,,,,,,-11.78208603,2009.984011,0.9789312782,,45dd1fef-fe9e-4d61-8885-8a907b26272f,8e108f11-a654-479e-a3b6-7d1ceca6b65f
224,2026-09-28,20:39:40.36,"Bussard, Jack",824655,Left,,,,,,Splitter,Live,,74.85437,2.123429298,-0.8230662131,929.6311356,103.5445676,9:30,6.58361,-1.19691,5.1721,-49.38867,2.12091,-8.95735,4.46696,-2.71783,68.0996,-7.052542056,-2.49367692,0.5165536285,4.46922,0.47138,1.28009,50,6.74443,1.83441,-108.69194,2.52564,5.29822,20.6558,-31.61523,f418d44e-18b4-4cf6-97c5-ed7ac8902aea,cdd49331-8e20-442d-a84f-fa25c260ce98,72.96907,Pitching,25410021,,,,,,,,,,,,,,,,,,,,-26.05304143,835.1693081,0.8983878402,,886d7db2-7752-4301-a542-bd32be15a98c,8e108f11-a654-479e-a3b6-7d1ceca6b65f
225,2026-09-28,20:40:12.03,"Bussard, Jack",824655,Left,,,,,,Splitter,Live,,76.99153,-1.106584104,3.664337328,871.6979784,119.2161579,10:00,6.5879,-1.12605,5.52314,-41.89738,6.00427,-10.80392,2.05979,1.40365,70.67294,-8.879423439,1.645694133,0.4981345002,6.80495,3.51561,0.81454,50,6.46393,-6.83506,-111.75201,-3.41083,8.58085,20.67688,-27.74096,0ae1cb8c-25ff-48ae-ace9-1fce082bccb1,cdd49331-8e20-442d-a84f-fa25c260ce98,75.66719,Pitching,25410021,,,,,,,,,,,,,,,,,,,,-30.96643999,747.4538441,0.8574688283,,e9bc2d26-5671-4f79-83b1-7d74073c2003,8e108f11-a654-479e-a3b6-7d1ceca6b65f
226,2026-09-28,20:40:47.27,"Bussard, Jack",824655,Left,,,,,,Curveball,Live,,72.55881,2.157614917,1.883080041,2045.394538,316.5246961,4:30,6.66377,-1.23971,5.57804,-58.00092,-4.69849,4.41714,3.84723,0.88748,67.20848,-8.592154595,2.706260623,0.5254663341,-1.85952,-3.06747,1.07505,50,6.81146,-3.5924,-105.49689,2.3499,-2.10755,16.993,-35.65068,cd74d202-5bb6-4a3b-a37a-07a57dd7f4da,cdd49331-8e20-442d-a84f-fa25c260ce98,71.73141,Pitching,25410021,,,,,,,,,,,,,,,,,,,,-61.34592078,980.8082804,0.479520338,,99aa625e-2c38-465c-a091-5a8e90660d46,8e108f11-a654-479e-a3b6-7d1ceca6b65f
227,2026-09-28,20:41:26.49,"Bussard, Jack",824655,Left,,,,,,Fastball,Live,,83.34694,-2.904361544,1.976190011,2126.279257,151.9150879,11:00,6.72151,-1.00822,5.7268,-22.17123,18.10134,-9.66132,2.16537,0.02767,76.68004,-7.025980221,0.1673259818,0.4567473929,5.70136,10.47019,0.84952,50,6.46562,-3.8762,-121.11911,-6.84382,8.50367,22.75539,-16.55759,7e93be00-cd95-4bcd-813b-7278ddad17d8,cdd49331-8e20-442d-a84f-fa25c260ce98,82.5236,Pitching,25410021,,,,,,,,,,,,,,,,,,,,-19.05339876,2009.790496,0.9452147406,,6fc7cd35-2b1a-45f2-bd8d-5f4fa82a0c1c,8e108f11-a654-479e-a3b6-7d1ceca6b65f
228,2026-09-28,20:41:46.42,"Bussard, Jack",824655,Left,,,,,,Splitter,Live,,76.58765,0.5707399927,2.557586149,901.3855788,124.7106115,10:15,6.58594,-1.20808,5.36863,-41.74672,6.70316,-9.75058,3.64266,0.37864,70.25402,-7.174713123,0.7410845764,0.5009769385,5.87107,3.38973,0.98576,50,6.60789,-4.67412,-111.29576,-0.16282,7.36553,19.93546,-27.92148,ab0a9607-47a7-48e5-bcf7-15bb5d8e1404,cdd49331-8e20-442d-a84f-fa25c260ce98,75.23787,Pitching,25410021,,,,,,,,,,,,,,,,,,,,-23.43901432,827.0068317,0.9174839837,,6f52a161-7597-46e8-8f14-c67a33680670,8e108f11-a654-479e-a3b6-7d1ceca6b65f
229,2026-09-28,20:42:13.62,"Bussard, Jack",824655,Left,,,,,,Splitter,Live,,76.67622,-0.2856546416,0.4106102558,810.5220684,163.796398,11:30,6.59207,-1.14395,5.5153,-42.29766,6.12422,-1.79141,2.80019,-0.90934,69.88611,-8.178674622,0.07395689521,0.5008321604,1.08206,3.35515,1.10941,50,6.53938,-0.74593,-111.47668,-1.80669,1.34767,21.95766,-27.99532,ffcfb829-1af6-4f5b-b513-85d55f9a6874,cdd49331-8e20-442d-a84f-fa25c260ce98,75.25962,Pitching,25410021,,,,,,,,,,,,,,,,,,,,-16.54147512,776.977714,0.9586138914,,df574a6c-48eb-499f-b17b-4ff4acd8f8a7,8e108f11-a654-479e-a3b6-7d1ceca6b65f
230,2026-09-28,20:42:41.25,"Bussard, Jack",824655,Left,,,,,,Fastball,Live,,85.74427,0.0331456344,1.410811339,2211.306226,158.4236194,11:15,6.72484,-0.89571,5.74226,-16.76653,21.47359,-8.50699,5.35849,-0.29096,77.82285,-3.120140495,-0.1903956868,0.4450727735,4.98517,11.52605,0.78373,50,6.71741,-2.79969,-124.71712,-0.46368,7.8077,26.3996,-14.12212,4c0ee745-23d1-4d34-81c0-37af71433f20,cdd49331-8e20-442d-a84f-fa25c260ce98,84.68826,Pitching,25410021,,,,,,,,,,,,,,,,,,,,-18.352859,2098.82901,0.9491353956,,2d4a7e43-1a20-414f-9846-6ac326b7ab3e,8e108f11-a654-479e-a3b6-7d1ceca6b65f
231,2026-09-28,20:43:15.04,"Bussard, Jack",824655,Left,,,,,,Splitter,Live,,75.7594,1.52960627,1.679404091,802.2202386,132.9777274,10:30,6.55434,-1.12094,5.55255,-42.07784,7.05944,-7.62717,4.47787,-0.18708,69.40426,-6.315492613,0.2529992437,0.5045183334,4.52975,3.33684,0.98092,50,6.65891,-3.00627,-110.15291,1.71042,5.56667,19.52813,-28.07336,5ab8148b-c444-480b-a360-ccaec5881a77,cdd49331-8e20-442d-a84f-fa25c260ce98,74.70975,Pitching,25410021,,,,,,,,,,,,,,,,,,,,-29.00978173,701.5712215,0.8745369261,,0d82685c-4e46-4336-911a-6b33e35f1309,8e108f11-a654-479e-a3b6-7d1ceca6b65f
232,2026-09-28,20:43:50.98,"Bussard, Jack",824655,Left,,,,,,Fastball,Live,,85.387,-3.251725778,3.371264755,2121.382168,152.7475258,11:00,6.59384,-1.11919,6.03158,-24.25707,14.2164,-7.3275,1.55317,1.39526,77.70942,-7.805365998,1.985455752,0.4464286362,5.00637,8.714,0.86,50,6.32652,-7.07574,-123.85303,-7.77764,7.70672,26.80422,-18.75986,496084cd-fbdb-4c0a-8b5b-c46dea651e6a,cdd49331-8e20-442d-a84f-fa25c260ce98,84.43105,Pitching,25410021,,,,,,,,,,,,,,,,,,,,-0.1751801358,2121.372252,0.9999953259,,d59057b9-7439-406f-bd2a-12960958d9b3,8e108f11-a654-479e-a3b6-7d1ceca6b65f
233,2026-09-28,20:44:16.67,"Bussard, Jack",824655,Left,,,,,,Splitter,Live,,77.26886,-0.3271664218,0.1870931189,996.7493208,123.1906144,10:00,6.60201,-1.22815,5.57375,-39.83065,7.63391,-11.73006,2.97725,-2.03093,70.5734,-7.758387825,-2.01604613,0.4958566226,6.32326,4.17688,1.21964,50,6.54818,-0.01993,-112.37197,-1.81998,8.02258,21.83798,-26.87467,e0dc812a-35eb-4f07-80eb-30b4b5535a77,cdd49331-8e20-442d-a84f-fa25c260ce98,76.01479,Pitching,25410021,,,,,,,,,,,,,,,,,,,,,,,,c645cb08-5804-4d65-b821-d69387c573d7,8e108f11-a654-479e-a3b6-7d1ceca6b65f
234,2026-09-28,20:44:48.92,"Bussard, Jack",824655,Left,,,,,,Fastball,Warmup,,84.79568,-2.193272277,2.17109846,2058.998339,157.1831976,11:15,6.65698,-1.03002,5.81198,-23.30356,15.81265,-6.66205,2.67339,0.43433,77.21633,-6.560784984,0.915746871,0.4501422818,4.23355,9.1698,0.85627,50,6.4636,-4.4631,-123.20234,-5.44811,6.4644,25.97416,-18.17226,af487002-c243-4c92-b0ca-e5ab946f838d,cdd49331-8e20-442d-a84f-fa25c260ce98,83.7345,Pitching,25410021,,,,,,,,,,,,,,,,,,,,-1.285180816,2058.480386,0.9997484438,,e9ba44eb-419d-4a4b-9fba-12b8e4659aa6,8e108f11-a654-479e-a3b6-7d1ceca6b65f
235,2026-09-28,20:46:33.44,"Garrett, Walter",1000500484,Left,,,,,,,Warmup,,76.99596,-1.136545268,2.224387228,1243.143509,134.6608577,10:30,5.96175,-2.86234,4.74477,-37.46263,11.79653,-11.97592,1.76106,-1.74974,70.44771,-8.00669901,0.01280815607,0.5051436306,6.84778,6.44149,2.64911,50,5.81539,-3.93998,-111.75438,-3.47264,8.62987,20.79412,-24.0562,5a8aeb27-9b51-4042-b6db-8c43fae2d173,cdd49331-8e20-442d-a84f-fa25c260ce98,74.61727,Pitching,25410021,,,,,,,,,,,,,,,,,,,,-20.87015505,1161.581075,0.9343901698,,ad88c949-3592-4751-8e96-4795accd4534,8e108f11-a654-479e-a3b6-7d1ceca6b65f
236,2026-09-28,20:46:51.46,"Garrett, Walter",1000500484,Left,,,,,,,Live,,82.05974,2.74587197,1.624744088,1999.533287,129.1500324,10:15,6.01496,-2.62654,4.98151,-31.21952,11.76572,-14.50934,6.0091,-2.3011,74.52476,-3.036770864,-1.065252292,0.4718794645,8.04383,5.36389,2.48159,50,6.25482,-2.87706,-119.08885,4.63625,11.52355,23.38969,-24.48977,d35f15cd-ff50-4d23-b3ff-428ed682f107,cdd49331-8e20-442d-a84f-fa25c260ce98,79.87726,Pitching,25410021,,,,,,,,,,,,,,,,,,,,-39.72729898,1537.831298,0.7690951223,,d40c191f-1531-4270-aeab-e26b505011b9,8e108f11-a654-479e-a3b6-7d1ceca6b65f
237,2026-09-28,20:47:19.04,"Garrett, Walter",1000500484,Left,,,,,,Fastball,Live,,85.68357,-0.03936517299,3.623324029,2053.067527,126.7691633,10:15,5.90061,-2.84956,5.23355,-28.17408,11.04247,-14.84993,3.5157,-0.67719,77.74354,-5.281786924,0.8567504156,0.4507192302,8.9103,5.83843,2.52699,50,5.87644,-7.35769,-124.30533,-1.06027,13.85379,26.3822,-23.09642,e5c87d9a-44b9-4c76-a6e1-c800f4055003,cdd49331-8e20-442d-a84f-fa25c260ce98,83.62731,Pitching,25410021,,,,,,,,,,,,,,,,,,,,-31.58948953,1748.850224,0.851823041,,a8caf981-0e12-4766-a395-7a1b07b1524e,8e108f11-a654-479e-a3b6-7d1ceca6b65f
238,2026-09-28,20:47:34.06,"Garrett, Walter",1000500484,Left,,,,,,Fastball,Live,,86.28511,-0.3628541266,3.309963338,2118.43683,133.8335863,10:30,6.03918,-2.73544,5.09963,-24.79301,14.07231,-14.70966,3.63066,-0.83922,78.21688,-4.9678681,0.5742877791,0.4486962996,8.71209,7.4995,2.43441,50,5.98602,-6.71713,-125.18409,-1.67527,13.73116,26.86991,-20.35405,0b6d23f9-d060-4b4c-99f0-6b6996027bed,cdd49331-8e20-442d-a84f-fa25c260ce98,84.00435,Pitching,25410021,,,,,,,,,,,,,,,,,,,,-28.61384832,1859.706315,0.8778672506,,756826ac-a593-4a49-91eb-d753c58cd2cf,8e108f11-a654-479e-a3b6-7d1ceca6b65f
239,2026-09-28,20:47:55.68,"Garrett, Walter",1000500484,Left,,,,,,Fastball,Live,,86.9879,-0.9812226779,2.933298218,2146.682504,131.8140797,10:30,6.03623,-2.63048,5.21833,-23.43086,14.75004,-16.52751,3.15991,-1.24777,78.63993,-5.348142207,-0.1544772001,0.444728037,9.63272,8.09103,2.37199,50,5.92856,-5.88764,-126.22015,-2.98681,15.37447,28.24273,-19.26022,52d939c6-bf13-434b-bf36-d407dfa0cf4a,cdd49331-8e20-442d-a84f-fa25c260ce98,84.75391,Pitching,25410021,,,,,,,,,,,,,,,,,,,,-25.82948309,1932.217528,0.9000946923,,56f9cb0d-0d49-47dc-9ec7-75cd39ef68cb,8e108f11-a654-479e-a3b6-7d1ceca6b65f
240,2026-09-28,20:48:27.20,"Garrett, Walter",1000500484,Left,,,,,,Fastball,Live,,86.10017,-0.9249309987,3.329979033,2107.604291,148.1800333,11:00,6.10525,-2.70893,5.33659,-20.6284,18.18823,-11.3171,3.51706,-0.52486,77.78503,-4.779299038,1.213194223,0.4484152246,7.02801,9.92843,2.41651,50,6.0073,-6.88218,-124.91391,-2.72347,10.98786,27.62627,-16.65155,d9614261-31be-4fe3-bf94-4eb570cd8ca5,cdd49331-8e20-442d-a84f-fa25c260ce98,84.057,Pitching,25410021,,,,,,,,,,,,,,,,,,,,-31.63834952,1794.363767,0.8513760263,,fd84365d-9798-4ad3-924d-1602f87df789,8e108f11-a654-479e-a3b6-7d1ceca6b65f
241,2026-09-28,20:48:46.63,"Garrett, Walter",1000500484,Left,,,,,,Fastball,Live,,86.70116,-2.631961252,2.458561096,2128.438419,144.1616259,10:45,6.09595,-2.38851,5.36389,-23.07589,14.99652,-10.83715,1.70133,-0.98515,78.99385,-6.916579,0.4339194414,0.4440956908,6.46494,8.72098,2.1756,50,5.84359,-5.03018,-125.82164,-6.58159,10.30867,26.79471,-18.26801,e97ac82c-81df-45f2-ab53-232aa02cb0d6,cdd49331-8e20-442d-a84f-fa25c260ce98,84.87459,Pitching,25410021,,,,,,,,,,,,,,,,,,,,-34.08201255,1762.849963,0.8282363009,,9b80ed85-1bba-44c9-a069-df7e1c1c420c,8e108f11-a654-479e-a3b6-7d1ceca6b65f
242,2026-09-28,20:49:17.52,"Garrett, Walter",1000500484,Left,,,,,,Slider,Live,,77.69675,0.6456326136,2.646792512,,,,5.92434,-2.74845,5.29629,-47.16698,1.30604,6.33392,2.60051,0.26579,69.62378,-8.191929778,3.839835325,0.5010965982,-2.40924,0.46048,2.50352,50,5.94998,-5.40012,-112.6361,-0.16777,-3.00666,25.90394,-31.59938,9615326f-9f67-4278-ab3b-6337c3192e11,cdd49331-8e20-442d-a84f-fa25c260ce98,75.21991,Pitching,25410021,,,,,,,,,,,,,,,,,,,,,,,,252bc558-4597-4200-87f7-33e14f7a331a,8e108f11-a654-479e-a3b6-7d1ceca6b65f
243,2026-09-28,20:49:46.05,"Garrett, Walter",1000500484,Left,,,,,,Fastball,Live,,86.70254,-2.331499349,3.990584774,2135.90542,133.0033238,10:30,6.10917,-2.45385,5.2388,-26.00163,12.48077,-13.39755,1.74482,0.18588,78.66659,-7.158062428,1.492803172,0.4464804961,8.29066,7.30229,2.09665,50,5.8756,-8.29517,-125.60076,-6.03249,13.12485,27.573,-20.61387,1214c377-6f72-4f36-b2fe-4e50d9cc3909,cdd49331-8e20-442d-a84f-fa25c260ce98,84.42124,Pitching,25410021,,,,,,,,,,,,,,,,,,,,-23.84148308,1953.642747,0.9146672547,,b5eaf997-63d3-4eda-a9f9-da2b96c42ec0,8e108f11-a654-479e-a3b6-7d1ceca6b65f
244,2026-09-28,20:50:10.89,"Garrett, Walter",1000500484,Left,,,,,,Fastball,Live,,86.73778,-1.573037092,3.047495368,2094.337343,132.0584137,10:30,6.00404,-2.64881,5.13872,-25.29256,13.36668,-14.84192,2.41287,-1.01375,78.26429,-6.280636204,0.2745692132,0.4475051707,8.79151,7.54477,2.37456,50,5.83771,-6.17176,-125.76574,-4.35139,13.88568,28.80472,-20.25752,078c67e3-1fde-4628-ba8f-8bcea41de36f,cdd49331-8e20-442d-a84f-fa25c260ce98,84.22794,Pitching,25410021,,,,,,,,,,,,,,,,,,,,-0.7029099704,2094.17974,0.9999247479,,eadb5cd8-3c69-490f-922b-fe464abe17bb,8e108f11-a654-479e-a3b6-7d1ceca6b65f
245,2026-09-28,20:50:36.53,"Garrett, Walter",1000500484,Left,,,,,,ChangeUp,Live,,82.2408,0.208150364,3.412324522,1543.474441,118.2484848,10:00,5.7519,-2.87372,,-34.38115,9.376,-17.55669,3.0852,-1.08627,74.46987,-6.117992116,0.1737951764,0.4760975151,10.09309,4.77293,2.5359,50,5.7425,-6.46702,-119.17733,-0.8179,14.3877,24.79589,-25.37024,9d5caa4f-2aec-4e5b-943b-ae8fa20de00f,cdd49331-8e20-442d-a84f-fa25c260ce98,,Pitching,25410021,,,,,,,,,,,,,,,,,,,,-28.83491818,1352.10355,0.8760129187,,71714c8e-d41a-4279-a89c-e59ffe11fa7b,8e108f11-a654-479e-a3b6-7d1ceca6b65f
246,2026-09-28,20:50:56.64,"Garrett, Walter",1000500484,Left,,,,,,Slider,Live,,77.49406,-1.340597491,1.895897085,2136.136237,211.5329727,1:00,5.8886,-2.71417,5.22138,-45.3207,2.15162,1.34552,0.85074,-0.81916,71.7449,-9.661154904,2.145537482,0.4958971589,-0.19476,1.49542,2.53849,50,5.7316,-3.77088,-112.63256,-4.07052,-0.25082,19.97162,-30.24817,f8cc1da2-ccc8-4f60-82b0-6ce75d4d45b8,cdd49331-8e20-442d-a84f-fa25c260ce98,76.00858,Pitching,25410021,,,,,,,,,,,,,,,,,,,,,,,,33f4fd0d-0d40-4fa3-86d1-b0efcd72dd34,8e108f11-a654-479e-a3b6-7d1ceca6b65f
247,2026-09-28,20:51:20.51,"Garrett, Walter",1000500484,Left,,,,,,Fastball,Live,,86.67195,-1.062441164,3.26180554,2164.687749,134.4629619,10:30,6.11332,-2.41071,5.45948,-22.11777,16.35143,-16.69979,3.27412,-0.74636,77.60764,-5.223804087,0.1137604755,0.4464038938,10.01789,9.08826,2.13464,50,6.00499,-6.60531,-125.68063,-3.0727,15.69556,30.33019,-17.93499,5a2513b5-55a7-4122-b5fa-50ab2d0071de,cdd49331-8e20-442d-a84f-fa25c260ce98,84.43573,Pitching,25410021,,,,,,,,,,,,,,,,,,,,-28.9281625,1894.592892,0.8752268743,,e15a70b1-80a4-4ea6-a3ca-3a3da1571b84,8e108f11-a654-479e-a3b6-7d1ceca6b65f
248,2026-09-28,20:51:49.62,"Garrett, Walter",1000500484,Left,,,,,,Fastball,Live,,87.7088,-0.494392135,3.84785017,2179.338536,143.9153238,10:45,6.04521,-2.44878,5.4257,-22.01694,15.52002,-11.35424,3.74642,0.2139,78.71187,-4.628775604,1.715315263,0.4409617881,7.31226,8.4304,2.11525,50,5.98645,-8.16509,-127.14425,-1.84902,11.76506,30.22668,-18.60996,3530a8fe-72e5-4f7f-9e79-7016ae956a98,cdd49331-8e20-442d-a84f-fa25c260ce98,85.47779,Pitching,25410021,,,,,,,,,,,,,,,,,,,,-30.63792665,1875.113514,0.8604048811,,ec51e39e-f275-4e50-99cb-81c1d6270929,8e108f11-a654-479e-a3b6-7d1ceca6b65f
249,2026-09-28,20:52:05.95,"Garrett, Walter",1000500484,Left,,,,,,Fastball,Live,,86.27688,-1.81365717,2.511200121,2160.21227,128.2298678,10:15,6.09107,-2.57818,5.33997,-23.51499,15.19937,-19.3101,2.42812,-1.8304,77.9663,-6.202157183,-1.109827834,0.4478240491,11.03897,8.63786,2.36543,50,5.91113,-4.83228,-125.19167,-4.76954,17.29112,28.34731,-18.64395,48b537cc-a964-490b-b612-f96d8dbb1bda,cdd49331-8e20-442d-a84f-fa25c260ce98,84.16797,Pitching,25410021,,,,,,,,,,,,,,,,,,,,-23.36354717,1983.090232,0.9180071141,,cf58ea95-81b3-4e6b-a33c-58c3bf66e3e2,8e108f11-a654-479e-a3b6-7d1ceca6b65f
250,2026-09-28,20:52:31.35,"Garrett, Walter",1000500484,Left,,,,,,Slider,Live,,77.56703,-0.7877696287,3.390687888,,,,5.91424,-2.74463,5.33933,-43.03243,4.43901,0.83846,1.58795,0.50938,71.3234,-8.734009415,3.546574788,0.4958925676,0.52254,2.57337,2.43835,50,5.81282,-6.69735,-112.60185,-2.88171,0.66933,20.88855,-28.87776,80bf2e6e-914c-47d8-9b3f-62ac2a07eb43,cdd49331-8e20-442d-a84f-fa25c260ce98,76.00928,Pitching,25410021,,,,,,,,,,,,,,,,,,,,,,,,6a575d66-022d-4c22-b34b-77704d825ef4,8e108f11-a654-479e-a3b6-7d1ceca6b65f
251,2026-09-28,20:52:51.75,"Garrett, Walter",1000500484,Left,,,,,,,Warmup,,86.79642,-2.01005914,3.206496457,2176.793248,148.8288844,11:00,5.99899,-2.48324,5.41554,-22.69824,15.21221,-9.21931,2.22101,-0.24499,79.02616,-6.233732376,1.484717778,0.4431500931,5.83086,8.66348,2.20478,50,5.80475,-6.74157,-125.94973,-5.20149,9.32145,26.72425,-18.32427,888682cb-b657-4780-b025-215b9a06e2cb,cdd49331-8e20-442d-a84f-fa25c260ce98,85.05569,Pitching,25410021,,,,,,,,,,,,,,,,,,,,,,,,ed533bb0-a490-44ce-b8e8-6330bb45cee5,8e108f11-a654-479e-a3b6-7d1ceca6b65f
252,2026-09-28,20:53:28.75,"Garrett, Walter",1000500484,Left,,,,,,,Warmup,,42.04705,11.01166665,-16.36542823,,,,6.3314,0.03527,9.16632,,,,3.85775,-9.91082,35.30218,,,0.9349287896,-44.67086,4.28144,0.35314,50,6.594,16.74051,-57.85025,11.07002,-13.7288,10.03514,-30.85822,dc88b992-876e-4f0e-b6a0-de2763ece54a,cdd49331-8e20-442d-a84f-fa25c260ce98,40.31584,Pitching,25410021,,,,,,,,,,,,,,,,,,,,,,,,48acad25-b144-4f89-bd5a-b62b43afca10,8e108f11-a654-479e-a3b6-7d1ceca6b65f
253,2026-09-28,20:54:33.15,"Garrett, Walter",1000500484,Left,,,,,,Fastball,Live,,82.85332,-0.9868931414,2.47544944,2094.982045,145.1270782,10:45,6.06197,-2.34991,5.05963,-25.46705,17.10458,-11.94823,3.00824,-1.01012,74.48012,-5.733276482,0.2415963294,0.4696037002,7.09727,9.32014,2.12393,50,5.94867,-4.78845,-120.16903,-2.93876,10.19888,27.03698,-18.78087,b62ce5b9-cd3e-4603-b525-7265d77c9323,cdd49331-8e20-442d-a84f-fa25c260ce98,80.26436,Pitching,25410021,,,,,,,,,,,,,,,,,,,,-0.2219018296,2094.966333,0.9999925003,,a52b34f9-360b-4807-9e56-7b881338b93d,8e108f11-a654-479e-a3b6-7d1ceca6b65f
254,2026-09-28,20:55:24.17,"Garrett, Walter",1000500484,Left,,,,,,Slider,Live,,79.51044,-0.3505672122,3.115955591,2139.927374,170.5674331,11:45,5.93117,-2.64705,5.07899,-41.93354,5.26492,-0.88246,2.1058,0.21919,70.35423,-8.223542166,2.949325107,0.4944647351,1.70263,2.92617,2.35268,50,5.86663,-6.23606,-115.07221,-2.04348,2.19249,29.22509,-28.406,f9911bf3-2aab-4518-a30f-0bc63293af01,cdd49331-8e20-442d-a84f-fa25c260ce98,76.22877,Pitching,25410021,,,,,,,,,,,,,,,,,,,,-77.4273864,465.8124256,0.2176767451,,2dd6415a-d2e3-4556-933c-5e008b28bfd3,8e108f11-a654-479e-a3b6-7d1ceca6b65f
255,2026-09-28,20:55:45.75,"Garrett, Walter",1000500484,Left,,,,,,Fastball,Live,,86.14267,0.4149875004,2.119899838,2164.518098,151.5139998,11:00,6.11928,-2.42225,5.51481,-20.76547,17.72086,-9.6412,4.77708,-1.24283,77.6598,-3.486718837,0.3071808793,0.4465032573,5.81108,9.32839,2.2441,50,6.14176,-4.3125,-125.13686,0.21867,9.10152,28.13912,-17.5636,7ced7ca2-1fb8-40fd-a93d-0f3359401b31,cdd49331-8e20-442d-a84f-fa25c260ce98,84.41694,Pitching,25410021,,,,,,,,,,,,,,,,,,,,-1.87240086,2163.362398,0.9994660707,,b5909a3f-d7a7-448b-a233-cf16e641853c,8e108f11-a654-479e-a3b6-7d1ceca6b65f
256,2026-09-28,20:56:04.58,"Garrett, Walter",1000500484,Left,,,,,,Slider,Live,,76.93292,-0.1917277042,1.57508545,2213.385469,219.331882,1:15,5.91844,-2.65297,5.37691,-44.50352,3.99463,3.30791,2.03003,-0.90056,70.02262,-8.476314159,2.19529118,0.5012264639,-1.26132,2.18235,2.50985,50,5.87057,-3.17332,-111.76415,-1.72093,-1.57522,22.52111,-29.44859,1a42e4b6-1036-46e0-9ea3-68addad9c711,cdd49331-8e20-442d-a84f-fa25c260ce98,75.20042,Pitching,25410021,,,,,,,,,,,,,,,,,,,,,,,,2b613159-48ed-4e5e-836b-5926da1efbcd,8e108f11-a654-479e-a3b6-7d1ceca6b65f
257,2026-09-28,20:56:37.17,"Garrett, Walter",1000500484,Left,,,,,,Fastball,Live,,86.83637,-1.503067033,4.047045936,2205.377836,141.4507683,10:45,6.08434,-2.40417,5.38715,-25.19005,12.70335,-10.15456,2.57272,0.54863,79.19073,-6.183911651,2.155995119,0.4430504549,6.53992,7.16382,2.04956,50,5.93241,-8.56199,-125.9394,-4.17729,10.47592,26.20437,-20.69874,400fd854-e112-4f1f-836e-5074c0334a5d,cdd49331-8e20-442d-a84f-fa25c260ce98,85.07482,Pitching,25410021,,,,,,,,,,,,,,,,,,,,-26.39804909,1975.416251,0.8957268994,,4b387be3-dd01-4dff-bd13-9b52f4f3562a,8e108f11-a654-479e-a3b6-7d1ceca6b65f
258,2026-09-28,20:57:03.27,"Garrett, Walter",1000500484,Left,,,,,,ChangeUp,Live,,82.97887,-0.7977332699,3.472735808,1654.162444,129.7104804,10:15,5.78168,-2.74252,5.43776,-29.78973,11.5116,-13.91217,2.55088,-0.64647,75.8038,-6.338948451,0.877333771,0.4625443865,8.36726,6.33679,2.44489,50,5.69077,-6.85754,-120.4737,-2.65143,12.27836,23.74012,-22.87526,b6433db7-09e0-42b5-badb-76d06f0be526,cdd49331-8e20-442d-a84f-fa25c260ce98,81.48934,Pitching,25410021,,,,,,,,,,,,,,,,,,,,-21.49874428,1539.075084,0.9304256001,,35fc030e-a9de-46f8-8c74-cb281690a214,8e108f11-a654-479e-a3b6-7d1ceca6b65f
259,2026-09-28,20:57:31.45,"Garrett, Walter",1000500484,Left,,,,,,Fastball,Live,,86.00939,-0.6881734301,2.034380535,2112.94115,150.3690968,11:00,6.08608,-2.39297,5.39592,-22.94571,15.75592,-8.98305,3.52868,-1.23455,77.84892,-4.978303309,0.3509096468,0.4477504799,5.39591,8.58067,2.21789,50,6.00898,-4.13443,-124.94018,-2.27727,8.44475,27.49953,-18.74507,e62b3938-521d-48df-a5dd-2cc7391e04c5,cdd49331-8e20-442d-a84f-fa25c260ce98,84.18179,Pitching,25410021,,,,,,,,,,,,,,,,,,,,-0.8050088875,2112.732602,0.9999012996,,511a6b0d-fbda-4811-abe3-0e67ebad1864,8e108f11-a654-479e-a3b6-7d1ceca6b65f
260,2026-09-28,20:57:53.04,"Garrett, Walter",1000500484,Left,,,,,,Fastball,Live,,86.85795,-0.6413856694,2.767765854,2167.438739,130.8686411,10:15,6.06517,-2.63001,5.36533,-25.06838,13.06315,-15.14121,3.37409,-1.29488,78.40236,-5.33115013,-0.07153727929,0.4444403741,8.91223,7.13873,2.39233,50,5.99026,-5.57709,-126.07283,-2.2703,14.16168,28.67071,-20.83049,cb3c21fb-022e-4349-810a-7b6ea97fc52d,cdd49331-8e20-442d-a84f-fa25c260ce98,84.80876,Pitching,25410021,,,,,,,,,,,,,,,,,,,,-0.6135725685,2167.314459,0.9999426607,,dc0878a4-3196-4ef5-8a46-eb7bdaf15aa3,8e108f11-a654-479e-a3b6-7d1ceca6b65f
261,2026-09-28,20:58:17.61,"Garrett, Walter",1000500484,Left,,,,,,Fastball,Live,,85.70109,1.600477452,1.167435907,2094.959314,141.4289999,10:45,5.92232,-2.76163,5.34978,-23.38297,15.8111,-12.63823,5.47538,-2.71984,77.07027,-2.786129356,-1.205062783,0.4505900306,7.08237,7.88304,2.6655,50,6.04994,-2.10898,-124.45513,2.68768,10.95088,28.27843,-19.98515,15544369-200e-4224-949c-694bf12afa1d,cdd49331-8e20-442d-a84f-fa25c260ce98,83.65129,Pitching,25410021,,,,,,,,,,,,,,,,,,,,-11.67705905,2051.601883,0.9793039272,,c0817c5e-d954-41f3-bdde-041ca8ecd437,8e108f11-a654-479e-a3b6-7d1ceca6b65f
262,2026-09-28,20:58:42.90,"Garrett, Walter",1000500484,Left,,,,,,Slider,Live,,77.82102,1.160522755,2.350935987,,,,5.86461,-2.58644,5.27673,-45.77334,2.69642,-0.76257,3.14106,-0.44103,69.32231,-7.449694749,2.20690574,0.5010796982,1.2773,1.00367,2.37259,50,5.93828,-4.60756,-112.79766,0.88788,1.59411,26.49933,-30.92145,fa3b3ba3-a4ae-457e-aa96-9ac17f5a2914,cdd49331-8e20-442d-a84f-fa25c260ce98,75.22244,Pitching,25410021,,,,,,,,,,,,,,,,,,,,,,,,d18f0577-0ade-40d5-8c8c-60dfff58e54a,8e108f11-a654-479e-a3b6-7d1ceca6b65f
263,2026-09-28,20:59:18.65,"Garrett, Walter",1000500484,Left,,,,,,Slider,Live,,77.92998,-0.2000278704,4.399029445,2178.129049,241.9891134,2:00,5.8345,-2.65616,5.26812,-46.79467,1.3647,2.65008,1.74652,1.70451,70.32193,-8.907613357,4.894810695,0.4994727193,0.11518,0.79329,2.2519,50,5.78292,-8.76009,-112.81108,-1.83716,0.14503,24.89943,-31.17514,5a4e8317-29ca-417e-89a3-4326228b7157,cdd49331-8e20-442d-a84f-fa25c260ce98,75.46446,Pitching,25410021,,,,,,,,,,,,,,,,,,,,-79.55060561,395.0407529,0.1813670099,,bfefe387-9b36-4147-820c-478b83d4fd8d,8e108f11-a654-479e-a3b6-7d1ceca6b65f
264,2026-09-28,20:59:36.81,"Garrett, Walter",1000500484,Left,,,,,,ChangeUp,Live,,80.93402,-0.8140026487,6.455060999,1470.463379,126.7622664,10:15,5.90682,-2.51144,5.3531,-35.49728,8.33178,-11.24769,2.18046,2.63021,74.1787,-7.369301043,4.378679575,0.4764885857,7.72004,4.63017,1.93718,50,5.80824,-12.87429,-116.98643,-2.81424,10.71593,21.73592,-25.74706,659e84d7-0bd9-4e57-8c0b-59ba6105b6e6,cdd49331-8e20-442d-a84f-fa25c260ce98,79.1046,Pitching,25410021,,,,,,,,,,,,,,,,,,,,-18.24196316,1396.562366,0.9497430441,,42c5feac-e58d-43aa-a72a-effe882e3878,8e108f11-a654-479e-a3b6-7d1ceca6b65f
265,2026-09-28,20:59:57.68,"Garrett, Walter",1000500484,Left,,,,,,Fastball,Live,,84.81218,-0.8960811552,4.387092485,2061.92321,140.5420194,10:45,5.96567,-2.44032,5.49148,-27.72117,11.93514,-9.86909,2.81491,0.84868,77.18938,-6.063204678,2.545178699,0.4532392865,6.53557,6.61537,2.06276,50,5.86864,-9.11017,-122.97859,-2.84105,9.96119,25.4718,-22.09123,7e54e7ad-b509-4b22-b9c8-58e4798de79f,cdd49331-8e20-442d-a84f-fa25c260ce98,83.16234,Pitching,25410021,,,,,,,,,,,,,,,,,,,141.8255349,-15.6028957,1985.939225,0.9631489745,10:45,32a1eb1a-e0c5-4fa4-8f0f-7eb8f3fe242d,8e108f11-a654-479e-a3b6-7d1ceca6b65f
266,2026-09-28,21:00:17.12,"Garrett, Walter",1000500484,Left,,,,,,Fastball,Live,,83.43914,-0.937874353,4.369930072,2003.916808,143.1251676,10:45,5.88902,-2.49691,5.43907,-28.23772,12.78006,-9.63012,2.65516,0.79987,76.02633,-6.19255381,2.575200749,0.4609538503,6.37981,7.06025,2.11681,50,5.78675,-8.93105,-120.98759,-2.90879,9.42093,24.4332,-21.74831,df10d212-c903-4561-b9ab-ec5245722f2d,cdd49331-8e20-442d-a84f-fa25c260ce98,81.77053,Pitching,25410021,,,,,,,,,,,,,,,,,,,,-14.89600562,1936.573185,0.966394003,,74a14ded-3f87-4d65-8ae6-d477d5b242c5,8e108f11-a654-479e-a3b6-7d1ceca6b65f
267,2026-09-28,21:00:48.13,"Garrett, Walter",1000500484,Left,,,,,,Fastball,Live,,86.13062,-0.6892003871,4.260771172,2010.921209,138.9834464,10:45,5.93924,-2.32199,5.27419,-24.22248,14.83896,-12.95999,3.27163,0.60679,77.59146,-5.213677362,1.839110015,0.4498270254,8.21189,8.07404,1.94203,50,5.85889,-8.8523,-124.79045,-2.33669,12.77745,28.22204,-19.61109,4b636594-782e-457a-adab-6fb18b994a5e,cdd49331-8e20-442d-a84f-fa25c260ce98,83.79318,Pitching,25410021,,,,,,,,,,,,,,,,,,,,-0.1817184925,2010.911096,0.9999949705,,27a81468-44a9-49a9-999d-1de42192045f,8e108f11-a654-479e-a3b6-7d1ceca6b65f
268,2026-09-28,21:01:29.63,"Garrett, Walter",1000500484,Left,,,,,,Slider,Live,,76.96385,0.8276211129,4.727969239,,,,5.86955,-2.52429,5.02071,-51.19448,-1.48881,5.74395,2.38696,2.42559,69.73068,-8.636081974,5.793459669,0.5074279552,-1.44492,-1.05782,2.06677,50,5.90925,-9.39032,-111.33742,-0.00824,-1.78023,23.42954,-33.47735,5b8a22be-429e-4298-9854-44b1ad484943,cdd49331-8e20-442d-a84f-fa25c260ce98,74.28136,Pitching,25410021,,,,,,,,,,,,,,,,,,,,,,,,fefd3a75-6129-4eed-9aae-05b302ef939b,8e108f11-a654-479e-a3b6-7d1ceca6b65f
269,2026-09-28,21:01:46.24,"Garrett, Walter",1000500484,Left,,,,,,Fastball,Live,,83.73177,-1.236487931,4.54826398,1879.297705,127.6304409,10:15,5.85272,-2.36679,5.29134,-31.75902,9.25089,-12.05209,2.04145,0.90788,76.34637,-7.124647218,2.307449378,0.4609096256,7.69112,5.24861,1.96118,50,5.71722,-9.24824,-121.33693,-3.69192,11.41799,24.67153,-24.38213,94fc2b98-b95b-4c6b-a3d1-6e50010ebf36,cdd49331-8e20-442d-a84f-fa25c260ce98,81.77837,Pitching,25410021,,,,,,,,,,,,,,,,,,,,-28.24299966,1655.564609,0.8809485614,,87c22795-f354-4acb-8ad6-4ddc74a29ff6,8e108f11-a654-479e-a3b6-7d1ceca6b65f
270,2026-09-28,21:02:47.21,"Garrett, Walter",1000500484,Left,,,,,,Fastball,Live,,84.33253,-0.5144240145,5.180861447,2056.034546,130.4130893,10:15,5.88988,-2.40258,5.22159,-31.36594,9.21194,-10.89243,2.79048,1.57327,76.79566,-6.325704797,3.162139695,0.45847547,7.24001,5.00454,1.93209,50,5.81928,-10.6999,-122.10734,-2.17097,10.89108,24.86499,-24.64576,905963b4-a222-46bd-856b-9c92abc56081,cdd49331-8e20-442d-a84f-fa25c260ce98,82.21255,Pitching,25410021,,,,,,,,,,,,,,,,,,,,-35.80543071,1667.461227,0.8110083709,,8e39f0fb-3dbe-4ba1-aafd-491d06d6f3cb,8e108f11-a654-479e-a3b6-7d1ceca6b65f
271,2026-09-28,21:03:30.34,"Garrett, Walter",1000500484,Left,,,,,,Fastball,Live,,82.3993,-2.589613894,3.683078241,2066.043514,144.1500005,10:45,5.98942,-2.57715,5.59075,-27.45449,14.6367,-10.58995,1.27724,-0.01638,74.77637,-7.714844373,1.694048978,0.4669463676,6.80916,8.636,2.26799,50,5.74942,-7.35731,-119.44127,-6.27188,9.7281,25.37275,-19.83598,8c17fba7-54ab-4a30-aceb-87a3284a7869,cdd49331-8e20-442d-a84f-fa25c260ce98,80.72113,Pitching,25410021,,,,,,,,,,,,,,,,,,,,-25.54106613,1864.142486,0.9022764884,,b68eb004-c3fa-4a50-ad66-1a60302a9e60,8e108f11-a654-479e-a3b6-7d1ceca6b65f
272,2026-09-28,21:03:46.79,"Garrett, Walter",1000500484,Left,,,,,,Fastball,Live,,84.06247,-2.525601252,3.590096788,2103.957604,145.1226273,10:45,6.12454,-2.43406,5.44083,-23.95896,16.80318,-11.72495,1.75727,-0.04563,75.95565,-6.999383832,1.390242271,0.4595151991,7.38548,9.75242,2.12463,50,5.88485,-7.26033,-121.8154,-6.1653,10.94652,26.96598,-17.71932,421c8724-8147-4747-8df1-3d2b1b831c67,cdd49331-8e20-442d-a84f-fa25c260ce98,82.02653,Pitching,25410021,,,,,,,,,,,,,,,,,,,,-23.65151825,1927.230173,0.9160023801,,be18cb76-b87d-40b6-8473-a83fc28d30c9,8e108f11-a654-479e-a3b6-7d1ceca6b65f
273,2026-09-28,21:04:05.89,"Garrett, Walter",1000500484,Left,,,,,,Slider,Live,,75.94806,1.582311678,2.258123921,,,,6.03135,-2.62441,5.13047,-49.7788,1.52385,6.7962,3.37461,0.06936,67.59873,-7.757699951,3.53873994,0.515514967,-2.74529,0.2087,2.40771,50,6.143,-4.54504,-110.01792,1.52674,-3.25163,25.62765,-31.92686,7d5d4ea6-d1e2-4c0e-b705-2b32527d117a,cdd49331-8e20-442d-a84f-fa25c260ce98,73.11609,Pitching,25410021,,,,,,,,,,,,,,,,,,,,,,,,59ea24f2-7637-44c9-8ae2-5a2e8301a5e2,8e108f11-a654-479e-a3b6-7d1ceca6b65f
274,2026-09-28,21:04:23.77,"Garrett, Walter",1000500484,Left,,,,,,Fastball,Live,,86.18865,-2.357084812,1.62181893,2262.018886,149.681441,11:00,6.07444,-2.14083,5.29228,-20.19534,18.7139,-10.95029,2.17651,-1.53037,77.7455,-6.124683522,-0.4321694829,0.4489498023,6.32312,10.67359,2.00119,50,5.84572,-3.16584,-125.06361,-5.84186,9.86708,28.68874,-15.51816,cf93e74f-99a8-441f-b9bb-c66532a37796,cdd49331-8e20-442d-a84f-fa25c260ce98,83.95691,Pitching,25410021,,,,,,,,,,,,,,,,,,,,-27.45474142,2007.259681,0.8873752968,,7ee4f33f-9e32-4040-bdde-01aa8e8ec65f,8e108f11-a654-479e-a3b6-7d1ceca6b65f
275,2026-09-28,21:04:45.74,"Garrett, Walter",1000500484,Left,,,,,,Slider,Live,,74.89669,-0.1344108885,2.635327142,1081.47184,255.9914338,2:30,5.87964,-2.65538,5.50776,-51.00036,1.41549,5.85755,1.5038,0.29864,66.48775,-9.764008915,3.751205599,0.5210780118,-2.07943,0.81587,2.4219,50,5.83518,-5.15924,-108.51749,-1.68662,-2.37343,26.55085,-31.24283,3020b431-bc9d-4c50-a90d-942b9b6ccb16,cdd49331-8e20-442d-a84f-fa25c260ce98,72.3355,Pitching,25410021,,,,,,,,,,,,,,,,,,,,,,,,9713e770-b542-4e69-9320-473ad9f1b59f,8e108f11-a654-479e-a3b6-7d1ceca6b65f
276,2026-09-28,21:05:08.58,"Garrett, Walter",1000500484,Left,,,,,,Fastball,Live,,86.17019,-1.190987777,3.828310674,2175.820016,137.6776037,10:30,6.03569,-2.34411,5.47322,-25.07875,13.57885,-12.40419,2.8288,0.20951,77.83784,-5.885240704,1.501968869,0.447495635,7.81298,7.61132,2.0161,50,5.91425,-7.94785,-124.95038,-3.43922,12.20079,28.04998,-20.28816,6c7e1444-fa13-4112-b902-d788b44ceb7b,cdd49331-8e20-442d-a84f-fa25c260ce98,84.22974,Pitching,25410021,,,,,,,,,,,,,,,,,,,,-29.28331631,1897.775754,0.8722117364,,c2bb43a5-4e25-40c1-8c6f-ac0ac0864586,8e108f11-a654-479e-a3b6-7d1ceca6b65f
277,2026-09-28,21:05:36.68,"Garrett, Walter",1000500484,Left,,,,,,Slider,Live,,77.92058,-0.162776969,2.885743253,2224.649814,184.1168334,12:15,5.89282,-2.52383,5.3235,-43.12402,4.72702,0.34354,2.14623,0.21467,70.23333,-8.218955292,2.950292889,0.4978712567,0.8035,2.5677,2.26272,50,5.84799,-5.70718,-113.01016,-1.64271,1.01662,24.75011,-28.9253,92d37795-656a-47f1-b88f-37244d4ca5fc,cdd49331-8e20-442d-a84f-fa25c260ce98,75.7072,Pitching,25410021,,,,,,,,,,,,,,,,,,,,,,,,e76486ed-1801-4c91-93ea-3911995f2f59,8e108f11-a654-479e-a3b6-7d1ceca6b65f