PitchNo,Date,Time,Pitcher,PitcherId,PitcherThrows,PitcherTeam,PitcherSet,PitchCall,Balls,Strikes,TaggedPitchType,PitchSession,Flag,RelSpeed,VertRelAngle,HorzRelAngle,SpinRate,SpinAxis,Tilt,RelHeight,RelSide,Extension,VertBreak,InducedVertBreak,HorzBreak,PlateLocHeight,PlateLocSide,ZoneSpeed,VertApprAngle,HorzApprAngle,ZoneTime,pfxx,pfxz,x0,y0,z0,vx0,vy0,vz0,ax0,ay0,az0,PlayID,CalibrationId,EffVelocity,PracticeType,Device,Direction,BatterId,Batter,HitSpinRate,HitType,ExitSpeed,BatterSide,Angle,PositionAt110X,PositionAt110Y,PositionAt110Z,Distance,LastTrackedDistance,HangTime,Bearing,ContactPositionX,ContactPositionY,ContactPositionZ,SpinAxis3dTransverseAngle,SpinAxis3dLongitudinalAngle,SpinAxis3dActiveSpinRate,SpinAxis3dSpinEfficiency,SpinAxis3dTilt,PitchUID,SessionId
1,2026-09-24,18:45:54.35,"Beck, Jake",1000314594,Right,,,,,,,Warmup,,86.79214,-0.4655439378,-2.112802158,2187.67268,192.5886721,12:30,6.05106,2.18498,6.16041,-20.66134,16.01828,3.5861,3.89898,0.53143,79.08179,-4.371071009,-1.43393944,0.4358969867,-2.56429,8.86546,-2.02677,50,6.00517,4.55158,-126.29403,-1.64721,-4.12663,26.59192,-17.90717,8c0247cc-1761-41ec-b023-a9c06a06c7e9,35067456-f78f-4e28-bcd1-469b109f2415,86.47098,Pitching,25410021,,,,,,,,,,,,,,,,,,,208.5751941,43.11830112,1596.878529,0.7299439916,1:00,b32e27a5-6d70-4190-99cd-12592e13544d,ebb8f8c3-3960-42a8-a427-d577aba406a6
2,2026-09-24,18:46:36.03,"Beck, Jake",1000314594,Right,,,,,,Slider,Live,,82.85834,-2.071302544,-3.11067473,2447.571563,83.36448117,8:45,5.78019,2.30789,5.51066,-42.12783,-0.16596,-1.108,0.32918,-0.69577,75.25161,-9.908176927,-3.319100151,0.4662284917,-0.44192,0.60055,-2.03609,50,5.57194,6.56405,-120.13897,-5.6863,-0.63391,27.29716,-31.31259,a49d650e-ca23-47db-9a98-f2f1e76d8996,35067456-f78f-4e28-bcd1-469b109f2415,80.84542,Pitching,25410021,,,,,,,,,,,,,,,,,,,,,,,,3be82345-7406-440a-95e3-0a1941028fee,ebb8f8c3-3960-42a8-a427-d577aba406a6
3,2026-09-24,18:46:54.40,"Beck, Jake",1000314594,Right,,,,,,Slider,Live,,85.14103,-2.480109911,-4.401454888,2463.698244,118.947187,10:00,5.80819,2.36281,5.75696,-37.86475,1.25949,-2.35501,0.33629,-1.93794,78.0598,-9.505026038,-4.842554546,0.450188438,-0.06135,1.42679,-1.99642,50,5.57939,9.57075,-123.37871,-6.55157,-0.09381,26.37946,-29.99235,31924884-79ab-41e2-8c80-d5ece53c1931,35067456-f78f-4e28-bcd1-469b109f2415,83.72592,Pitching,25410021,,,,,,,,,,,,,,,,,,,,,,,,312828db-9401-4b0c-b647-07779dc740db,ebb8f8c3-3960-42a8-a427-d577aba406a6
4,2026-09-24,18:47:28.31,"Beck, Jake",1000314594,Right,,,,,,Fastball,Live,,88.72504,-1.82674043,-1.686482895,2201.494306,201.4358715,12:45,5.94033,2.2099,6.272,-23.3323,11.45813,4.50806,2.31095,1.03068,81.48147,-6.221162407,-0.833258838,0.4245230324,-2.92373,6.76084,-2.08767,50,5.79399,3.66646,-129.14543,-4.82452,-4.94705,26.42435,-20.73449,182c5ed7-96a0-44b3-8809-057939bb9f7a,35067456-f78f-4e28-bcd1-469b109f2415,88.78774,Pitching,25410021,,,,,,,,,,,,,,,,,,,208.6052852,41.07369194,1659.629846,0.7538651548,1:00,b3fb2015-0c23-451e-9a15-ea3fa1001495,ebb8f8c3-3960-42a8-a427-d577aba406a6
5,2026-09-24,18:47:49.56,"Beck, Jake",1000314594,Right,,,,,,Fastball,Live,,88.20742,-0.4190088748,-1.73167245,2208.837307,197.9840775,12:30,5.96135,2.16528,6.21511,-23.52656,11.37267,3.70249,3.614,0.87551,81.69141,-4.833426119,-1.035466661,0.4251863849,-2.43116,6.28755,-2.03766,50,5.91803,3.77242,-128.53137,-1.66108,-4.12013,23.37759,-21.51839,da23103e-2893-4c8c-85f7-151bc602f653,35067456-f78f-4e28-bcd1-469b109f2415,88.64921,Pitching,25410021,,,,,,,,,,,,,,,,,,,202.4927773,44.91971263,1564.070939,0.7080969405,12:45,12483ff3-8a1e-42cb-87bc-5544a2ee7605,ebb8f8c3-3960-42a8-a427-d577aba406a6
6,2026-09-24,18:48:07.82,"Beck, Jake",1000314594,Right,,,,,,Curveball,Live,,73.75233,2.293072706,-0.1781401918,2655.240827,57.94713751,8:00,6.09244,2.13327,6.14294,-60.24311,-8.65733,-13.74929,3.19203,0.8229,66.88112,-9.120971204,-2.801493936,0.5169355524,7.45905,-5.50497,-2.1127,50,6.23609,0.6803,-107.19454,2.77195,8.50719,21.94987,-38.45257,64416581-f9c0-48e7-95e8-3f162330dd8c,35067456-f78f-4e28-bcd1-469b109f2415,72.91516,Pitching,25410021,,,,,,,,,,,,,,,,,,,46.25218408,43.08484346,1939.236548,0.7303429986,7:30,dc0dc4c8-37f6-40f2-b6b2-b1e77ecd8e4e,ebb8f8c3-3960-42a8-a427-d577aba406a6
7,2026-09-24,18:48:27.72,"Beck, Jake",1000314594,Right,,,,,,Curveball,Live,,73.35855,0.7862355836,0.5023145012,2573.489135,58.32826855,8:00,6.01619,2.12204,5.99178,-60.05847,-8.18996,-13.20189,1.73992,1.48734,67.4799,-10.46467808,-1.997364288,0.5183502203,7.31406,-4.68152,-2.15431,50,6.04509,-0.59141,-106.74132,-0.10194,8.36357,19.89589,-37.52733,41f432fb-6e86-41b3-9ec0-f1cc365c4c46,35067456-f78f-4e28-bcd1-469b109f2415,72.71616,Pitching,25410021,,,,,,,,,,,,,,,,,,,,35.68106813,2090.384229,0.8122762983,,b99e76bb-8909-4199-8d3f-cf96f9ca2655,ebb8f8c3-3960-42a8-a427-d577aba406a6
8,2026-09-24,18:48:56.75,"Beck, Jake",1000314594,Right,,,,,,Curveball,Live,,71.0994,3.419438638,1.421852429,2542.54686,56.8618648,8:00,6.11371,2.06786,6.21641,-61.67212,-7.10088,-10.76685,4.13414,2.48281,65.30829,-8.202652917,-0.6176832723,0.5316836342,6.27751,-4.84002,-2.16874,50,6.33866,-2.30293,-103.34195,4.67525,6.78026,17.41888,-37.4017,c84370fd-03fa-4508-a710-611f796639b6,35067456-f78f-4e28-bcd1-469b109f2415,70.89261,Pitching,25410021,,,,,,,,,,,,,,,,,,,,37.04626746,2029.331926,0.7981492723,,4b2f6215-b0c9-4b49-a4ce-7b4b9fa7a51c,ebb8f8c3-3960-42a8-a427-d577aba406a6
9,2026-09-24,18:49:34.85,"Beck, Jake",1000314594,Right,,,,,,Fastball,Live,,87.29388,-1.538926695,-2.455884171,2224.094934,197.4505128,12:30,5.86932,2.21238,6.19091,-24.7734,11.26231,3.55045,2.3826,0.23978,80.25884,-6.194556482,-1.785927892,0.4320539299,-2.59433,6.54934,-2.02944,50,5.74085,5.34044,-127.01443,-4.16314,-4.25185,25.22474,-21.44032,f80f6367-3d62-4b90-965a-2d1a9a0f1751,98919482-5580-4c9b-9d8e-d66380e4917b,87.24013,Pitching,25410021,,,,,,,,,,,,,,,,,,,193.6326313,42.48133868,1640.264094,0.7374973384,12:30,309a674d-ce66-4ca4-b123-8cc5699ee84d,ebb8f8c3-3960-42a8-a427-d577aba406a6
10,2026-09-24,18:50:38.95,"Beck, Jake",1000314594,Right,,,,,,Slider,Live,,81.15351,-0.3722128475,-3.249351178,2293.606542,221.9158235,1:30,5.72016,2.23651,5.8903,-38.03372,3.69435,3.35204,2.20457,-0.50399,75.70427,-7.425709431,-2.625024969,0.4649278423,-2.55317,2.0708,-1.97684,50,5.66798,6.60381,-118.09099,-1.90923,-3.66464,19.02461,-29.20176,c2ef8541-21d4-488f-bbf3-498cf9128864,98919482-5580-4c9b-9d8e-d66380e4917b,81.07159,Pitching,25410021,,,,,,,,,,,,,,,,,,,,67.591809,874.3286523,0.3812025455,,8c86c8c4-2194-4ac2-9a9e-cab307f5a1a1,ebb8f8c3-3960-42a8-a427-d577aba406a6
11,2026-09-24,18:51:14.87,"Beck, Jake",1000314594,Right,,,,,,Fastball,Live,,87.18339,-1.792469309,-1.685631987,2160.548185,196.0451491,12:30,6.05054,1.91257,6.44135,-19.34406,16.53182,4.7616,2.79045,0.76024,79.77872,-5.455863515,-0.7804505339,0.4310946913,-3.0928,9.59986,-1.79534,50,5.9147,3.59888,-126.91691,-4.52632,-5.04051,26.17331,-16.52861,d49952d9-f74c-4c6d-be0f-4311ed3c73a3,98919482-5580-4c9b-9d8e-d66380e4917b,87.43425,Pitching,25410021,,,,,,,,,,,,,,,,,,,,33.4568221,1802.548641,0.834301523,,a0de9a69-2218-4197-b685-d1381144dfc1,ebb8f8c3-3960-42a8-a427-d577aba406a6
12,2026-09-24,18:52:11.49,"Beck, Jake",1000314594,Right,,,,,,Slider,Live,,82.35709,-0.7101992245,-3.985707548,2387.765952,136.8542932,10:30,5.70306,2.48868,5.78175,-39.65041,2.03272,-1.94394,1.73655,-1.38707,75.23081,-8.114734282,-4.350543143,0.4646774258,-0.16349,1.31016,-2.15886,50,5.6208,8.38598,-119.51008,-2.68806,-0.23439,24.89895,-30.29565,f892e0bd-ecd9-419a-8c9f-6a9ddfcd5637,98919482-5580-4c9b-9d8e-d66380e4917b,81.11528,Pitching,25410021,,,,,,,,,,,,,,,,,,,,69.40624675,839.8718196,0.3517395911,,f577757b-1740-4b2d-8767-3fd358046a71,ebb8f8c3-3960-42a8-a427-d577aba406a6
13,2026-09-24,18:52:28.74,"Beck, Jake",1000314594,Right,,,,,,Slider,Live,,81.49283,-1.623902379,-4.378347659,2407.816132,187.5040618,12:15,5.57942,2.50255,5.91054,-36.12479,6.03335,0.80116,1.0572,-1.5018,74.92954,-8.354068559,-4.228220691,0.4673175451,-1.67184,3.71776,-2.15171,50,5.42836,9.0296,-118.2415,-4.42776,-2.36313,22.87845,-26.91905,af6d7627-da00-4c5e-bc9a-3301c3af21a7,98919482-5580-4c9b-9d8e-d66380e4917b,80.65702,Pitching,25410021,,,,,,,,,,,,,,,,,,,184.5006883,71.08182855,780.656017,0.3242174545,12:15,1fecb4e3-577e-4bdd-a37d-a6d2c6d993c2,ebb8f8c3-3960-42a8-a427-d577aba406a6
14,2026-09-24,18:52:50.95,"Beck, Jake",1000314594,Right,,,,,,Fastball,Live,,87.55552,-0.8656633215,-2.501544057,2205.913958,191.4890264,12:30,6.04196,2.03471,6.4624,-18.41108,17.10806,3.48574,3.71187,0.02634,80.09068,-4.357077806,-1.83962732,0.428945984,-2.61314,9.65929,-1.85994,50,5.97261,5.46847,-127.45248,-2.45407,-4.29932,26.13674,-16.28188,d9f19e71-3bd3-42bc-83cc-82ed32b2026c,98919482-5580-4c9b-9d8e-d66380e4917b,87.87223,Pitching,25410021,,,,,,,,,,,,,,,,,,,192.8335617,43.21432414,1607.664502,0.7287974655,12:30,e27e9655-1fc8-47ab-92e5-e1da436bc762,ebb8f8c3-3960-42a8-a427-d577aba406a6
15,2026-09-24,18:53:10.22,"Beck, Jake",1000314594,Right,,,,,,Fastball,Live,,87.74915,-0.6084471932,-1.689930039,2217.796689,198.4318754,12:30,5.84416,2.13703,6.48753,-21.03424,14.31482,4.78189,3.53252,0.9838,80.16206,-4.604105514,-0.7797156292,0.4279177726,-3.11473,8.06432,-2.02082,50,5.79218,3.63431,-127.79788,-1.95672,-5.14215,26.76853,-18.86057,50cce1b3-4166-49d6-8767-5f821863a5d2,98919482-5580-4c9b-9d8e-d66380e4917b,88.08337,Pitching,25410021,,,,,,,,,,,,,,,,,,,205.6218299,40.69403825,1681.538294,0.7582021843,12:45,445f5382-4706-4df7-be6a-058d81a6d07b,ebb8f8c3-3960-42a8-a427-d577aba406a6
16,2026-09-24,18:53:39.81,"Beck, Jake",1000314594,Right,,,,,,Fastball,Live,,86.04913,-1.5887566,-4.257181558,2159.084218,184.4741408,12:15,5.9376,2.06854,6.29956,-25.63326,11.56868,0.90966,2.33347,-1.78472,78.87282,-6.413121078,-4.085522574,0.438989537,-1.69427,6.78037,-1.75641,50,5.80838,9.27541,-124.95837,-4.21789,-2.6765,25.38704,-21.46281,168043a6-394a-4ed9-8f7e-b33731c9991a,98919482-5580-4c9b-9d8e-d66380e4917b,85.86182,Pitching,25410021,,,,,,,,,,,,,,,,,,,190.2732522,44.03785361,1552.123981,0.7188807034,12:15,f01662ab-a596-4db0-992a-9293557607d6,ebb8f8c3-3960-42a8-a427-d577aba406a6
17,2026-09-24,18:53:58.62,"Beck, Jake",1000314594,Right,,,,,,Fastball,Live,,86.64255,-2.231768488,-2.837322146,2139.236026,188.0324435,12:15,5.85526,2.12955,6.63453,-19.86087,16.54536,2.3396,2.15373,-0.27484,78.71984,-6.015080887,-2.389807574,0.4342694443,-2.16704,9.87062,-1.93901,50,5.69629,6.18008,-125.97143,-5.4519,-3.44893,27.87075,-16.46457,c341d599-71b3-44a6-aa34-518ad6564637,98919482-5580-4c9b-9d8e-d66380e4917b,86.79505,Pitching,25410021,,,,,,,,,,,,,,,,,,,210.5971272,40.40443994,1629.002737,0.7614880814,1:00,bbf531f9-dfe3-4ca1-a4b2-52a2ddb0f6be,ebb8f8c3-3960-42a8-a427-d577aba406a6
18,2026-09-24,18:54:22.37,"Beck, Jake",1000314594,Right,,,,,,Fastball,Live,,87.9079,-2.412153159,-2.939087675,2280.364378,190.4940432,12:15,5.92119,2.11198,6.60603,-21.67751,13.75844,2.55405,1.90127,-0.3694,79.89667,-6.536158291,-2.450758528,0.428443396,-2.32001,8.37468,-1.91319,50,5.74793,6.48972,-127.77364,-5.98712,-3.797,28.78849,-18.46778,1a673442-39a5-49a5-818e-cdd927053fd4,98919482-5580-4c9b-9d8e-d66380e4917b,87.97531,Pitching,25410021,,,,,,,,,,,,,,,,,,,195.0006983,37.52114861,1808.622171,0.7931285846,12:30,b8de5554-d3a2-47e0-8adf-f36975ad9e8d,ebb8f8c3-3960-42a8-a427-d577aba406a6
19,2026-09-24,18:54:44.23,"Beck, Jake",1000314594,Right,,,,,,Curveball,Warmup,,74.0892,-1.001275336,-1.9463017,2607.039013,79.77203319,8:45,5.94992,2.10737,6.65049,-51.85899,-2.07556,-11.24091,0.71145,-0.61113,68.13581,-10.80391282,-4.098942326,0.5078247128,5.63585,-0.83783,-1.972,50,5.86143,3.92292,-107.83717,-3.07767,6.55045,21.02062,-33.14784,da8cff2f-6b84-44dd-a9ed-3d543bcf2ce3,98919482-5580-4c9b-9d8e-d66380e4917b,74.22333,Pitching,25410021,,,,,,,,,,,,,,,,,,,35.15762784,51.44005061,1625.05384,0.6233331498,7:15,1adceab2-5bb1-4577-99cd-d73e44c8b150,ebb8f8c3-3960-42a8-a427-d577aba406a6
20,2026-09-24,18:55:16.28,"Mason, Andrew",1000535307,Right,,,,,,,Warmup,,82.02507,-2.01724504,-3.911700229,2045.640806,197.917323,12:30,6.32852,2.22221,5.50474,-25.65684,16.74535,5.4307,2.29894,-0.98875,74.7246,-6.791880904,-2.897239319,0.4686682496,-4.04627,9.51555,-1.88434,50,6.1352,7.96091,-118.94403,-5.01318,-5.76368,24.02748,-18.61969,819cffd5-1a3b-4419-b589-73923b44225a,98919482-5580-4c9b-9d8e-d66380e4917b,80.42456,Pitching,25410021,,,,,,,,,,,,,,,,,,,,28.95569817,1789.924058,0.8749943066,,f3afe70c-6b55-444e-a9bd-31ccb5f5b1ed,ebb8f8c3-3960-42a8-a427-d577aba406a6
21,2026-09-24,18:55:25.25,"Mason, Andrew",1000535307,Right,,,,,,,Warmup,,84.63462,-1.963187858,-4.033953556,1953.722976,217.3952065,1:15,6.24789,2.34996,5.31199,-27.43584,12.47952,9.56557,2.11389,-0.6449,77.51781,-7.037924998,-2.257780476,0.4547172594,-6.17109,7.137,-1.99101,50,6.05007,8.33086,-122.73209,-5.14812,-9.4167,24.19526,-21.28343,c15f498c-52c9-40be-8e56-9439cdce4031,98919482-5580-4c9b-9d8e-d66380e4917b,82.89204,Pitching,25410021,,,,,,,,,,,,,,,,,,,,8.29182634,1933.299484,0.9895463725,,a0833ddc-830c-46c2-b79f-fc6c011e12c5,ebb8f8c3-3960-42a8-a427-d577aba406a6
22,2026-09-24,18:55:35.77,"Mason, Andrew",1000535307,Right,,,,,,,Warmup,,76.24544,-2.76570849,-4.495465397,,,,5.92185,2.48364,5.50209,,,,,,,,,,0.85141,2.30061,-2.08788,50,5.64869,8.80105,-110.29361,-6.72139,1.02657,23.48771,-29.40014,a2489086-20d0-4649-a0ad-2ec9efecc96e,98919482-5580-4c9b-9d8e-d66380e4917b,,Pitching,25410021,,,,,,,,,,,,,,,,,,,,,,,,641147d1-fc88-4d6c-8a99-4afbcd01deed,ebb8f8c3-3960-42a8-a427-d577aba406a6
23,2026-09-24,18:55:47.18,"Mason, Andrew",1000535307,Right,,,,,,,Warmup,,77.19805,1.112873338,-3.211627851,,,,6.04393,2.47627,5.24741,-44.63308,4.15375,-4.33565,3.37193,-0.90581,69.68791,-7.210812177,-4.022579759,0.5027159689,1.23168,1.83054,-2.17849,50,6.11402,6.41368,-111.92169,0.8033,1.53395,23.61944,-29.89427,cf116a83-0ba2-4015-8479-49a641fe8db2,98919482-5580-4c9b-9d8e-d66380e4917b,74.9776,Pitching,25410021,,,,,,,,,,,,,,,,,,,,,,,,5d1b3765-e1c9-4f13-94f8-e25f5297e8b7,ebb8f8c3-3960-42a8-a427-d577aba406a6
24,2026-09-24,18:55:59.05,"Mason, Andrew",1000535307,Right,,,,,,,Warmup,,75.76816,-1.206675512,-2.951176595,1638.837191,234.7007334,1:45,6.00753,2.48923,5.84091,-38.63481,9.77864,13.86235,1.66502,0.89967,70.07563,-8.39347562,-0.3539778107,0.50078858,-8.22554,5.5734,-2.25728,50,5.8865,5.29173,-110.17382,-3.40538,-10.16779,18.53043,-25.28464,20a43af2-217c-4d2a-a8bc-e69d4b6b2819,98919482-5580-4c9b-9d8e-d66380e4917b,75.26617,Pitching,25410021,,,,,,,,,,,,,,,,,,,,-2.989956967,1636.606231,0.9986386931,,075a93f9-984c-4f77-b738-a6da5344b820,ebb8f8c3-3960-42a8-a427-d577aba406a6
25,2026-09-24,18:56:10.71,"Mason, Andrew",1000535307,Right,,,,,,,Live,,85.38036,,,2196.903467,,,7.1657,2.10491,5.192,,,,4.16457,0.4532,77.24889,,,0.4528985113,-8.22442,20.10531,-1.83822,50,6.89308,5.978,-123.7799,-6.41227,-12.68451,26.06927,-1.16567,42dd1bf6-a445-4c85-9bdc-35cf87567367,98919482-5580-4c9b-9d8e-d66380e4917b,83.22491,Pitching,25410021,,,,,,,,,,,,,,,,,,,206.8416882,15.32152566,2118.821597,0.9644582149,1:00,4876b5ac-e535-4cfe-b102-8810fbc7092b,ebb8f8c3-3960-42a8-a427-d577aba406a6
26,2026-09-24,18:56:15.56,"Mason, Andrew",1000535307,Right,,,,,,,Live,,50.3903,,,1239.071117,,,6.45687,-0.717,-0.46262,,,,7.03439,0.32375,45.01683,,,0.8558177184,3.89178,29.35429,0.426,50,7.45403,-1.77902,-72.08884,5.35017,2.03015,9.06126,-16.86138,3b5ad3d4-5e80-46a7-a4f8-e12cf37e1300,98919482-5580-4c9b-9d8e-d66380e4917b,44.0426,Pitching,25410021,,,,,,,,,,,,,,,,,,,,,,,,fcab041d-429e-410c-9443-e23022fda4f0,ebb8f8c3-3960-42a8-a427-d577aba406a6
27,2026-09-24,18:56:37.21,"Mason, Andrew",1000535307,Right,,,,,,Fastball,Live,,87.06861,-1.709577542,-3.645249559,1986.978478,210.5329211,1:00,6.33913,2.16163,5.23887,-19.91709,17.94862,10.60994,3.06908,-0.38443,79.31374,-5.40489279,-1.673498737,0.4428885678,-6.63133,9.9499,-1.83429,50,6.16727,7.67223,-126.29686,-4.47895,-10.68739,26.2488,-16.13829,5c75fcb5-37cd-4bfc-b168-54fdc847fe87,98919482-5580-4c9b-9d8e-d66380e4917b,85.10592,Pitching,25410021,,,,,,,,,,,,,,,,,,,,3.802916,1982.603338,0.9977980941,,50d58720-b545-4866-8c05-4d683cdff5e8,ebb8f8c3-3960-42a8-a427-d577aba406a6
28,2026-09-24,18:56:54.64,"Mason, Andrew",1000535307,Right,,,,,,Slider,Live,,81.60451,-0.5756094223,-4.09574967,2538.062394,201.8104795,12:45,5.9431,2.22781,5.3236,-35.87612,7.20358,2.90357,2.41196,-1.37967,74.52301,-7.225659697,-3.555825479,0.472397622,-2.73406,3.98028,-1.8593,50,5.86558,8.37998,-118.34696,-2.35862,-3.85884,23.60564,-26.5563,c05572ec-606e-4010-8abe-a5e230cdef75,98919482-5580-4c9b-9d8e-d66380e4917b,79.78965,Pitching,25410021,,,,,,,,,,,,,,,,,,,,75.80323428,622.4665568,0.2452526614,,60efbeee-34d5-4479-bfc5-302140ed81d5,ebb8f8c3-3960-42a8-a427-d577aba406a6
29,2026-09-24,18:57:13.90,"Mason, Andrew",1000535307,Right,,,,,,Fastball,Live,,88.09989,-2.389634488,-4.985960264,2142.046375,211.7989869,1:00,6.34125,2.15117,5.1758,-19.45242,17.84802,11.0925,2.4621,-1.62733,80.07988,-5.992795885,-2.930330836,0.4395703755,-7.28574,10.08843,-1.69506,50,6.10377,10.72396,-127.48138,-6.03766,-11.94099,27.20014,-15.63957,3af0632c-020a-4639-afd9-d5fa834f3d55,98919482-5580-4c9b-9d8e-d66380e4917b,85.74836,Pitching,25410021,,,,,,,,,,,,,,,,,,,,14.24243304,2076.207174,0.9692634103,,ecbbeb4b-4ee6-4b51-9f88-58a3a633f522,ebb8f8c3-3960-42a8-a427-d577aba406a6
30,2026-09-24,18:57:32.60,"Mason, Andrew",1000535307,Right,,,,,,Fastball,Live,,87.30823,-2.263637141,-3.592346438,2047.98868,221.9895909,1:30,6.24887,2.07353,5.23201,-23.29589,14.66421,13.21359,2.17475,-0.20607,79.06567,-6.594477167,-1.126300807,0.4434402288,-8.08392,8.44211,-1.7525,50,6.02333,7.47961,-126.53006,-5.82947,-12.97307,28.25007,-18.62615,622de000-8802-41e1-a700-3337608de095,98919482-5580-4c9b-9d8e-d66380e4917b,85.00004,Pitching,25410021,,,,,,,,,,,,,,,,,,,,-1.973487629,2046.773954,0.999406869,,1b68e603-70d4-45b1-9e40-937db8ddc1bf,ebb8f8c3-3960-42a8-a427-d577aba406a6
31,2026-09-24,18:58:02.53,"Mason, Andrew",1000535307,Right,,,,,,Fastball,Live,,87.05849,-2.712444668,-3.49791361,2011.965603,211.438893,1:00,6.22742,2.05296,5.32159,-20.98156,17.05771,10.43668,1.92722,-0.36348,78.90348,-6.615403493,-1.548093594,0.4439023968,-6.59737,9.86587,-1.74387,50,5.96688,7.35134,-126.16451,-6.71333,-10.53393,27.91711,-16.42136,8dec6d2a-b80f-4c5a-b893-84551f523680,98919482-5580-4c9b-9d8e-d66380e4917b,84.91155,Pitching,25410021,,,,,,,,,,,,,,,,,,,,2.94499271,2009.30844,0.9986793201,,31699869-9ce9-4624-9d43-d44014dd0fe8,ebb8f8c3-3960-42a8-a427-d577aba406a6
32,2026-09-24,18:58:19.96,"Mason, Andrew",1000535307,Right,,,,,,Cutter,Live,,79.00093,-2.073050572,-4.016582925,1671.167144,218.0557553,1:15,6.06815,2.31722,5.89209,-31.18875,13.35948,10.4857,1.53902,-0.54384,72.96738,-7.876167576,-2.054778791,0.4803819338,-6.68919,7.73289,-1.99982,50,5.88296,7.75164,-114.71062,-5.0639,-8.97144,19.91469,-21.8028,e3657c65-26fd-4290-aa95-d3708c427e97,98919482-5580-4c9b-9d8e-d66380e4917b,78.46348,Pitching,25410021,,,,,,,,,,,,,,,,,,,,21.55203098,1554.326424,0.9300843602,,065e724d-5fa3-4235-ba9f-6d94fef649fd,ebb8f8c3-3960-42a8-a427-d577aba406a6
33,2026-09-24,18:58:37.16,"Mason, Andrew",1000535307,Right,,,,,,Fastball,Live,,87.27578,-0.7817861691,-3.026764968,2135.41657,209.6471665,1:00,6.32286,2.23251,5.25621,-19.26947,18.73017,10.68819,3.98156,0.27709,78.53209,-4.385614701,-1.026019019,0.4436710929,-6.62323,10.16125,-1.96299,50,6.23737,6.32157,-126.60728,-2.40242,-10.59767,29.27678,-15.91528,8fe4c8fe-13b0-4251-ad83-bc43eea0fa93,98919482-5580-4c9b-9d8e-d66380e4917b,84.95581,Pitching,25410021,,,,,,,,,,,,,,,,,,,,17.54582938,2036.068703,0.9534761191,,6bbdc564-417a-4a6a-9b95-a705def39370,ebb8f8c3-3960-42a8-a427-d577aba406a6
34,2026-09-24,18:58:53.21,"Mason, Andrew",1000535307,Right,,,,,,Fastball,Live,,87.29768,-2.630483957,-2.845935642,2147.525401,210.0938129,1:00,6.24063,2.24744,5.18361,-18.2721,19.77453,11.46533,2.23865,0.52349,78.90046,-6.028335195,-0.7050594005,0.4439453081,-6.93188,11.24813,-1.99169,50,5.98264,5.88576,-126.55052,-6.4672,-11.1146,28.54379,-14.13876,e655d6ce-7d09-4670-ada2-74f1e166721a,98919482-5580-4c9b-9d8e-d66380e4917b,84.90334,Pitching,25410021,,,,,,,,,,,,,,,,,,,,-0.543512692,2147.428778,0.9999550074,,a4183e97-c5ba-4f4b-bd3b-6111800348d2,ebb8f8c3-3960-42a8-a427-d577aba406a6
35,2026-09-24,18:59:22.66,"Mason, Andrew",1000535307,Right,,,,,,Fastball,Live,,87.43498,-2.279931272,-3.530624132,2012.472766,222.0989031,1:30,6.25254,2.02245,5.29316,-23.11737,14.71362,13.30803,2.18051,-0.18728,79.02469,-6.587011501,-1.041285401,0.442685483,-8.15642,8.5089,-1.71073,50,6.02846,7.35528,-126.71307,-5.8584,-13.09849,28.85677,-18.50952,fb5687dd-6b63-4bf7-a1ee-0b1cffe01cf7,98919482-5580-4c9b-9d8e-d66380e4917b,85.14496,Pitching,25410021,,,,,,,,,,,,,,,,,,,,-0.05108568387,2012.471966,0.9999996025,,01daeb02-ae54-480d-b307-86102882cc80,ebb8f8c3-3960-42a8-a427-d577aba406a6
36,2026-09-24,18:59:36.57,"Mason, Andrew",1000535307,Right,,,,,,Fastball,Warmup,,88.92655,-1.313488399,-3.523236179,2242.959517,220.9389346,1:15,6.25854,2.1864,5.24343,-22.20337,14.38034,12.50529,3.17148,-0.08632,80.29216,-5.454107887,-1.187008467,0.4353266433,-7.71005,8.01153,-1.87189,50,6.12175,7.49255,-128.93868,-3.75417,-12.82829,29.72788,-18.84415,3443558c-08f2-4cfd-a744-f206c93c47e1,98919482-5580-4c9b-9d8e-d66380e4917b,86.58427,Pitching,25410021,,,,,,,,,,,,,,,,,,,,18.87246569,2122.38006,0.9462409128,,ace22d81-9c17-418b-a0fc-d0b2b88972a6,ebb8f8c3-3960-42a8-a427-d577aba406a6
37,2026-09-24,19:00:21.48,"Beck, Jake",1000314594,Right,,,,,,,Warmup,,84.70048,0.2419400975,-3.079616137,2191.556111,198.4380815,12:30,5.93926,2.20642,6.37299,-22.61177,15.55406,5.20411,4.27784,-0.19572,77.31652,-4.044296301,-2.092922548,0.4446402263,-3.72414,8.47038,-1.9869,50,5.94609,6.48302,-123.22058,-0.11503,-5.71895,24.75513,-19.16655,5c062017-2170-4cbe-9951-89ba2f203e1c,98919482-5580-4c9b-9d8e-d66380e4917b,84.77065,Pitching,25410021,,,,,,,,,,,,,,,,,,,193.6075179,41.32724024,1645.749638,0.7509502627,12:30,f74aed16-101d-4cad-8bbb-ced3ea94b1d7,ebb8f8c3-3960-42a8-a427-d577aba406a6
38,2026-09-24,19:00:35.42,"Beck, Jake",1000314594,Right,,,,,,,Warmup,,77.90203,1.889476261,-2.935701432,2468.610829,159.3260695,11:15,5.74391,2.47905,5.88352,-41.2486,5.22529,-1.98664,4.06383,-0.41466,70.58226,-5.885755309,-3.310689177,0.4906546517,0.15656,2.23446,-2.24123,50,5.87279,5.85662,-113.11319,2.57608,0.20044,22.9107,-29.31337,8cbafdfa-1734-4c26-929c-6340ee9a2bfc,98919482-5580-4c9b-9d8e-d66380e4917b,76.82071,Pitching,25410021,,,,,,,,,,,,,,,,,,,,70.90992206,807.3696751,0.3270542549,,966b5c63-e3b2-4401-874b-7151a3e425b5,ebb8f8c3-3960-42a8-a427-d577aba406a6
39,2026-09-24,19:00:49.57,"Beck, Jake",1000314594,Right,,,,,,,Warmup,,80.8593,-1.286571828,-2.922658317,2411.362325,148.1546858,11:00,5.63439,2.50811,5.97811,-39.27262,3.90805,-2.45406,1.16748,-0.40758,73.34441,-8.675965162,-3.388009075,0.4729509076,0.36877,2.54844,-2.27597,50,5.51123,6.06469,-117.41595,-3.76231,0.50568,25.91068,-28.67947,b631cc36-879e-42a3-84af-8b9cdf18305d,98919482-5580-4c9b-9d8e-d66380e4917b,79.6963,Pitching,25410021,,,,,,,,,,,,,,,,,,,,67.43845984,925.1807193,0.3836755306,,62dfa09d-c8c9-410c-ba5b-0bf072756060,ebb8f8c3-3960-42a8-a427-d577aba406a6
40,2026-09-24,19:01:04.06,"Beck, Jake",1000314594,Right,,,,,,,Warmup,,70.95538,1.815412557,-2.385930753,2583.734273,95.24324819,9:15,6.0371,2.13414,6.25392,-53.84416,1.20333,-13.42483,3.22596,-1.18576,64.97087,-8.342361684,-4.930862973,0.5339986589,6.62224,0.10282,-1.95068,50,6.14531,4.61991,-103.15821,1.98233,7.06686,18.71178,-32.06432,4d67c2d0-156e-4eca-ba55-bbb22d7f3e3b,98919482-5580-4c9b-9d8e-d66380e4917b,70.58527,Pitching,25410021,,,,,,,,,,,,,,,,,,,50.84836539,51.37484952,1612.825304,0.6242225917,7:45,f3b7e269-84fd-492d-80fc-8209384a4be7,ebb8f8c3-3960-42a8-a427-d577aba406a6
41,2026-09-24,19:01:16.01,"Beck, Jake",1000314594,Right,,,,,,Fastball,Live,,86.7502,-0.800181468,-3.027701972,2258.175635,195.3118775,12:30,5.85125,2.2766,6.54624,-22.08835,14.29119,3.92542,3.27578,-0.17503,78.76909,-5.009834265,-2.278430695,0.4341102236,-3.09083,8.15151,-2.06924,50,5.78645,6.56546,-126.17705,-2.37457,-4.93958,27.75321,-19.14676,49a7c920-d0fe-479a-aa80-fdc9435b2f98,98919482-5580-4c9b-9d8e-d66380e4917b,86.82689,Pitching,25410021,,,,,,,,,,,,,,,,,,,209.4974307,42.05437255,1676.71686,0.7425094994,1:00,a67eded3-e67e-41b4-9008-142e578a15e9,ebb8f8c3-3960-42a8-a427-d577aba406a6
42,2026-09-24,19:01:48.97,"Beck, Jake",1000314594,Right,,,,,,Curveball,Live,,70.88898,1.362726317,-1.296670697,2550.457977,77.35718514,8:30,6.0727,2.15594,6.08734,-58.14882,-2.93414,-12.906,2.48795,-0.11909,65.31372,-9.541145906,-3.736158166,0.5348089822,6.63827,-1.99644,-2.04926,50,6.14691,2.65515,-103.14573,1.01055,7.11214,18.03806,-34.313,64826da1-bbd2-4fdc-bb19-9ed05cb4ae36,98919482-5580-4c9b-9d8e-d66380e4917b,70.47832,Pitching,25410021,,,,,,,,,,,,,,,,,,,42.53420727,43.13174493,1861.28239,0.7297835943,7:30,b99292ef-babd-4285-ba16-d79b2c64173a,ebb8f8c3-3960-42a8-a427-d577aba406a6
43,2026-09-24,19:02:28.42,"Beck, Jake",1000314594,Right,,,,,,Fastball,Live,,88.95683,-1.119938594,-1.855266837,2276.333028,195.6076231,12:30,5.82656,2.31158,6.476,-17.88832,16.56754,4.63687,3.30693,0.99398,81.16839,-4.518115939,-0.9725599278,0.4224768513,-3.08619,9.45243,-2.18335,50,5.73988,4.06129,-129.51798,-3.05037,-5.22814,27.7335,-16.16123,a543ca09-a2d6-4106-b791-a48d684ec605,98919482-5580-4c9b-9d8e-d66380e4917b,89.21776,Pitching,25410021,,,,,,,,,,,,,,,,,,,,,,,,354f1fe6-f8ed-47a8-a901-77aacc4b6088,ebb8f8c3-3960-42a8-a427-d577aba406a6
44,2026-09-24,19:02:45.79,"Beck, Jake",1000314594,Right,,,,,,Fastball,Live,,88.51056,-2.223812695,-2.298139793,2198.135202,188.4631181,12:15,5.86671,2.18395,6.61701,-18.12124,16.61798,2.4765,2.31763,0.28482,80.71336,-5.669843005,-1.825274172,0.424210529,-2.0451,9.86304,-2.02921,50,5.70828,5.09893,-128.77227,-5.50882,-3.41683,27.98773,-15.69545,ef0e5bd5-a94e-4bbd-a131-d9cc9b45f870,98919482-5580-4c9b-9d8e-d66380e4917b,88.85314,Pitching,25410021,,,,,,,,,,,,,,,,,,,204.5223275,41.8197735,1638.151305,0.7452459265,12:45,11cfbbd0-fc33-4e8e-bcf2-f33358449bec,ebb8f8c3-3960-42a8-a427-d577aba406a6
45,2026-09-24,19:03:07.82,"Beck, Jake",1000314594,Right,,,,,,Curveball,Live,,72.55731,1.776871055,1.638376484,2603.616612,63.01918674,8:00,5.94417,2.21439,6.33627,-59.05908,-6.71151,-13.07352,2.65954,2.63361,66.52872,-9.387145421,-0.8517319401,0.5207384741,7.67292,-4.22137,-2.32724,50,6.04534,-2.70371,-105.5632,1.84998,8.58811,19.32744,-36.89893,86269cdd-f0cf-43b9-a929-688ec24dfac3,98919482-5580-4c9b-9d8e-d66380e4917b,72.38267,Pitching,25410021,,,,,,,,,,,,,,,,,,,,,,,,6d47d26d-65d9-4261-abde-3f7fcacf342a,ebb8f8c3-3960-42a8-a427-d577aba406a6
46,2026-09-24,19:03:28.00,"Beck, Jake",1000314594,Right,,,,,,Fastball,Live,,89.75879,-1.887147131,-0.8672382732,2181.221779,185.057166,12:15,6.17186,1.97721,6.51087,-17.40793,16.35449,1.44908,2.98884,1.30218,82.05981,-5.189997929,-0.5912114587,0.4182039651,-1.0449,9.55815,-1.91748,50,6.03278,1.93658,-130.70838,-4.81166,-1.80459,27.98908,-15.66665,b10bb8f2-2e68-4139-9d70-dd3e6f0fafae,98919482-5580-4c9b-9d8e-d66380e4917b,90.12932,Pitching,25410021,,,,,,,,,,,,,,,,,,,211.6415091,40.08067858,1668.936913,0.7651385703,1:00,0d68f4c5-3a45-453e-b0c2-da31044ee47c,ebb8f8c3-3960-42a8-a427-d577aba406a6
47,2026-09-24,19:03:50.93,"Beck, Jake",1000314594,Right,,,,,,Curveball,Live,,73.40758,1.325179658,-0.5755335527,2600.249406,88.35741909,9:00,5.90803,2.15689,6.37903,-51.65138,-0.43187,-13.67855,2.82298,0.48759,66.97158,-8.47043392,-3.186447882,0.5150970893,7.34989,-0.65615,-2.10916,50,5.97939,1.40331,-106.83747,1.22511,8.38508,20.63081,-32.92261,3beb536a-d8a3-43af-a288-7e102243c14d,98919482-5580-4c9b-9d8e-d66380e4917b,73.17541,Pitching,25410021,,,,,,,,,,,,,,,,,,,56.69955193,48.19906785,1733.182196,0.6665445983,8:00,9c404bc2-1c03-42f5-a4f4-8a145173db71,ebb8f8c3-3960-42a8-a427-d577aba406a6
48,2026-09-24,19:04:19.61,"Beck, Jake",1000314594,Right,,,,,,Curveball,Live,,71.79682,1.64251014,1.11678318,2422.958435,46.51193459,7:30,5.85461,2.17522,6.25649,-65.07812,-10.8564,-11.38814,1.9465,2.25599,65.31112,-10.68878621,-1.063293167,0.5299782506,6.63356,-6.52005,-2.25238,50,5.94465,-1.76146,-104.3888,1.43099,7.16678,20.99581,-39.21818,84879f28-79c3-4208-bd15-60d83dd94f51,98919482-5580-4c9b-9d8e-d66380e4917b,71.12073,Pitching,25410021,,,,,,,,,,,,,,,,,,,,,,,,483d94ae-6eef-4c68-8a5e-ae7c9711509f,ebb8f8c3-3960-42a8-a427-d577aba406a6
49,2026-09-24,19:04:40.89,"Beck, Jake",1000314594,Right,,,,,,Curveball,Live,,71.35434,1.971409016,-0.320188649,2539.038905,66.20659526,8:15,5.95514,2.12919,6.71397,-60.06699,-6.00992,-13.52641,2.75216,0.70933,64.6145,-9.539579482,-2.932871167,0.5291729822,7.44648,-4.0454,-2.10273,50,6.06184,0.87258,-103.81682,2.27505,7.93188,21.26798,-36.48315,273e4cd6-811f-4da5-8459-17c6edbe77c4,98919482-5580-4c9b-9d8e-d66380e4917b,71.22896,Pitching,25410021,,,,,,,,,,,,,,,,,,,,40.70336897,1924.835217,0.7580959917,,a4308428-1de2-42bf-a105-10579fe3ac52,ebb8f8c3-3960-42a8-a427-d577aba406a6
50,2026-09-24,19:05:15.50,"Beck, Jake",1000314594,Right,,,,,,Slider,Live,,80.64334,0.1376542186,-2.321779052,2321.871939,171.9442009,11:45,5.782,2.27097,6.17095,-38.11897,4.71877,-0.67347,2.73264,0.06958,73.21295,-7.077689315,-2.449790431,0.4710691694,-0.3657,2.53535,-2.09516,50,5.77306,4.77309,-117.26494,-0.77054,-0.50258,24.8712,-28.68973,2cb20633-4232-42c2-84f4-0b7a8e416bf1,98919482-5580-4c9b-9d8e-d66380e4917b,80.01466,Pitching,25410021,,,,,,,,,,,,,,,,,,,,,,,,efae6f2d-7f6a-48d0-b14f-baba13cd0c7a,ebb8f8c3-3960-42a8-a427-d577aba406a6
51,2026-09-24,19:05:49.16,"Beck, Jake",1000314594,Right,,,,,,Slider,Live,,80.24965,-1.93281194,-4.304007354,2481.456422,154.2542015,11:15,5.62345,2.39631,6.30722,-40.36587,2.63526,-1.29265,0.47361,-1.68328,73.74342,-9.501148173,-4.548496551,0.4719666946,-0.57244,2.02122,-2.08024,50,5.46218,8.80012,-116.4676,-5.02457,-0.78106,23.22914,-29.41618,7049744c-886f-48d7-9319-09d6c97ffcda,98919482-5580-4c9b-9d8e-d66380e4917b,79.8625,Pitching,25410021,,,,,,,,,,,,,,,,,,,,,,,,509e2e1d-7954-4822-92e3-31170e6adbfa,ebb8f8c3-3960-42a8-a427-d577aba406a6
52,2026-09-24,19:06:17.15,"Beck, Jake",1000314594,Right,,,,,,Fastball,Live,,87.53277,-2.072743462,-2.33730979,2144.835686,192.9357892,12:30,5.82912,2.1315,6.75091,-20.09663,15.27734,3.51523,2.25886,0.28847,79.75809,-5.906384299,-1.663919677,0.4280685485,-2.65298,9.12925,-1.9799,50,5.68551,5.10527,-127.37635,-5.14994,-4.33021,27.75765,-17.27325,cce456ec-62c7-4c08-a07e-a97f6a7f9e8b,98919482-5580-4c9b-9d8e-d66380e4917b,88.05234,Pitching,25410021,,,,,,,,,,,,,,,,,,,,,,,,ec5c7020-e465-4a51-9d3c-d2ed509de4cb,ebb8f8c3-3960-42a8-a427-d577aba406a6
53,2026-09-24,19:06:56.74,"Beck, Jake",1000314594,Right,,,,,,Curveball,Live,,72.94672,-0.6895544331,-3.429664761,2548.194853,50.34180578,7:45,5.85691,2.18351,6.40666,-59.30261,-7.96513,-9.56479,0.27991,-1.77042,68.18268,-11.73671121,-5.235684835,0.5156899313,4.3085,-4.18546,-1.93384,50,5.78011,6.58888,-106.09666,-2.70801,4.91511,18.00919,-36.94879,b432e66d-e0e2-4af0-be61-d58bd10ab74c,98919482-5580-4c9b-9d8e-d66380e4917b,73.09128,Pitching,25410021,,,,,,,,,,,,,,,,,,,,49.138853,1667.100701,0.6542281094,,dd53b64b-218e-4be3-a73b-70ab2ccacb55,ebb8f8c3-3960-42a8-a427-d577aba406a6
54,2026-09-24,19:07:21.49,"Beck, Jake",1000314594,Right,,,,,,Fastball,Live,,86.11304,-1.863853509,-4.271475381,2222.842079,186.4567909,12:15,5.90133,2.09824,6.67975,-19.12606,17.34736,1.97057,2.59747,-1.65146,79.1116,-5.486528951,-3.897691144,0.4346699925,-2.24326,10.12283,-1.81381,50,5.76889,9.29348,-125.13594,-4.59686,-3.56828,24.50139,-16.072,7a975f3b-254d-4b2f-a360-412cca03f6a9,98919482-5580-4c9b-9d8e-d66380e4917b,86.71507,Pitching,25410021,,,,,,,,,,,,,,,,,,,,,,,,4021dd00-390b-4a58-abe4-69b91345e9a7,ebb8f8c3-3960-42a8-a427-d577aba406a6
55,2026-09-24,19:07:46.00,"Beck, Jake",1000314594,Right,,,,,,Fastball,Live,,87.05714,-2.205475336,-3.604222239,2231.549997,205.40469,12:45,5.86538,2.04203,6.71347,-24.65365,10.81004,5.14857,1.79011,-0.82755,80.45209,-6.864206495,-2.626958697,0.4286110533,-3.78227,6.56387,-1.80568,50,5.70938,7.83636,-126.61963,-5.55277,-6.18604,24.05288,-21.4386,daa6df95-de58-4e0c-a581-8ee559181475,98919482-5580-4c9b-9d8e-d66380e4917b,87.94089,Pitching,25410021,,,,,,,,,,,,,,,,,,,,38.31289434,1750.956405,0.7846368702,,cd8cd40d-d3b5-4912-8e51-6a0058449ca6,ebb8f8c3-3960-42a8-a427-d577aba406a6
56,2026-09-24,19:08:13.07,"Beck, Jake",1000314594,Right,,,,,,Slider,Live,,81.53042,-2.051288116,-3.847882282,2384.108514,171.7542698,11:45,5.65092,2.34331,5.99563,-37.11962,4.33747,-0.63483,0.65193,-1.28015,76.01652,-8.923721447,-3.966384898,0.4634157545,-0.60173,2.84576,-2.04008,50,5.46859,7.98668,-118.46694,-5.34421,-0.865,20.18567,-28.0832,66ccf84d-cdf1-4f3b-bb28-3fa8c47a4435,98919482-5580-4c9b-9d8e-d66380e4917b,81.33612,Pitching,25410021,,,,,,,,,,,,,,,,,,,,,,,,65bb1ace-aefd-4f76-b873-5b00f81cda69,ebb8f8c3-3960-42a8-a427-d577aba406a6
57,2026-09-24,19:08:50.40,"Beck, Jake",1000314594,Right,,,,,,Slider,Live,,80.89402,-3.303500611,-4.207273129,1900.276085,239.2225704,2:00,5.42544,2.44598,6.49277,,,,,,,,,,-9.91156,6.13012,-2.15842,50,5.17923,8.21732,-117.40165,-7.63907,-13.89145,21.35352,-23.58244,79f46a02-f73f-4e45-b133-9ec50a227284,98919482-5580-4c9b-9d8e-d66380e4917b,,Pitching,25410021,,,,,,,,,,,,,,,,,,,,,,,,a8d41c8d-f8bb-4d1c-a1a5-933a1031eedd,ebb8f8c3-3960-42a8-a427-d577aba406a6
58,2026-09-24,19:09:25.58,"Beck, Jake",1000314594,Right,,,,,,Fastball,Live,,84.82532,-2.776714395,-3.931042013,2173.844974,190.9751303,12:15,5.81598,2.1999,6.72418,-18.91848,18.5814,3.61149,1.69406,-1.09704,78.07043,-6.356671676,-3.245049756,0.4407439279,-3.05046,11.05772,-1.94197,50,5.62491,8.37512,-123.25444,-6.48767,-4.71308,23.49478,-15.08943,fb855d1c-732d-40de-9802-060b8a14d94f,98919482-5580-4c9b-9d8e-d66380e4917b,85.52004,Pitching,25410021,,,,,,,,,,,,,,,,,,,,,,,,19c2c1f9-34ab-47ac-9052-d365e3467fea,ebb8f8c3-3960-42a8-a427-d577aba406a6
59,2026-09-24,19:09:48.30,"Beck, Jake",1000314594,Right,,,,,,Fastball,Live,,86.40485,-2.545297103,-3.354793569,2158.327703,192.6015306,12:30,5.833,2.14592,6.77531,-18.27645,17.74073,3.97332,1.98078,-0.58915,79.47841,-6.011955375,-2.598342005,0.4319427862,-3.10475,10.54986,-1.92921,50,5.66007,7.26131,-125.66144,-6.07799,-4.98477,24.48721,-15.2359,92461255-df1f-4087-9db4-2904d7e49092,98919482-5580-4c9b-9d8e-d66380e4917b,87.26257,Pitching,25410021,,,,,,,,,,,,,,,,,,,,,,,,0c2b4bc8-b7de-4411-abce-771e58010691,ebb8f8c3-3960-42a8-a427-d577aba406a6
60,2026-09-24,19:10:13.55,"Beck, Jake",1000314594,Right,,,,,,Slider,Live,,80.52752,0.3606415084,-1.541212408,2403.865684,189.1733933,12:15,5.64193,2.6918,5.79791,-37.04902,5.58246,0.90758,2.89003,1.33378,74.62733,-6.534148429,-1.371675816,0.4699337244,-0.86685,2.90378,-2.56587,50,5.64922,3.12778,-117.26684,-0.37866,-1.22032,19.89787,-28.08625,0a579cf8-3720-4423-8ff3-95d1ddad4b6b,98919482-5580-4c9b-9d8e-d66380e4917b,80.20799,Pitching,25410021,,,,,,,,,,,,,,,,,,,,,,,,d7869a4d-ad28-4fca-9b25-1e11eba9caa1,ebb8f8c3-3960-42a8-a427-d577aba406a6
61,2026-09-24,19:10:42.04,"Beck, Jake",1000314594,Right,,,,,,Fastball,Live,,86.60555,-1.698970176,-1.75093664,2144.798813,203.1842527,12:45,5.77714,2.23973,6.62235,-20.94072,14.79943,6.3487,2.47533,1.16515,80.12185,-5.655952516,-0.5465287887,0.4302784153,-3.9423,8.59842,-2.12392,50,5.65327,3.68265,-126.19628,-4.32232,-6.42368,23.175,-18.16356,7508d600-bb13-4dc7-a43b-4ff9b6ceb856,98919482-5580-4c9b-9d8e-d66380e4917b,87.60012,Pitching,25410021,,,,,,,,,,,,,,,,,,,,28.93735339,1877.019115,0.87514927,,50483f70-1899-4ac8-8d54-dc9196176120,ebb8f8c3-3960-42a8-a427-d577aba406a6
62,2026-09-24,19:11:07.02,"Beck, Jake",1000314594,Right,,,,,,Fastball,Live,,87.85359,-1.226156438,-2.377931893,2190.280217,199.4234377,12:45,5.93616,2.2037,6.45294,-19.618,15.68788,5.54394,3.1739,0.48019,80.37746,-4.94455795,-1.3247597,0.4276563414,-3.71395,8.9767,-2.03821,50,5.8406,5.15104,-127.87844,-3.30321,-6.1489,26.41057,-17.312,13f32426-0aaf-4821-bae6-f21ebe3b8654,98919482-5580-4c9b-9d8e-d66380e4917b,88.13722,Pitching,25410021,,,,,,,,,,,,,,,,,,,,33.83084973,1819.432534,0.830684823,,27ac5844-3a07-45fc-b0d2-387844a08786,ebb8f8c3-3960-42a8-a427-d577aba406a6
63,2026-09-24,19:11:39.71,"Beck, Jake",1000314594,Right,,,,,,Curveball,Warmup,,72.80704,2.552884684,-0.7712057503,2547.446906,83.74765461,8:45,5.843,2.32581,6.31029,-53.49105,-1.42524,-12.67049,3.73849,0.55958,66.51869,-7.575054679,-3.180766096,0.5193351313,6.7187,-1.55239,-2.26335,50,6.00409,1.73407,-105.90087,3.41949,7.56774,19.46266,-33.92261,493c342c-c34c-4d1b-bae6-28edbfe6bb81,98919482-5580-4c9b-9d8e-d66380e4917b,72.57826,Pitching,25410021,,,,,,,,,,,,,,,,,,,,55.07973829,1458.249988,0.5724358709,,ec9a8745-51e5-4d52-aed9-84b38eaf7f56,ebb8f8c3-3960-42a8-a427-d577aba406a6
64,2026-09-24,19:12:21.42,"Mason, Andrew",1000535307,Right,,,,,,,Warmup,,79.20852,-0.3167695084,-3.242267581,1970.580257,197.2405017,12:30,6.32096,2.19794,5.46959,-27.31038,17.84435,5.55753,3.74822,-0.37601,72.45598,-5.397859718,-2.206688413,0.4836408891,-3.84846,9.56624,-1.9168,50,6.27467,6.34565,-115.06055,-1.4843,-5.16232,21.22586,-19.34189,3b341ba1-59df-4f52-bcd8-a6ce8e17f12b,98919482-5580-4c9b-9d8e-d66380e4917b,77.93476,Pitching,25410021,,,,,,,,,,,,,,,,,,,,23.37558576,1808.84246,0.9179237706,,b4458df0-f28e-427a-8f53-6b86ef0d2707,ebb8f8c3-3960-42a8-a427-d577aba406a6
65,2026-09-24,19:12:37.81,"Mason, Andrew",1000535307,Right,,,,,,,Warmup,,81.21246,-0.5161440338,-2.689410653,1958.99042,197.4388118,12:30,6.32156,2.24792,5.56934,-26.5195,16.78324,5.28829,3.629,0.17493,73.32224,-5.494659499,-1.694385342,0.473618963,-3.68446,9.14295,-2.01977,50,6.26004,5.37575,-117.92299,-1.8835,-5.11711,25.28873,-19.47599,d14fd8ea-6a20-422a-90e3-29e664c6adf9,98919482-5580-4c9b-9d8e-d66380e4917b,79.58389,Pitching,25410021,,,,,,,,,,,,,,,,,,,203.5098044,28.35180761,1724.006221,0.8800483168,12:45,f875db1b-a5e8-4a40-a75f-69132a002ab2,ebb8f8c3-3960-42a8-a427-d577aba406a6
66,2026-09-24,19:12:50.16,"Mason, Andrew",1000535307,Right,,,,,,,Warmup,,73.60463,-1.468712959,-4.129271776,,,,6.01148,2.47731,5.36662,-46.38942,7.33752,-1.49594,0.76488,-1.52531,66.68006,-10.08389126,-4.409767085,0.5275546883,-0.61911,4.40948,-2.10577,50,5.84767,7.73747,-106.58084,-4.07085,-0.69655,22.05684,-27.21302,d527ee81-ecb5-4760-b56f-a49b08ddebb1,98919482-5580-4c9b-9d8e-d66380e4917b,71.44745,Pitching,25410021,,,,,,,,,,,,,,,,,,,,,,,,d2ac355f-3e74-4c6e-8086-02697551ee39,ebb8f8c3-3960-42a8-a427-d577aba406a6
67,2026-09-24,19:13:00.83,"Mason, Andrew",1000535307,Right,,,,,,,Warmup,,73.71859,1.773062936,-2.577994207,2453.784511,148.9186276,11:00,5.93654,2.61309,5.47003,-44.05216,8.09238,-4.90276,3.9268,-0.20935,67.60412,-6.415530654,-3.4913484,0.5197276314,1.88782,3.80587,-2.38337,50,6.06264,4.96339,-107.09451,2.04738,2.19251,18.49149,-27.75391,ed2ce160-e676-4291-986c-76a54826bbfd,98919482-5580-4c9b-9d8e-d66380e4917b,72.52345,Pitching,25410021,,,,,,,,,,,,,,,,,,,,,,,,cd75b38d-e71f-4d80-9b3f-3385b04ab6f9,ebb8f8c3-3960-42a8-a427-d577aba406a6
68,2026-09-24,19:13:11.54,"Mason, Andrew",1000535307,Right,,,,,,,Warmup,,73.78556,-1.320830456,-2.053504399,1652.896639,230.3328459,1:45,5.89618,2.60459,5.96894,-41.01842,10.50271,12.70928,1.25257,1.75928,67.31196,-9.022809512,0.3550787396,0.5166115197,-7.53337,6.10834,-2.44919,50,5.76901,3.51189,-107.25573,-3.55205,-8.67381,20.55675,-25.14101,441e9d86-5058-421f-8ca5-5d7522790f6f,98919482-5580-4c9b-9d8e-d66380e4917b,72.9609,Pitching,25410021,,,,,,,,,,,,,,,,,,,,24.06179457,1509.270257,0.9131062533,,7d94c4ef-ac46-4108-829d-1b0ccb3a20f0,ebb8f8c3-3960-42a8-a427-d577aba406a6
69,2026-09-24,19:13:24.24,"Mason, Andrew",1000535307,Right,,,,,,,Live,,82.31483,0.7798497022,-1.860973238,2096.434782,207.4838601,1:00,6.24631,2.17399,5.32327,-24.238,18.15132,9.46717,4.95862,1.21621,74.33618,-3.7544613,-0.08827901421,0.4685971717,-5.59095,9.37792,-2.0125,50,6.29972,3.57515,-119.56267,0.8356,-8.00814,25.31228,-18.74169,891b331a-61ce-4704-a1de-6c8e84cd480e,98919482-5580-4c9b-9d8e-d66380e4917b,80.43676,Pitching,25410021,,,,,,,,,,,,,,,,,,,,19.15122336,1980.409688,0.9446559965,,49354703-8b06-4436-b137-08bb3279f2fe,ebb8f8c3-3960-42a8-a427-d577aba406a6
70,2026-09-24,19:13:54.09,"Mason, Andrew",1000535307,Right,,,,,,Fastball,Live,,84.24312,-1.606668235,-2.284065073,2027.500704,204.8820524,12:45,6.25847,2.10797,5.5427,-22.54274,17.68643,8.21763,2.87699,0.65732,76.18739,-5.830065213,-0.7387330261,0.4565012067,-5.10565,9.95256,-1.91564,50,6.10469,4.61398,-122.32678,-4.16109,-7.64301,26.84673,-17.27537,2726cdd3-0cee-482c-b060-b49c4d3c7134,98919482-5580-4c9b-9d8e-d66380e4917b,82.5681,Pitching,25410021,,,,,,,,,,,,,,,,,,,,19.91216133,1906.288315,0.9402158585,,631cc898-92cd-4273-991b-b77556a1a025,ebb8f8c3-3960-42a8-a427-d577aba406a6
71,2026-09-24,19:14:12.01,"Mason, Andrew",1000535307,Right,,,,,,ChangeUp,Live,,79.13402,-3.627414717,-3.200715049,1908.782959,225.8173859,1:30,5.89564,2.34373,6.07124,-29.81823,14.70903,15.11128,0.04492,0.63857,72.5974,-9.198786431,-0.3453653983,0.4802688412,-9.13335,9.03983,-2.1042,50,5.59862,6.00056,-114.80619,-8.11738,-12.14679,21.95655,-20.15164,73d2d5d7-d92f-4af3-abd8-7c8b00a512ac,98919482-5580-4c9b-9d8e-d66380e4917b,78.48196,Pitching,25410021,,,,,,,,,,,,,,,,,,,,,,,,41f071c7-6dbc-4c63-a9c7-5a89229f2141,ebb8f8c3-3960-42a8-a427-d577aba406a6
72,2026-09-24,19:14:29.47,"Mason, Andrew",1000535307,Right,,,,,,Fastball,Live,,85.4306,-2.097818604,-3.243376975,2197.335613,208.8583306,1:00,6.1309,2.27563,5.38186,-23.64267,15.85516,8.7538,2.19048,-0.03798,77.18004,-6.511097215,-1.602608644,0.4523327595,-5.68076,9.09164,-1.9917,50,5.92689,6.72622,-123.86897,-5.33652,-8.70797,27.83435,-18.23758,4f9e6109-0c1c-44fa-b7d7-1f931a83cd8d,98919482-5580-4c9b-9d8e-d66380e4917b,83.32901,Pitching,25410021,,,,,,,,,,,,,,,,,,,202.8116814,19.61978935,2069.761681,0.9419415352,12:45,83da054d-9789-4d79-994b-2753d39e6fea,ebb8f8c3-3960-42a8-a427-d577aba406a6
73,2026-09-24,19:14:40.13,"Mason, Andrew",1000535307,Right,,,,,,,Live,,42.90076,2.887904238,0.2798693357,1076.29731,,,7.83996,2.51533,,,,,1.3044,2.1384,37.63394,,,0.9768284565,4.00778,33.8614,-2.54271,50,8.07899,-0.12854,-61.52761,0.63069,1.41851,10.43688,-20.18919,7f21c32a-c51c-426c-beda-f0e56c9d03c1,98919482-5580-4c9b-9d8e-d66380e4917b,,Pitching,25410021,,,,,,,,,,,,,,,,,,,,,,,,48e32b0d-09df-42f4-a2e6-1b46f9d0ba6c,ebb8f8c3-3960-42a8-a427-d577aba406a6
74,2026-09-24,19:15:00.30,"Mason, Andrew",1000535307,Right,,,,,,Fastball,Live,,85.96444,-1.222253432,-3.633352693,2202.336823,215.8571907,1:15,6.23117,2.12101,5.25494,-23.11192,15.66531,11.35449,3.15443,-0.35075,78.38995,-5.510381294,-1.523152023,0.44818755,-7.01517,8.60782,-1.79629,50,6.10226,7.52615,-124.73426,-3.46937,-11.03598,25.43338,-18.63258,74386c4c-c3fc-4817-98b0-c4620cc89576,98919482-5580-4c9b-9d8e-d66380e4917b,84.0997,Pitching,25410021,,,,,,,,,,,,,,,,,,,,17.60796472,2099.154316,0.953148626,,c0a9eb3a-74ed-46eb-85fe-fe2f113b344c,ebb8f8c3-3960-42a8-a427-d577aba406a6
75,2026-09-24,19:15:15.51,"Mason, Andrew",1000535307,Right,,,,,,Fastball,Live,,85.11034,-2.788534071,-4.581244693,2082.689382,216.1294101,1:15,6.25727,2.08883,5.55316,-23.65215,15.55084,11.36657,1.67064,-1.25315,77.92252,-7.179417832,-2.463354789,0.4506413258,-7.32529,9.05931,-1.7,50,6.00013,9.50777,-123.30728,-6.80072,-11.28393,24.40252,-18.21902,39dbede5-08bf-411a-a65f-eaaa43481095,98919482-5580-4c9b-9d8e-d66380e4917b,83.64177,Pitching,25410021,,,,,,,,,,,,,,,,,,,,,,,,3953b9be-0461-4fdd-bc91-5d0dfac968dc,ebb8f8c3-3960-42a8-a427-d577aba406a6
76,2026-09-24,19:15:33.29,"Mason, Andrew",1000535307,Right,,,,,,Slider,Live,,77.89267,-2.117207598,-4.400575885,,,,5.84261,2.36415,5.66084,-43.43581,3.75129,-2.22077,0.24219,-1.93199,71.10005,-10.18227449,-4.817259879,0.494405235,-0.22365,2.69619,-1.99046,50,5.63624,8.7476,-112.83034,-5.44784,-0.28404,23.36721,-28.74985,eb429b4f-1180-4720-aa1e-d533e84114db,98919482-5580-4c9b-9d8e-d66380e4917b,76.23794,Pitching,25410021,,,,,,,,,,,,,,,,,,,,,,,,7e150746-8802-465e-9398-91688b60364b,ebb8f8c3-3960-42a8-a427-d577aba406a6
77,2026-09-24,19:15:49.60,"Mason, Andrew",1000535307,Right,,,,,,Fastball,Live,,86.71086,-1.382913754,-3.365901139,2117.897051,207.9531405,1:00,6.23816,2.0545,5.54882,-20.09906,17.61929,9.37295,3.26866,-0.3129,78.96062,-5.135704367,-1.613137322,0.4420259327,-5.96393,9.79158,-1.76951,50,6.10532,7.09097,-125.88984,-3.71573,-9.54147,26.2909,-16.50887,9e8f530b-47c7-4524-8d44-d25350b6fa6c,98919482-5580-4c9b-9d8e-d66380e4917b,85.27201,Pitching,25410021,,,,,,,,,,,,,,,,,,,,20.0026493,1990.138735,0.9396768051,,57a9f870-835c-4a5b-9397-e038b5a24446,ebb8f8c3-3960-42a8-a427-d577aba406a6
78,2026-09-24,19:16:24.83,"Mason, Andrew",1000535307,Right,,,,,,Slider,Live,,78.28884,0.3258344805,-2.290832771,,,,5.83461,2.28024,5.27754,-43.46592,3.1278,-4.89255,2.51868,-0.27986,71.8789,-7.714711043,-3.200450565,0.4912867898,1.93379,1.5588,-2.06785,50,5.83298,4.70524,-113.76008,-0.72422,2.52957,21.21928,-30.135,bf265119-edd7-44fd-ba10-49fbba45c466,98919482-5580-4c9b-9d8e-d66380e4917b,76.72187,Pitching,25410021,,,,,,,,,,,,,,,,,,,,,,,,8f4b4e36-bce8-4514-86f1-6103ee9612df,ebb8f8c3-3960-42a8-a427-d577aba406a6
79,2026-09-24,19:16:41.26,"Mason, Andrew",1000535307,Right,,,,,,Slider,Live,,77.3591,0.8817769583,-1.908346626,,,,5.83376,2.39908,5.20229,-45.12639,2.76226,-4.5367,2.90296,0.22579,70.89071,-7.46864553,-2.751638758,0.4980669083,1.84315,1.20232,-2.21925,50,5.88196,3.88817,-112.40276,0.30858,2.35148,20.90391,-30.64014,7f4398b7-091e-4133-baff-d27611df61ab,98919482-5580-4c9b-9d8e-d66380e4917b,75.67746,Pitching,25410021,,,,,,,,,,,,,,,,,,,,,,,,acd26470-7ae3-4076-a03c-99a8dbc32729,ebb8f8c3-3960-42a8-a427-d577aba406a6
80,2026-09-24,19:17:00.70,"Mason, Andrew",1000535307,Right,,,,,,Slider,Live,,78.69886,-1.755640363,-3.24749216,,,,5.79501,2.40763,5.54676,-36.86453,8.12828,-3.53282,1.07941,-0.92437,73.66084,-8.516382577,-3.900485833,0.4827729984,1.12538,4.71743,-2.12431,50,5.61846,6.60107,-114.41801,-4.6498,1.5169,17.78967,-25.81542,569bdc2a-1a14-4bd2-9b38-8d6ce1d28428,98919482-5580-4c9b-9d8e-d66380e4917b,78.07487,Pitching,25410021,,,,,,,,,,,,,,,,,,,,,,,,37b36893-ad34-4dde-bf39-ae2f3a9479a2,ebb8f8c3-3960-42a8-a427-d577aba406a6
81,2026-09-24,19:17:21.59,"Mason, Andrew",1000535307,Right,,,,,,Fastball,Live,,86.90293,-2.389642898,-3.61243673,2132.883358,222.3350914,1:30,6.18443,2.02565,5.36173,-25.84798,11.97984,10.92902,1.78415,-0.4551,79.48373,-7.177999752,-1.577686829,0.4426669522,-6.80444,7.01677,-1.709,50,5.95152,7.58005,-126.04145,-6.16264,-10.93213,25.92265,-20.90078,caff4e08-557a-4db6-906e-d09e465aafff,98919482-5580-4c9b-9d8e-d66380e4917b,85.14853,Pitching,25410021,,,,,,,,,,,,,,,,,,,,28.14603132,1880.666,0.8817481713,,f0f6b068-30d7-42cf-9eda-555422a8597a,ebb8f8c3-3960-42a8-a427-d577aba406a6
82,2026-09-24,19:17:42.81,"Mason, Andrew",1000535307,Right,,,,,,Fastball,Warmup,,87.71044,-1.914247491,-4.010566856,2125.719577,201.1933391,12:45,6.17816,2.13904,5.33564,-21.13849,16.37119,6.36618,2.61588,-1.09872,79.32925,-5.853357542,-2.821847106,0.4408014717,-4.61932,9.27446,-1.78151,50,5.99035,8.69004,-127.09437,-4.99145,-7.4731,28.70391,-17.1699,a84e8988-2131-4d7f-bb09-24460b0e9d83,98919482-5580-4c9b-9d8e-d66380e4917b,85.50888,Pitching,25410021,,,,,,,,,,,,,,,,,,,,29.19579406,1855.663671,0.8729578874,,5ddd20f6-fbc0-4b19-a041-657e071b53f5,ebb8f8c3-3960-42a8-a427-d577aba406a6
83,2026-09-24,19:18:16.42,"Pence, Colin",1000511683,Right,,,,,,,Warmup,,90.30528,-0.05306075386,-2.497410441,2125.658027,236.7415089,2:00,6.38036,1.7804,5.30969,-24.67396,10.53884,16.12831,4.27435,0.77911,81.7407,-4.659778604,0.5190323058,0.4270922357,-9.29878,5.59595,-1.56551,50,6.35806,5.13917,-131.13773,-1.00962,-16.0474,30.05598,-22.51681,ab8b1c04-98e9-45a4-a912-aa8b47b49663,98919482-5580-4c9b-9d8e-d66380e4917b,88.25363,Pitching,25410021,,,,,,,,,,,,,,,,,,,,25.16427485,1923.916839,0.9050923591,,00d52eb5-004c-45f1-bbac-5e9a9842ec9f,ebb8f8c3-3960-42a8-a427-d577aba406a6
84,2026-09-24,19:18:30.03,"Pence, Colin",1000511683,Right,,,,,,,Warmup,,90.01232,-2.101245048,-5.765387719,2194.574189,232.7401184,1:45,6.33832,3.89054,5.4063,-24.72358,10.87295,14.32603,2.29864,-0.33504,81.63164,-6.702814585,-3.098740724,0.4294130463,-9.33842,6.40613,-3.38622,50,6.13357,12.63366,-130.12499,-5.66929,-15.89422,29.17405,-21.27065,9c3fbba9-cfe7-4c90-879e-4899ba363048,98919482-5580-4c9b-9d8e-d66380e4917b,87.77665,Pitching,25410021,,,,,,,,,,,,,,,,,,,,18.56836345,2080.334275,0.9479443827,,b8d816c8-f2a6-449d-abfe-0809ad0223e0,ebb8f8c3-3960-42a8-a427-d577aba406a6
85,2026-09-24,19:18:43.69,"Pence, Colin",1000511683,Right,,,,,,,Warmup,,81.93056,1.200846989,-1.227346479,1483.207475,259.0073183,2:45,6.14558,2.08323,5.53759,-39.39211,3.13852,16.37794,3.98555,2.3009,74.13458,-6.189021577,1.855878147,0.4693775737,-9.14064,1.29621,-1.98761,50,6.22395,2.03642,-119.04374,1.25959,-12.94072,25.71609,-30.33896,c7b84d03-8444-407c-97eb-844fcb6a0a81,98919482-5580-4c9b-9d8e-d66380e4917b,80.30302,Pitching,25410021,,,,,,,,,,,,,,,,,,,,16.07707899,1425.199254,0.9608900162,,a5f46c75-c37d-4812-a4e2-fa40c4197ccc,ebb8f8c3-3960-42a8-a427-d577aba406a6
86,2026-09-24,19:18:59.15,"Pence, Colin",1000511683,Right,,,,,,,Warmup,,79.98641,-1.222700431,-5.856702329,1540.410769,14.43957296,6:30,6.18698,3.8082,5.04795,-56.28129,-10.40847,-2.68214,0.33755,-1.95792,73.52045,-11.49889167,-6.351358115,0.4874713671,-0.42799,-5.08013,-3.24701,50,6.02653,11.94117,-115.55169,-4.33226,-0.57181,23.91385,-38.96121,ac302c76-f4a0-4735-8c81-f45eced650c4,98919482-5580-4c9b-9d8e-d66380e4917b,77.32237,Pitching,25410021,,,,,,,,,,,,,,,,,,,,,,,,1790a0e4-93e6-4688-9fc4-c1233964189e,ebb8f8c3-3960-42a8-a427-d577aba406a6
87,2026-09-24,19:19:18.11,"Pence, Colin",1000511683,Right,,,,,,,Warmup,,89.61056,-0.9619261417,-1.736652174,2164.605438,237.898094,2:00,6.27001,2.05298,5.49306,-24.74509,10.62886,16.98127,3.30773,1.84329,81.5666,-5.580691774,1.445141299,0.4280684338,-9.55275,5.9425,-1.91252,50,6.16945,3.35798,-130.24797,-3.04924,-16.31803,28.78931,-22.02306,1ccda45b-1982-497d-ba37-589f1f547778,98919482-5580-4c9b-9d8e-d66380e4917b,88.05237,Pitching,25410021,,,,,,,,,,,,,,,,,,,,19.96534703,2034.511148,0.9398993055,,ae27d707-f80a-47f6-a053-37d627b08ea9,ebb8f8c3-3960-42a8-a427-d577aba406a6
88,2026-09-24,19:19:23.83,"Pence, Colin",1000511683,Right,,,,,,,Live,,40.3293,7.934007566,4.507493452,1021.771657,,,7.27516,1.70225,5.64691,,,,3.62316,3.04089,36.05592,,,0.9814171824,20.67956,24.90684,-2.0639,50,7.87281,-4.05232,-57.72865,6.14067,6.60279,8.0603,-24.22152,1037fd73-b1aa-4485-a36b-9e59d2754398,98919482-5580-4c9b-9d8e-d66380e4917b,38.40613,Pitching,25410021,,,,,,,,,,,,,,,,,,,,,,,,fdd02609-a7a0-46c2-9409-a49599a8cce8,ebb8f8c3-3960-42a8-a427-d577aba406a6
89,2026-09-24,19:19:47.38,"Pence, Colin",1000511683,Right,,,,,,Fastball,Live,,90.35603,-0.5470562068,-4.546196653,2190.714065,230.7854879,1:45,6.38693,3.59424,5.9149,-21.23382,13.10301,16.12772,4.10819,0.71073,82.12492,-4.54319814,-1.513087264,0.4217465021,-10.02515,7.23706,-3.23893,50,6.33095,9.89797,-131.10219,-1.94876,-17.38741,28.61826,-19.62224,3f5bb8fb-9502-47e7-b84b-706258e66f00,98919482-5580-4c9b-9d8e-d66380e4917b,89.37226,Pitching,25410021,,,,,,,,,,,,,,,,,,,,28.01545949,1934.008137,0.8828208883,,ef3e122f-591e-4433-9879-48f847f75e5c,ebb8f8c3-3960-42a8-a427-d577aba406a6
90,2026-09-24,19:20:03.95,"Pence, Colin",1000511683,Right,,,,,,Fastball,Live,,88.85926,-1.037300713,-4.445595389,2218.375833,232.1183949,1:45,6.23263,3.61077,5.94407,-23.28526,12.2797,15.83905,3.32716,0.79941,80.62882,-5.424399876,-1.459980677,0.4292226007,-9.89783,6.95591,-3.26554,50,6.13687,9.51805,-128.91084,-3.08252,-16.54336,28.48333,-20.54786,c1bfa9ec-200c-40d3-88d5-00fce38fd3ba,98919482-5580-4c9b-9d8e-d66380e4917b,87.8156,Pitching,25410021,,,,,,,,,,,,,,,,,,,,25.29846891,2005.620213,0.9040939695,,c5b0dad9-233e-4344-a88c-f6f091857bf0,ebb8f8c3-3960-42a8-a427-d577aba406a6
91,2026-09-24,19:20:21.80,"Pence, Colin",1000511683,Right,,,,,,ChangeUp,Live,,81.23103,-0.3114456176,-3.131413589,1600.562203,257.2662074,2:30,6.04592,2.01541,5.79883,-38.8135,3.47343,15.52919,2.5214,0.3945,74.78459,-7.551038008,-0.2205424967,0.4680308745,-9.18561,1.94977,-1.76758,50,5.99712,5.99209,-118.09255,-1.81388,-13.01083,21.85132,-29.41233,d6a399f9-9224-43af-8a16-033e0e30662a,98919482-5580-4c9b-9d8e-d66380e4917b,80.53409,Pitching,25410021,,,,,,,,,,,,,,,,,,,,23.47889518,1468.046681,0.9172068908,,3282d4ec-f7da-4664-ab01-d38080958092,ebb8f8c3-3960-42a8-a427-d577aba406a6
92,2026-09-24,19:21:09.91,"Pence, Colin",1000511683,Right,,,,,,Fastball,Live,,91.13401,-0.4659567501,-2.73526286,2185.599059,221.3791513,1:30,6.31195,1.76342,5.4829,-19.94196,14.45817,12.77228,4.21372,0.26704,82.3391,-4.204525175,-0.3383443756,0.4221350718,-7.64901,7.84826,-1.53229,50,6.25784,5.87176,-132.338,-1.7813,-13.42493,30.96069,-18.39941,c077bb33-24cf-48b1-a770-0f1b3a82fe72,98919482-5580-4c9b-9d8e-d66380e4917b,89.29,Pitching,25410021,,,,,,,,,,,,,,,,,,,,24.1985292,1993.551865,0.9121306387,,ac5351dd-c933-4253-bb9c-5164cd999d60,ebb8f8c3-3960-42a8-a427-d577aba406a6
93,2026-09-24,19:21:29.41,"Pence, Colin",1000511683,Right,,,,,,Fastball,Live,,91.19116,-0.09389435077,-2.507878015,2223.035549,215.9249417,1:15,6.41999,1.86825,5.50075,-18.0771,16.28883,11.83342,4.82567,0.50757,82.22135,-3.488693568,-0.2844184563,0.4219251931,-7.09618,8.71837,-1.65716,50,6.39984,5.3844,-132.43847,-0.85309,-12.45437,31.40929,-16.87261,b9447205-0f2a-495c-af4e-e67d3466eb95,98919482-5580-4c9b-9d8e-d66380e4917b,89.33441,Pitching,25410021,,,,,,,,,,,,,,,,,,,,25.13411799,2012.54974,0.9053160399,,bdef1d6f-4b5e-4e81-9e2e-64bfc78a5be4,ebb8f8c3-3960-42a8-a427-d577aba406a6
94,2026-09-24,19:21:48.27,"Pence, Colin",1000511683,Right,,,,,,Slider,Live,,79.49481,2.178150021,-1.388394315,1596.776914,339.7342566,5:15,6.13587,1.91717,5.64787,-47.56161,-2.08014,0.75347,4.20533,0.68488,71.222,-6.809721547,-1.245521392,0.4853875537,-0.89039,-1.88038,-1.80006,50,6.29097,2.77395,-115.3723,2.98148,-1.17097,26.32208,-34.64699,44c4ab7b-6155-4c01-9948-4a88d36bb0a3,98919482-5580-4c9b-9d8e-d66380e4917b,77.65432,Pitching,25410021,,,,,,,,,,,,,,,,,,,,,,,,eaf48f44-f5d0-4b5e-ad19-c46508e94552,ebb8f8c3-3960-42a8-a427-d577aba406a6
95,2026-09-24,19:22:11.15,"Pence, Colin",1000511683,Right,,,,,,Fastball,Live,,88.11759,-0.2644055938,-5.58246094,2170.556334,236.0659244,1:45,6.30673,3.77311,5.96801,-24.60019,11.47501,17.16921,4.01044,0.01242,80.20642,-4.889899342,-2.360251967,0.4322906089,-10.86845,6.28315,-3.33984,50,6.27202,11.93859,-127.68278,-1.36769,-17.9164,26.64018,-21.81641,1a97f01f-74ca-4248-b0a5-92b42b9ffe36,98919482-5580-4c9b-9d8e-d66380e4917b,87.19236,Pitching,25410021,,,,,,,,,,,,,,,,,,,,23.38225876,1992.304943,0.9178775558,,885eb282-f850-4752-b68f-debcf23a600e,ebb8f8c3-3960-42a8-a427-d577aba406a6
96,2026-09-24,19:22:45.23,"Pence, Colin",1000511683,Right,,,,,,Fastball,Live,,90.13449,-2.248470755,-2.709283384,2182.173304,235.1762488,1:45,6.28936,1.8673,5.83455,-22.75146,11.68356,16.7979,2.30039,0.74739,82.48901,-6.503428192,0.4483779517,0.4223491167,-9.80097,6.91939,-1.65646,50,6.09264,5.64035,-130.96082,-5.90196,-17.01103,27.81139,-20.16443,4952ca55-b8c4-474b-bd1c-f857d18de9ef,98919482-5580-4c9b-9d8e-d66380e4917b,89.24474,Pitching,25410021,,,,,,,,,,,,,,,,,,,,26.84246105,1947.047261,0.8922514347,,7cf55d53-56dd-46dc-87f2-4bba1bbb9c7d,ebb8f8c3-3960-42a8-a427-d577aba406a6
97,2026-09-24,19:23:10.93,"Pence, Colin",1000511683,Right,,,,,,Slider,Live,,79.65679,1.950667524,-1.967382647,1347.413474,327.8594383,5:00,6.07498,1.94452,5.09974,-49.63169,-3.59791,2.23477,3.77866,0.27641,71.78874,-7.301647682,-1.549175341,0.4883258609,-1.82917,-2.5421,-1.76075,50,6.22147,3.89566,-115.52246,2.32386,-2.42683,25.17838,-35.54676,09689d59-88ff-4007-8192-4a8515f36065,98919482-5580-4c9b-9d8e-d66380e4917b,77.18706,Pitching,25410021,,,,,,,,,,,,,,,,,,,,63.21556633,607.191702,0.450635023,,f2754d72-b1cc-47a9-9b1f-f95d0a28f86e,ebb8f8c3-3960-42a8-a427-d577aba406a6
98,2026-09-24,19:23:37.61,"Pence, Colin",1000511683,Right,,,,,,Fastball,Live,,90.73412,-0.7113740553,-3.080682122,2229.692654,220.0753047,1:15,6.38151,1.72193,5.81446,-20.29789,13.76488,11.61424,4.02767,-0.17707,82.59359,-4.524030723,-0.8969170011,0.4200600413,-7.13732,7.61397,-1.4767,50,6.31126,6.70804,-131.85209,-2.318,-12.52429,28.87466,-18.81336,44b6ff36-7ed2-42a5-9bf4-a7a57e227235,98919482-5580-4c9b-9d8e-d66380e4917b,89.73107,Pitching,25410021,,,,,,,,,,,,,,,,,,,,31.02578111,1910.70271,0.8569354647,,a8756db2-a550-49f8-ad79-534543b10779,ebb8f8c3-3960-42a8-a427-d577aba406a6
99,2026-09-24,19:23:57.65,"Pence, Colin",1000511683,Right,,,,,,Slider,Live,,76.63912,1.454246782,-3.784429354,1471.500029,333.2232004,5:00,6.19078,3.66164,5.35643,-53.15346,-4.01366,2.00676,3.12823,0.27508,69.63755,-8.441203664,-3.409292291,0.5045312427,-2.26374,-2.59175,-3.32289,50,6.28467,7.28794,-111.09318,1.22299,-2.79187,22.34341,-35.37044,0b2d5adb-11a9-479d-84dd-bc81ebc748c6,98919482-5580-4c9b-9d8e-d66380e4917b,74.70784,Pitching,25410021,,,,,,,,,,,,,,,,,,,,,,,,0504b8f7-83d2-4510-8f58-fccc9809b52c,ebb8f8c3-3960-42a8-a427-d577aba406a6
100,2026-09-24,19:24:30.43,"Pence, Colin",1000511683,Right,,,,,,Slider,Live,,81.47257,-0.6047612568,-3.674425821,1645.971889,44.24515067,7:30,6.0907,1.70887,5.09265,-48.16745,-4.33001,-4.1874,1.50569,-2.10721,74.43236,-9.480906025,-4.452143414,0.4765340965,1.05383,-2.08757,-1.35852,50,5.99683,7.72451,-118.10406,-2.85965,1.47105,24.94976,-35.08812,422038d9-7e21-402f-adb8-d0a820311b1b,98919482-5580-4c9b-9d8e-d66380e4917b,79.09705,Pitching,25410021,,,,,,,,,,,,,,,,,,,,,,,,cdc25262-32f1-4a3a-ba3c-c392581312c8,ebb8f8c3-3960-42a8-a427-d577aba406a6
101,2026-09-24,19:24:47.99,"Pence, Colin",1000511683,Right,,,,,,Slider,Live,,80.80788,-0.6042951671,-3.736875733,1635.079549,283.5218039,3:30,6.16576,1.71102,5.35072,-45.06148,-0.93786,3.76545,1.84271,-1.48456,73.62728,-8.968841548,-3.033251663,0.4780870796,-3.16521,-0.30871,-1.37742,50,6.07993,7.53371,-117.18538,-2.67549,-4.34991,24.56191,-32.5983,40787f80-2ea3-4e2c-9dbb-8061923447b5,98919482-5580-4c9b-9d8e-d66380e4917b,78.84011,Pitching,25410021,,,,,,,,,,,,,,,,,,,,,,,,eee344f5-e271-48b1-a085-d0365b8dbdc9,ebb8f8c3-3960-42a8-a427-d577aba406a6
102,2026-09-24,19:25:07.64,"Pence, Colin",1000511683,Right,,,,,,Fastball,Live,,89.41427,-2.318570641,-2.13394304,2157.440015,228.0375669,1:30,6.26588,1.81903,5.74932,-21.68739,13.70749,15.24915,2.29772,1.10254,81.07535,-6.387468593,0.7430658719,0.4281950562,-8.86205,8.09016,-1.65126,50,6.06037,4.33375,-129.8554,-5.97935,-14.97366,29.84681,-18.5046,fd3e08bc-9976-4cb8-b06a-8dd9fddd537e,98919482-5580-4c9b-9d8e-d66380e4917b,88.02633,Pitching,25410021,,,,,,,,,,,,,,,,,,,,27.7212733,1909.811151,0.885220974,,3211896e-3be4-4cca-b040-cc5f6f8232e4,ebb8f8c3-3960-42a8-a427-d577aba406a6
103,2026-09-24,19:25:25.45,"Pence, Colin",1000511683,Right,,,,,,Fastball,Live,,90.10723,-0.273645277,-1.923793324,2138.149305,228.4599372,1:30,6.4579,1.71849,5.64284,-21.53666,13.32394,15.07719,4.40781,1.17994,81.66933,-4.317442779,0.9123594746,0.4249509797,-8.65655,7.2195,-1.56487,50,6.42115,3.88584,-130.98169,-1.35974,-14.91551,29.77901,-19.73462,9fa4ee82-f35e-45ff-bce6-adbd7041bf85,98919482-5580-4c9b-9d8e-d66380e4917b,88.69832,Pitching,25410021,,,,,,,,,,,,,,,,,,,,23.56901816,1959.782919,0.9165790783,,8d55eeb6-43e1-411c-b18e-24f2a1d6c03e,ebb8f8c3-3960-42a8-a427-d577aba406a6
104,2026-09-24,19:25:54.80,"Pence, Colin",1000511683,Right,,,,,,Fastball,Live,,88.34352,-0.701779086,-4.975270707,2141.282454,228.0010847,1:30,6.36904,3.54147,5.84524,-23.22111,12.84861,14.33982,3.77939,0.10199,80.31833,-5.0625247,-2.284700827,0.4322577252,-9.16707,7.12775,-3.14475,50,6.29826,10.68712,-128.08232,-2.32446,-15.17258,27.35682,-20.37678,a9540d02-ce1c-4195-a4fa-69237afee049,98919482-5580-4c9b-9d8e-d66380e4917b,87.19899,Pitching,25410021,,,,,,,,,,,,,,,,,,,,27.96240369,1891.29942,0.8832554603,,84d88bd3-7199-4bed-a288-312407c1c7cc,ebb8f8c3-3960-42a8-a427-d577aba406a6
105,2026-09-24,19:26:14.11,"Pence, Colin",1000511683,Right,,,,,,Slider,Live,,79.07504,-0.3040075023,-5.485198194,1481.583254,351.7698498,5:45,6.19293,3.6362,5.34154,-51.43729,-5.16934,0.74557,1.62004,-1.46228,72.34351,-9.803401374,-5.346742277,0.4895663047,-2.09213,-2.64687,-3.14149,50,6.12943,10.96276,-114.40399,-2.21492,-2.74367,23.17246,-35.64521,7b9be6ee-6f37-4693-8072-d82ded8b6cf3,98919482-5580-4c9b-9d8e-d66380e4917b,76.99149,Pitching,25410021,,,,,,,,,,,,,,,,,,,,,,,,a86a7601-f1d3-41d3-886b-3609a44a044f,ebb8f8c3-3960-42a8-a427-d577aba406a6
106,2026-09-24,19:26:34.62,"Pence, Colin",1000511683,Right,,,,,,Slider,Live,,77.85617,1.701261616,-2.794170649,1549.124432,56.39713213,8:00,6.13504,1.94733,5.15571,-53.18292,-5.00192,-7.48912,3.30672,-1.3087,70.37006,-8.195573913,-4.19394765,0.4995849076,3.01795,-3.21147,-1.68102,50,6.25453,5.74383,-112.85999,1.68325,3.81689,24.26249,-36.23569,3237501d-b138-4284-90c5-e6c94775b901,98919482-5580-4c9b-9d8e-d66380e4917b,75.44751,Pitching,25410021,,,,,,,,,,,,,,,,,,,27.83570323,52.91620306,934.0947828,0.6029824095,7:00,bfe651c5-cd23-42c8-9c0e-f0a133c0ee89,ebb8f8c3-3960-42a8-a427-d577aba406a6
107,2026-09-24,19:26:52.11,"Pence, Colin",1000511683,Right,,,,,,Fastball,Warmup,,87.68241,-0.9597488857,-2.309355242,2075.777926,222.4598987,1:30,6.29566,1.87596,5.91423,-22.93316,13.49626,12.37815,3.49316,0.76333,79.63673,-5.280132592,0.02894105145,0.4344077137,-7.38563,7.58599,-1.69809,50,6.2058,4.74912,-127.47432,-2.86279,-12.06235,28.02314,-19.78447,33b8a80f-857a-48f4-94a8-7fb9a3436176,98919482-5580-4c9b-9d8e-d66380e4917b,86.76743,Pitching,25410021,,,,,,,,,,,,,,,,,,,,30.46518151,1789.190693,0.861937431,,4b73ba38-55f7-4420-b068-97cdd2ac6b9a,ebb8f8c3-3960-42a8-a427-d577aba406a6
108,2026-09-24,19:27:25.03,"Martinez, Jacob",1000617588,Right,,,,,,,Warmup,,85.40826,1.111644427,-1.916855319,2087.090749,247.0835821,2:15,5.4805,1.80128,5.88689,-30.44827,7.78317,18.52136,3.97593,1.5644,77.93789,-4.61233646,1.571468455,0.4450222688,-10.53613,3.88374,-1.6576,50,5.55251,3.58144,-124.23454,1.4644,-16.43484,25.33783,-26.11598,e58dd778-7eb8-4c28-ab42-bc92cc2ca5a4,98919482-5580-4c9b-9d8e-d66380e4917b,84.69787,Pitching,25410021,,,,,,,,,,,,,,,,,,,227.6124427,21.94020425,1935.931743,0.9275743013,1:30,ef226726-6478-488c-8372-0c6517798dc0,ebb8f8c3-3960-42a8-a427-d577aba406a6
109,2026-09-24,19:27:36.11,"Martinez, Jacob",1000617588,Right,,,,,,,Warmup,,87.50005,0.6351672004,-2.173817072,2097.566552,251.2242572,2:15,5.38169,2.12333,5.96935,-30.35654,5.6846,16.84195,3.44122,1.51075,80.51376,-5.05482558,0.98986128,0.4320864591,-9.65957,2.90481,-1.96085,50,5.41492,4.30159,-127.36161,0.45253,-15.9681,24.58563,-27.37214,236f299d-6a59-4e2f-a87e-0a76b1729367,98919482-5580-4c9b-9d8e-d66380e4917b,87.23356,Pitching,25410021,,,,,,,,,,,,,,,,,,,,14.82527778,2027.739813,0.9667105968,,89a2696b-7485-4617-817e-487dc78b92f4,ebb8f8c3-3960-42a8-a427-d577aba406a6
110,2026-09-24,19:27:47.03,"Martinez, Jacob",1000617588,Right,,,,,,,Warmup,,79.28821,0.5076390738,-2.396377904,1639.67494,254.5664905,2:30,5.2321,2.07719,6.54166,-38.53667,4.86236,17.78228,2.48664,1.36028,72.4132,-6.81944364,0.998751563,0.4741452601,-10.53985,2.53871,-1.91929,50,5.25051,4.37925,-115.40855,0.04715,-14.13129,22.66071,-28.77027,e8e898bf-8eee-4e51-a12c-b485b5a0918a,98919482-5580-4c9b-9d8e-d66380e4917b,79.49555,Pitching,25410021,,,,,,,,,,,,,,,,,,,,14.17327446,1589.76269,0.9695596677,,4f0c586f-cd07-4226-aedc-e3fd378eb882,ebb8f8c3-3960-42a8-a427-d577aba406a6
111,2026-09-24,19:27:58.04,"Martinez, Jacob",1000617588,Right,,,,,,,Warmup,,78.94585,-0.04151282298,-2.296274538,2082.218057,254.0415076,2:30,5.74634,1.42309,5.92559,-44.21704,0.27136,1.07944,2.02305,-0.61848,72.92262,-8.293828172,-2.093553179,0.4800591975,-1.2014,0.15762,-1.24033,50,5.71787,4.57535,-114.8735,-1.3518,-1.61012,20.68553,-31.9628,a2e83947-e080-4a9d-8454-312a8dd221ea,98919482-5580-4c9b-9d8e-d66380e4917b,78.51623,Pitching,25410021,,,,,,,,,,,,,,,,,,,,,,,,5cb7090e-1fe3-404e-a30e-f847319887ac,ebb8f8c3-3960-42a8-a427-d577aba406a6
112,2026-09-24,19:28:09.69,"Martinez, Jacob",1000617588,Right,,,,,,,Warmup,,87.58547,0.7465346262,-2.08426787,2008.514932,248.5641809,2:15,5.43483,2.1495,5.90903,-29.09225,7.31182,18.73404,3.70379,1.77552,79.74914,-4.730556486,1.449755043,0.4342565523,-10.72764,3.73316,-1.99313,50,5.47811,4.04168,-127.38457,0.7381,-17.5489,27.24919,-26.06713,20c53681-67b0-40a3-b106-2b7a05c22efa,98919482-5580-4c9b-9d8e-d66380e4917b,86.79763,Pitching,25410021,,,,,,,,,,,,,,,,,,,,26.61552283,1795.67842,0.8940328951,,b3a8e0c7-9f3f-49ae-a7c1-1ee79bbeee4e,ebb8f8c3-3960-42a8-a427-d577aba406a6
113,2026-09-24,19:28:21.81,"Martinez, Jacob",1000617588,Right,,,,,,,Warmup,,80.75719,-2.450663949,-2.975261291,1760.637646,251.7122337,2:30,5.28362,1.93474,6.7117,-35.72618,5.70382,17.25516,0.06206,0.65073,74.53964,-9.199462034,0.3179443259,0.4632643183,-10.4095,3.84769,-1.74483,50,5.10699,5.67446,-117.46405,-5.92581,-14.55114,22.14511,-26.79548,5f888242-6196-4e8a-8c45-e6deac321f6b,98919482-5580-4c9b-9d8e-d66380e4917b,81.36271,Pitching,25410021,,,,,,,,,,,,,,,,,,,,12.48675605,1718.991542,0.9763460112,,5151a3a8-4072-43db-a451-37b3e046ec0a,ebb8f8c3-3960-42a8-a427-d577aba406a6
114,2026-09-24,19:28:34.70,"Martinez, Jacob",1000617588,Right,,,,,,,Warmup,,87.58544,0.2761377685,-1.987416222,2067.151652,241.1597333,2:00,5.46214,2.08478,5.92829,-26.82527,9.38699,17.11662,3.48303,1.66668,80.11668,-4.76360948,1.235186325,0.4331110044,-9.79396,4.99261,-1.93589,50,5.46897,3.87913,-127.44675,-0.23699,-16.1139,26.10993,-23.95976,a1152885-5d46-4f4f-8401-902c3ffe776e,98919482-5580-4c9b-9d8e-d66380e4917b,87.0272,Pitching,25410021,,,,,,,,,,,,,,,,,,,,17.27435727,1973.910284,0.954893794,,6bfed410-d4a9-49da-87e3-bf78299c2760,ebb8f8c3-3960-42a8-a427-d577aba406a6
115,2026-09-24,19:28:45.64,"Martinez, Jacob",1000617588,Right,,,,,,,Live,,85.85918,0.8928045037,-3.665053483,2073.417172,247.5140412,2:15,5.40402,2.4398,6.08375,-30.8482,6.72234,16.38708,3.66094,0.41061,78.43926,-4.918864204,-0.5752053545,0.4411589513,-9.91541,3.40277,-2.16573,50,5.45654,7.49738,-124.77148,1.01692,-15.63615,25.02316,-26.80803,a3e4d340-fccb-4ca2-b94d-64f84cd81341,98919482-5580-4c9b-9d8e-d66380e4917b,85.43959,Pitching,25410021,,,,,,,,,,,,,,,,,,,242.9788344,21.65640447,1927.062196,0.9294136375,2:00,342699fb-98b4-461a-8448-503fc0510a08,ebb8f8c3-3960-42a8-a427-d577aba406a6
116,2026-09-24,19:28:51.12,"Martinez, Jacob",1000617588,Right,,,,,,,Live,,37.53137,4.851110292,0.9587225483,1139.555357,,,10.0317,1.53121,,,,,5.25705,1.38172,35.4239,,,0.8726085939,8.30787,29.83474,-1.47667,50,9.73894,-1.0557,-55.17671,5.93796,2.49607,6.07256,-23.2103,69c63c63-3e5b-47ea-8b1a-8871940e2792,98919482-5580-4c9b-9d8e-d66380e4917b,,Pitching,25410021,,,,,,,,,,,,,,,,,,,,,,,,2acf90ff-7e59-4903-87cc-e92ee1e83fb4,ebb8f8c3-3960-42a8-a427-d577aba406a6
117,2026-09-24,19:29:16.47,"Martinez, Jacob",1000617588,Right,,,,,,Fastball,Live,,88.90872,-1.397442589,-2.138400157,2088.271201,249.5571975,2:15,5.46748,1.78812,6.02055,-28.67327,6.26568,16.8532,1.78272,1.21126,81.84252,-6.76626305,1.03461734,0.4254282209,-9.69625,3.76624,-1.63014,50,5.34245,4.29528,-129.3705,-4.06898,-16.49285,26.06705,-25.76786,24942ba6-d9c0-4b21-93e9-0269d5ac55f2,98919482-5580-4c9b-9d8e-d66380e4917b,88.59882,Pitching,25410021,,,,,,,,,,,,,,,,,,,,10.88216208,2050.71894,0.9820175363,,fba7996e-9fb5-443a-a7a8-e42e04eb0d62,ebb8f8c3-3960-42a8-a427-d577aba406a6
118,2026-09-24,19:30:01.05,"Martinez, Jacob",1000617588,Right,,,,,,Fastball,Live,,89.37374,-0.9328732786,-3.499628392,2088.560236,245.3623933,2:15,5.33743,2.0861,6.31442,-26.82894,7.45072,16.30084,2.24086,0.21744,82.01183,-5.994990122,-0.4159780443,0.4213952215,-9.86905,4.33056,-1.83809,50,5.25621,7.45731,-129.96685,-2.92827,-16.92452,26.5704,-24.74753,e3249422-9af1-4a42-bb13-b8bdae8a4511,98919482-5580-4c9b-9d8e-d66380e4917b,89.44676,Pitching,25410021,,,,,,,,,,,,,,,,,,,,15.32874705,2014.259505,0.9644249039,,fd186912-eb09-4a97-b9ee-fd06b0c067c7,ebb8f8c3-3960-42a8-a427-d577aba406a6
119,2026-09-24,19:30:23.19,"Martinez, Jacob",1000617588,Right,,,,,,Fastball,Live,,87.56972,0.0198638564,-3.118801713,2031.085907,234.8379105,1:45,5.24894,2.30657,6.24253,-25.38346,10.49671,14.966,3.152,0.67466,79.97089,-4.77930472,-0.2857033266,0.4311205028,-9.05133,5.72903,-2.0821,50,5.2378,6.49298,-127.36734,-0.71377,-14.85638,26.35914,-22.77071,1d0e3b47-ff95-4289-a3ca-5a08d83630cd,98919482-5580-4c9b-9d8e-d66380e4917b,87.42901,Pitching,25410021,,,,,,,,,,,,,,,,,,,,11.0079812,1993.715134,0.9816005946,,b77c4b6c-52ac-4fd5-b283-4ee4c3b89db7,ebb8f8c3-3960-42a8-a427-d577aba406a6
120,2026-09-24,19:30:52.64,"Martinez, Jacob",1000617588,Right,,,,,,Slider,Live,,82.11658,-0.9294122325,-0.9757389948,2075.719267,170.4603108,11:45,5.76686,1.39165,5.92875,-36.52507,4.23234,-0.71702,1.86069,0.42662,76.35748,-7.722442223,-1.109996747,0.4594885167,0.14719,2.50701,-1.31341,50,5.6718,2.05888,-119.62101,-3.03879,0.21575,20.56605,-28.49934,e8a5dca1-91c0-4bb6-8281-8c55500f4d56,98919482-5580-4c9b-9d8e-d66380e4917b,82.0313,Pitching,25410021,,,,,,,,,,,,,,,,,,,,,,,,1bc7d94e-857c-44c0-bb46-50676a3a365c,ebb8f8c3-3960-42a8-a427-d577aba406a6
121,2026-09-24,19:31:05.18,"Martinez, Jacob",1000617588,Right,,,,,,Slider,Live,,82.55519,0.8707781701,-2.244343093,2085.876125,127.6071706,10:15,5.45837,1.69776,6.02242,-37.68238,3.02951,-3.97648,3.12525,-0.71309,75.61893,-6.212015236,-2.9937428,0.4592319243,1.51955,1.39548,-1.52016,50,5.50592,4.82338,-120.09502,0.72081,2.21507,23.6656,-30.13984,2e5f6278-dc8a-4f5f-b7dd-6aef32eedfd4,98919482-5580-4c9b-9d8e-d66380e4917b,82.07713,Pitching,25410021,,,,,,,,,,,,,,,,,,,,,,,,3156e1a7-c658-45bf-b40b-fb50f8b37d03,ebb8f8c3-3960-42a8-a427-d577aba406a6
122,2026-09-24,19:31:19.89,"Martinez, Jacob",1000617588,Right,,,,,,Fastball,Live,,89.07937,-1.293191635,-3.407914372,2158.838702,244.7123589,2:15,5.36366,2.00079,6.19163,-26.34975,8.68195,18.41449,1.97177,0.38573,80.89286,-6.279060057,0.08833160921,0.4259925489,-11.09678,5.13685,-1.75361,50,5.25296,7.1459,-129.4159,-3.72905,-18.65337,29.23639,-23.53915,0618ada4-3010-4156-92dc-234824f45915,98919482-5580-4c9b-9d8e-d66380e4917b,88.48145,Pitching,25410021,,,,,,,,,,,,,,,,,,,,21.09184129,2014.206844,0.9330047876,,b10ad391-2b67-45f4-9301-7e26411015f5,ebb8f8c3-3960-42a8-a427-d577aba406a6
123,2026-09-24,19:31:48.32,"Martinez, Jacob",1000617588,Right,,,,,,Fastball,Live,,89.3775,-2.309437017,-4.365625575,2170.05068,244.467472,2:15,5.35207,1.95484,6.18641,-26.0416,8.62365,18.03579,1.04249,-0.58035,81.82819,-7.2075222,-0.9600278851,0.423758653,-11.05506,5.34903,-1.63482,50,5.16438,9.34674,-129.69714,-6.04663,-18.8206,27.2581,-23.06764,26274d10-c276-475d-ad5a-96ff0da15f2c,98919482-5580-4c9b-9d8e-d66380e4917b,88.94789,Pitching,25410021,,,,,,,,,,,,,,,,,,,,28.48945964,1907.268128,0.8789048778,,2215ffe7-2e50-417a-86ff-710ddc549133,ebb8f8c3-3960-42a8-a427-d577aba406a6
124,2026-09-24,19:32:03.22,"Martinez, Jacob",1000617588,Right,,,,,,Fastball,Live,,89.54503,0.3879150088,-2.198200985,2167.318138,237.8445062,2:00,5.46367,2.0474,5.94769,-24.50124,10.21776,16.31796,3.78191,1.36769,81.60618,-4.226189269,0.8793111738,0.4240870548,-9.45204,5.41474,-1.88187,50,5.48075,4.47353,-130.25747,0.09223,-16.19741,28.0213,-22.89512,ac4143ac-a887-4264-88f3-9250988b9fe3,98919482-5580-4c9b-9d8e-d66380e4917b,88.87901,Pitching,25410021,,,,,,,,,,,,,,,,,,,233.0712769,26.52144978,1939.245304,0.8947672562,1:45,bc9cf3ae-2253-4649-947d-4e327fb0181c,ebb8f8c3-3960-42a8-a427-d577aba406a6
125,2026-09-24,19:32:22.82,"Martinez, Jacob",1000617588,Right,,,,,,Fastball,Live,,89.34024,-1.42812977,-3.346497188,2056.07946,251.3760354,2:30,5.31981,2.07817,6.19079,-28.95683,5.56761,16.55798,1.58588,0.36524,81.97853,-6.875272374,-0.2180999375,0.4228971307,-9.94711,3.42844,-1.8347,50,5.19749,7.08435,-129.8771,-4.13548,-17.00681,26.95347,-26.31236,8d481f65-71f0-4c3c-9cd0-c2794163813f,98919482-5580-4c9b-9d8e-d66380e4917b,89.1291,Pitching,25410021,,,,,,,,,,,,,,,,,,,,16.2369274,1974.070007,0.9601136751,,895ffe48-75bd-41f7-be93-929673edad5b,ebb8f8c3-3960-42a8-a427-d577aba406a6
126,2026-09-24,19:32:38.61,"Martinez, Jacob",1000617588,Right,,,,,,Slider,Live,,81.82533,0.2638248271,-3.649486865,2141.998257,144.4699908,10:45,5.43991,1.66963,6.1518,-38.16962,3.10937,-2.249,2.50333,-1.89377,75.16224,-6.905195396,-4.073010868,0.4624192784,0.20282,1.61915,-1.39122,50,5.44024,7.64945,-118.93045,-0.53483,0.29033,22.93136,-29.85632,19c19b14-e2e4-4b2a-936d-51b5b0bff539,98919482-5580-4c9b-9d8e-d66380e4917b,81.51139,Pitching,25410021,,,,,,,,,,,,,,,,,,,,,,,,926b3d6d-7b4b-4fb3-b983-bcfa6f40eb95,ebb8f8c3-3960-42a8-a427-d577aba406a6
127,2026-09-24,19:32:53.55,"Martinez, Jacob",1000617588,Right,,,,,,Fastball,Warmup,,89.11326,-0.9901830702,-1.934385116,2065.238054,250.2229476,2:15,5.35136,1.96912,6.16298,-28.68533,6.04713,16.87797,2.04576,1.58832,81.60447,-6.393397419,1.260051625,0.4241692807,-9.74402,3.57534,-1.83136,50,5.26164,3.85922,-129.68697,-3.12798,-16.56569,27.56449,-26.09566,151d4af5-9a53-4f32-8176-06e59f8f2a62,98919482-5580-4c9b-9d8e-d66380e4917b,88.86178,Pitching,25410021,,,,,,,,,,,,,,,,,,,,18.6583665,1956.695335,0.9474429984,,6f144b68-a50d-4e25-ba36-5221afe1129c,ebb8f8c3-3960-42a8-a427-d577aba406a6
128,2026-09-24,19:33:35.03,"Pence, Colin",1000511683,Right,,,,,,,Warmup,,87.92989,-1.068047457,-2.332649075,2215.271759,238.9875912,2:00,6.28746,1.87928,5.31662,-27.30679,9.62388,16.05046,3.00871,1.02669,80.24825,-6.139960952,0.6607417384,0.4373861098,-9.15507,5.39481,-1.6796,50,6.17136,4.63876,-127.74276,-3.34445,-15.08402,27.02436,-23.28548,3f10a374-89d6-4c3d-9914-02bd130cc008,98919482-5580-4c9b-9d8e-d66380e4917b,86.17658,Pitching,25410021,,,,,,,,,,,,,,,,,,,220.1886262,35.19169698,1810.383047,0.8172284234,1:15,7a43e953-ad28-4a9a-a303-e863b3628799,ebb8f8c3-3960-42a8-a427-d577aba406a6
129,2026-09-24,19:33:46.75,"Pence, Colin",1000511683,Right,,,,,,,Warmup,,88.61777,-1.472742605,-3.036355436,2270.394202,225.6416235,1:30,6.22119,1.99067,5.43629,-21.84475,14.36759,14.71923,3.01963,0.37168,80.81639,-5.54024737,-0.2883590802,0.4331114854,-8.67573,8.04572,-1.73218,50,6.07596,6.31347,-128.68232,-4.07345,-14.5195,27.17972,-18.70892,538be58c-19fd-4693-a120-990349fd571b,98919482-5580-4c9b-9d8e-d66380e4917b,87.02711,Pitching,25410021,,,,,,,,,,,,,,,,,,,,21.24316247,2116.123447,0.9320511151,,436580c9-3634-4932-a59a-c56dbe90b812,ebb8f8c3-3960-42a8-a427-d577aba406a6
130,2026-09-24,19:33:58.72,"Pence, Colin",1000511683,Right,,,,,,,Warmup,,78.33986,-1.447033235,-3.496896699,1797.619706,320.0674067,4:45,6.14252,4.15497,4.97009,-51.24853,-3.47032,2.8798,0.50235,1.08827,71.52887,-10.86392075,-2.96136392,0.4974922684,-2.63239,-1.35289,-3.8194,50,5.96207,6.84195,-113.50245,-4.54508,-3.38338,23.63198,-33.9129,ed826dc5-00a6-4016-888e-119c6a51b5ff,98919482-5580-4c9b-9d8e-d66380e4917b,75.76487,Pitching,25410021,,,,,,,,,,,,,,,,,,,,,,,,80f41991-14e9-4db1-ab0e-3e8ccd38f9dc,ebb8f8c3-3960-42a8-a427-d577aba406a6
131,2026-09-24,19:34:11.62,"Pence, Colin",1000511683,Right,,,,,,,Warmup,,78.5691,-1.034591257,-3.169415969,1359.475956,230.9603386,1:45,6.01057,3.98248,5.59033,-36.15577,10.33692,12.79653,2.03011,2.08685,70.86421,-7.819862871,-0.7541586973,0.4907538851,-7.91566,5.88614,-3.71882,50,5.89881,5.9321,-113.98431,-3.13406,-10.21863,24.61703,-24.57541,3110ba91-da8c-4ad5-b992-f1c0c97ba61a,98919482-5580-4c9b-9d8e-d66380e4917b,76.80518,Pitching,25410021,,,,,,,,,,,,,,,,,,,,36.58518258,1091.620638,0.8029716397,,917fdf26-8294-4ebf-a768-ae93c6c948db,ebb8f8c3-3960-42a8-a427-d577aba406a6
132,2026-09-24,19:34:24.06,"Pence, Colin",1000511683,Right,,,,,,,Live,,88.98192,-0.5616534345,-2.724367892,2214.657333,224.3485729,1:30,6.36979,3.79717,5.45807,-20.73828,15.08411,14.78342,4.11533,2.47742,81.11506,-4.429267656,0.03647109164,0.4307731533,-8.61996,8.17089,-3.56732,50,6.30629,5.63696,-129.29472,-1.9921,-14.57461,27.25241,-18.35873,c9f361d1-523d-4a6f-bf5a-d273e6c65522,98919482-5580-4c9b-9d8e-d66380e4917b,87.49951,Pitching,25410021,,,,,,,,,,,,,,,,,,,,23.40942484,2032.367304,0.9176892846,,4f6c9b2d-e07d-44e5-bf12-9a2ab83a53e4,ebb8f8c3-3960-42a8-a427-d577aba406a6
133,2026-09-24,19:34:30.81,"Pence, Colin",1000511683,Right,,,,,,,Live,,42.53286,7.571520205,2.797661817,1101.045388,,,6.33131,1.30503,7.51955,,,,5.07343,2.05048,38.42762,,,0.8813371333,13.2179,27.57003,-1.44527,50,6.70332,-2.77975,-61.40608,7.16062,4.92981,7.39559,-21.89141,ce1c2ec0-7854-483f-9593-012ae93f8a4a,98919482-5580-4c9b-9d8e-d66380e4917b,42.76733,Pitching,25410021,,,,,,,,,,,,,,,,,,,,,,,,7e500977-f47c-43b3-b309-15d7c1eb4165,ebb8f8c3-3960-42a8-a427-d577aba406a6
134,2026-09-24,19:34:53.64,"Pence, Colin",1000511683,Right,,,,,,Fastball,Live,,88.58907,-2.593634059,-2.828095662,2144.263921,219.89051,1:15,6.27788,1.68052,5.51514,-21.34352,14.90003,12.45857,2.06981,0.07254,80.72353,-6.568805705,-0.4958578135,0.4332980303,-7.45968,8.69289,-1.44257,50,6.03775,5.9243,-128.56784,-6.5624,-12.43083,27.75588,-17.6882,f92de028-64a9-4f43-bc92-07dfb8cf0fae,98919482-5580-4c9b-9d8e-d66380e4917b,86.98964,Pitching,25410021,,,,,,,,,,,,,,,,,,,,21.67161106,1992.698041,0.9293156598,,d86d77c1-d39c-45e1-a920-37eb00523716,ebb8f8c3-3960-42a8-a427-d577aba406a6
135,2026-09-24,19:35:07.85,"Pence, Colin",1000511683,Right,,,,,,Fastball,Live,,88.9239,-1.099574758,-1.69952313,2077.369361,240.6701801,2:00,6.24491,1.78904,5.50358,-25.93633,9.8799,17.62414,3.05474,1.66799,81.21825,-5.931541184,1.598574771,0.4307361268,-9.86668,5.57322,-1.65255,50,6.13174,3.22654,-129.27665,-3.37892,-16.65193,27.63661,-22.76817,7441db52-89d3-4007-833c-9ddad3ef2dca,98919482-5580-4c9b-9d8e-d66380e4917b,87.50703,Pitching,25410021,,,,,,,,,,,,,,,,,,,,31.69133887,1767.613923,0.8508905328,,b55de210-ef3d-4bb0-be10-88e3dd12cdf0,ebb8f8c3-3960-42a8-a427-d577aba406a6
136,2026-09-24,19:35:24.25,"Pence, Colin",1000511683,Right,,,,,,Slider,Live,,78.93733,2.371491279,0.7447478761,1627.402522,7.030052692,6:15,6.19023,1.7679,4.83681,-52.27718,-5.48873,-0.67148,4.0805,2.41708,71.97191,-7.271823696,0.6203710084,0.4923123694,0.56831,-3.55317,-1.84094,50,6.38125,-1.4666,-114.57048,2.97716,0.75119,22.2667,-36.8706,cadd951c-4690-4ab7-812a-6976595e185b,98919482-5580-4c9b-9d8e-d66380e4917b,76.56204,Pitching,25410021,,,,,,,,,,,,,,,,,,,,,,,,2ce3b0c9-cf5e-414a-8fee-975cca44581e,ebb8f8c3-3960-42a8-a427-d577aba406a6
137,2026-09-24,19:36:01.43,"Pence, Colin",1000511683,Right,,,,,,Fastball,Live,,87.8759,-0.3915460403,-1.880981101,2088.93938,224.3416437,1:30,6.21172,1.87046,5.60374,-23.04141,13.53307,13.25933,3.92595,1.21911,79.9866,-4.704659173,0.6064575621,0.4352717538,-7.63067,7.3451,-1.71819,50,6.1635,3.75103,-127.76882,-1.647,-12.56192,27.33996,-20.08226,2a838f7d-d339-42d5-901e-7a9f1adc981f,98919482-5580-4c9b-9d8e-d66380e4917b,86.59519,Pitching,25410021,,,,,,,,,,,,,,,,,,,214.2428339,23.58231882,1914.48418,0.9164862316,1:15,e4b1905b-3e9e-49aa-8c06-8bbcccd90b32,ebb8f8c3-3960-42a8-a427-d577aba406a6
138,2026-09-24,19:36:15.28,"Pence, Colin",1000511683,Right,,,,,,Fastball,Live,,89.11561,-1.726441292,-2.586417654,2111.254289,226.1675602,1:30,6.36,1.69354,5.61011,-21.91863,13.58086,14.16472,2.9201,0.45849,81.47144,-5.814560205,0.06521383692,0.4288273242,-8.28575,7.73422,-1.48179,50,6.19846,5.36659,-129.49008,-4.65399,-14.06333,27.12951,-19.04684,650ea40b-18e8-4a64-9152-8ab2e3cee075,98919482-5580-4c9b-9d8e-d66380e4917b,87.89654,Pitching,25410021,,,,,,,,,,,,,,,,,,,,27.97292345,1864.595089,0.8831693548,,26ce3e7c-9baa-4c77-8868-177d80c14913,ebb8f8c3-3960-42a8-a427-d577aba406a6
139,2026-09-24,19:36:47.23,"Pence, Colin",1000511683,Right,,,,,,Fastball,Live,,87.38626,-0.156528987,-4.499648602,2075.598137,231.5442494,1:45,6.37789,3.49048,5.57207,-24.91532,12.19742,15.44093,4.15498,0.56623,79.61352,-4.809199035,-1.617154309,0.4384629741,-9.50081,6.5494,-3.1128,50,6.34821,9.45716,-126.75883,-1.18353,-15.44336,26.14115,-21.52814,c6a251e8-e7de-4a83-b89e-78c3728259c8,98919482-5580-4c9b-9d8e-d66380e4917b,85.96493,Pitching,25410021,,,,,,,,,,,,,,,,,,,,28.47776614,1824.455349,0.8790022099,,dcc30eab-252e-4bb2-9e26-2ff38ee70a08,ebb8f8c3-3960-42a8-a427-d577aba406a6
140,2026-09-24,19:37:05.37,"Pence, Colin",1000511683,Right,,,,,,Fastball,Live,,88.14933,-1.929916855,-2.542636799,2125.744328,240.9751625,2:00,6.22388,1.81895,5.49496,-27.68301,8.70638,15.70961,2.10951,0.74846,80.9102,-7.06660543,0.3897218193,0.4341689441,-9.04647,5.15657,-1.60726,50,6.03657,5.14662,-128.0702,-5.27224,-15.04771,26.07506,-23.59672,a8bb2982-141e-422f-b2ff-041da2b41966,98919482-5580-4c9b-9d8e-d66380e4917b,86.81514,Pitching,25410021,,,,,,,,,,,,,,,,,,,,27.9221768,1878.274628,0.8835844479,,e49a3ffc-866c-4e7a-ae5d-57bc04f55255,ebb8f8c3-3960-42a8-a427-d577aba406a6
141,2026-09-24,19:37:34.45,"Pence, Colin",1000511683,Right,,,,,,Slider,Live,,80.9,-2.196054172,-4.6644339,,,,6.09637,1.89459,5.14592,-44.34496,-0.13233,4.13587,0.32579,-2.1614,74.48752,-10.3189208,-3.89913221,0.4785690476,-3.5215,0.56582,-1.46098,50,5.85702,9.41997,-117.1332,-5.97483,-4.87501,22.86172,-31.39075,6637ad96-5a46-4082-a157-f378b0d11db1,98919482-5580-4c9b-9d8e-d66380e4917b,78.76071,Pitching,25410021,,,,,,,,,,,,,,,,,,,,,,,,da72512d-0dd9-4f58-b2b4-eaf32f7d93a1,ebb8f8c3-3960-42a8-a427-d577aba406a6
142,2026-09-24,19:37:53.97,"Pence, Colin",1000511683,Right,,,,,,Fastball,Live,,88.1338,-2.006584617,-2.960172936,2129.772384,219.7325533,1:15,6.19564,1.7283,5.79485,-22.96265,13.22527,11.00901,2.41263,-0.1098,80.36349,-6.307262341,-0.8898985688,0.4329654206,-6.78103,7.69749,-1.49162,50,6.01694,6.26109,-128.00737,-5.23811,-11.20588,27.42106,-19.45369,d6222363-73d6-400b-a23b-6c39898bffb4,98919482-5580-4c9b-9d8e-d66380e4917b,87.05647,Pitching,25410021,,,,,,,,,,,,,,,,,,,,30.72676975,1830.781395,0.8596136417,,c70d7220-1b29-4bd3-bfef-04428e989e81,ebb8f8c3-3960-42a8-a427-d577aba406a6
143,2026-09-24,19:38:31.26,"Pence, Colin",1000511683,Right,,,,,,Fastball,Live,,87.74063,-3.02873519,-3.57022708,2117.571759,238.8068652,2:00,6.16952,2.02604,5.52324,-27.7675,9.26264,15.27478,1.01622,-0.04275,80.13024,-8.185570755,-0.7116261455,0.4379747608,-9.18343,5.82262,-1.72568,50,5.88744,7.41909,-127.19501,-7.68287,-14.97247,27.25962,-22.68097,85f8fbed-614d-4f2a-9d9b-c50ec54e9288,846944af-980d-4154-90c5-26d1400d6222,86.06076,Pitching,25410021,,,,,,,,,,,,,,,,,,,,24.87321255,1921.147416,0.9072407617,,e3f7c639-3d01-44b5-8d72-fb17f0ee5e5f,ebb8f8c3-3960-42a8-a427-d577aba406a6
144,2026-09-24,19:38:48.93,"Pence, Colin",1000511683,Right,,,,,,Fastball,Live,,90.08487,-2.371656419,-4.811587329,2233.742173,229.7184172,1:45,6.26853,3.92537,5.5112,-23.83972,11.46738,13.54607,2.0553,0.54483,81.76656,-6.817548702,-2.279576596,0.427663754,-8.66752,6.82713,-3.51449,50,6.04548,10.50883,-130.42726,-6.24817,-14.81697,29.37815,-20.50319,c51d1149-1c7b-45b2-b2e9-ffd0625c1d5f,846944af-980d-4154-90c5-26d1400d6222,88.13569,Pitching,25410021,,,,,,,,,,,,,,,,,,,,34.35870653,1843.999865,0.8255204596,,9ca7bd73-89e0-4b60-94bc-65cd4d2bb24a,ebb8f8c3-3960-42a8-a427-d577aba406a6
145,2026-09-24,19:39:09.65,"Pence, Colin",1000511683,Right,,,,,,ChangeUp,Live,,79.33818,-0.6058560373,-3.834577034,1393.243465,266.5266475,3:00,6.00962,3.7893,5.69968,-44.17063,0.94195,15.98768,1.76298,1.54359,72.29798,-8.863870505,-0.8255660087,0.4834151372,-9.76935,0.69299,-3.47746,50,5.93162,7.24286,-115.12207,-2.52778,-12.97406,23.44953,-31.25373,51706317-ff42-4f07-ab2b-129b1d8b7874,846944af-980d-4154-90c5-26d1400d6222,77.97116,Pitching,25410021,,,,,,,,,,,,,,,,,,,,28.54716384,1223.858546,0.8784240349,,aa8768f9-e936-4462-86cd-3c7f8640664b,ebb8f8c3-3960-42a8-a427-d577aba406a6
146,2026-09-24,19:39:34.95,"Pence, Colin",1000511683,Right,,,,,,Fastball,Live,,91.28609,-2.043466667,-3.131706473,2193.054242,218.2346975,1:15,6.47478,3.52151,5.46202,-22.71264,11.50628,9.08217,2.66602,1.34464,83.10042,-6.273710372,-1.433676083,0.4210217887,-5.74789,6.71862,-3.25205,50,6.2795,6.925,-132.47811,-5.54242,-10.16235,29.66236,-20.29542,1b872c1e-743d-4209-8689-4ce31b45e59e,846944af-980d-4154-90c5-26d1400d6222,89.5261,Pitching,25410021,,,,,,,,,,,,,,,,,,,,32.64799121,1846.55348,0.8420008247,,6ea2dafd-ca92-45ad-898b-c4c7ab55407a,ebb8f8c3-3960-42a8-a427-d577aba406a6
147,2026-09-24,19:39:56.05,"Pence, Colin",1000511683,Right,,,,,,Slider,Warmup,,78.249,-1.222454534,-4.383585138,1690.259215,331.8641089,5:00,6.19396,3.80493,4.96269,-54.20692,-5.8203,3.10193,0.51848,-0.08524,70.91148,-11.21293839,-3.8053192,0.500649814,-3.153,-2.63006,-3.38299,50,6.03283,8.5756,-113.17785,-4.17578,-3.9934,25.18751,-35.50512,686c3d0c-5316-4d81-8648-a8595253aa7b,846944af-980d-4154-90c5-26d1400d6222,75.28703,Pitching,25410021,,,,,,,,,,,,,,,,,,,,55.2625907,963.1370705,0.5698161926,,5d19a2ca-4bc9-4bf6-9f59-d247c5c42973,ebb8f8c3-3960-42a8-a427-d577aba406a6
148,2026-09-24,19:40:32.16,"Martinez, Jacob",1000617588,Right,,,,,,,Warmup,,83.20817,-0.7717677032,-2.315284728,1998.191292,239.985445,2:00,5.50725,2.18102,5.96003,-30.77375,9.27201,16.1045,2.2266,1.37527,76.41668,-6.538367948,0.7160354395,0.455459429,-9.33592,5.22188,-2.00654,50,5.42881,4.41123,-121.05934,-2.55573,-13.87876,23.24643,-24.41122,03e8d012-1699-455a-816e-5d3e8ab81e72,846944af-980d-4154-90c5-26d1400d6222,82.75696,Pitching,25410021,,,,,,,,,,,,,,,,,,,,13.2115308,1945.305018,0.9735329274,,1ab66304-afe3-4267-bca5-71c2b38ae17c,ebb8f8c3-3960-42a8-a427-d577aba406a6
149,2026-09-24,19:40:42.88,"Martinez, Jacob",1000617588,Right,,,,,,,Warmup,,86.23486,-0.9235979902,-2.229472484,2041.383365,225.797978,1:30,5.62222,2.00493,5.83791,-24.86356,12.58636,12.97381,2.69125,1.01322,79.06078,-5.577652643,0.2067291205,0.4404502373,-7.58707,7.02335,-1.83112,50,5.53239,4.4711,-125.44432,-2.81459,-12.1148,24.88263,-20.95938,e420bcfe-0c31-44c0-be93-b80017053b0f,846944af-980d-4154-90c5-26d1400d6222,85.57707,Pitching,25410021,,,,,,,,,,,,,,,,,,,,23.4794181,1872.363466,0.9172032546,,23b130b3-7445-450e-a2b7-28aae663ae92,ebb8f8c3-3960-42a8-a427-d577aba406a6
150,2026-09-24,19:40:53.77,"Martinez, Jacob",1000617588,Right,,,,,,,Warmup,,79.84375,-1.65276535,-3.681037824,1498.491778,227.0677744,1:30,5.39948,2.14175,,-33.44131,11.12028,11.98919,1.06839,-0.29532,72.65878,-7.902548153,-1.427579938,0.4804539092,-7.55335,6.46891,-1.83863,50,5.2391,7.0932,-115.83836,-4.35135,-10.16846,23.50383,-23.46547,9f8db8cd-6a46-445f-89bb-951673fe8d7a,846944af-980d-4154-90c5-26d1400d6222,,Pitching,25410021,,,,,,,,,,,,,,,,,,,,17.69144403,1427.623415,0.9527068719,,ee1366f4-aef2-4240-a1a3-21c1521f78fe,ebb8f8c3-3960-42a8-a427-d577aba406a6
151,2026-09-24,19:41:04.78,"Martinez, Jacob",1000617588,Right,,,,,,,Warmup,,79.32324,-2.322330611,-4.290221911,2018.039498,167.0701922,11:30,5.86546,1.63825,5.75597,-37.65866,7.04012,-1.62918,0.55855,-2.49797,73.27588,-9.286656338,-4.594200394,0.4811929418,-0.31098,4.42048,-1.28147,50,5.64972,8.67899,-115.04896,-5.79208,-0.41713,21.19219,-26.24473,f48e35db-c4ac-44c2-93a3-9de20f8fca6a,846944af-980d-4154-90c5-26d1400d6222,78.33124,Pitching,25410021,,,,,,,,,,,,,,,,,,,,,,,,70793d78-5bf0-41ba-aba5-48656c1be572,ebb8f8c3-3960-42a8-a427-d577aba406a6
152,2026-09-24,19:41:22.05,"Martinez, Jacob",1000617588,Right,,,,,,,Warmup,,86.06056,-1.58529778,-2.402560671,1947.727709,234.2043293,1:45,5.45444,2.20119,5.97719,-26.95938,10.60928,14.73953,1.73681,1.20135,78.7317,-6.645069241,0.3778322341,0.4411479539,-8.66189,6.19397,-2.01966,50,5.31423,4.79589,-125.13505,-4.29741,-13.70423,25.76908,-22.37438,f2de9888-d076-48a1-ae65-fb875d25b4da,846944af-980d-4154-90c5-26d1400d6222,85.44172,Pitching,25410021,,,,,,,,,,,,,,,,,,,,22.91783291,1793.98236,0.9210642488,,471ba8f2-d9ec-4281-a0ad-68067024b4aa,ebb8f8c3-3960-42a8-a427-d577aba406a6
153,2026-09-24,19:41:33.12,"Martinez, Jacob",1000617588,Right,,,,,,,Warmup,,78.52602,-0.4624043781,-3.469781244,1502.32127,247.0324397,2:15,5.46285,2.18598,,-39.78462,6.9051,16.39553,1.71065,0.27658,72.08716,-7.78955657,-0.4347837773,0.4917926362,-9.53752,3.74169,-1.86882,50,5.38787,6.37325,-113.96974,-2.22481,-12.55669,20.75546,-27.24791,0fa2fe50-489c-44c2-be25-842f3daf02a5,846944af-980d-4154-90c5-26d1400d6222,,Pitching,25410021,,,,,,,,,,,,,,,,,,,,17.13495129,1435.638439,0.9556134679,,fe0bdddf-cd3a-42af-88f2-a9e8f4b5844b,ebb8f8c3-3960-42a8-a427-d577aba406a6
154,2026-09-24,19:41:43.53,"Martinez, Jacob",1000617588,Right,,,,,,,Live,,86.39892,0.3710215032,-2.328547867,2013.350213,235.6732089,1:45,5.42332,2.18161,5.93517,-26.09775,11.03161,16.22015,3.59295,1.37217,79.1796,-4.527846722,0.721142877,0.4385611187,-9.38229,5.85484,-2.00524,50,5.4381,4.6036,-125.71582,-0.00325,-15.06165,24.74601,-22.77511,f5b1462f-5e26-4d4f-82c6-5e51f2d9f652,846944af-980d-4154-90c5-26d1400d6222,85.94569,Pitching,25410021,,,,,,,,,,,,,,,,,,,,21.70443006,1870.611696,0.9291039802,,9c4ff08b-0f38-462d-b475-0371b508c2e2,ebb8f8c3-3960-42a8-a427-d577aba406a6
155,2026-09-24,19:42:08.98,"Martinez, Jacob",1000617588,Right,,,,,,Fastball,Live,,88.14846,0.4824083052,-1.429110845,2176.16968,247.3170174,2:15,5.44115,2.0184,6.11866,-27.78635,7.82376,18.80461,3.57171,2.26412,80.37306,-4.765794604,2.131173135,0.4294949429,-10.65045,4.1187,-1.91895,50,5.46352,2.62293,-128.3011,0.22667,-17.67833,27.5857,-25.33755,ea69cecf-c35a-4571-8b90-371b1e6724cc,846944af-980d-4154-90c5-26d1400d6222,87.75991,Pitching,25410021,,,,,,,,,,,,,,,,,,,,36.25980316,1754.740104,0.8063434209,,baf5dba4-c088-4098-b4aa-fc51dcc6fd17,ebb8f8c3-3960-42a8-a427-d577aba406a6
156,2026-09-24,19:42:21.42,"Martinez, Jacob",1000617588,Right,,,,,,Fastball,Live,,88.86094,-0.6111342098,-1.409088678,2128.078017,229.2117051,1:45,5.45055,2.08017,5.82341,-22.59687,12.6489,14.69316,2.99922,1.99454,81.45102,-4.84209373,1.349731298,0.4272921613,-8.28352,6.96766,-1.97387,50,5.38729,2.69824,-129.3315,-2.1229,-14.06201,26.39974,-20.34583,97e21a7d-fbbd-4e76-abb7-cfa4868a440b,846944af-980d-4154-90c5-26d1400d6222,88.21233,Pitching,25410021,,,,,,,,,,,,,,,,,,,,18.12770769,2022.451674,0.9503653803,,73947117-ec05-4dda-bec1-544408a80aaa,ebb8f8c3-3960-42a8-a427-d577aba406a6
157,2026-09-24,19:42:34.72,"Martinez, Jacob",1000617588,Right,,,,,,Fastball,Live,,88.96533,0.453752304,-1.700995129,2110.259378,248.725893,2:15,5.42811,1.92465,6.03546,-27.21744,7.6842,19.83016,3.58029,2.00185,81.52082,-4.665381755,2.03719926,0.4252010372,-11.21192,4.04029,-1.80288,50,5.44868,3.2181,-129.50571,0.16443,-19.07161,26.64264,-25.30146,8783c1ac-9b66-42e4-956b-c988def09854,846944af-980d-4154-90c5-26d1400d6222,88.64616,Pitching,25410021,,,,,,,,,,,,,,,,,,,,24.82100584,1915.321293,0.9076236375,,8021ae81-853e-4d45-8cfa-cf71a45fdd71,ebb8f8c3-3960-42a8-a427-d577aba406a6
158,2026-09-24,19:42:48.21,"Martinez, Jacob",1000617588,Right,,,,,,Fastball,Live,,89.60719,1.169871423,-0.9773839745,2171.062752,243.6088252,2:00,5.54408,1.99863,5.99456,-24.50222,10.0386,20.30147,4.58648,2.78473,81.81428,-3.44520086,2.851275634,0.4229974187,-11.26925,5.10639,-1.93298,50,5.62256,1.57433,-130.42148,1.87839,-19.38422,27.77371,-23.39056,5d4169f7-5665-40e0-891e-28145463c89a,846944af-980d-4154-90c5-26d1400d6222,89.10796,Pitching,25410021,,,,,,,,,,,,,,,,,,,,32.56623155,1829.706092,0.8427697863,,ce9f76db-fe1c-4a4c-96ab-0dac2be07e64,ebb8f8c3-3960-42a8-a427-d577aba406a6
159,2026-09-24,19:43:17.65,"Martinez, Jacob",1000617588,Right,,,,,,Fastball,Live,,88.3581,-1.780426456,-3.796061196,2166.641284,227.6485372,1:30,5.42848,2.03733,6.15833,-21.67072,13.94179,15.31843,1.97387,-0.19767,80.33608,-5.874737995,-0.8954464814,0.4295094209,-9.47785,8.1309,-1.7572,50,5.28214,8.04629,-128.29915,-4.65676,-15.70121,28.0599,-18.70422,dbe9bc1c-7983-45b4-a371-7ce46809022b,846944af-980d-4154-90c5-26d1400d6222,87.75696,Pitching,25410021,,,,,,,,,,,,,,,,,,,,19.3770233,2043.91359,0.9433557851,,1f31bd94-fa84-4b7e-bf9d-e987dbe29a0c,ebb8f8c3-3960-42a8-a427-d577aba406a6
160,2026-09-24,19:43:32.95,"Martinez, Jacob",1000617588,Right,,,,,,Fastball,Live,,88.01424,0.781731523,-3.269175208,2134.934637,229.9799818,1:45,5.43607,1.9948,6.11943,-22.89252,12.66632,15.15704,4.25219,0.23267,80.56867,-3.53113873,-0.4132858455,0.4291856495,-9.10771,6.67255,-1.75263,50,5.48388,6.84356,-127.99726,1.04304,-15.16833,25.45635,-21.06133,607d7c0e-b84c-4ea3-bb48-0c05d8f89f78,846944af-980d-4154-90c5-26d1400d6222,87.82316,Pitching,25410021,,,,,,,,,,,,,,,,,,,,27.78942355,1888.706332,0.8846670523,,707e91b3-c79a-4f38-a326-bded9d28ebfa,ebb8f8c3-3960-42a8-a427-d577aba406a6
161,2026-09-24,19:43:50.40,"Martinez, Jacob",1000617588,Right,,,,,,ChangeUp,Live,,81.59419,-2.181108507,-5.389051988,1716.41028,240.3451937,2:00,5.31948,1.94209,6.83215,-32.66607,7.68107,13.51524,0.59849,-1.86063,75.56758,-8.351876263,-2.825144169,0.4571700509,-8.90214,4.83564,-1.60135,50,5.1668,10.8376,-118.41213,-5.33425,-12.74444,20.85096,-25.25127,2cf116f4-057d-46cb-9dd5-7877c91780d7,846944af-980d-4154-90c5-26d1400d6222,82.44731,Pitching,25410021,,,,,,,,,,,,,,,,,,,,21.90584539,1592.482362,0.9277981964,,0bb5ff10-3d4c-4edc-ad98-90536e58a1fe,ebb8f8c3-3960-42a8-a427-d577aba406a6
162,2026-09-24,19:44:16.61,"Martinez, Jacob",1000617588,Right,,,,,,Fastball,Live,,86.05451,-0.6221320254,-3.065385316,2020.502849,247.151923,2:15,5.34214,2.25318,6.30436,-28.99231,8.19201,19.51583,2.3522,1.05313,78.5072,-6.109550633,0.6407510176,0.4388855973,-11.58702,4.67049,-2.03798,50,5.28254,6.13791,-125.1467,-2.19869,-18.29463,26.29954,-24.79985,6635e924-aea5-45bb-92c8-6899fb2c322b,846944af-980d-4154-90c5-26d1400d6222,85.88215,Pitching,25410021,,,,,,,,,,,,,,,,,,,,19.22819626,1907.787915,0.9442144148,,5b083323-fa4b-4d8a-8dfd-ee80b91e94b0,ebb8f8c3-3960-42a8-a427-d577aba406a6
163,2026-09-24,19:44:43.06,"Martinez, Jacob",1000617588,Right,,,,,,Fastball,Live,,89.6684,0.3000648582,-2.588261983,2088.700322,233.4662436,1:45,5.54551,1.99415,6.02039,-22.49833,12.25937,16.60834,3.94882,0.97955,81.14465,-3.957860963,0.5581948457,0.4243233703,-9.81092,6.56629,-1.80071,50,5.55679,5.36662,-130.3569,-0.02927,-16.72196,29.82393,-20.98231,1eebbc43-36a0-4cb5-b76b-104710546fda,846944af-980d-4154-90c5-26d1400d6222,88.82951,Pitching,25410021,,,,,,,,,,,,,,,,,,,,20.05182566,1962.089302,0.9393828695,,a3f4fe1f-f4eb-49fa-90c1-6b0abb263d08,ebb8f8c3-3960-42a8-a427-d577aba406a6
164,2026-09-24,19:45:17.15,"Martinez, Jacob",1000617588,Right,,,,,,ChangeUp,Live,,83.02818,-2.730959433,-6.137260122,1696.444165,240.0468633,2:00,5.394,1.71275,6.92776,-32.58831,6.8462,11.88696,0.17619,-2.90466,75.9868,-8.923451057,-3.868600402,0.4519700238,-8.47922,4.64818,-1.33303,50,5.21102,12.63883,-120.21223,-6.55465,-12.33719,24.54072,-25.41098,422e728f-2692-4b3d-9bec-f9398d6e1cd5,846944af-980d-4154-90c5-26d1400d6222,83.39588,Pitching,25410021,,,,,,,,,,,,,,,,,,,,19.54172866,1598.725806,0.9423981288,,a4191e61-63c0-44d4-aa2e-ae1b9150561b,ebb8f8c3-3960-42a8-a427-d577aba406a6
165,2026-09-24,19:45:49.40,"Martinez, Jacob",1000617588,Right,,,,,,Fastball,Live,,89.15019,-1.735233161,-3.011304374,2212.122243,228.691515,1:30,5.52475,1.89587,6.19246,-20.99682,13.55303,15.44156,2.17052,0.40038,81.89715,-5.684695342,-0.09792882955,0.4230527378,-9.2094,7.84252,-1.67722,50,5.3834,6.34446,-129.65315,-4.58052,-15.74609,25.97369,-18.76503,d45d828d-e59f-49f7-a240-d95c3e86cfdf,846944af-980d-4154-90c5-26d1400d6222,89.09631,Pitching,25410021,,,,,,,,,,,,,,,,,,,224.5605053,26.44264934,1980.691205,0.8953805384,1:30,ec4061e9-f59a-4872-8fd9-bedc55b9ee83,ebb8f8c3-3960-42a8-a427-d577aba406a6
166,2026-09-24,19:45:59.22,"Martinez, Jacob",1000617588,Right,,,,,,,Live,,49.4931,,,1318.125848,,,10.31749,-0.05726,,,,,7.57045,5.39525,41.93896,,,0.7290084487,27.52306,21.90932,0.15317,50,10.28396,-12.30481,-71.55266,4.36996,12.96014,15.24768,-21.85732,c2ffe3cf-7428-48c2-8f36-af10537ac095,846944af-980d-4154-90c5-26d1400d6222,,Pitching,25410021,,,,,,,,,,,,,,,,,,,,,,,,c43ee96a-bce9-404e-8de1-272c6c6289a5,ebb8f8c3-3960-42a8-a427-d577aba406a6
167,2026-09-24,19:46:33.79,"Martinez, Jacob",1000617588,Right,,,,,,ChangeUp,Live,,82.10618,-1.718916864,-4.256151781,1634.762602,233.0671432,1:45,5.40626,1.91144,6.64025,-32.65504,7.75918,10.35998,1.10689,-1.12799,75.22423,-7.90876356,-2.28263748,0.4575499391,-6.97459,4.80025,-1.62858,50,5.27664,8.61035,-119.27184,-4.42753,-10.01135,23.699,-25.28375,11f241ce-a3da-4121-9e6f-50048c7e1bef,846944af-980d-4154-90c5-26d1400d6222,82.37885,Pitching,25410021,,,,,,,,,,,,,,,,,,,,21.67613946,1519.162768,0.9292864702,,2913fd6a-3d77-4616-a9f0-0370ac677e80,ebb8f8c3-3960-42a8-a427-d577aba406a6
168,2026-09-24,19:46:48.42,"Martinez, Jacob",1000617588,Right,,,,,,Fastball,Live,,87.99676,-1.013134485,-1.811079095,2037.899011,237.5878234,2:00,5.31831,2.07802,6.17617,-24.99473,10.87762,17.17023,2.29935,1.836,79.8477,-5.745930656,1.453358661,0.431073467,-9.93763,6.25437,-1.95006,50,5.22915,3.52933,-128.0021,-3.01893,-16.31644,28.98158,-21.9051,47cb481b-a72a-491c-965b-116065198c68,846944af-980d-4154-90c5-26d1400d6222,87.43855,Pitching,25410021,,,,,,,,,,,,,,,,,,,,14.74171886,1970.816933,0.9670827273,,bc878525-ebe0-4935-b04d-c3b1c31c0722,ebb8f8c3-3960-42a8-a427-d577aba406a6
169,2026-09-24,19:47:04.58,"Martinez, Jacob",1000617588,Right,,,,,,Fastball,Live,,89.20098,-1.592268924,-2.413167293,2042.850664,227.3491128,1:30,5.51112,1.88265,5.95875,-21.4656,13.77595,14.97494,2.24431,0.8918,80.85135,-5.641173387,0.4216138489,0.4272666055,-8.85702,7.95538,-1.69964,50,5.37288,4.98595,-129.62802,-4.29016,-14.91989,29.62342,-18.773,34efd02a-60ef-40a3-98c9-ad19015c5f6d,846944af-980d-4154-90c5-26d1400d6222,88.21761,Pitching,25410021,,,,,,,,,,,,,,,,,,,,27.51273385,1811.820982,0.8869081888,,47344494-d32d-4251-9790-e0a1a758eaf2,ebb8f8c3-3960-42a8-a427-d577aba406a6
170,2026-09-24,19:47:25.80,"Martinez, Jacob",1000617588,Right,,,,,,Fastball,Live,,88.64262,0.287747944,-1.247530694,2103.929334,243.6265912,2:00,5.44396,1.95803,5.97157,-26.61167,8.60109,17.41397,3.49311,2.25261,81.2783,-4.709969308,2.03074407,0.4270919958,-9.75377,4.57174,-1.86916,50,5.45185,2.25429,-129.05614,-0.20162,-16.48463,26.33086,-24.44747,4d9b896c-e754-4e64-9bfd-90c8aeb69ca9,846944af-980d-4154-90c5-26d1400d6222,88.25368,Pitching,25410021,,,,,,,,,,,,,,,,,,,,26.28257177,1886.427565,0.8966211623,,94b843a8-f4cb-4650-82c6-c5d24a18b517,ebb8f8c3-3960-42a8-a427-d577aba406a6
171,2026-09-24,19:47:42.68,"Martinez, Jacob",1000617588,Right,,,,,,Fastball,Live,,87.96703,-1.52097796,-1.698147334,1992.590298,239.0242287,2:00,5.42644,1.82344,6.12274,-25.55653,10.11684,16.88229,1.88993,1.66022,80.61637,-6.326553983,1.493330108,0.429876239,-9.65902,5.92944,-1.70254,50,5.29683,3.27643,-128.00957,-4.1856,-16.01514,26.60956,-22.34275,b78a6458-5366-453b-9075-ee52bdba3ae8,846944af-980d-4154-90c5-26d1400d6222,87.68207,Pitching,25410021,,,,,,,,,,,,,,,,,,,,33.12896037,1668.679961,0.8374425803,,6733439a-96e3-4dd1-80bb-09d41ffc09a0,ebb8f8c3-3960-42a8-a427-d577aba406a6
172,2026-09-24,19:48:09.85,"Martinez, Jacob",1000617588,Right,,,,,,Fastball,Live,,88.67057,-2.065219457,-3.652758687,2133.348445,232.6467059,1:45,5.43906,1.91292,6.07064,-24.24528,11.0712,14.51998,1.50312,-0.26128,81.12664,-6.620269601,-0.9145247607,0.4277205576,-8.90862,6.59125,-1.638,50,5.2661,7.76788,-128.77831,-5.41005,-14.94806,26.94366,-21.11438,6fd678c5-4d01-4433-8a04-591fb22a827a,846944af-980d-4154-90c5-26d1400d6222,88.12398,Pitching,25410021,,,,,,,,,,,,,,,,,,,224.4539992,32.19006414,1805.421986,0.8462855613,1:30,4a1f1dc4-9df7-4ae7-a2af-406643481973,ebb8f8c3-3960-42a8-a427-d577aba406a6
173,2026-09-24,19:48:23.80,"Martinez, Jacob",1000617588,Right,,,,,,Fastball,Live,,89.55093,-0.7521159671,-3.479797799,2165.511761,234.36423,1:45,5.62218,1.70908,5.92298,-22.82998,11.89885,16.6494,3.02054,-0.136,81.84675,-5.038931319,-0.3492704903,0.4241470732,-9.95034,6.63188,-1.4403,50,5.54902,7.37309,-130.13684,-2.45251,-17.07507,27.14187,-20.79355,226dcb1f-335d-4c62-8b3f-79c1530f54c3,846944af-980d-4154-90c5-26d1400d6222,88.86644,Pitching,25410021,,,,,,,,,,,,,,,,,,,228.0191374,31.87407673,1838.975739,0.8492106908,1:30,70d71b9f-3002-4567-92af-9a95efe0c305,ebb8f8c3-3960-42a8-a427-d577aba406a6
174,2026-09-24,19:48:38.24,"Martinez, Jacob",1000617588,Right,,,,,,ChangeUp,Live,,83.14293,-0.7697671371,-3.287831054,2138.815706,182.337353,12:00,5.62671,1.64527,6.15849,-34.83114,5.41413,0.2227,2.01188,-1.37645,75.80152,-7.335987249,-3.245660839,0.4565925644,-1.12146,3.18888,-1.39605,50,5.55047,6.93423,-120.8185,-2.62251,-1.64286,25.49886,-27.50257,3dc03d02-0376-46ae-8c6f-ad90a3f79b10,846944af-980d-4154-90c5-26d1400d6222,82.55158,Pitching,25410021,,,,,,,,,,,,,,,,,,,205.7771337,71.43833848,680.8386274,0.3183250551,12:45,ac668081-e843-4645-bf64-ebe8807a41f0,ebb8f8c3-3960-42a8-a427-d577aba406a6
175,2026-09-24,19:49:01.55,"Martinez, Jacob",1000617588,Right,,,,,,Fastball,Live,,88.79195,0.002290371899,-3.313180627,2254.436631,236.5371897,2:00,5.44838,1.94932,6.19909,-24.65493,10.13825,15.40856,3.39592,0.17195,81.48796,-4.642946307,-0.4073008779,0.4245398368,-9.26805,5.52188,-1.70826,50,5.436,7.00432,-129.1592,-0.75129,-15.73361,25.65137,-22.80001,ef349460-a2df-4186-a96a-edb86ba733d8,846944af-980d-4154-90c5-26d1400d6222,88.78422,Pitching,25410021,,,,,,,,,,,,,,,,,,,,22.33663772,2085.279231,0.9249668865,,92a4575d-ee7e-4ce6-b9ad-1667fb98133d,ebb8f8c3-3960-42a8-a427-d577aba406a6
176,2026-09-24,19:49:23.23,"Martinez, Jacob",1000617588,Right,,,,,,Slider,Live,,81.79085,-0.4789882739,-3.350250928,2132.006471,240.9674754,2:00,5.39153,1.80061,6.22285,-40.26656,0.88677,1.66078,1.59332,-1.15535,75.31224,-8.040351344,-3.036732493,0.4617149001,-1.83879,0.61739,-1.55114,50,5.33552,6.91579,-118.93324,-2.12391,-2.63376,22.81094,-31.28974,5e17fbb9-b1d9-48a6-a55d-8b0b7fd5885d,846944af-980d-4154-90c5-26d1400d6222,81.63574,Pitching,25410021,,,,,,,,,,,,,,,,,,,,70.28562787,719.1927432,0.3373314072,,4b732eaf-3012-4484-8be2-1f092634bf03,ebb8f8c3-3960-42a8-a427-d577aba406a6
177,2026-09-24,19:49:46.32,"Martinez, Jacob",1000617588,Right,,,,,,Fastball,Live,,87.83273,1.153773262,-2.280986288,2099.037071,239.1225031,2:00,5.42417,1.89967,5.89369,-25.76912,10.13274,17.02862,4.3488,1.20014,80.61519,-3.676266573,0.9138486293,0.4312507466,-9.76646,5.15649,-1.72608,50,5.5021,4.54257,-127.80073,1.74671,-16.25023,24.84828,-23.59426,5797cd48-69d4-4c2b-942c-93276a1f97e8,846944af-980d-4154-90c5-26d1400d6222,87.40261,Pitching,25410021,,,,,,,,,,,,,,,,,,,,26.2223309,1883.017243,0.8970862256,,8d26ce56-c5e8-4cae-a9d6-674a4eb6ad49,ebb8f8c3-3960-42a8-a427-d577aba406a6
178,2026-09-24,19:50:05.98,"Martinez, Jacob",1000617588,Right,,,,,,Slider,Live,,81.43892,-0.3984586428,-3.165766686,2105.838194,168.3806509,11:30,5.38883,1.84138,6.32188,-37.94213,3.68555,-0.76618,1.8595,-1.1406,74.39104,-7.568126661,-3.311220759,0.4643682066,-0.53375,2.14291,-1.60999,50,5.34162,6.56968,-118.40438,-1.85547,-0.75166,24.2969,-29.15626,62c438f4-8d24-434d-bf8b-c5a1ace82ef1,846944af-980d-4154-90c5-26d1400d6222,81.16929,Pitching,25410021,,,,,,,,,,,,,,,,,,,,71.47236746,669.1553053,0.3177619759,,fd5aac6b-0d1c-4bd2-8f74-eb57a7fa93a1,ebb8f8c3-3960-42a8-a427-d577aba406a6
179,2026-09-24,19:50:26.11,"Martinez, Jacob",1000617588,Right,,,,,,Slider,Live,,82.08752,-3.295059847,-5.573787012,,,,5.40332,1.8213,6.78972,,,,,,,,,,-10.14887,5.68079,-1.46551,50,5.17664,11.2163,-119.00037,-7.66383,-14.73414,20.17394,-23.92668,b471d9b8-3d21-435a-a75e-3d86527b3aef,846944af-980d-4154-90c5-26d1400d6222,,Pitching,25410021,,,,,,,,,,,,,,,,,,,,,,,,346740fc-b6af-4b76-9c63-2a90042ae677,ebb8f8c3-3960-42a8-a427-d577aba406a6
180,2026-09-24,19:50:49.81,"Martinez, Jacob",1000617588,Right,,,,,,Fastball,Live,,89.20892,-0.856143034,-3.009074596,2180.340944,232.3301913,1:45,5.67456,1.77516,6.19899,-21.04541,13.86199,17.99709,3.12942,0.49504,80.79942,-4.848122386,0.4108744995,0.425236108,-10.75871,7.83942,-1.55819,50,5.59963,6.26825,-129.66835,-2.58118,-18.14124,29.55052,-18.95529,8ec24933-8ce3-41ae-afa7-c229b0eef585,846944af-980d-4154-90c5-26d1400d6222,88.63885,Pitching,25410021,,,,,,,,,,,,,,,,,,,,22.56220017,2013.465384,0.9234635479,,5afd5551-ea90-45c1-bdfb-ddc88ff70f5e,ebb8f8c3-3960-42a8-a427-d577aba406a6
181,2026-09-24,19:51:12.27,"Martinez, Jacob",1000617588,Right,,,,,,Slider,Live,,82.97711,-0.7275940569,-3.294842813,2139.308794,223.3228778,1:30,5.6984,1.81733,6.0718,-36.15907,3.75961,3.58028,2.01082,-0.93607,76.86466,-7.478624448,-2.623302213,0.4547361778,-2.77611,2.22161,-1.56441,50,5.62261,6.84303,-120.69833,-2.60079,-4.13014,21.61706,-28.86886,5a68a548-1237-4eb4-bbfc-4c4257572780,846944af-980d-4154-90c5-26d1400d6222,82.88859,Pitching,25410021,,,,,,,,,,,,,,,,,,,,,,,,947d1388-aacd-4b49-8f02-755645acea52,ebb8f8c3-3960-42a8-a427-d577aba406a6
182,2026-09-24,19:51:33.89,"Martinez, Jacob",1000617588,Right,,,,,,Fastball,Warmup,,88.83004,-0.0991484715,-2.215971539,2269.318691,228.8869933,1:45,5.45367,2.12016,5.99087,-20.4089,14.75833,16.955,3.66098,1.4787,81.06175,-3.942724669,0.9815345832,0.4268158191,-9.80146,8.01798,-1.9551,50,5.43458,4.462,-129.24217,-0.8727,-16.56308,27.1654,-18.6248,cc1b9f76-344a-4677-85dd-a63b62e20bb6,846944af-980d-4154-90c5-26d1400d6222,88.31078,Pitching,25410021,,,,,,,,,,,,,,,,,,,,24.6949885,2061.777523,0.9085447237,,24e88ac7-5435-4123-b176-5f3467011bf5,ebb8f8c3-3960-42a8-a427-d577aba406a6
183,2026-09-24,19:52:01.18,"Morrow, Jackson",1000616388,Right,,,,,,,Warmup,,69.62672,0.8419612093,-2.333925642,1712.011567,232.2366103,1:45,6.57577,1.86393,5.31831,-45.51545,13.17878,17.10116,3.57359,1.09776,63.96532,-7.588979487,0.8498047503,0.5514030051,-9.67869,6.7301,-1.66497,50,6.61954,3.64617,-101.18745,0.21621,-10.0424,16.39383,-25.19104,0af90958-5edc-4a3a-ac4b-d7e8fd3caa92,846944af-980d-4154-90c5-26d1400d6222,68.35733,Pitching,25410021,,,,,,,,,,,,,,,,,,,,28.68775475,1501.860054,0.877248777,,f7236f2b-353e-404d-845f-95aa0ace626b,ebb8f8c3-3960-42a8-a427-d577aba406a6
184,2026-09-24,19:52:12.09,"Morrow, Jackson",1000616388,Right,,,,,,,Warmup,,85.49327,-0.4362826438,-3.595277914,2062.249703,225.4022625,1:30,6.3296,1.6708,6.06343,-23.84001,14.1267,14.3795,3.93842,-0.46217,78.00027,-4.928785989,-0.883022187,0.4434788232,-8.82052,7.79212,-1.39984,50,6.28298,7.373,-124.24314,-1.66655,-13.76898,25.20045,-20.01042,02a638c8-f1ff-4e9d-89cc-8edccee58ae7,846944af-980d-4154-90c5-26d1400d6222,84.99265,Pitching,25410021,,,,,,,,,,,,,,,,,,,,20.57433986,1930.713262,0.9362170155,,c5aac666-8cd0-41a4-a01c-675131749bb8,ebb8f8c3-3960-42a8-a427-d577aba406a6
185,2026-09-24,19:52:22.79,"Morrow, Jackson",1000616388,Right,,,,,,,Warmup,,88.27999,-1.329375161,-1.814479183,2146.706699,224.9932233,1:30,6.62961,1.03988,6.15104,-20.05076,15.29757,15.31574,3.72977,0.63938,80.79917,-5.107320157,1.08093258,0.4279133809,-8.84076,8.69648,-0.91008,50,6.51829,3.60012,-128.48186,-3.59848,-14.78165,26.55585,-17.63363,00c24499-1ed1-409a-aa51-20aef1f11dea,846944af-980d-4154-90c5-26d1400d6222,88.08427,Pitching,25410021,,,,,,,,,,,,,,,,,,,,17.19240377,2050.786602,0.9553175585,,7181c209-e21d-4e75-b9ca-17579bc086b4,ebb8f8c3-3960-42a8-a427-d577aba406a6
186,2026-09-24,19:52:34.21,"Morrow, Jackson",1000616388,Right,,,,,,,Warmup,,89.11435,-1.775293929,-1.832448749,2172.69415,217.7062921,1:15,6.51649,1.63122,6.18446,-18.30323,16.35286,12.65484,3.35084,0.99343,81.56154,-5.224973111,0.561215093,0.423702676,-7.40481,9.40474,-1.49965,50,6.37337,3.7592,-129.67527,-4.58468,-12.61314,27.02525,-16.1543,a2f9e60e-6f6a-455a-b829-c0983f80f60e,846944af-980d-4154-90c5-26d1400d6222,88.95964,Pitching,25410021,,,,,,,,,,,,,,,,,,,,21.26329981,2024.7852,0.9319237131,,2c259154-3b24-48e7-a04a-084fb0e55854,ebb8f8c3-3960-42a8-a427-d577aba406a6
187,2026-09-24,19:52:49.19,"Morrow, Jackson",1000616388,Right,,,,,,,Live,,84.90214,,,1963.375917,,,6.66721,1.67002,5.99755,,,,2.11297,0.75407,78.27205,-6.877985576,0.5715448353,0.4457144386,-9.22829,10.52463,-1.48873,50,6.41362,4.72622,-123.39518,-7.26374,-14.32264,23.03149,-15.83943,94431572-a8f8-484b-84fb-61e05636a4a5,846944af-980d-4154-90c5-26d1400d6222,84.56634,Pitching,25410021,,,,,,,,,,,,,,,,,,,,21.35867342,1828.528812,0.9313187538,,7f509c5d-f46d-40be-9007-61e8ca0d0a5b,ebb8f8c3-3960-42a8-a427-d577aba406a6
188,2026-09-24,19:52:56.82,"Morrow, Jackson",1000616388,Right,,,,,,,Live,,43.00766,4.116834642,5.92936499,1076.994308,,,9.26525,2.08026,,,,,1.21374,4.25112,36.36573,,,1.050681567,25.92665,27.55073,-3.04726,50,9.69779,-5.0912,-60.49293,0.65606,8.43857,12.49853,-23.20687,de8a3f04-408d-4fd8-b883-9a4277d9a649,846944af-980d-4154-90c5-26d1400d6222,,Pitching,25410021,,,,,,,,,,,,,,,,,,,,,,,,4f08b3a2-a653-4aa1-bd1c-107d8e231f23,ebb8f8c3-3960-42a8-a427-d577aba406a6
189,2026-09-24,19:53:22.68,"Morrow, Jackson",1000616388,Right,,,,,,Fastball,Live,,89.58135,-2.641538269,-2.447598182,2157.685736,217.6291756,1:15,6.45658,1.4999,6.32831,-15.80321,18.20291,14.03134,2.70356,0.41424,82.38834,-5.617667017,0.2056236755,0.4197106379,-8.31792,10.65194,-1.3284,50,6.25639,5.14608,-130.30002,-6.49408,-14.38259,25.90238,-13.75569,b8ab3963-5460-4991-b355-55ea8e09bd3e,846944af-980d-4154-90c5-26d1400d6222,89.80577,Pitching,25410021,,,,,,,,,,,,,,,,,,,,17.78930626,2054.519081,0.9521864314,,2e1e7f90-0c19-433f-a860-e406bac2f085,ebb8f8c3-3960-42a8-a427-d577aba406a6
190,2026-09-24,19:53:38.88,"Morrow, Jackson",1000616388,Right,,,,,,Fastball,Live,,90.39036,-2.264984454,-1.876946025,2300.71855,211.7925524,1:00,6.47813,1.54509,6.25102,-16.34007,17.24006,10.69234,3.02576,0.70481,82.82225,-5.345151019,0.1465553371,0.4170734639,-6.35289,10.03557,-1.4112,50,6.30192,3.98001,-131.51365,-5.70839,-11.14459,27.4624,-14.56909,50aba453-6d1a-4671-9dbb-a161f62ebc05,846944af-980d-4154-90c5-26d1400d6222,90.37362,Pitching,25410021,,,,,,,,,,,,,,,,,,,,21.23618803,2144.488747,0.9320952131,,118f18b4-901f-4089-8162-7fe8554145a5,ebb8f8c3-3960-42a8-a427-d577aba406a6
191,2026-09-24,19:54:05.27,"Morrow, Jackson",1000616388,Right,,,,,,Slider,Live,,80.42706,-0.652273975,-1.662002463,2322.251646,110.7171842,9:45,6.12767,1.93772,6.02445,-39.64439,2.78713,-7.47198,2.21967,-0.22444,74.77486,-8.034487854,-3.06303884,0.4688303018,3.62254,1.67101,-1.8038,50,6.05492,3.61441,-117.13366,-2.4786,5.07995,20.18698,-29.83077,108a7371-209f-4a21-b4f6-c2aa49fde332,846944af-980d-4154-90c5-26d1400d6222,80.39676,Pitching,25410021,,,,,,,,,,,,,,,,,,,,77.59089332,499.0299526,0.2148905582,,9b81d52f-f53e-4673-bbe8-7f51f68b3a8c,ebb8f8c3-3960-42a8-a427-d577aba406a6
192,2026-09-24,19:54:29.40,"Morrow, Jackson",1000616388,Right,,,,,,ChangeUp,Live,,82.61669,-1.802468011,-1.804646687,1657.145719,270.8635385,3:00,5.97449,2.00585,6.29516,-40.30439,-0.29734,18.74587,0.95379,1.90483,76.63608,-9.342317043,1.741313265,0.4552392401,-10.72811,0.31671,-1.88256,50,5.82247,3.26423,-120.27085,-4.91592,-15.78111,22.39173,-31.70817,2887fcaf-92fd-4340-a2e1-552d7f705389,846944af-980d-4154-90c5-26d1400d6222,82.79699,Pitching,25410021,,,,,,,,,,,,,,,,,,,,14.3395586,1605.517287,0.9688449655,,a1cb39ba-b56a-4c48-87e5-cb2cfd30545b,ebb8f8c3-3960-42a8-a427-d577aba406a6
193,2026-09-24,19:54:53.37,"Morrow, Jackson",1000616388,Right,,,,,,Slider,Live,,80.7617,-0.5347323145,-3.036246763,2389.850982,88.55821597,9:00,6.17147,1.81581,6.03408,-43.13066,-0.33052,-11.5035,2.08145,-1.9566,74.12102,-8.605815752,-5.204180006,0.4708623753,5.33376,-0.01839,-1.57278,50,6.10647,6.55348,-117.37475,-2.32554,7.38186,23.86102,-32.1995,a891c1ac-5498-4a32-aa4b-e22af624b872,846944af-980d-4154-90c5-26d1400d6222,80.0498,Pitching,25410021,,,,,,,,,,,,,,,,,,,58.60785081,66.48255234,953.6182052,0.3990283128,8:00,e84d6ddc-d847-41b9-a114-705bef905497,ebb8f8c3-3960-42a8-a427-d577aba406a6
194,2026-09-24,19:55:14.54,"Morrow, Jackson",1000616388,Right,,,,,,Fastball,Live,,92.02456,-1.953983359,-2.878643849,2254.893237,225.1583801,1:30,6.45559,1.32316,6.26839,-16.78201,15.74695,15.84501,3.25299,-0.01211,83.92521,-5.127868093,0.1255397852,0.4104936966,-9.48941,9.17238,-1.11822,50,6.30284,6.23369,-133.78986,-5.09325,-17.1572,29.5334,-15.59006,bee8ebef-95e9-45eb-bca4-54bec8391728,846944af-980d-4154-90c5-26d1400d6222,91.82221,Pitching,25410021,,,,,,,,,,,,,,,,,,,,18.7562039,2135.147851,0.9468953189,,39127153-8743-4375-9b31-0e672ae3f773,ebb8f8c3-3960-42a8-a427-d577aba406a6
195,2026-09-24,19:55:38.78,"Morrow, Jackson",1000616388,Right,,,,,,Fastball,Live,,92.90243,-2.82374907,-3.570665068,2245.002072,218.3464715,1:15,6.37641,1.60853,6.2295,-15.33346,16.99325,13.4413,2.48667,-0.56939,83.94511,-5.732742688,-1.014364049,0.4092156105,-8.47893,10.19091,-1.34879,50,6.15783,7.98943,-134.79832,-7.14317,-15.41244,32.60558,-13.6497,58e5f481-2144-4082-946c-9d54766ad5c0,846944af-980d-4154-90c5-26d1400d6222,92.109,Pitching,25410021,,,,,,,,,,,,,,,,,,,,6.988811572,2228.321551,0.9925699307,,9a9949a4-9bdc-4407-8195-24ade8d5fb21,ebb8f8c3-3960-42a8-a427-d577aba406a6
196,2026-09-24,19:56:05.98,"Morrow, Jackson",1000616388,Right,,,,,,ChangeUp,Live,,82.85714,-0.5245045264,-2.201347225,1505.216588,244.2970615,2:15,6.01294,1.82146,6.51173,-32.23461,7.24556,15.12106,2.84511,1.06076,76.2396,-6.623362643,0.6724162218,0.4522315823,-8.93144,4.13615,-1.67488,50,5.96216,4.2328,-120.67397,-1.97075,-13.2038,22.91942,-26.05937,13dcabd4-d0b6-4f35-8c90-7c2a497a8d9f,846944af-980d-4154-90c5-26d1400d6222,83.34765,Pitching,25410021,,,,,,,,,,,,,,,,,,,,5.878849975,1497.300194,0.9947406939,,37ba17bf-773f-4d1c-b4ac-936dc63c3ae8,ebb8f8c3-3960-42a8-a427-d577aba406a6
197,2026-09-24,19:56:21.45,"Morrow, Jackson",1000616388,Right,,,,,,ChangeUp,Live,,82.9886,-2.243042634,-2.190498991,1624.733786,219.9414825,1:15,6.11964,1.88783,6.4066,-24.90946,14.60343,12.24015,1.97913,0.893,76.46445,-6.934494757,0.129119889,0.4524189244,-7.30056,8.6122,-1.73699,50,5.94767,4.28291,-120.77223,-5.41901,-10.82973,22.56153,-19.39861,1c74c06a-8fe6-4a90-be04-23b1b444145e,846944af-980d-4154-90c5-26d1400d6222,83.31314,Pitching,25410021,,,,,,,,,,,,,,,,,,,,18.86872867,1537.423855,0.946262008,,92a0aacc-0af3-4b09-b2d4-1a04bbf592d2,ebb8f8c3-3960-42a8-a427-d577aba406a6
198,2026-09-24,19:56:41.84,"Morrow, Jackson",1000616388,Right,,,,,,Fastball,Live,,91.64715,-2.954831479,-2.96158229,2271.041569,206.5675208,1:00,6.52988,1.47161,6.40485,-14.77841,18.00961,9.00749,2.57566,-0.50304,83.33505,-5.757090645,-1.247356444,0.4121250066,-5.83491,10.78763,-1.26397,50,6.31148,6.61667,-133.12977,-7.32538,-10.40527,30.27812,-12.93671,7b82bdda-811b-4586-bc12-3f2f6613c4f1,846944af-980d-4154-90c5-26d1400d6222,91.45875,Pitching,25410021,,,,,,,,,,,,,,,,,,,221.3230051,15.97179291,2183.373181,0.9613972775,1:30,f5a11017-1659-452c-8033-5edf50b7cb4d,ebb8f8c3-3960-42a8-a427-d577aba406a6
199,2026-09-24,19:57:14.72,"Morrow, Jackson",1000616388,Right,,,,,,Fastball,Live,,91.78028,-5.855685135,-3.827558978,2231.325609,206.5484654,1:00,6.467,1.20575,6.51718,-11.01469,21.68636,10.77971,0.14609,-1.41269,83.90272,-7.932198956,-1.779618593,0.4115780896,-7.02295,13.61766,-0.94411,50,6.0529,8.56454,-132.75348,-13.96939,-12.52229,28.643,-7.89304,4e2d970f-605f-44c9-8b30-420f73d134f5,846944af-980d-4154-90c5-26d1400d6222,91.58029,Pitching,25410021,,,,,,,,,,,,,,,,,,,,,,,,5bcfbd08-1aad-4d72-9d95-cf9f7703566a,ebb8f8c3-3960-42a8-a427-d577aba406a6
200,2026-09-24,19:57:33.84,"Morrow, Jackson",1000616388,Right,,,,,,Fastball,Live,,91.1607,-2.455839752,-3.451304776,2232.125201,201.7608298,12:45,6.39795,1.46652,6.36042,-13.38161,19.79463,7.91157,3.01754,-1.0538,82.87199,-4.993406375,-1.948774191,0.4145576512,-5.36095,11.59596,-1.22066,50,6.21385,7.74671,-132.41129,-6.09345,-9.46533,29.72571,-11.70016,1153f9af-151c-4c66-a0dc-cf836806fff1,846944af-980d-4154-90c5-26d1400d6222,90.92207,Pitching,25410021,,,,,,,,,,,,,,,,,,,,9.552651667,2201.173472,0.9861335155,,92c3f3b4-0e68-4193-b4e2-75695b8cd17e,ebb8f8c3-3960-42a8-a427-d577aba406a6
201,2026-09-24,19:57:52.90,"Morrow, Jackson",1000616388,Right,,,,,,Fastball,Live,,91.57289,-2.211956349,-4.356436927,2230.498357,202.8603279,12:45,6.38071,1.29229,6.52086,-12.89726,19.90314,8.41036,3.26988,-2.01101,83.01226,-4.668769315,-2.755238889,0.4122028801,-5.96271,11.67014,-0.99293,50,6.221,9.87887,-132.90625,-5.52574,-10.58063,30.5966,-11.46575,862b53c5-d2c2-4db2-bbc8-77802c15ddb2,846944af-980d-4154-90c5-26d1400d6222,91.44147,Pitching,25410021,,,,,,,,,,,,,,,,,,,,14.79786405,2156.519219,0.9668329108,,f8d6113d-454e-4da9-80bb-7ef13d9e6bb2,ebb8f8c3-3960-42a8-a427-d577aba406a6
202,2026-09-24,19:58:09.74,"Morrow, Jackson",1000616388,Right,,,,,,ChangeUp,Live,,82.17829,1.016302878,-1.961139149,1544.243951,233.5441962,1:45,6.02473,1.77989,6.65157,-31.05398,9.0042,12.24866,4.36754,1.0053,75.11077,-4.902048681,0.377523362,0.4555300271,-7.34757,4.70636,-1.65321,50,6.08021,3.78306,-119.68706,1.32525,-10.64083,23.44842,-25.35824,d62c5fd9-edd9-4499-962e-69949a33d39c,846944af-980d-4154-90c5-26d1400d6222,82.74414,Pitching,25410021,,,,,,,,,,,,,,,,,,,,16.50171941,1480.638414,0.9588112113,,98d01a5c-a366-4a24-b7e1-e09a2ce237f6,ebb8f8c3-3960-42a8-a427-d577aba406a6
203,2026-09-24,19:58:33.18,"Morrow, Jackson",1000616388,Right,,,,,,Fastball,Live,,91.32261,-4.840046401,-3.361382416,2263.989265,210.0086258,1:00,6.2713,1.46633,6.4822,-15.79676,17.25106,9.93241,0.49327,-0.7954,83.31855,-7.820910487,-1.470780032,0.4137545493,-6.46071,10.93386,-1.23485,50,5.92357,7.48044,-132.33987,-11.69054,-11.40288,29.5069,-12.87626,651f8b1a-c7e8-4e5d-b33a-0cefc694a31d,846944af-980d-4154-90c5-26d1400d6222,91.09855,Pitching,25410021,,,,,,,,,,,,,,,,,,,,,,,,b1963be6-dc7e-4c87-978f-51b2b0909821,ebb8f8c3-3960-42a8-a427-d577aba406a6
204,2026-09-24,19:59:03.66,"Morrow, Jackson",1000616388,Right,,,,,,Fastball,Live,,89.93773,-3.994041498,-3.905624539,2199.278578,210.6910276,1:00,6.46903,1.59811,6.45994,-14.70735,19.30828,11.44365,1.56067,-1.04086,82.04447,-6.776242091,-1.731503579,0.4197693133,-7.42701,11.78813,-1.32753,50,6.17975,8.56932,-130.41144,-9.55621,-12.75073,28.22009,-11.93613,ca1230b6-7733-4a25-9f62-3ee1425f6e6b,846944af-980d-4154-90c5-26d1400d6222,89.79322,Pitching,25410021,,,,,,,,,,,,,,,,,,,,4.074889149,2193.71885,0.9974720221,,fadbf272-fa77-4655-b8de-c31cd1f452e1,ebb8f8c3-3960-42a8-a427-d577aba406a6
205,2026-09-24,19:59:34.94,"Morrow, Jackson",1000616388,Right,,,,,,Fastball,Live,,89.27016,-2.846570269,-3.990813093,2181.804293,213.3610617,1:00,6.44585,1.51869,6.21257,-16.04762,18.85555,12.42024,2.47333,-1.13477,81.06675,-5.88110003,-1.637479553,0.4252103631,-7.97715,11.15447,-1.22589,50,6.22417,8.65728,-129.50248,-6.94271,-13.45523,28.75544,-13.35956,8b073e39-8957-4ae9-aeb3-5a2b5e2542a4,846944af-980d-4154-90c5-26d1400d6222,88.64422,Pitching,25410021,,,,,,,,,,,,,,,,,,,,8.300087255,2158.951135,0.9895255692,,3e865ea1-2fc3-4ddf-8711-1b38678c8b5b,ebb8f8c3-3960-42a8-a427-d577aba406a6
206,2026-09-24,20:00:17.81,"Morrow, Jackson",1000616388,Right,,,,,,Slider,Live,,77.23499,0.2706058893,-1.67104681,2239.342524,86.78377224,9:00,6.11463,1.75399,6.37558,-47.51633,-0.61449,-10.26863,2.40397,-0.63936,69.56778,-8.789556521,-3.643515158,0.4929085822,5.0726,-0.43674,-1.629,50,6.11232,3.53358,-112.29384,-0.66127,6.29852,25.55818,-32.71634,c2eef93b-d3b1-4abc-89d3-ff5fbd0e559c,846944af-980d-4154-90c5-26d1400d6222,76.46943,Pitching,25410021,,,,,,,,,,,,,,,,,,,,,,,,f91fc533-136d-4577-b289-8664a6170d7d,ebb8f8c3-3960-42a8-a427-d577aba406a6
207,2026-09-24,20:00:45.14,"Morrow, Jackson",1000616388,Right,,,,,,Fastball,Warmup,,90.20784,-2.330339048,-3.028836925,2137.293168,206.7140699,1:00,6.6044,1.40312,6.40179,-12.67684,21.20615,10.68087,3.4012,-0.49425,81.75337,-4.741770193,-0.9938946998,0.4189501068,-6.79742,12.38054,-1.19126,50,6.43161,6.61983,-131.07875,-5.71655,-11.72519,29.91801,-10.81826,3b4eecd8-9296-4faa-afd8-fe89ef9733fc,846944af-980d-4154-90c5-26d1400d6222,89.9688,Pitching,25410021,,,,,,,,,,,,,,,,,,,,16.19859803,2052.443724,0.960300512,,e30457aa-b0dd-4f8b-a4b1-2def5d56ee2d,ebb8f8c3-3960-42a8-a427-d577aba406a6
208,2026-09-24,20:01:22.87,"Quintanilla, Marco",1000620474,Right,,,,,,,Warmup,,87.28899,-0.9253441952,-3.780920928,2169.578445,201.6509257,12:45,6.20899,3.26142,7.14438,-17.31215,17.60218,7.01024,3.9256,0.41328,79.73959,-4.251829335,-2.434078784,0.4252783549,-5.02534,10.20075,-3.04199,50,6.14916,8.22503,-127.03459,-2.4764,-8.2011,26.34564,-15.52694,477d3e42-0e8c-413d-8571-18fdb06572c4,846944af-980d-4154-90c5-26d1400d6222,88.63004,Pitching,25410021,,,,,,,,,,,,,,,,,,,,38.08542572,1707.657732,0.7870919515,,953d8efb-0ebc-49cc-acd3-71adb8d1a37c,ebb8f8c3-3960-42a8-a427-d577aba406a6
209,2026-09-24,20:01:36.48,"Quintanilla, Marco",1000620474,Right,,,,,,,Warmup,,87.95665,-2.166844998,-5.092320924,2268.452381,223.5041828,1:30,6.15111,3.50816,7.03883,-21.43021,13.22354,12.57853,2.38832,-0.08134,80.52249,-6.263377676,-2.68620412,0.4236883622,-8.49162,8.04045,-3.2041,50,6.01242,11.06337,-127.69161,-5.38818,-14.0207,26.28418,-18.89829,d519f35e-0f3f-4cb7-b4f6-1f5508acdf7f,846944af-980d-4154-90c5-26d1400d6222,88.96265,Pitching,25410021,,,,,,,,,,,,,,,,,,,,,,,,d4d3b00a-c453-4ba6-baa8-1e3085bd4639,ebb8f8c3-3960-42a8-a427-d577aba406a6
210,2026-09-24,20:01:51.02,"Quintanilla, Marco",1000620474,Right,,,,,,,Warmup,,76.75264,0.3371497199,-3.765003356,2091.759993,51.60109543,7:45,6.1737,3.31063,6.14955,-54.27308,-6.96433,-8.76039,1.9631,-0.9027,70.56883,-9.831839935,-5.418701804,0.4950421015,3.62803,-3.90315,-3.01992,50,6.17147,7.56749,-111.47751,-0.77715,4.5221,21.81735,-37.03906,f03455e0-9f02-4882-8abb-6a4f97723714,846944af-980d-4154-90c5-26d1400d6222,76.13987,Pitching,25410021,,,,,,,,,,,,,,,,,,,45.98079566,35.84406098,1695.609394,0.8106137414,7:30,202451a1-ecdf-4f65-b01f-be1050005c4a,ebb8f8c3-3960-42a8-a427-d577aba406a6
211,2026-09-24,20:02:07.20,"Quintanilla, Marco",1000620474,Right,,,,,,,Warmup,,76.36327,-0.04895924321,-3.389727649,2088.413764,62.37762826,8:00,6.10772,3.40328,6.74286,-52.86167,-6.10038,-11.60252,1.65778,-0.66369,70.19522,-10.06198855,-5.607158064,0.4921694333,5.40692,-3.38762,-3.17629,50,6.08385,6.84701,-111.05551,-1.321,6.66903,22.18541,-36.35242,6a4b204f-8d9d-44f6-bb89-d5b5a7130bbf,846944af-980d-4154-90c5-26d1400d6222,76.58427,Pitching,25410021,,,,,,,,,,,,,,,,,,,,,,,,ae0bd4f5-1fa9-4229-9943-0d5ead26bb7a,ebb8f8c3-3960-42a8-a427-d577aba406a6
212,2026-09-24,20:02:26.16,"Quintanilla, Marco",1000620474,Right,,,,,,,Warmup,,75.6605,0.2829300022,-2.058000766,2066.92484,53.32593596,7:45,6.0169,3.49802,6.63631,-54.12824,-6.4598,-8.62881,1.76537,0.89435,69.50388,-9.976031244,-3.708791307,0.4969204113,4.15591,-3.67598,-3.35567,50,6.01368,4.16144,-110.14253,-0.73253,5.0497,21.54936,-36.64061,a3c5927c-0fea-42e2-8a6b-d54cff717d0b,846944af-980d-4154-90c5-26d1400d6222,75.85206,Pitching,25410021,,,,,,,,,,,,,,,,,,,,,,,,08b4b8bb-1b29-40ff-b669-e30317330b28,ebb8f8c3-3960-42a8-a427-d577aba406a6
213,2026-09-24,20:02:43.26,"Quintanilla, Marco",1000620474,Right,,,,,,,Warmup,,75.02466,0.6618521375,-3.703372134,2134.158032,47.11685939,7:30,6.03383,3.33507,6.85023,-56.41936,-8.18765,-8.7977,1.93687,-0.77883,68.99037,-10.05358805,-5.38704794,0.4998477391,3.77289,-4.79032,-3.09566,50,6.05516,7.25672,-109.09148,0.00824,4.49519,21.22033,-37.88145,db8cb945-03e2-43b2-8254-93dc58ff85f3,846944af-980d-4154-90c5-26d1400d6222,75.40784,Pitching,25410021,,,,,,,,,,,,,,,,,,,,46.43560361,1470.796432,0.68916941,,af3bbbb8-a5ee-4023-84fc-f0e8392c36a1,ebb8f8c3-3960-42a8-a427-d577aba406a6
214,2026-09-24,20:03:00.52,"Quintanilla, Marco",1000620474,Right,,,,,,,Live,,85.70562,0.7849755063,-4.624412946,2216.863004,199.3267987,12:45,6.48014,3.65023,6.75434,-22.45478,14.41645,5.08497,5.3282,-0.15865,78.15925,-3.497747829,-3.656474122,0.4370339934,-4.14061,7.80289,-3.34936,50,6.5228,9.93898,-124.51944,1.12424,-6.49038,25.38359,-19.94309,9d73a7bb-bab3-4b84-9ee1-e2ac951e948a,846944af-980d-4154-90c5-26d1400d6222,86.24601,Pitching,25410021,,,,,,,,,,,,,,,,,,,,,,,,3d66c578-835d-48c4-a4b6-137acf75fd89,ebb8f8c3-3960-42a8-a427-d577aba406a6
215,2026-09-24,20:03:32.40,"Quintanilla, Marco",1000620474,Right,,,,,,Fastball,Live,,89.31379,-2.511060305,-6.420898137,2302.608458,195.7734193,12:30,6.00426,3.41381,7.28987,-14.70817,18.77908,5.3334,2.49293,-1.97029,81.61679,-5.331242703,-5.401305578,0.4164962789,-4.84627,11.37432,-3.05426,50,5.85833,14.4322,-129.37017,-6.05885,-8.20163,27.34541,-12.9246,4449578f-cc92-493a-9d37-4dca97038348,846944af-980d-4154-90c5-26d1400d6222,90.49886,Pitching,25410021,,,,,,,,,,,,,,,,,,,,42.32524917,1702.397733,0.7393344392,,d7b4a342-58a8-4bbb-ae2e-5c51a8097087,ebb8f8c3-3960-42a8-a427-d577aba406a6
216,2026-09-24,20:04:03.25,"Quintanilla, Marco",1000620474,Right,,,,,,Fastball,Live,,89.43294,-2.41520365,-2.60102644,2194.565983,211.2399959,1:00,6.08377,3.31055,7.17051,-19.45544,13.93157,8.45883,2.27069,1.65723,81.43677,-6.156924921,-0.9668707863,0.4158724704,-5.56947,8.612,-3.16201,50,5.93715,5.70549,-130.16975,-5.97399,-9.48221,29.29267,-17.51183,e3580a2b-44a8-41d5-acfb-ccc2855cc05c,846944af-980d-4154-90c5-26d1400d6222,90.63461,Pitching,25410021,,,,,,,,,,,,,,,,,,,,,,,,939f6571-0a45-46c0-9c34-daebe3c57509,ebb8f8c3-3960-42a8-a427-d577aba406a6
217,2026-09-24,20:04:18.21,"Quintanilla, Marco",1000620474,Right,,,,,,Fastball,Live,,89.47491,-1.345363533,-3.843608599,2203.104091,204.1635172,12:45,6.12522,3.44613,7.17307,-18.13905,15.17395,6.82895,3.39178,0.52774,81.51778,-4.835855701,-2.528768411,0.4154112416,-4.98887,8.9787,-3.22484,50,6.04125,8.57735,-130.16974,-3.5103,-8.51696,28.60003,-16.84569,4d085f02-7281-4e33-95b9-e870ef5642e1,846944af-980d-4154-90c5-26d1400d6222,90.73524,Pitching,25410021,,,,,,,,,,,,,,,,,,,,33.94864416,1827.559575,0.82953846,,688e572b-9d4a-40e0-8c14-9190cf918c80,ebb8f8c3-3960-42a8-a427-d577aba406a6
218,2026-09-24,20:04:41.24,"Quintanilla, Marco",1000620474,Right,,,,,,Fastball,Live,,90.52937,-3.461518707,-4.712493447,2130.04157,215.5192354,1:15,5.88832,3.31005,7.51395,-19.24276,13.04239,9.31037,1.1549,-0.16508,82.64562,-7.171484005,-2.910611736,0.4089524982,-6.72235,8.4946,-3.06639,50,5.70224,10.62356,-131.42252,-8.41094,-11.69237,29.28443,-17.39916,0e04ea96-ac6b-458a-9c99-14f0c6abebdc,846944af-980d-4154-90c5-26d1400d6222,92.16826,Pitching,25410021,,,,,,,,,,,,,,,,,,,,,,,,4cb255e5-e68f-4256-9151-bcdf601a0a20,ebb8f8c3-3960-42a8-a427-d577aba406a6
219,2026-09-24,20:04:57.87,"Quintanilla, Marco",1000620474,Right,,,,,,Fastball,Live,,89.50847,-0.8030324449,-4.725882217,2135.571821,198.4950699,12:30,5.95573,3.43516,7.23493,-22.03686,11.05009,3.71632,3.39013,-0.54133,82.09602,-5.028723043,-4.01362266,0.4139994624,-3.40309,6.47784,-3.16648,50,5.90313,10.66865,-130.14484,-2.3664,-5.84428,26.98082,-21.04938,7872c8dd-a56c-4bda-bae3-ebd85b4d1329,846944af-980d-4154-90c5-26d1400d6222,91.04466,Pitching,25410021,,,,,,,,,,,,,,,,,,,,36.96038924,1706.431604,0.7990513768,,4014eb49-f59b-491c-8ab7-ebf2875537eb,ebb8f8c3-3960-42a8-a427-d577aba406a6
220,2026-09-24,20:05:19.07,"Quintanilla, Marco",1000620474,Right,,,,,,Fastball,Live,,89.77232,-2.508627557,-4.386093761,2331.794792,210.1071428,1:00,6.00217,3.32023,7.31975,-17.08446,15.76557,9.15776,2.30401,0.11312,82.19097,-5.792776462,-2.62336904,0.4125145383,-6.42762,9.65926,-3.07904,50,5.85755,9.79053,-130.4859,-6.14023,-11.07954,27.5121,-15.52401,b59980a4-9017-4e00-84f0-54bb9e38aa98,846944af-980d-4154-90c5-26d1400d6222,91.37239,Pitching,25410021,,,,,,,,,,,,,,,,,,,,,,,,c8a48157-5dfb-4f7e-b64f-b53fc7bf8c66,ebb8f8c3-3960-42a8-a427-d577aba406a6
221,2026-09-24,20:05:43.40,"Quintanilla, Marco",1000620474,Right,,,,,,Fastball,Live,,90.18174,-1.892875279,-3.379204682,2132.013185,199.1654363,12:45,6.03216,3.2532,7.28532,-16.18999,16.38031,5.70554,2.96818,0.67023,82.36047,-5.010420904,-2.27875629,0.4107544833,-4.20859,9.84422,-3.06514,50,5.92101,7.6133,-131.26734,-4.73627,-7.32174,28.54722,-15.04792,4cafe4c4-cb6f-42c3-be10-2b67a8b75e75,846944af-980d-4154-90c5-26d1400d6222,91.76391,Pitching,25410021,,,,,,,,,,,,,,,,,,,,33.23378282,1783.303908,0.836441313,,96ad259c-6e68-43cf-8d25-4235362b6a31,ebb8f8c3-3960-42a8-a427-d577aba406a6
222,2026-09-24,20:06:20.91,"Quintanilla, Marco",1000620474,Right,,,,,,Fastball,Live,,89.5371,-1.944666738,-3.922700919,2179.609908,211.020547,1:00,6.03373,3.39514,7.2079,-19.08439,14.10189,8.49995,2.67791,0.5464,81.78894,-5.612212058,-2.286491815,0.4146204513,-5.93795,8.54296,-3.1721,50,5.91586,8.72233,-130.22962,-4.89845,-10.16755,28.10014,-17.54594,2461b491-e4aa-4b08-aa64-94df34f8103b,846944af-980d-4154-90c5-26d1400d6222,90.9083,Pitching,25410021,,,,,,,,,,,,,,,,,,,,33.71208281,1813.080375,0.8318370954,,ec02daff-6717-446a-ac4f-5c4255d4ee6b,ebb8f8c3-3960-42a8-a427-d577aba406a6
223,2026-09-24,20:06:49.39,"Quintanilla, Marco",1000620474,Right,,,,,,Fastball,Live,,89.44641,-1.892909362,-5.832136047,2331.688886,232.8684204,1:45,5.88903,3.34467,7.08982,-20.81733,12.73471,16.85932,2.42699,-0.56102,81.64094,-5.884034915,-2.605041248,0.4168990317,-11.14972,7.71277,-3.00203,50,5.76893,12.82608,-129.71774,-4.83256,-18.97265,27.46876,-19.0498,dec7f534-cf8b-4833-a557-ba84e4642636,846944af-980d-4154-90c5-26d1400d6222,90.41143,Pitching,25410021,,,,,,,,,,,,,,,,,,,,42.07646752,1730.698723,0.7422511355,,3dbd867f-7603-4bbe-a9bc-e967b82e98d9,ebb8f8c3-3960-42a8-a427-d577aba406a6
224,2026-09-24,20:07:17.72,"Quintanilla, Marco",1000620474,Right,,,,,,Slider,Live,,78.65408,-0.3595730909,-2.984738928,2283.509017,84.10305918,8:45,5.84652,3.46513,6.54346,-46.44934,-2.01772,-19.14152,1.64558,-0.86939,72.17832,-9.125313292,-6.627471752,0.4797527806,9.65727,-1.00368,-3.25068,50,5.8017,6.44161,-114.38326,-1.87774,12.62434,23.71487,-33.4861,738af643-a747-438a-8189-9b0288e19574,846944af-980d-4154-90c5-26d1400d6222,78.56638,Pitching,25410021,,,,,,,,,,,,,,,,,,,,46.4526005,1573.233644,0.6889544258,,563af82c-573e-4de2-a1d0-201a5c2f4d46,ebb8f8c3-3960-42a8-a427-d577aba406a6
225,2026-09-24,20:07:27.55,"Quintanilla, Marco",1000620474,Right,,,,,,,Live,,48.31764,6.443364211,-6.606409262,1387.510186,,,5.84418,3.79634,,,,,5.94353,-0.10131,43.81834,,,0.8067684896,-16.61496,26.15997,-3.19661,50,6.39895,7.47729,-69.36204,6.45823,-8.10714,7.64352,-19.4095,60591edd-51f6-4dce-a94f-ba86f87d3d77,846944af-980d-4154-90c5-26d1400d6222,,Pitching,25410021,,,,,,,,,,,,,,,,,,,,,,,,e3a0c59b-07ea-4482-b154-3217a1f2a1ac,ebb8f8c3-3960-42a8-a427-d577aba406a6
226,2026-09-24,20:07:42.23,"Quintanilla, Marco",1000620474,Right,,,,,,Fastball,Live,,90.54731,-2.98332653,-4.319975445,2017.265287,219.1301931,1:15,5.99886,3.30095,7.25165,-20.35754,11.85931,9.65358,1.59351,0.1901,83.519,-6.871512533,-2.469424417,0.4085196745,-6.5895,7.49094,-3.05859,50,5.82299,9.70378,-131.59839,-7.37832,-11.6275,26.30034,-18.95592,7ce4f3ff-0581-4467-96d6-fa35a9288dd5,846944af-980d-4154-90c5-26d1400d6222,92.26591,Pitching,25410021,,,,,,,,,,,,,,,,,,,,,,,,4a2e6d5b-d993-4f47-a3fe-dc4c73bda194,ebb8f8c3-3960-42a8-a427-d577aba406a6
227,2026-09-24,20:08:08.16,"Quintanilla, Marco",1000620474,Right,,,,,,Slider,Live,,75.91347,1.720601385,-1.044973561,2021.862484,83.60607509,8:45,5.93996,3.42753,5.81865,-50.14281,-1.7042,-14.91601,3.36165,1.213,69.90791,-7.643374012,-3.843798855,0.5009186976,7.73311,-1.39673,-3.33334,50,6.05089,2.4327,-110.43826,1.91192,9.54783,19.72176,-33.89854,7e2d491c-dd7c-4a0b-a566-9e75ff73f94c,846944af-980d-4154-90c5-26d1400d6222,75.24662,Pitching,25410021,,,,,,,,,,,,,,,,,,,,,,,,19025e96-2e1f-4c97-a8b2-f181a2bf267e,ebb8f8c3-3960-42a8-a427-d577aba406a6
228,2026-09-24,20:08:30.91,"Quintanilla, Marco",1000620474,Right,,,,,,Slider,Live,,75.92127,0.6560529601,-3.579295214,2082.117356,74.75850292,8:30,6.01975,3.1202,6.14413,-53.32305,-4.83232,-17.66636,2.18353,-1.66336,69.68903,-9.337426511,-6.912117235,0.5011880978,8.51511,-2.84552,-2.83874,50,6.04233,7.35827,-110.26286,-0.12674,10.34848,21.95472,-35.63223,5e759131-76cd-49cf-b7fd-024ec7223a40,846944af-980d-4154-90c5-26d1400d6222,75.20617,Pitching,25410021,,,,,,,,,,,,,,,,,,,,38.49687915,1629.552624,0.7826420636,,182fdece-fb4b-4caf-b090-53f4fe578cc8,ebb8f8c3-3960-42a8-a427-d577aba406a6
229,2026-09-24,20:08:49.34,"Quintanilla, Marco",1000620474,Right,,,,,,Fastball,Live,,88.90998,-2.116293494,-4.947589158,2174.409725,205.5728278,12:45,5.94752,3.21987,7.26467,-18.90819,14.583,7.00252,2.44987,-0.68226,81.69568,-5.737810461,-3.605878864,0.4165208117,-5.29653,8.83187,-2.94201,50,5.82191,11.01443,-129.17652,-5.24495,-8.98062,26.03185,-17.19901,131a8cb8-993d-424f-9283-436c9f422a21,846944af-980d-4154-90c5-26d1400d6222,90.49353,Pitching,25410021,,,,,,,,,,,,,,,,,,,,,,,,01894763-dd66-411c-b1ad-6521c7ca29c7,ebb8f8c3-3960-42a8-a427-d577aba406a6
230,2026-09-24,20:09:10.80,"Quintanilla, Marco",1000620474,Right,,,,,,Fastball,Live,,89.24873,-1.394352496,-5.581412421,2295.717913,212.5127752,1:00,5.98774,3.24965,6.9631,-18.11631,15.51615,9.93681,3.20339,-1.01552,81.93553,-4.848096218,-3.691525555,0.4173983479,-7.0385,9.05917,-2.90766,50,5.89485,12.40014,-129.53803,-3.63983,-12.02164,25.74337,-16.70113,e7b7063f-fa97-418b-b168-420bd6950371,846944af-980d-4154-90c5-26d1400d6222,90.30328,Pitching,25410021,,,,,,,,,,,,,,,,,,,,,,,,1dd8b61d-89f0-4007-b760-b26f9ad297aa,ebb8f8c3-3960-42a8-a427-d577aba406a6
231,2026-09-24,20:09:30.90,"Quintanilla, Marco",1000620474,Right,,,,,,Fastball,Live,,88.34731,-2.767570825,-4.573259394,2214.668825,198.392326,12:30,5.97649,3.16271,7.25918,-16.6515,17.2815,5.75988,2.07571,-0.50253,81.17623,-5.954764806,-3.46883927,0.4192591213,-4.49567,10.53743,-2.90532,50,5.81439,10.1301,-128.36336,-6.62246,-7.52441,25.79252,-14.53754,09d3bf8e-5bd6-4faf-8472-bdba12bbfe1d,846944af-980d-4154-90c5-26d1400d6222,89.90249,Pitching,25410021,,,,,,,,,,,,,,,,,,,,,,,,a743a453-e46c-493d-8b59-38b26eeb510f,ebb8f8c3-3960-42a8-a427-d577aba406a6
232,2026-09-24,20:10:20.42,"Quintanilla, Marco",1000620474,Right,,,,,,Slider,Live,,76.09145,1.168786017,-3.847359083,2211.823747,75.0327786,8:30,5.97571,3.27531,6.10327,-53.59689,-5.11531,-19.12016,2.59261,-1.88087,69.67134,-8.882386349,-7.450359837,0.5011408057,9.19116,-3.16623,-2.96975,50,6.03764,7.93,-110.43848,0.8483,11.18324,22.38746,-36.02653,430f712d-a66d-495b-8106-e57f8bcd35cc,846944af-980d-4154-90c5-26d1400d6222,75.21327,Pitching,25410021,,,,,,,,,,,,,,,,,,,,,,,,915f1070-2b3e-42b3-85cf-4ff8ccb40eb3,ebb8f8c3-3960-42a8-a427-d577aba406a6
233,2026-09-24,20:10:44.14,"Quintanilla, Marco",1000620474,Right,,,,,,Fastball,Live,,89.13685,-1.948100266,-4.598253413,2095.444644,210.8418198,1:00,6.06701,3.32111,7.23791,-17.56274,15.67295,9.38453,2.83433,-0.06653,82.03371,-5.311465885,-2.800927315,0.4149289687,-6.5071,9.37428,-3.06172,50,5.95038,10.19519,-129.59766,-4.84908,-11.13583,25.50207,-16.13151,1f352bb9-5fca-46ef-a00a-86b0cee1c48b,846944af-980d-4154-90c5-26d1400d6222,90.8407,Pitching,25410021,,,,,,,,,,,,,,,,,,,,,,,,44e9cab0-6656-4997-beb6-b19ef6483614,ebb8f8c3-3960-42a8-a427-d577aba406a6
234,2026-09-24,20:11:03.84,"Quintanilla, Marco",1000620474,Right,,,,,,Fastball,Live,,88.79606,-1.860617192,-6.900694577,2318.278584,218.6417742,1:15,6.10581,3.37256,6.83126,-20.63639,13.57278,10.91332,2.67635,-2.04167,81.85682,-5.76764919,-4.84272113,0.4209618077,-7.813,8.0271,-2.93287,50,5.97795,15.26369,-128.53289,-4.75821,-13.19659,24.23052,-18.61584,07788272-3123-48c8-a5af-1feacec0c893,846944af-980d-4154-90c5-26d1400d6222,89.53886,Pitching,25410021,,,,,,,,,,,,,,,,,,,,55.06482184,1327.56065,0.5726493181,,f8af9e58-bd2e-4442-a66c-5b8a5c17427a,ebb8f8c3-3960-42a8-a427-d577aba406a6
235,2026-09-24,20:11:25.34,"Quintanilla, Marco",1000620474,Right,,,,,,Fastball,Live,,88.79837,-2.411939531,-4.415891791,2247.281137,196.9571815,12:30,6.05017,3.14701,7.23929,-15.55335,18.11977,5.5396,2.56388,-0.3949,81.31015,-5.395666099,-3.352181613,0.4176505897,-4.36722,10.93685,-2.89698,50,5.90776,9.83327,-129.0595,-5.82666,-7.36623,26.84685,-13.72675,39dfe3e1-f1d2-4387-be63-d7804be03a4a,846944af-980d-4154-90c5-26d1400d6222,90.24874,Pitching,25410021,,,,,,,,,,,,,,,,,,,,,,,,28221b9f-4780-4865-9a85-e2d516d2e1f0,ebb8f8c3-3960-42a8-a427-d577aba406a6
236,2026-09-24,20:11:49.15,"Quintanilla, Marco",1000620474,Right,,,,,,Fastball,Warmup,,88.06542,-1.486885588,-5.347887943,2109.693559,210.0529957,1:00,6.02484,3.36606,7.19079,-19.47221,14.68152,8.53332,3.04934,-0.78039,81.08206,-5.209002993,-3.71895097,0.4206205816,-6.20208,8.67468,-3.05908,50,5.9325,11.76731,-127.92049,-3.8081,-10.34817,24.67123,-17.70034,0703da82-88b9-4523-a74f-4f4c5edf2de7,846944af-980d-4154-90c5-26d1400d6222,89.61149,Pitching,25410021,,,,,,,,,,,,,,,,,,,,,,,,33a93675-b86e-4b10-9647-9a74b0faab12,ebb8f8c3-3960-42a8-a427-d577aba406a6
237,2026-09-24,20:12:15.12,"Morrow, Jackson",1000616388,Right,,,,,,,Warmup,,80.71943,-1.755983595,-3.014935986,1960.989628,227.0987277,1:30,6.40661,1.80949,6.14522,-26.18578,16.05509,17.30028,2.59932,0.46304,74.25245,-6.670700356,0.2473966278,0.4677758459,-10.2117,9.19917,-1.5892,50,6.25933,5.69513,-117.37839,-4.34076,-14.30366,21.38579,-19.28866,1ae8de92-9d42-4c22-814b-ea4566326f84,846944af-980d-4154-90c5-26d1400d6222,80.57799,Pitching,25410021,,,,,,,,,,,,,,,,,,,,26.54822092,1754.219976,0.8945585185,,3fd93d55-13f9-4d5c-a120-0acdd284b95e,ebb8f8c3-3960-42a8-a427-d577aba406a6
238,2026-09-24,20:12:23.51,"Morrow, Jackson",1000616388,Right,,,,,,,Warmup,,84.6563,-2.119540121,-3.336590161,2073.092033,218.7704606,1:15,6.28223,1.7559,6.23928,-19.79198,18.59428,14.94938,2.67388,-0.07907,77.54593,-5.849708855,-0.5107212906,0.4459224259,-9.07548,10.73273,-1.51503,50,6.11445,6.74078,-123.03688,-5.13367,-13.93291,24.06247,-15.6969,ec96cfd6-475f-4ad0-8ef5-10b709770947,846944af-980d-4154-90c5-26d1400d6222,84.5269,Pitching,25410021,,,,,,,,,,,,,,,,,,,,20.78073991,1938.227018,0.9349449935,,9f56f886-9f0e-4017-802b-cc1567bf4be4,ebb8f8c3-3960-42a8-a427-d577aba406a6
239,2026-09-24,20:12:33.42,"Morrow, Jackson",1000616388,Right,,,,,,,Warmup,,83.12761,-1.668252851,-4.27139747,2028.226257,219.3314852,1:15,6.35051,1.55839,6.40555,-21.18077,18.47785,15.17677,3.04699,-1.1112,76.0141,-5.676606278,-1.396019844,0.4532525286,-9.52376,10.61553,-1.25971,50,6.22116,8.6017,-120.7382,-4.10689,-14.06296,23.43641,-16.49895,18dcec25-c308-49ce-aab0-a5e8da508942,846944af-980d-4154-90c5-26d1400d6222,83.15991,Pitching,25410021,,,,,,,,,,,,,,,,,,,,18.97242445,1918.043184,0.9456751569,,e694d57a-6145-4e1f-968d-6a6aa5c6ab33,ebb8f8c3-3960-42a8-a427-d577aba406a6
240,2026-09-24,20:12:44.87,"Morrow, Jackson",1000616388,Right,,,,,,,Warmup,,87.94574,-3.113812369,-2.377996083,2060.110156,214.8113355,1:15,6.37804,1.49241,6.40638,-15.63915,19.76505,13.73339,2.20677,0.44936,80.44106,-6.069215059,0.2309100757,0.4282514512,-8.21412,11.73634,-1.32882,50,6.148,4.91065,-127.8386,-7.41385,-13.58273,26.54455,-12.76703,95d803c8-8a48-4aac-8747-3eab414f2645,846944af-980d-4154-90c5-26d1400d6222,88.01474,Pitching,25410021,,,,,,,,,,,,,,,,,,,,14.80651457,1991.702835,0.966794338,,9e5d87b4-9750-47b5-b4b4-a17ff910ac04,ebb8f8c3-3960-42a8-a427-d577aba406a6
241,2026-09-24,20:12:55.13,"Morrow, Jackson",1000616388,Right,,,,,,,Warmup,,85.59833,-1.03223931,-1.881963791,2086.411,222.7254392,1:30,6.51017,1.68985,6.25261,-20.02109,17.50611,16.19473,3.88935,1.30353,78.14656,-4.818039201,1.188973333,0.4409044378,-9.38949,9.86469,-1.55834,50,6.42372,3.62218,-124.58775,-2.829,-14.72455,25.56279,-16.7043,44cbc9a1-4749-40c6-837c-cbae0b5b35a7,846944af-980d-4154-90c5-26d1400d6222,85.48891,Pitching,25410021,,,,,,,,,,,,,,,,,,,,15.1845887,2013.568097,0.9650869827,,15a29d8e-a0ae-46fc-8d31-09a8e13707e8,ebb8f8c3-3960-42a8-a427-d577aba406a6
242,2026-09-24,20:13:02.03,"Morrow, Jackson",1000616388,Right,,,,,,,Live,,42.66738,4.901259788,4.524413048,1101.569991,142.9761309,10:45,7.83206,3.21269,,-102.59037,43.0512,-32.71028,3.52026,4.38482,36.50688,-16.57572374,-2.478776547,0.8685884785,23.72943,24.34947,-3.26582,50,7.88894,-4.82881,-62.01898,5.08783,8.21779,12.53224,-23.74153,408e616c-0b75-4642-93d3-81495ae3d5b1,846944af-980d-4154-90c5-26d1400d6222,,Pitching,25410021,,,,,,,,,,,,,,,,,,,,,,,,b78d3269-d71b-4c90-81cc-df5d3dec7a15,ebb8f8c3-3960-42a8-a427-d577aba406a6
243,2026-09-24,20:13:29.44,"Morrow, Jackson",1000616388,Right,,,,,,Fastball,Live,,90.53238,-3.512359687,-2.683659892,2236.082508,213.6663382,1:00,6.43478,1.34499,6.57586,-12.83833,20.43673,13.59408,2.1386,0.01671,82.63805,-5.948687458,-0.09189367949,0.4151746305,-8.28432,12.30716,-1.16692,50,6.18825,5.77486,-131.53834,-8.45159,-14.4806,28.50938,-10.66173,5dd6a53c-33da-41b4-942f-5fcbb55891af,846944af-980d-4154-90c5-26d1400d6222,90.78695,Pitching,25410021,,,,,,,,,,,,,,,,,,,,7.682864018,2216.009705,0.9910232279,,3a6c8b0a-1e53-4c1b-9209-f1673e41aabe,ebb8f8c3-3960-42a8-a427-d577aba406a6
244,2026-09-24,20:13:46.02,"Morrow, Jackson",1000616388,Right,,,,,,Fastball,Live,,89.55481,-3.210671639,-3.421675969,2183.248339,206.9001081,1:00,6.47352,1.17356,6.56605,-13.50635,20.5937,10.44674,2.39682,-1.09584,81.57386,-5.777155596,-1.430794616,0.4202898523,-6.77266,12.32631,-0.9429,50,6.24673,7.47886,-130.05279,-7.69249,-11.55105,28.33809,-11.15102,fc8f04ef-5abc-4811-8cfc-3edfefde0934,846944af-980d-4154-90c5-26d1400d6222,89.68201,Pitching,25410021,,,,,,,,,,,,,,,,,,,,13.58673671,2122.151023,0.9720154072,,ef3bf6c6-22d7-4abf-b801-cdb2cdb83a12,ebb8f8c3-3960-42a8-a427-d577aba406a6
245,2026-09-24,20:14:14.45,"Morrow, Jackson",1000616388,Right,,,,,,Fastball,Live,,89.92273,-2.985795945,-2.976459808,2160.068021,215.1197946,1:15,6.54329,1.32416,6.39439,-13.39616,20.60572,14.48481,2.67509,-0.20831,81.89418,-5.524899556,-0.2223545456,0.4196844586,-8.82507,12.19389,-1.11747,50,6.32271,6.36338,-130.63617,-7.21998,-15.19006,28.53896,-11.18545,fc04bc92-41d9-4129-ba3c-fce9f3eaec27,846944af-980d-4154-90c5-26d1400d6222,89.81138,Pitching,25410021,,,,,,,,,,,,,,,,,,,,12.18269132,2111.422618,0.9774796895,,b45f51bf-be58-409e-a375-dfee68a109d9,ebb8f8c3-3960-42a8-a427-d577aba406a6
246,2026-09-24,20:14:43.93,"Morrow, Jackson",1000616388,Right,,,,,,Fastball,Live,,90.28918,-4.536152311,-3.381726024,2212.840007,214.7630503,1:15,6.37586,1.37325,6.60369,-19.06591,14.5031,10.03887,0.61632,-0.89117,82.61737,-8.136763969,-1.468214099,0.4170044052,-6.53151,9.33914,-1.14732,50,6.05827,7.45179,-130.93546,-10.94795,-11.30323,28.45657,-16.01204,2188ce27-8967-4f22-968f-b6257ac844f2,846944af-980d-4154-90c5-26d1400d6222,90.38859,Pitching,25410021,,,,,,,,,,,,,,,,,,,,,,,,dc32454a-17e6-485f-9277-4c22ae4d13fd,ebb8f8c3-3960-42a8-a427-d577aba406a6
247,2026-09-24,20:15:03.80,"Morrow, Jackson",1000616388,Right,,,,,,Fastball,Live,,90.53526,-4.310629277,-3.452041472,2192.848229,202.6130163,12:45,6.45573,1.35692,6.51145,-13.25992,20.36465,8.46947,1.38092,-1.10848,82.27751,-6.824097347,-1.837415122,0.4173493905,-5.71572,12.54923,-1.12011,50,6.14882,7.67314,-131.26871,-10.29669,-9.8981,29.74001,-10.44212,e4f781a3-6751-48a7-91a8-8edcdced71bf,846944af-980d-4154-90c5-26d1400d6222,90.31387,Pitching,25410021,,,,,,,,,,,,,,,,,,,,22.37385555,2027.770225,0.9247198223,,48d6c8dc-9138-4c86-bef7-a42ce31e0151,ebb8f8c3-3960-42a8-a427-d577aba406a6
248,2026-09-24,20:15:47.52,"Morrow, Jackson",1000616388,Right,,,,,,ChangeUp,Live,,80.93841,-1.388044627,-2.672054391,1537.145722,226.2026234,1:30,6.01101,1.86521,6.64158,-28.87304,12.67085,13.2453,2.33288,0.52159,73.85481,-6.883278946,-0.1386231834,0.4639006816,-8.1451,7.44517,-1.69066,50,5.90554,5.16152,-117.77111,-3.58672,-11.36523,23.72587,-21.78547,5cf8f036-6c2f-4bff-94d2-84c39f3bf8d0,846944af-980d-4154-90c5-26d1400d6222,81.2511,Pitching,25410021,,,,,,,,,,,,,,,,,,,,18.35766388,1458.918819,0.9491089871,,24b46a98-1fda-4a3b-82d1-515bcc71e41b,ebb8f8c3-3960-42a8-a427-d577aba406a6
249,2026-09-24,20:16:16.01,"Morrow, Jackson",1000616388,Right,,,,,,Fastball,Live,,90.58815,-3.397104992,-2.911273578,2207.394422,207.6777475,1:00,6.41371,1.50178,6.53878,-18.30449,15.12164,7.92992,1.76533,-0.50949,82.49167,-6.868429551,-1.398052036,0.4161160192,-5.25433,9.37816,-1.30383,50,6.17042,6.46183,-131.56574,-8.34837,-9.14518,29.73743,-15.85134,b56ab5d1-3351-4c4f-9af9-3482e0374143,846944af-980d-4154-90c5-26d1400d6222,90.58156,Pitching,25410021,,,,,,,,,,,,,,,,,,,,17.59163508,2104.165186,0.9532348023,,77f32c5e-7ded-4cef-ae96-e7fc914af3fd,ebb8f8c3-3960-42a8-a427-d577aba406a6
250,2026-09-24,20:16:36.26,"Morrow, Jackson",1000616388,Right,,,,,,Fastball,Live,,91.02202,-2.72806639,-3.156378401,2265.835186,216.3320261,1:15,6.37509,1.47366,6.52523,-16.22393,16.79544,12.3531,2.51498,-0.39516,82.94267,-5.809292666,-0.8025139537,0.4135764101,-7.74097,10.07147,-1.25994,50,6.17838,6.93345,-132.26678,-6.78539,-13.65459,29.3361,-14.4086,f672829a-9cd3-475e-a23d-6982b131e4ba,846944af-980d-4154-90c5-26d1400d6222,91.13779,Pitching,25410021,,,,,,,,,,,,,,,,,,,,18.71901315,2145.981189,0.9471038327,,f91673b6-4802-40af-9c2f-8ec173342ddf,ebb8f8c3-3960-42a8-a427-d577aba406a6
251,2026-09-24,20:16:54.33,"Morrow, Jackson",1000616388,Right,,,,,,Slider,Live,,79.03389,-3.038189556,-3.803872383,2278.755469,105.1150111,9:30,6.05051,1.82167,6.45657,,,,,,,,,,2.54231,2.02987,-1.54984,50,5.81644,7.79559,-114.61172,-7.18117,3.31226,25.2343,-29.52941,6796b088-d31a-44f3-a639-9f3b5ecad334,846944af-980d-4154-90c5-26d1400d6222,,Pitching,25410021,,,,,,,,,,,,,,,,,,,,71.12843489,737.0585632,0.3234478527,,a044b89a-6ce5-4e97-b0e1-eb1389a96020,ebb8f8c3-3960-42a8-a427-d577aba406a6
252,2026-09-24,20:17:23.32,"Morrow, Jackson",1000616388,Right,,,,,,Fastball,Live,,89.80066,-4.388989046,-3.176529323,2233.609935,211.4388093,1:00,6.39566,1.33603,6.82181,-14.71801,19.03206,11.6057,1.15189,-0.59715,81.69053,-7.193469428,-0.9496081599,0.4181274948,-7.44008,11.95774,-1.13635,50,6.10746,6.9198,-130.29418,-10.41049,-12.69184,29.33604,-11.77565,4759e97a-83f2-44d7-bcbf-4ce1b2f796bd,846944af-980d-4154-90c5-26d1400d6222,90.1458,Pitching,25410021,,,,,,,,,,,,,,,,,,,,19.97256634,2099.272313,0.939856275,,72fdbce8-9e20-4126-8629-ca6c7be6b9fd,ebb8f8c3-3960-42a8-a427-d577aba406a6
253,2026-09-24,20:17:42.67,"Morrow, Jackson",1000616388,Right,,,,,,Fastball,Live,,89.42072,-2.124272365,-2.892518951,2149.011961,210.1142821,1:00,6.44949,1.39198,6.5542,-16.09811,17.95137,10.4233,3.1571,-0.39348,81.65261,-5.18251584,-0.9075155141,0.4199781249,-6.57959,10.523,-1.19718,50,6.29604,6.27352,-130.05512,-5.2901,-11.24966,27.71723,-14.18202,9b177905-074f-4cb1-898c-29a32a5b33d5,846944af-980d-4154-90c5-26d1400d6222,89.74858,Pitching,25410021,,,,,,,,,,,,,,,,,,,,15.80798093,2067.736452,0.9621800573,,62f43968-ba7f-4129-86d8-b658eb7f0e88,ebb8f8c3-3960-42a8-a427-d577aba406a6
254,2026-09-24,20:17:57.34,"Morrow, Jackson",1000616388,Right,,,,,,,Live,,42.86064,8.454115693,11.16652348,1162.567563,,,5.84382,0.98221,0.70684,,,,0.88687,7.62328,35.47681,,,1.065106217,34.85724,19.44167,-2.8007,50,7.00386,-10.26389,-59.10522,4.98736,10.90324,11.63274,-26.09275,5728a252-d6f9-423d-a48f-b1e834b026f5,846944af-980d-4154-90c5-26d1400d6222,35.38843,Pitching,25410021,,,,,,,,,,,,,,,,,,,,,,,,d7fb6f1f-7019-4d13-a14b-82b38a8c55bd,ebb8f8c3-3960-42a8-a427-d577aba406a6
255,2026-09-24,20:18:21.95,"Morrow, Jackson",1000616388,Right,,,,,,Fastball,Live,,89.17434,-4.580305296,-3.165713087,2266.123171,220.9268829,1:15,6.20127,1.66137,6.72149,-16.89862,17.68102,15.27118,0.59193,0.03799,80.69596,-7.800103461,-0.2304739454,0.4232350406,-9.52718,11.32682,-1.45848,50,5.89154,6.73677,-129.28375,-10.83082,-15.89646,30.51335,-13.27481,6737d17f-fa93-490e-b14a-61c8602e6b00,846944af-980d-4154-90c5-26d1400d6222,89.05794,Pitching,25410021,,,,,,,,,,,,,,,,,,,,,,,,a16f9fe0-e768-4887-a801-a735da07b3d2,ebb8f8c3-3960-42a8-a427-d577aba406a6
256,2026-09-24,20:18:38.77,"Morrow, Jackson",1000616388,Right,,,,,,Fastball,Warmup,,86.43814,-3.297430623,-1.791593775,2191.025738,213.5462978,1:00,6.43279,1.65986,6.48174,-15.85826,21.27151,14.09127,2.07924,1.18883,77.7816,-6.321827673,0.9141037522,0.4385635135,-8.39719,12.87538,-1.54041,50,6.19426,3.53792,-125.54952,-7.67503,-13.14716,29.94459,-12.01556,8f3e58a4-6526-4dbd-86af-6ffbe9aae324,846944af-980d-4154-90c5-26d1400d6222,85.94522,Pitching,25410021,,,,,,,,,,,,,,,,,,,,20.08598989,2057.763733,0.9391782566,,11426977-88aa-4ce9-a33f-e722bb91268f,ebb8f8c3-3960-42a8-a427-d577aba406a6
257,2026-09-24,20:20:02.08,"Quintanilla, Marco",1000620474,Right,,,,,,,Warmup,,83.53903,-2.26217329,-3.210756286,2249.977184,197.563035,12:30,6.13874,3.61636,6.77201,-22.63309,16.04902,5.09033,2.183,1.10612,76.56917,-6.564038046,-2.238903146,0.4476374788,-3.73777,9.57541,-3.40929,50,5.98249,6.68639,-121.50127,-5.38286,-5.58184,24.02864,-17.8745,eec29e3f-09ce-4954-bd00-8d2a798602d8,846944af-980d-4154-90c5-26d1400d6222,84.20305,Pitching,25410021,,,,,,,,,,,,,,,,,,,,,,,,9722544d-348f-4410-8211-41c915c07671,ebb8f8c3-3960-42a8-a427-d577aba406a6
258,2026-09-24,20:20:14.09,"Morrow, Jackson",1000616388,Right,,,,,,,Warmup,,87.4856,-1.212230793,-3.450571472,2171.65966,204.1665649,12:45,6.22004,3.39744,7.08193,-17.88281,17.11079,7.69883,3.62746,0.90357,79.5488,-4.652778847,-1.968190893,0.4257608475,-5.3707,10.01305,-3.19395,50,6.14173,7.48677,-127.30701,-3.13878,-8.75423,27.79124,-15.85278,7f053944-5b53-43d9-9663-4ef01c791817,846944af-980d-4154-90c5-26d1400d6222,88.5296,Pitching,25410021,,,,,,,,,,,,,,,,,,,,,,,,7d168480-ac05-4ea2-8bdc-5f5a84ab8659,ebb8f8c3-3960-42a8-a427-d577aba406a6
259,2026-09-24,20:20:27.72,"Morrow, Jackson",1000616388,Right,,,,,,,Warmup,,87.25217,-0.4082799866,-3.708115101,2309.457581,219.9079392,1:15,6.27014,3.38932,6.73281,-20.26625,15.4087,12.93395,4.20747,1.07443,79.22926,-4.28603882,-1.233120956,0.4298857952,-8.30567,8.70244,-3.15036,50,6.23525,7.87811,-126.88314,-1.4468,-13.45083,27.5598,-18.08065,54b3c232-6a40-472f-b523-333df64b0085,846944af-980d-4154-90c5-26d1400d6222,87.68012,Pitching,25410021,,,,,,,,,,,,,,,,,,,190.4903624,42.76473481,1695.483473,0.7341479174,12:15,ffc64690-df75-4190-b951-026dd65f673d,ebb8f8c3-3960-42a8-a427-d577aba406a6
260,2026-09-24,20:20:43.17,"Quintanilla, Marco",1000620474,Right,,,,,,,Warmup,,75.06936,-0.3764897333,-4.061929687,2219.213047,67.26018063,8:15,5.963,3.32744,6.71513,-54.50086,-6.05577,-14.37199,1.07629,-1.58896,69.34067,-10.64497107,-6.797102553,0.5009522016,6.74859,-3.25677,-3.05305,50,5.91645,8.07695,-109.09286,-1.96982,8.04575,21.11139,-36.05682,9d673894-729c-4ea6-8d92-beafbbbb50ff,846944af-980d-4154-90c5-26d1400d6222,75.24159,Pitching,25410021,,,,,,,,,,,,,,,,,,,,,,,,0c4744a4-529e-443f-a9b2-f5a0e32a9480,ebb8f8c3-3960-42a8-a427-d577aba406a6
261,2026-09-24,20:21:04.31,"Quintanilla, Marco",1000620474,Right,,,,,,,Live,,84.73619,1.3558023,-4.099480374,2240.57988,205.8223553,12:45,6.33876,3.83116,6.44337,-23.75904,14.63911,7.12143,5.60786,0.65191,76.65439,-3.170588585,-2.744486736,0.4459914869,-5.17451,7.6584,-3.54373,50,6.42425,8.62383,-123.05791,2.26621,-7.86361,26.46117,-20.53573,decc7783-e03f-47d2-b35c-4d50db8abb02,846944af-980d-4154-90c5-26d1400d6222,84.51381,Pitching,25410021,,,,,,,,,,,,,,,,,,,,46.972536,1528.857097,0.6823488468,,5efe72cd-13dd-4253-a46a-e1eb82d6ad05,ebb8f8c3-3960-42a8-a427-d577aba406a6
262,2026-09-24,20:21:30.55,"Quintanilla, Marco",1000620474,Right,,,,,,Fastball,Live,,88.90799,-3.280687858,-4.7741963,2331.207027,201.8260604,12:45,6.0221,3.43005,7.19258,-15.47701,18.41046,7.38413,1.74761,-0.28835,81.04905,-6.25038332,-3.354730752,0.4189778017,-5.57946,11.38637,-3.15622,50,5.82713,10.59601,-129.01489,-7.79658,-9.35702,28.09254,-13.07855,37e41fad-c1e9-4610-8a32-5268c8f195f7,846944af-980d-4154-90c5-26d1400d6222,89.96285,Pitching,25410021,,,,,,,,,,,,,,,,,,,,,,,,e81685c2-2f88-48a8-950f-edb3c1e222a0,ebb8f8c3-3960-42a8-a427-d577aba406a6
263,2026-09-24,20:21:46.86,"Quintanilla, Marco",1000620474,Right,,,,,,Fastball,Live,,88.80115,-2.874748399,-3.991371207,2157.505411,217.1879735,1:15,5.94211,3.26891,7.25447,-20.38396,13.41573,10.18493,1.63455,0.50137,81.04577,-6.791571525,-2.026522304,0.4184347128,-6.95305,8.45959,-3.04559,50,5.77271,8.76182,-129.05492,-6.98281,-11.66328,28.20764,-17.98365,ff1aa631-869b-48de-87e9-eb791b0b921a,846944af-980d-4154-90c5-26d1400d6222,90.07962,Pitching,25410021,,,,,,,,,,,,,,,,,,,,29.60300404,1875.884138,0.8694690307,,b32f77fc-cbb1-4668-a4f7-9e06b83ddf59,ebb8f8c3-3960-42a8-a427-d577aba406a6
264,2026-09-24,20:22:05.24,"Quintanilla, Marco",1000620474,Right,,,,,,Fastball,Live,,88.36872,-2.853253664,-5.264638017,2291.883932,197.110699,12:30,5.93702,3.20374,7.28265,-16.35092,17.67869,5.45962,1.98183,-1.11433,81.01091,-5.985197176,-4.218180161,0.4198555361,-4.55262,10.81953,-2.90901,50,5.77121,11.68771,-128.24204,-6.80534,-7.58758,26.32449,-14.14177,ab5877c2-96c2-4d06-bf75-78298df70168,846944af-980d-4154-90c5-26d1400d6222,89.77478,Pitching,25410021,,,,,,,,,,,,,,,,,,,,,,,,b5963341-5867-463d-86b8-3db93ae364a9,ebb8f8c3-3960-42a8-a427-d577aba406a6
265,2026-09-24,20:22:22.95,"Quintanilla, Marco",1000620474,Right,,,,,,Fastball,Live,,87.41475,-1.743779008,-3.662376699,2262.697867,194.3948476,12:30,6.02935,3.30705,7.07347,-19.35429,15.66983,4.03368,2.8299,0.31424,79.76806,-5.454801409,-2.887460705,0.425946435,-3.34024,9.33998,-3.08915,50,5.91844,8.03952,-127.15731,-4.35666,-5.44435,27.16706,-16.95058,627cbd39-1d33-469e-9b28-213bd562ee9b,846944af-980d-4154-90c5-26d1400d6222,88.49103,Pitching,25410021,,,,,,,,,,,,,,,,,,,,,,,,cf8f1e3c-057a-4ade-b0ac-46fd4c576b88,ebb8f8c3-3960-42a8-a427-d577aba406a6
266,2026-09-24,20:23:43.73,"Quintanilla, Marco",1000620474,Right,,,,,,Slider,Live,,76.11997,1.65297797,-2.413110655,2161.709497,70.69504467,8:15,5.9146,3.70595,6.11133,-52.49247,-4.46479,-12.68152,3.07021,0.41689,69.75512,-8.219020245,-4.809424559,0.4987893641,6.17962,-2.93091,-3.51444,50,6.01389,4.99886,-110.65787,1.80723,7.60011,21.24549,-35.77869,12736354-2211-4a23-8937-15c8dd4b7466,846944af-980d-4154-90c5-26d1400d6222,75.56785,Pitching,25410021,,,,,,,,,,,,,,,,,,,,,,,,1d7288ec-c1a6-41fd-8513-117537800e57,ebb8f8c3-3960-42a8-a427-d577aba406a6
267,2026-09-24,20:24:18.75,"Quintanilla, Marco",1000620474,Right,,,,,,Slider,Live,,75.81852,0.2507706896,-2.627009888,2244.454365,47.3971841,7:30,6.11071,3.5665,6.09096,-57.71888,-8.83458,-9.57432,1.53298,0.3373,69.24526,-10.59914179,-4.445421182,0.5032179298,4.35094,-4.90427,-3.35926,50,6.09986,5.30579,-110.16741,-1.03093,5.24786,22.96412,-38.0893,7bf7b557-ffdf-4889-b5b2-9eed8496192d,846944af-980d-4154-90c5-26d1400d6222,74.90281,Pitching,25410021,,,,,,,,,,,,,,,,,,,,42.86628613,1645.057835,0.7329433204,,a5290cb5-c456-493b-952a-33bb287cdbae,ebb8f8c3-3960-42a8-a427-d577aba406a6
268,2026-09-24,20:24:42.52,"Quintanilla, Marco",1000620474,Right,,,,,,Fastball,Live,,88.52941,-1.371109567,-5.660954128,2192.466619,200.1757529,12:45,6.08477,3.41642,7.05679,-19.80485,14.36857,5.30995,3.18305,-1.29808,81.13684,-5.152222081,-4.649014096,0.4207417653,-4.54123,8.45948,-3.07703,50,5.99533,12.60116,-128.47143,-3.58822,-7.60095,26.24632,-18.01485,28c89c98-46b7-4305-bb6f-44ccfe6ee7d4,846944af-980d-4154-90c5-26d1400d6222,89.58568,Pitching,25410021,,,,,,,,,,,,,,,,,,,,48.64667615,1448.563936,0.6607005661,,d69dac3d-5a5c-4a9d-97ef-57510ca5ce57,ebb8f8c3-3960-42a8-a427-d577aba406a6
269,2026-09-24,20:25:02.92,"Quintanilla, Marco",1000620474,Right,,,,,,Fastball,Live,,89.98681,-1.890037513,-3.773380082,2185.203124,207.572878,1:00,6.12263,3.44902,7.23942,-15.88154,16.98858,8.88985,3.08468,0.77065,81.93786,-4.950976459,-2.058538007,0.4126406962,-6.1508,10.19124,-3.23675,50,6.01005,8.41737,-130.90222,-4.71506,-10.61527,29.01554,-14.58565,c4f4e301-460a-447c-b0c5-2ee3252c45b6,846944af-980d-4154-90c5-26d1400d6222,91.34445,Pitching,25410021,,,,,,,,,,,,,,,,,,,,,,,,be768e95-44b4-4f68-858f-d898cd34ff41,ebb8f8c3-3960-42a8-a427-d577aba406a6
270,2026-09-24,20:25:35.25,"Quintanilla, Marco",1000620474,Right,,,,,,Fastball,Live,,88.66209,-1.474200252,-4.017394361,2190.159425,197.0215754,12:30,6.00103,3.4711,7.11739,-19.02697,14.95784,4.59515,3.07483,0.20446,80.9151,-5.125816739,-3.134750927,0.4195790717,-3.75633,8.86968,-3.23512,50,5.90764,8.94257,-128.94894,-3.79773,-6.30057,27.76883,-17.29678,c2774a58-2b9f-44cc-8216-597e8c30b296,846944af-980d-4154-90c5-26d1400d6222,89.83393,Pitching,25410021,,,,,,,,,,,,,,,,,,,,37.19209839,1744.710106,0.7966132901,,40f13585-fe29-4cbe-84ad-952e065d9742,ebb8f8c3-3960-42a8-a427-d577aba406a6
271,2026-09-24,20:26:09.46,"Quintanilla, Marco",1000620474,Right,,,,,,Slider,Live,,75.98786,1.04297584,-2.352206772,1919.536328,70.40909234,8:15,6.03514,3.39852,6.94308,-52.21371,-5.36277,-14.99983,2.63401,0.00683,69.54035,-8.932468906,-5.236744041,0.4926409946,7.68115,-3.34772,-3.24718,50,6.08152,4.87398,-110.62085,0.86679,9.38355,22.33165,-36.26373,eeebc924-8297-4300-817c-d417fca79f89,846944af-980d-4154-90c5-26d1400d6222,76.51097,Pitching,25410021,,,,,,,,,,,,,,,,,,,,36.2609976,1547.781822,0.8063310909,,da1ec242-7b9b-4b47-baa8-d7c527926443,ebb8f8c3-3960-42a8-a427-d577aba406a6
272,2026-09-24,20:26:30.13,"Quintanilla, Marco",1000620474,Right,,,,,,Slider,Live,,77.60072,0.1839803742,-4.067265126,2264.745588,51.40511105,7:45,5.94074,3.40848,6.92212,-53.34331,-8.41643,-10.52753,1.66338,-1.17773,71.50285,-9.937777171,-6.079964833,0.4824191157,4.65903,-4.77953,-3.1504,50,5.93318,8.26042,-112.81877,-0.84408,5.94574,22.40967,-38.27356,cd4c33ec-7684-47ba-aaec-b83ae3d31257,846944af-980d-4154-90c5-26d1400d6222,78.13214,Pitching,25410021,,,,,,,,,,,,,,,,,,,,,,,,0c9cd5ce-fa1a-4519-9562-96e3340907cf,ebb8f8c3-3960-42a8-a427-d577aba406a6
273,2026-09-24,20:26:53.75,"Quintanilla, Marco",1000620474,Right,,,,,,Fastball,Live,,88.54622,-2.530376435,-6.030374292,2047.549898,186.7889161,12:15,6.18907,2.92437,7.05794,-21.23093,13.05983,1.56441,2.10798,-2.4411,81.2898,-6.565843238,-5.732766665,0.4214634999,-2.5597,8.05509,-2.56142,50,6.02905,13.51589,-128.31413,-6.23472,-4.26824,26.50888,-18.74238,c25ce703-33de-4b44-9a97-e57c61ba5e9d,846944af-980d-4154-90c5-26d1400d6222,89.43227,Pitching,25410021,,,,,,,,,,,,,,,,,,,,,,,,64167b7e-0b16-4cde-aca9-74e4250ca36c,ebb8f8c3-3960-42a8-a427-d577aba406a6
274,2026-09-24,20:27:14.13,"Quintanilla, Marco",1000620474,Right,,,,,,Slider,Warmup,,76.51757,0.1409418848,-2.743294379,2069.194205,73.57778191,8:30,6.18936,3.40551,6.18792,-51.47642,-3.91014,-13.15221,2.02993,-0.22499,70.13399,-9.532524244,-5.235404006,0.4963876928,6.32723,-2.18249,-3.19232,50,6.17403,5.67339,-111.23516,-1.07021,7.82694,22.31557,-34.87384,05c45e74-53dd-4c9c-aa55-177f0c514978,846944af-980d-4154-90c5-26d1400d6222,75.93347,Pitching,25410021,,,,,,,,,,,,,,,,,,,,38.13797558,1627.47479,0.7865258784,,dcd3b811-0111-4a46-8ff6-136ef76faa8b,ebb8f8c3-3960-42a8-a427-d577aba406a6
275,2026-09-24,20:30:27.44,"Ireland, Cameron",1000617587,Right,,,,,,,Live,,37.29837,-0.2041779757,3.112292541,1083.672982,,,9.67928,2.84311,,,,,,,,,,,15.82032,33.59807,-2.79412,50,9.6794,-3.04065,-54.77375,0.17952,4.33207,9.24006,-22.9739,fbe58029-6087-4e95-b110-629112343240,846944af-980d-4154-90c5-26d1400d6222,,Pitching,25410021,,,,,,,,,,,,,,,,,,,,,,,,62c780d4-4787-4bd1-9b7c-920282e996a0,ebb8f8c3-3960-42a8-a427-d577aba406a6
276,2026-09-24,20:30:48.86,"Ireland, Cameron",1000617587,Right,,,,,,Fastball,Live,,86.95441,-0.3015398168,-3.326217009,2210.295175,205.5092594,12:45,5.98908,2.46457,5.9312,-19.74818,17.09644,8.18512,4.0632,0.0576,79.32814,-4.014515139,-1.787117516,0.4368762139,-5.35231,9.31975,-2.20375,50,5.95382,7.08792,-126.38412,-1.2872,-8.65221,25.88949,-17.10834,914774b9-e3ad-4d6a-875e-9a49a8bd3989,846944af-980d-4154-90c5-26d1400d6222,86.27716,Pitching,25410021,,,,,,,,,,,,,,,,,,,,36.42992227,1778.367645,0.8045837793,,79375093-b8dd-43ac-a6df-75ac1a1fd869,ebb8f8c3-3960-42a8-a427-d577aba406a6
277,2026-09-24,20:31:01.62,"Ireland, Cameron",1000617587,Right,,,,,,Fastball,Live,,85.22699,-1.356615779,-4.633575502,2122.978712,195.404587,12:30,5.81171,2.38525,6.1452,-22.32466,15.76621,4.36359,2.69357,-1.54154,78.12187,-5.549229038,-3.813671046,0.4442034101,-3.63936,8.94859,-2.03468,50,5.69668,9.89683,-123.70584,-3.60053,-5.65027,24.23864,-18.28098,d439e04d-f95e-4107-bd2e-7cca3d783327,846944af-980d-4154-90c5-26d1400d6222,84.85401,Pitching,25410021,,,,,,,,,,,,,,,,,,,,36.1138392,1715.043143,0.8078475461,,4244c355-06c7-4270-b9ab-ec383f253b2d,ebb8f8c3-3960-42a8-a427-d577aba406a6
278,2026-09-24,20:31:15.77,"Ireland, Cameron",1000617587,Right,,,,,,Fastball,Live,,85.35789,-1.655901936,-4.587175563,2163.374717,204.1968258,12:45,5.91709,2.40285,6.094,-19.88999,18.18489,8.2,2.72284,-1.16519,78.10623,-5.393303424,-3.045957644,0.4441101346,-5.71354,10.33201,-2.0538,50,5.77879,9.69311,-123.87248,-4.1881,-8.88949,24.43289,-16.09885,e42a8b50-35ba-409e-b5a2-e64a896ea234,846944af-980d-4154-90c5-26d1400d6222,84.87183,Pitching,25410021,,,,,,,,,,,,,,,,,,,,,,,,f1547f71-5bac-4f01-a042-fbba3b56e73a,ebb8f8c3-3960-42a8-a427-d577aba406a6
279,2026-09-24,20:31:31.06,"Ireland, Cameron",1000617587,Right,,,,,,Curveball,Live,,74.38564,4.010582183,-0.7154367842,2099.72944,39.09269063,7:15,5.83221,2.44337,5.43688,-62.844,-11.40385,-9.21504,4.3567,1.00556,68.18555,-7.669870504,-2.435549336,0.5162053702,4.6901,-7.18306,-2.37387,50,6.14427,1.61703,-107.93626,5.73246,5.52657,18.98861,-40.6382,21004979-a802-4cf1-a91d-f878fa2cc8e1,846944af-980d-4154-90c5-26d1400d6222,73.0183,Pitching,25410021,,,,,,,,,,,,,,,,,,,,40.49847026,1596.6832,0.760423305,,552ef5b1-e1bf-4755-bb4e-27dea727f75a,ebb8f8c3-3960-42a8-a427-d577aba406a6
280,2026-09-24,20:31:46.13,"Ireland, Cameron",1000617587,Right,,,,,,Fastball,Live,,86.27702,-1.488488878,-3.897432575,2182.067126,232.5831821,1:45,5.76396,2.53116,5.90448,-27.86817,9.27026,12.15406,2.0566,-0.07889,79.8524,-6.677232392,-1.62728157,0.4386147056,-7.49815,5.35463,-2.22519,50,5.6282,8.15717,-125.37742,-4.14723,-12.0716,22.6368,-23.55339,a3960879-049f-4cc9-9957-ad0359a99150,846944af-980d-4154-90c5-26d1400d6222,85.93519,Pitching,25410021,,,,,,,,,,,,,,,,,,,,35.37809881,1779.146609,0.8153491652,,8ee3ab00-800a-47e4-bfdf-b70154e6bcde,ebb8f8c3-3960-42a8-a427-d577aba406a6
281,2026-09-24,20:31:59.71,"Ireland, Cameron",1000617587,Right,,,,,,,Live,,44.01512,1.929852582,-1.234056164,1136.456066,,,8.31789,1.33153,,,,,2.95826,-0.18925,39.62457,,,0.8663241637,2.14337,32.6614,-1.2498,50,8.4113,1.43834,-63.95155,1.05841,0.84476,9.55534,-19.30129,262f9132-2673-4b02-9d7c-7e66ec438b26,846944af-980d-4154-90c5-26d1400d6222,,Pitching,25410021,,,,,,,,,,,,,,,,,,,,,,,,c3fd0942-3995-4e40-a617-3737cee8f9d0,ebb8f8c3-3960-42a8-a427-d577aba406a6
282,2026-09-24,20:32:21.11,"Ireland, Cameron",1000617587,Right,,,,,,Fastball,Live,,86.02824,0.1197231787,-2.329296332,2066.986817,213.8596162,1:15,5.89587,2.58218,5.79817,-20.77749,17.25099,11.60605,4.27585,1.38196,77.92175,-3.794765483,-0.1408285922,0.4438394741,-6.95332,9.25541,-2.39786,50,5.89338,4.71918,-125.05485,-0.39655,-10.92236,27.11766,-17.63554,6fdadabe-2770-41e2-aa6c-c7143edd9b32,846944af-980d-4154-90c5-26d1400d6222,84.92358,Pitching,25410021,,,,,,,,,,,,,,,,,,,,28.55062176,1815.631282,0.8783951921,,8ef4c3ef-a7c4-4b5a-90f7-bbf571b43c89,ebb8f8c3-3960-42a8-a427-d577aba406a6
283,2026-09-24,20:32:37.64,"Ireland, Cameron",1000617587,Right,,,,,,Fastball,Live,,85.22984,-1.344165457,-4.192370858,2183.29422,201.9270633,12:45,5.8002,2.65086,6.14671,-18.71363,19.30711,7.79811,2.9953,-0.57954,78.0441,-4.865333126,-2.72493348,0.4437942919,-5.37961,10.86827,-2.3359,50,5.68809,8.84273,-123.78911,-3.46727,-8.36819,24.13659,-15.26804,afab029e-abdb-47ab-8da6-60353a899781,846944af-980d-4154-90c5-26d1400d6222,84.93223,Pitching,25410021,,,,,,,,,,,,,,,,,,,,32.74208916,1836.398674,0.8411136974,,d902e9a8-b962-47ec-93f0-5ea8410189c5,ebb8f8c3-3960-42a8-a427-d577aba406a6
284,2026-09-24,20:33:30.55,"Ireland, Cameron",1000617587,Right,,,,,,Fastball,Live,,85.62563,-1.2007062,-4.836643175,2254.81304,205.7461105,12:45,5.87541,2.40687,6.1769,-19.35601,18.28947,8.85746,3.14959,-1.33165,78.46661,-4.84179662,-3.17207664,0.4415987552,-6.11759,10.27943,-2.04573,50,5.77457,10.25346,-124.27653,-3.18743,-9.60343,24.02994,-16.03734,13ec61d3-a091-4176-8f90-b5f1796b02d6,846944af-980d-4154-90c5-26d1400d6222,85.3545,Pitching,25410021,,,,,,,,,,,,,,,,,,,,,,,,c26f7119-749d-40c8-84a8-7ed5b0668050,ebb8f8c3-3960-42a8-a427-d577aba406a6
285,2026-09-24,20:33:53.50,"Ireland, Cameron",1000617587,Right,,,,,,Fastball,Live,,85.79965,-0.5344011972,-3.777343029,2122.834587,203.5409215,12:45,5.87927,2.67671,6.06739,-22.70395,14.90976,6.52142,3.49171,-0.28001,78.5199,-4.803782743,-2.550539042,0.4414123638,-4.57412,8.23645,-2.38764,50,5.82567,8.03446,-124.6846,-1.8533,-7.21107,24.73043,-19.18936,25814ba2-9565-4536-9061-c6b600701716,846944af-980d-4154-90c5-26d1400d6222,85.39054,Pitching,25410021,,,,,,,,,,,,,,,,,,,,37.11438666,1692.817167,0.7974324414,,8557121e-4b48-4f4a-8ac5-7586c11eb31e,ebb8f8c3-3960-42a8-a427-d577aba406a6
286,2026-09-24,20:34:22.24,"Ireland, Cameron",1000617587,Right,,,,,,Splitter,Live,,76.16077,-0.5744455995,-3.512218286,907.7585232,227.9905346,1:30,5.93915,2.63953,5.65244,-44.71464,4.38359,4.91795,1.67622,-0.22997,69.36575,-8.92631099,-2.587371613,0.5043178114,-3.74225,2.53206,-2.34515,50,5.86255,6.6431,-110.52727,-2.38948,-4.57183,21.98064,-29.08068,0f4a2278-e093-40aa-8f11-4c3fb03cdca1,846944af-980d-4154-90c5-26d1400d6222,74.73946,Pitching,25410021,,,,,,,,,,,,,,,,,,,,28.08512804,800.869135,0.8822490943,,aa243177-2770-4a63-af0d-2b8dd61abc4e,ebb8f8c3-3960-42a8-a427-d577aba406a6
287,2026-09-24,20:34:53.94,"Ireland, Cameron",1000617587,Right,,,,,,Fastball,Live,,86.39893,-0.3985115737,-4.704268438,2089.934313,196.16884,12:30,5.9353,2.39934,6.24337,-21.84584,15.64899,4.56079,3.74605,-1.56869,77.80446,-4.550577215,-3.838421084,0.4407142671,-4.02654,8.70949,-2.05141,50,5.89487,10.17909,-125.3066,-1.50862,-6.30176,29.02145,-18.54322,48207df7-c73e-4b3b-ac8f-3174423b0d3a,846944af-980d-4154-90c5-26d1400d6222,85.5258,Pitching,25410021,,,,,,,,,,,,,,,,,,,219.8138456,33.7890893,1736.92432,0.8310903882,1:15,2fdf3a9a-5c0e-48dc-89ee-a1f3f8bb4485,ebb8f8c3-3960-42a8-a427-d577aba406a6
288,2026-09-24,20:35:12.30,"Ireland, Cameron",1000617587,Right,,,,,,Fastball,Live,,85.49538,-0.241208117,-4.964193133,2073.204173,193.6141665,12:30,5.93532,2.24526,6.24819,-20.09141,18.25433,4.44495,4.03777,-1.97342,76.86955,-4.062557725,-4.120471075,0.4456870078,-4.06292,10.09163,-1.87824,50,5.90752,10.63826,-123.94407,-1.0996,-6.21508,28.61583,-16.7368,bfcdf015-c520-4a0f-bb67-9b7d6dc6c4e1,846944af-980d-4154-90c5-26d1400d6222,84.57155,Pitching,25410021,,,,,,,,,,,,,,,,,,,,33.3839061,1731.130576,0.8350024557,,3af12041-c538-47bf-b8da-8e14224156ed,ebb8f8c3-3960-42a8-a427-d577aba406a6
289,2026-09-24,20:35:37.53,"Ireland, Cameron",1000617587,Right,,,,,,Splitter,Live,,76.10761,0.9635519356,-3.641976708,855.9073926,250.880427,2:15,5.92009,2.60233,5.54168,-46.78499,2.58152,7.60323,2.92364,-0.17192,69.11997,-7.782694639,-2.215273955,0.5056937766,-5.19793,1.07808,-2.29177,50,5.97316,6.80608,-110.40939,0.49775,-6.3419,21.78433,-30.8587,445a547e-7817-45bb-aaf3-0156d6b916d7,846944af-980d-4154-90c5-26d1400d6222,74.53609,Pitching,25410021,,,,,,,,,,,,,,,,,,,,29.99874333,741.2469314,0.8660363701,,364b94ba-325e-402d-9000-7c90568957fb,ebb8f8c3-3960-42a8-a427-d577aba406a6
290,2026-09-24,20:35:55.74,"Ireland, Cameron",1000617587,Right,,,,,,,Live,,45.695,6.301871537,-5.18864085,1113.771445,,,7.11817,3.66358,7.95038,,,,5.60277,-0.60704,41.55912,,,0.8109269015,-4.30492,21.69822,-3.43302,50,7.38455,5.9523,-66.02907,6.48046,-1.86928,8.10913,-22.75226,5524cedd-51dd-40ee-8b32-782f4af8eea3,846944af-980d-4154-90c5-26d1400d6222,46.48069,Pitching,25410021,,,,,,,,,,,,,,,,,,,,,,,,a6963c2e-f557-4570-b47e-d20b8baf2c8f,ebb8f8c3-3960-42a8-a427-d577aba406a6
291,2026-09-24,20:36:14.74,"Ireland, Cameron",1000617587,Right,,,,,,Curveball,Live,,76.72279,2.691534942,-2.155018162,2244.067795,76.95002418,8:30,5.72918,2.81881,5.5421,-50.02437,-1.39887,-5.90287,4.07922,0.3122,69.47021,-6.68396261,-3.264149545,0.5018840953,2.47097,-1.60238,-2.62845,50,5.92984,4.3623,-111.32583,3.77008,3.05925,22.49553,-34.15792,c9b81144-7acc-4b1e-b7e1-a1cbd5175311,846944af-980d-4154-90c5-26d1400d6222,75.10188,Pitching,25410021,,,,,,,,,,,,,,,,,,,,56.48018088,1239.231237,0.5522254008,,11dc19f1-ca70-4f68-b777-964057e0a456,ebb8f8c3-3960-42a8-a427-d577aba406a6
292,2026-09-24,20:36:35.61,"Ireland, Cameron",1000617587,Right,,,,,,Slider,Live,,76.40711,-0.007188179168,-3.702850773,2349.644864,57.32608599,8:00,5.69602,2.76344,5.42927,-53.67628,-4.32748,-6.69723,1.21625,-1.26691,69.76608,-9.964836284,-4.95544421,0.5056030315,2.37184,-2.30221,-2.43084,50,5.65909,7.36953,-110.80041,-1.60766,2.90381,22.59985,-34.99261,f5ce4e77-8fcc-4cc9-b3c4-f99832967c6d,846944af-980d-4154-90c5-26d1400d6222,74.54947,Pitching,25410021,,,,,,,,,,,,,,,,,,,,51.811995,1452.653512,0.6182438609,,8f131efb-df6c-42eb-936f-d242cfbf5123,ebb8f8c3-3960-42a8-a427-d577aba406a6
293,2026-09-24,20:36:56.08,"Ireland, Cameron",1000617587,Right,,,,,,Fastball,Live,,85.65182,-0.6806733658,-3.025101459,2085.675484,223.719188,1:30,5.76763,2.48905,6.17541,-26.42425,11.63868,11.16806,2.93618,0.62376,77.34019,-5.697330679,-0.8997295974,0.4440404027,-7.07497,6.58181,-2.26623,50,5.70283,6.25062,-124.45824,-2.25353,-10.93748,28.33234,-21.99897,024b5477-cafc-4d8c-a952-98591879b24f,846944af-980d-4154-90c5-26d1400d6222,84.88516,Pitching,25410021,,,,,,,,,,,,,,,,,,,,41.101516,1571.652415,0.7535459984,,731aadde-04b2-4003-b337-76b1d730f200,ebb8f8c3-3960-42a8-a427-d577aba406a6
294,2026-09-24,20:37:29.45,"Ireland, Cameron",1000617587,Right,,,,,,Fastball,Live,,86.21262,-2.180190243,-5.125890949,2069.017658,197.6218278,12:30,5.81419,2.37648,6.50972,-20.66367,16.79526,5.35651,2.08277,-1.89305,77.57912,-6.120465063,-4.10355537,0.4405031781,-4.67515,10.0315,-2.02098,50,5.65274,11.05834,-124.90889,-5.33903,-7.24893,29.52125,-16.61996,d24ae9d9-f339-4c0b-9681-9b2d0fe294d0,846944af-980d-4154-90c5-26d1400d6222,85.56678,Pitching,25410021,,,,,,,,,,,,,,,,,,,,,,,,53b84f84-863a-4da8-b3e5-761745b2e2eb,ebb8f8c3-3960-42a8-a427-d577aba406a6
295,2026-09-24,20:37:51.60,"Ireland, Cameron",1000617587,Right,,,,,,Fastball,Live,,85.27224,-1.706197389,-4.500612252,2068.541091,198.367249,12:30,5.96435,2.2913,6.21384,-21.05856,17.257,5.75102,2.62978,-1.39083,77.36666,-5.68779223,-3.412180747,0.4455116216,-4.51537,9.95675,-1.95691,50,5.82579,9.57024,-123.70206,-4.30642,-6.93393,26.73947,-16.88417,9f29b959-2ed6-486c-be13-ca195fc6ca22,846944af-980d-4154-90c5-26d1400d6222,84.60484,Pitching,25410021,,,,,,,,,,,,,,,,,,,,38.21291133,1625.288972,0.7857175179,,6ca2e224-c0f4-499c-80cb-06dc40b0ce29,ebb8f8c3-3960-42a8-a427-d577aba406a6
296,2026-09-24,20:38:16.24,"Ireland, Cameron",1000617587,Right,,,,,,Slider,Live,,77.14696,0.935440887,-3.167461316,2338.512887,53.88436823,7:45,5.71437,2.75682,5.5166,-52.20702,-4.28614,-5.83497,2.23974,-0.69368,70.6054,-8.773491618,-4.258604062,0.4982344939,2.15018,-2.57009,-2.47728,50,5.76145,6.37104,-111.99168,0.27879,2.70686,21.87848,-35.40954,7b08e62d-1acf-49e4-8753-c2d7de5ad8d5,846944af-980d-4154-90c5-26d1400d6222,75.65201,Pitching,25410021,,,,,,,,,,,,,,,,,,,,,,,,8898f4de-42ff-44d6-8cb0-c9d3642aae02,ebb8f8c3-3960-42a8-a427-d577aba406a6
297,2026-09-24,20:39:04.56,"Ireland, Cameron",1000617587,Right,,,,,,Fastball,Live,,85.87271,-1.925657602,-5.99389778,2018.43099,197.9284311,12:30,6.00222,2.36423,6.39363,-20.59153,17.15205,5.58058,2.50505,-2.70283,77.82235,-5.825964126,-4.938259129,0.4421737266,-4.92163,10.03824,-1.93579,50,5.85394,12.89343,-124.28966,-4.77946,-7.62056,27.27196,-16.63103,de728cde-e2cd-4c32-bca0-78e7cabc9acc,846944af-980d-4154-90c5-26d1400d6222,85.24351,Pitching,25410021,,,,,,,,,,,,,,,,,,,,30.49486995,1739.230716,0.8616746001,,12396e4d-cbcb-4e24-8d52-35662b661f97,ebb8f8c3-3960-42a8-a427-d577aba406a6
298,2026-09-24,20:39:24.98,"Ireland, Cameron",1000617587,Right,,,,,,Slider,Live,,75.05796,0.6307832252,-2.25642786,2366.133084,65.03129853,8:15,5.68037,2.918,5.47405,-54.98982,-4.2729,-9.10049,1.68855,0.04734,68.74641,-9.584365295,-3.960701078,0.5125636862,4.15068,-2.47168,-2.71394,50,5.69901,4.56075,-109.02514,-0.39936,4.94223,21.08957,-35.11708,3b078938-16eb-47e9-a767-03383d4aa253,846944af-980d-4154-90c5-26d1400d6222,73.53708,Pitching,25410021,,,,,,,,,,,,,,,,,,,,,,,,a2013526-0979-43f8-97c5-20468680210c,ebb8f8c3-3960-42a8-a427-d577aba406a6
299,2026-09-24,20:39:43.81,"Ireland, Cameron",1000617587,Right,,,,,,Fastball,Live,,84.84612,-0.4153950619,-3.163237309,2012.059997,220.4176078,1:15,5.70027,2.57272,6.21146,-25.40845,13.3249,11.38812,3.19899,0.59983,76.57054,-5.244840101,-0.9951313272,0.4479339133,-7.2454,7.42765,-2.34146,50,5.65647,6.48576,-123.28655,-1.6263,-10.99339,27.75343,-20.90413,e87f8d29-4c57-4b65-a9d6-a81b87b9c698,846944af-980d-4154-90c5-26d1400d6222,84.14732,Pitching,25410021,,,,,,,,,,,,,,,,,,,,,,,,c65c6a61-f878-4b9f-a5e5-2185385bb82c,ebb8f8c3-3960-42a8-a427-d577aba406a6
300,2026-09-24,20:40:12.41,"Ireland, Cameron",1000617587,Right,,,,,,Fastball,Live,,85.39679,-2.038189555,-5.08069418,2133.238781,201.7408689,12:45,5.93468,2.26892,6.26949,-18.90791,19.19635,7.68338,2.47211,-1.78625,77.61763,-5.612143085,-3.628590202,0.4442814445,-5.71386,11.11655,-1.89667,50,5.77432,10.78486,-123.78769,-4.96625,-8.81119,26.1347,-15.0315,0dbd2b16-1067-4467-b0b9-e361f9efcc62,846944af-980d-4154-90c5-26d1400d6222,84.8391,Pitching,25410021,,,,,,,,,,,,,,,,,,,,36.53946212,1713.944277,0.8034469894,,68a92c12-4e98-4325-bc29-c3d0491188d1,ebb8f8c3-3960-42a8-a427-d577aba406a6
301,2026-09-24,20:40:35.17,"Ireland, Cameron",1000617587,Right,,,,,,,Warmup,,77.16206,-1.53649198,-5.144370813,884.9610618,224.4621618,1:30,5.8644,2.52216,5.79455,-35.82405,11.25147,11.09525,1.44394,-1.35062,71.15206,-8.191337422,-3.075105579,0.4938203215,-7.32164,6.44884,-2.10531,50,5.71622,9.75334,-111.8657,-4.03863,-9.32083,19.30189,-23.96433,03162fa9-6920-48fd-aafc-3bfbe25ba75f,846944af-980d-4154-90c5-26d1400d6222,76.32825,Pitching,25410021,,,,,,,,,,,,,,,,,,,,2.308215638,884.2430313,0.9991886303,,ebd9b8df-50cc-42af-8435-ada8b1f90746,ebb8f8c3-3960-42a8-a427-d577aba406a6
302,2026-09-24,20:41:08.92,"Morrow, Jackson",1000616388,Right,,,,,,,Warmup,,72.76607,2.12941343,-1.880991955,1752.582448,94.41163402,9:15,5.51023,2.16786,6.61057,-51.62685,0.94706,-12.64203,3.16007,-0.60887,65.21856,-7.794335566,-4.321372947,0.5218630457,6.35531,-0.25729,-2.03498,50,5.6337,3.75609,-105.74368,2.77686,6.9757,23.17013,-32.45645,0cd261fa-a54c-4919-9f37-ee5228064321,846944af-980d-4154-90c5-26d1400d6222,72.22669,Pitching,25410021,,,,,,,,,,,,,,,,,,,,,,,,37ad2ff4-0a1b-4dbe-8db0-bf55f5727cb6,ebb8f8c3-3960-42a8-a427-d577aba406a6
303,2026-09-24,20:41:22.58,"Peterson, Charlie",1000616565,Right,,,,,,,Warmup,,85.94445,-1.587188227,-3.850852165,1892.947486,202.2947366,12:45,5.64327,2.1191,6.858,-15.72517,21.04899,8.65275,2.88251,-0.67511,77.75518,-4.606770232,-2.188942915,0.4364583053,-6.04316,12.28202,-1.87724,50,5.53636,8.18803,-124.91143,-3.86868,-9.441,27.79056,-12.98631,6da14e5c-ba57-457b-ad47-f56017d38c0e,846944af-980d-4154-90c5-26d1400d6222,86.35977,Pitching,25410021,,,,,,,,,,,,,,,,,,,,23.15054027,1740.518005,0.9194750612,,8b32ac10-0e07-46a4-ae04-81b204a8a473,ebb8f8c3-3960-42a8-a427-d577aba406a6
304,2026-09-24,20:41:38.08,"Peterson, Charlie",1000616565,Right,,,,,,,Warmup,,70.2064,1.063142497,-1.858298524,,,,5.44613,1.91774,6.50324,-54.18865,2.18174,5.77048,1.90666,0.6927,63.3622,-9.295329938,-0.7469131146,0.5403770722,-3.85381,0.83634,-1.79061,50,5.49682,3.18389,-102.08979,0.68985,-3.96569,20.7158,-31.31343,23ce2277-98a3-4970-9b3b-e33df2ae5f2b,846944af-980d-4154-90c5-26d1400d6222,69.75211,Pitching,25410021,,,,,,,,,,,,,,,,,,,,,,,,789c5e03-9650-4676-a104-8ea42ed8c2aa,ebb8f8c3-3960-42a8-a427-d577aba406a6
305,2026-09-24,20:41:51.03,"Peterson, Charlie",1000616565,Right,,,,,,,Warmup,,85.72647,-0.2483566816,-3.655983585,1900.216764,221.4789686,1:30,5.40784,2.0802,6.76641,-23.23982,13.87077,12.31204,3.24396,-0.23654,77.43841,-4.709789978,-1.291146665,0.4384502256,-8.03041,7.82383,-1.84648,50,5.38266,7.64519,-124.6369,-1.14269,-12.46835,28.07843,-20.02644,27c0c7e2-ed68-428b-9801-d057d40c576f,846944af-980d-4154-90c5-26d1400d6222,85.96743,Pitching,25410021,,,,,,,,,,,,,,,,,,,205.221296,22.79922026,1751.749836,0.9218684252,12:45,7168c61f-8937-437a-8810-ab711242440d,ebb8f8c3-3960-42a8-a427-d577aba406a6
306,2026-09-24,20:42:02.44,"Peterson, Charlie",1000616565,Right,,,,,,,Live,,85.53614,-1.03438808,-2.744392147,1919.029468,210.3873431,1:00,5.64666,1.91412,6.59897,-19.45661,17.84442,10.48721,3.07658,0.27226,77.66091,-4.748330731,-0.7392304442,0.4395738474,-6.63961,10.20353,-1.73159,50,5.56798,5.68311,-124.45112,-2.77372,-10.33105,26.8132,-16.29764,418d8dd8-64ae-4e9b-9ac0-264c6896581e,846944af-980d-4154-90c5-26d1400d6222,85.74768,Pitching,25410021,,,,,,,,,,,,,,,,,,,,20.56095918,1796.785487,0.9362990601,,81e875a9-f2a8-4514-9fcc-17a83c222376,ebb8f8c3-3960-42a8-a427-d577aba406a6
307,2026-09-24,20:42:08.38,"Peterson, Charlie",1000616565,Right,,,,,,,Live,,45.43271,,,,,,,,,,,,,,,,,,,,,,,,,,,,,7f416b74-6cb1-4261-acfa-0cd71208028e,846944af-980d-4154-90c5-26d1400d6222,,Pitching,25410021,,,,,,,,,,,,,,,,,,,,,,,,60c8d9b8-1bc8-4abc-8729-8f879c46c8eb,ebb8f8c3-3960-42a8-a427-d577aba406a6
308,2026-09-24,20:42:54.67,"Peterson, Charlie",1000616565,Right,,,,,,Slider,Live,,74.46984,0.3239720726,-2.49729914,1857.237787,122.3922133,10:00,5.46802,1.9201,6.38029,-48.13242,3.06686,-4.90402,1.75527,-0.78709,66.0675,-8.926876837,-3.446376294,0.5149953625,1.7059,1.56928,-1.73827,50,5.46959,4.83228,-108.11807,-0.53493,1.93296,26.33962,-30.39589,df2aae34-706b-468d-97d6-7aa19483989c,846944af-980d-4154-90c5-26d1400d6222,73.18986,Pitching,25410021,,,,,,,,,,,,,,,,,,,,,,,,417e0331-a9fd-49d5-90ed-7bded6715d6f,ebb8f8c3-3960-42a8-a427-d577aba406a6
309,2026-09-24,20:43:23.31,"Peterson, Charlie",1000616565,Right,,,,,,Fastball,Live,,86.15907,-0.3934174526,-3.164043502,1839.472742,222.8016467,1:30,5.62268,1.78761,6.9575,-21.81853,15.09728,14.02568,3.44601,0.07501,76.7683,-4.629380684,-0.4380470862,0.4372981267,-9.05514,8.66031,-1.5967,50,5.59079,6.58064,-125.27241,-1.39712,-13.9873,31.89608,-18.79663,dd4ef0be-375b-4d3b-93bb-c1b8e2281e86,846944af-980d-4154-90c5-26d1400d6222,86.19392,Pitching,25410021,,,,,,,,,,,,,,,,,,,,1.874368891,1838.488528,0.9994649478,,90db1149-8e24-4d73-a04d-024d3e2e07c1,ebb8f8c3-3960-42a8-a427-d577aba406a6
310,2026-09-24,20:44:02.91,"Peterson, Charlie",1000616565,Right,,,,,,Splitter,Live,,73.20118,1.275990605,-2.751478224,,,,5.36872,1.72337,6.72115,-52.00908,-0.33576,1.59964,2.20226,-0.65975,65.72892,-8.729698544,-2.441975398,0.5173740043,-1.89798,-0.6532,-1.54245,50,5.43271,5.0778,-106.38999,1.22707,-2.11184,23.21775,-32.90085,98a77fcc-cbda-42ff-b912-5ca157a2ce0f,846944af-980d-4154-90c5-26d1400d6222,72.85337,Pitching,25410021,,,,,,,,,,,,,,,,,,,,,,,,86cc98ec-c90d-4e30-8953-dc2587c17650,ebb8f8c3-3960-42a8-a427-d577aba406a6
311,2026-09-24,20:44:42.63,"Peterson, Charlie",1000616565,Right,,,,,,Fastball,Live,,84.9985,1.125580695,-2.635201077,1712.416913,231.1987637,1:45,5.53427,1.92861,7.13011,-26.56492,10.55693,13.19432,4.34234,0.63703,76.849,-4.011568942,-0.08160129657,0.4385167272,-8.29201,5.61924,-1.77778,50,5.59205,5.38584,-123.7613,1.80939,-12.70286,27.53141,-23.5657,99ab08a7-bf75-4d37-a07d-d7ea3f25f873,846944af-980d-4154-90c5-26d1400d6222,85.95439,Pitching,25410021,,,,,,,,,,,,,,,,,,,,19.6959782,1612.2306,0.9414942044,,9fd9950b-49d7-4834-8f87-1ca2f2d5e24c,ebb8f8c3-3960-42a8-a427-d577aba406a6
312,2026-09-24,20:45:02.09,"Peterson, Charlie",1000616565,Right,,,,,,Fastball,Live,,86.08423,-1.850400079,-4.577388145,1856.312845,207.9362343,1:00,5.50658,2.08715,7.21492,-20.30115,15.84967,8.43177,2.13379,-1.36273,78.17417,-5.762056201,-2.951328619,0.4327434044,-6.18072,9.55529,-1.82682,50,5.39396,9.8168,-125.07061,-4.52658,-9.69911,27.41507,-17.17939,c5a4a8fd-656a-4e8b-8b8e-f74e2445971f,846944af-980d-4154-90c5-26d1400d6222,87.10113,Pitching,25410021,,,,,,,,,,,,,,,,,,,,24.55467263,1688.43747,0.9095651491,,d0ed151c-eefb-46e9-9461-48af7f0a6539,ebb8f8c3-3960-42a8-a427-d577aba406a6
313,2026-09-24,20:45:23.35,"Peterson, Charlie",1000616565,Right,,,,,,Fastball,Live,,85.91869,-2.64223489,-3.889124099,1889.761879,220.44843,1:15,5.41149,2.07225,7.06879,-21.40223,15.25022,13.00869,1.2221,-0.37968,77.70903,-6.76203884,-1.375216181,0.4357354584,-8.5963,9.46312,-1.84336,50,5.24579,8.1719,-124.80774,-6.28766,-13.36045,28.55491,-17.46638,920fbe30-23d6-4a23-a7a9-89ad31b1bc02,846944af-980d-4154-90c5-26d1400d6222,86.50303,Pitching,25410021,,,,,,,,,,,,,,,,,,,,13.28072213,1839.222504,0.9732562208,,a08610dc-0f08-4e13-875d-feeb9daccf4e,ebb8f8c3-3960-42a8-a427-d577aba406a6
314,2026-09-24,20:45:42.28,"Peterson, Charlie",1000616565,Right,,,,,,Fastball,Live,,85.56328,-1.042465781,-3.692136914,1873.324942,229.4326306,1:45,5.40676,2.08626,7.18419,-25.62763,11.01019,12.90331,2.32481,-0.1874,77.51579,-5.990814892,-1.19507945,0.4356485074,-8.47877,6.57078,-1.87637,50,5.33839,7.73111,-124.46989,-2.86714,-13.13347,27.92909,-21.99602,4094f98e-c0ff-4d34-889a-e8d1c5410f1f,846944af-980d-4154-90c5-26d1400d6222,86.5203,Pitching,25410021,,,,,,,,,,,,,,,,,,,,22.31246671,1733.063731,0.9251271325,,2b7306c8-d7e5-43e0-9ed4-2e0ce36a8636,ebb8f8c3-3960-42a8-a427-d577aba406a6
315,2026-09-24,20:46:03.38,"Peterson, Charlie",1000616565,Right,,,,,,Fastball,Live,,85.77563,-0.7234482614,-1.292104529,1882.77277,226.1076587,1:30,5.48513,2.04064,6.92559,-22.62026,14.16764,14.75639,2.94135,2.09393,77.50938,-5.079925128,1.559048641,0.4365398343,-8.70971,8.19523,-1.96529,50,5.43196,2.45022,-124.94124,-2.14198,-13.55517,28.79515,-19.41958,5c3a8725-3c14-47e7-a378-d6ed93d0f19b,846944af-980d-4154-90c5-26d1400d6222,86.34364,Pitching,25410021,,,,,,,,,,,,,,,,,,,,14.48597039,1822.91739,0.9682089201,,022c50c0-b951-4d4f-b8d9-1bb53bfc313f,ebb8f8c3-3960-42a8-a427-d577aba406a6
316,2026-09-24,20:46:41.40,"Peterson, Charlie",1000616565,Right,,,,,,Slider,Live,,74.73763,-0.07856696323,-3.337103127,1967.055871,129.957242,10:15,5.32238,2.38146,6.53584,-44.4392,5.0983,-6.14544,1.54694,-1.1946,67.7974,-8.533819531,-4.513275099,0.5065688076,2.28791,2.85395,-2.14775,50,5.29787,6.47813,-108.61109,-1.19834,2.67932,22.50206,-28.83185,bc1c4708-ed77-4a6e-942f-896aae4b2fbd,846944af-980d-4154-90c5-26d1400d6222,74.40734,Pitching,25410021,,,,,,,,,,,,,,,,,,,,77.58720155,422.8255167,0.2149534861,,71e2528c-9960-4e94-abd8-b855e3e5070f,ebb8f8c3-3960-42a8-a427-d577aba406a6
317,2026-09-24,20:47:17.89,"Peterson, Charlie",1000616565,Right,,,,,,Fastball,Live,,84.36632,-1.126137637,-4.716828543,1982.183528,211.494022,1:00,5.38102,2.13409,6.84666,-21.57631,16.51354,10.15899,2.5527,-1.3293,76.70443,-5.254479228,-2.773557281,0.4441974582,-7.08237,9.56914,-1.83655,50,5.30094,9.85521,-122.53174,-2.95835,-10.69848,25.66092,-17.71911,ab76bfe2-7363-41e3-9c45-a0c7d1b980d8,846944af-980d-4154-90c5-26d1400d6222,84.85514,Pitching,25410021,,,,,,,,,,,,,,,,,,,,,,,,cd9b54a6-08c8-459d-b1e1-8b59df8499f8,ebb8f8c3-3960-42a8-a427-d577aba406a6
318,2026-09-24,20:47:37.56,"Peterson, Charlie",1000616565,Right,,,,,,Fastball,Warmup,,85.15404,-0.8806331864,-3.818429842,1951.786526,231.8682336,1:45,5.42434,2.25159,6.73401,-25.6131,12.28909,15.70778,2.48348,0.0667,76.54498,-5.80477377,-0.792879981,0.4431018145,-10.05466,7.15999,-2.00645,50,5.35635,7.85289,-123.71624,-2.56515,-15.28012,29.16034,-21.29298,935ac9b7-33db-4e88-9ef2-0ab18f54505d,846944af-980d-4154-90c5-26d1400d6222,85.06496,Pitching,25410021,,,,,,,,,,,,,,,,,,,,17.92070695,1857.09221,0.9514832617,,fc81005f-9d75-4569-a197-63f4af0ce3dd,ebb8f8c3-3960-42a8-a427-d577aba406a6
319,2026-09-24,20:49:01.13,"Ireland, Cameron",1000617587,Right,,,,,,,Warmup,,81.56538,0.02527540556,-3.264051809,1850.014763,202.1521073,12:45,5.89691,2.94421,6.16284,-27.00035,15.07232,6.16055,3.67027,0.4396,73.48294,-5.106061362,-2.091980646,0.4668436689,-4.43038,8.23273,-2.70007,50,5.88511,6.58554,-118.48563,-0.70022,-6.19653,26.04591,-20.65937,731e66b9-7e35-4c0d-86eb-38501ffe0184,846944af-980d-4154-90c5-26d1400d6222,80.73889,Pitching,25410021,,,,,,,,,,,,,,,,,,,,31.00877326,1585.626243,0.8570884268,,fd056885-4e0c-433b-a24e-b08fde0b18fb,ebb8f8c3-3960-42a8-a427-d577aba406a6
320,2026-09-24,20:49:11.73,"Ireland, Cameron",1000617587,Right,,,,,,,Warmup,,83.1553,-0.8672601699,-4.731692207,1857.630541,206.680782,1:00,5.78601,2.63672,6.33378,-25.42412,14.90456,7.52692,2.86611,-1.10211,75.00503,-5.702519568,-3.299814164,0.4570654494,-5.66935,8.47843,-2.29554,50,5.71074,9.77649,-120.60934,-2.52975,-8.22335,26.80144,-19.87616,d3191182-da23-41d9-919f-47cfe96629e6,846944af-980d-4154-90c5-26d1400d6222,82.46617,Pitching,25410021,,,,,,,,,,,,,,,,,,,,,,,,3a1b1e2b-4190-48ca-a705-e3066ca81ea1,ebb8f8c3-3960-42a8-a427-d577aba406a6
321,2026-09-24,20:49:23.00,"Ireland, Cameron",1000617587,Right,,,,,,,Warmup,,82.4465,-1.920683378,-4.805231771,1892.225082,203.0486799,12:45,5.82231,2.58615,6.46157,-25.029,15.65415,6.6867,1.96572,-1.28013,74.84312,-6.669544832,-3.533847002,0.4590697776,-5.17408,9.23369,-2.24976,50,5.67524,9.87433,-119.57789,-4.69007,-7.41398,25.28825,-18.94302,63459dc5-f088-4104-b6e9-32f128f98d15,846944af-980d-4154-90c5-26d1400d6222,82.10612,Pitching,25410021,,,,,,,,,,,,,,,,,,,,,,,,9ea3a56d-d6d9-4c97-89a0-108fda93d948,ebb8f8c3-3960-42a8-a427-d577aba406a6
322,2026-09-24,20:49:35.89,"Ireland, Cameron",1000617587,Right,,,,,,,Warmup,,82.63451,-1.58887796,-4.309882321,2037.225404,201.9184699,12:45,5.97437,2.51013,6.0992,-23.21404,17.69575,7.14547,2.56605,-0.8874,75.08293,-5.966675188,-2.960252426,0.4603467215,-5.18509,10.11144,-2.18232,50,5.83979,8.83073,-119.90034,-4.00264,-7.49073,24.82729,-17.56637,ce04e0c9-97d2-4ee7-9544-9772d11bdd37,846944af-980d-4154-90c5-26d1400d6222,81.87837,Pitching,25410021,,,,,,,,,,,,,,,,,,,,34.23750566,1684.199623,0.8267124589,,fa7f4aa2-cdc3-482c-b7a4-2667015a9a18,ebb8f8c3-3960-42a8-a427-d577aba406a6
323,2026-09-24,20:49:59.65,"Ireland, Cameron",1000617587,Right,,,,,,,Warmup,,84.08583,-1.115452984,-3.403794241,1958.806361,224.2483286,1:30,5.69989,2.90267,6.0142,-28.45647,11.3463,11.08974,2.29342,0.67047,75.95402,-6.49609488,-1.299961242,0.4540754435,-7.12447,6.52802,-2.64194,50,5.59702,6.93326,-122.0834,-3.22276,-10.59233,27.37312,-22.4685,045c8366-5c65-4dda-927d-32248a1dc7cc,846944af-980d-4154-90c5-26d1400d6222,83.0092,Pitching,25410021,,,,,,,,,,,,,,,,,,,197.636717,29.76344952,1700.40515,0.8680823095,12:30,f85bb7a5-47f6-4029-a698-4305908cea8e,ebb8f8c3-3960-42a8-a427-d577aba406a6
324,2026-09-24,20:50:10.01,"Ireland, Cameron",1000617587,Right,,,,,,,Warmup,,80.78919,-1.721115975,-3.98328509,1913.832967,209.3458955,1:00,5.97864,2.87973,6.10086,-28.33249,14.82637,8.36265,2.02176,-0.11265,72.85846,-7.083913408,-2.394257983,0.4728314698,-5.87935,8.66057,-2.57785,50,5.83142,7.92714,-117.18669,-4.31917,-8.03094,25.80292,-20.34408,8652e88a-b20f-4e27-b829-35c9b8098dbe,846944af-980d-4154-90c5-26d1400d6222,79.71643,Pitching,25410021,,,,,,,,,,,,,,,,,,,,20.80249338,1789.070621,0.9348102221,,a7d18e84-cd4d-4138-b7c0-c7cad74de287,ebb8f8c3-3960-42a8-a427-d577aba406a6
325,2026-09-24,20:50:17.65,"Ireland, Cameron",1000617587,Right,,,,,,,Live,,44.82345,6.388551906,2.731557674,1188.421796,,,7.35419,4.66487,-1.37213,,,,3.87028,4.31025,39.20124,,,1.000721049,17.93907,27.42774,-5.12122,50,8.33633,-1.83529,-63.47158,3.33553,6.9308,9.68877,-21.57728,c87eed40-56c0-4c4e-aca3-d911daefe5a2,846944af-980d-4154-90c5-26d1400d6222,37.66528,Pitching,25410021,,,,,,,,,,,,,,,,,,,,,,,,42d53c77-d1a1-404c-aaea-6cd66f17c792,ebb8f8c3-3960-42a8-a427-d577aba406a6
326,2026-09-24,20:50:43.21,"Ireland, Cameron",1000617587,Right,,,,,,Curveball,Live,,73.59296,1.870765692,-2.51733438,2036.572148,38.37329069,7:15,5.8913,2.51199,5.54734,-64.05795,-11.0495,-8.72802,2.30341,-0.56894,67.03953,-10.08495749,-4.158997759,0.5240153105,3.84017,-6.52998,-2.28867,50,6.01177,4.93925,-106.78595,1.6968,4.35588,21.41955,-39.58095,731d1eb1-e4f8-4382-a6b7-42d2e5eec68f,846944af-980d-4154-90c5-26d1400d6222,71.93003,Pitching,25410021,,,,,,,,,,,,,,,,,,,28.25551687,45.06411011,1438.46173,0.7063151339,7:00,069011cb-d81a-4ec3-ab4a-3997dc6bcedc,ebb8f8c3-3960-42a8-a427-d577aba406a6
327,2026-09-24,20:51:15.62,"Ireland, Cameron",1000617587,Right,,,,,,Fastball,Live,,85.56632,-0.4204553518,-3.66257142,1972.713133,216.9182929,1:15,5.73944,2.89614,6.14797,-23.94815,13.91355,10.49472,3.35452,0.38233,77.92475,-4.943908987,-1.678844371,0.4428650679,-6.77639,7.7022,-2.62307,50,5.69508,7.6481,-124.33817,-1.62384,-10.56911,25.79118,-20.16096,aa33b811-9e35-4139-8e23-a16aab9a5ffe,846944af-980d-4154-90c5-26d1400d6222,85.11044,Pitching,25410021,,,,,,,,,,,,,,,,,,,,33.624312,1642.651294,0.8326863481,,1ddfd6c3-4499-40d1-bd16-6e7ca3dbf788,ebb8f8c3-3960-42a8-a427-d577aba406a6
328,2026-09-24,20:51:51.60,"Ireland, Cameron",1000617587,Right,,,,,,Curveball,Live,,75.50459,0.0601019332,-3.482413763,1929.763401,26.36433262,7:00,5.84642,2.42775,5.79016,-62.00971,-12.13012,-6.00269,0.73495,-1.31553,69.207,-11.49484741,-4.614105762,0.5083148901,2.09843,-6.56541,-2.13767,50,5.81476,6.83389,-109.57667,-1.5961,2.50833,22.40767,-40.02194,cf2675c0-57cf-4493-996e-db3824f2bcbd,846944af-980d-4154-90c5-26d1400d6222,74.15175,Pitching,25410021,,,,,,,,,,,,,,,,,,,,38.40777347,1512.180311,0.7836091774,,f459540b-cb82-464b-8a54-89a0d9ef44a2,ebb8f8c3-3960-42a8-a427-d577aba406a6
329,2026-09-24,20:52:09.17,"Ireland, Cameron",1000617587,Right,,,,,,Fastball,Live,,85.60747,-1.599100481,-4.931339382,2093.89804,214.2312498,1:15,5.85945,2.33669,6.3012,-25.45327,12.45805,8.51224,2.2594,-1.50795,77.77168,-6.414590937,-3.318908151,0.4431552309,-6.16406,7.3186,-1.97862,50,5.72958,10.46763,-124.14055,-4.20623,-9.53768,26.81503,-20.84995,93f1dd00-0e94-4335-a6d1-d49e54952076,846944af-980d-4154-90c5-26d1400d6222,85.05471,Pitching,25410021,,,,,,,,,,,,,,,,,,,,,,,,c977ab3b-6985-41e4-ac55-5b0008a08b07,ebb8f8c3-3960-42a8-a427-d577aba406a6
330,2026-09-24,20:52:23.37,"Ireland, Cameron",1000617587,Right,,,,,,Fastball,Live,,85.53362,-2.559338377,-5.186052833,2145.314357,205.3059945,12:45,5.85754,2.61048,6.34905,-22.1517,15.94344,7.56248,1.64478,-1.54545,77.47741,-6.754386154,-3.751183598,0.4442282544,-5.78226,9.56979,-2.23741,50,5.66087,11.03168,-123.8939,-6.18496,-8.88132,27.48146,-17.47525,be24f809-f3d1-4b61-8697-c0fff0188973,846944af-980d-4154-90c5-26d1400d6222,84.84926,Pitching,25410021,,,,,,,,,,,,,,,,,,,,35.47239198,1747.133793,0.8143952361,,32744d1d-eaf9-4aab-b5f8-c70c4aaf9c4d,ebb8f8c3-3960-42a8-a427-d577aba406a6
331,2026-09-24,20:52:42.53,"Ireland, Cameron",1000617587,Right,,,,,,Slider,Live,,76.35448,1.648347196,-2.213318292,2335.429343,47.21506763,7:30,5.6987,2.84642,5.5926,-55.43816,-6.55591,-7.05024,2.61927,0.19159,69.61855,-8.708918432,-3.538035848,0.5032073568,3.07906,-4.02641,-2.6523,50,5.80458,4.48993,-110.88314,1.58584,3.78643,22.0965,-37.12546,8f13e19f-5e11-44b1-9e2f-161710e25547,846944af-980d-4154-90c5-26d1400d6222,74.90439,Pitching,25410021,,,,,,,,,,,,,,,,,,,52.77768283,52.60932633,1418.181343,0.6072465207,7:45,984e207b-60bf-45ac-aa94-1f84bdbd3798,ebb8f8c3-3960-42a8-a427-d577aba406a6
332,2026-09-24,20:53:00.14,"Ireland, Cameron",1000617587,Right,,,,,,Curveball,Live,,76.81248,0.889787712,-3.323457163,2445.586862,31.56853785,7:00,5.82644,2.73206,5.49044,-59.12711,-10.65083,-6.53335,1.73291,-0.92447,70.46599,-10.07919652,-4.545024786,0.5011134128,2.45696,-5.95222,-2.43689,50,5.86509,6.66715,-111.4714,-0.02121,3.05919,21.99132,-39.5852,f77ef96e-8d31-440a-9678-1e21457eec43,846944af-980d-4154-90c5-26d1400d6222,75.21738,Pitching,25410021,,,,,,,,,,,,,,,,,,,,57.45423413,1315.659966,0.5379731085,,d7385efc-113f-42e8-9c9c-95cf79323d90,ebb8f8c3-3960-42a8-a427-d577aba406a6
333,2026-09-24,20:53:25.69,"Ireland, Cameron",1000617587,Right,,,,,,Splitter,Warmup,,77.84035,-0.4732272963,-3.876693352,1270.673441,245.2859399,2:15,5.88961,2.42467,5.60705,-43.18943,3.45478,7.59881,1.8478,-0.5658,71.53787,-8.496507995,-2.45723754,0.4915529313,-5.14928,1.97825,-2.09806,50,5.82143,7.43164,-113.00363,-2.21998,-6.65113,20.80235,-29.61881,3e40c225-6189-4200-8473-615de88e23f2,846944af-980d-4154-90c5-26d1400d6222,76.68033,Pitching,25410021,,,,,,,,,,,,,,,,,,,,,,,,33e4dfe1-5516-4464-8bcb-0417588727cc,ebb8f8c3-3960-42a8-a427-d577aba406a6
334,2026-09-24,20:53:51.16,"Ireland, Cameron",1000617587,Right,,,,,,,Warmup,,74.27294,0.4755849364,-2.997568803,1619.18305,120.6083272,10:00,5.49874,2.09881,6.6005,-49.21681,2.03952,-3.52186,1.83357,-0.94288,65.66719,-9.038302239,-3.682837612,0.5152821949,0.71493,0.94183,-1.89325,50,5.51113,5.7252,-107.81238,-0.21589,0.80206,26.90026,-31.11742,6508c3c4-ce3c-49b1-9eb2-fdb745473e45,846944af-980d-4154-90c5-26d1400d6222,73.14912,Pitching,25410021,,,,,,,,,,,,,,,,,,,,,,,,1b85f64c-6975-4251-b74b-0c2a82bcb273,ebb8f8c3-3960-42a8-a427-d577aba406a6
335,2026-09-24,20:54:00.52,"Ireland, Cameron",1000617587,Right,,,,,,,Warmup,,85.1252,0.08642987391,-2.567978371,1786.182791,210.3566637,1:00,5.81245,1.99517,6.73527,-20.54686,17.03681,10.00692,4.17925,0.48134,76.91706,-3.858378659,-0.645428192,0.4412360531,-6.38684,9.47385,-1.83031,50,5.81007,5.29704,-123.88912,-0.34545,-9.80419,27.59498,-17.63111,37d4ea07-7475-4861-a33c-705422ebf661,846944af-980d-4154-90c5-26d1400d6222,85.42466,Pitching,25410021,,,,,,,,,,,,,,,,,,,,10.96879102,1753.550966,0.9817309714,,017ded1f-5e2f-4fee-bec7-e62544a973b7,ebb8f8c3-3960-42a8-a427-d577aba406a6
336,2026-09-24,20:54:15.07,"Ireland, Cameron",1000617587,Right,,,,,,,Warmup,,84.10359,-0.2303401076,-3.138692619,1854.521258,220.2869174,1:15,5.82183,1.74432,6.97892,-23.56726,14.83845,12.62173,3.64811,-0.06097,75.58429,-4.786872157,-0.6955125272,0.4460354121,-8.1635,8.43926,-1.55566,50,5.79954,6.40588,-122.34906,-1.0587,-12.13553,28.48145,-19.62859,41394319-c1a7-41b3-bf06-e2cd19ff7ec1,846944af-980d-4154-90c5-26d1400d6222,84.50549,Pitching,25410021,,,,,,,,,,,,,,,,,,,,17.76680689,1766.072335,0.9523063311,,34dd5ec3-2091-475c-812d-f56dae791fdc,ebb8f8c3-3960-42a8-a427-d577aba406a6
337,2026-09-24,20:54:28.38,"Beck, Jake",1000314594,Right,,,,,,,Warmup,,73.7444,-0.910399794,-2.915370597,1882.592027,140.9160424,10:45,5.80905,1.88448,6.64414,-47.54131,3.95561,-3.25361,1.01292,-1.05714,65.94028,-10.03586477,-3.546235937,0.5164901056,0.6762,2.56935,-1.68688,50,5.72864,5.5274,-107.10578,-2.76868,0.75544,25.08192,-29.30359,827fa8f2-2241-4981-8db7-cf0da91964a9,846944af-980d-4154-90c5-26d1400d6222,72.97805,Pitching,25410021,,,,,,,,,,,,,,,,,,,,,,,,6fee66bd-34de-4450-a476-6399968a306d,ebb8f8c3-3960-42a8-a427-d577aba406a6
338,2026-09-24,20:54:43.58,"Beck, Jake",1000314594,Right,,,,,,,Warmup,,84.05885,1.649204475,-1.429171427,1568.256508,228.7806429,1:45,5.64003,2.04517,6.68079,-28.99635,9.68226,11.09719,4.73287,1.66259,75.82232,-3.919493479,0.7045218407,0.4476172673,-6.63685,4.86349,-1.95439,50,5.73833,2.76531,-122.345,2.77357,-9.91428,27.38793,-24.90885,d19d3f36-125f-4402-90d4-eb7134c9154a,846944af-980d-4154-90c5-26d1400d6222,84.20685,Pitching,25410021,,,,,,,,,,,,,,,,,,,,9.959922315,1544.621278,0.9849289768,,52bb74ca-ba1c-4d55-b2fb-48d7249488ff,ebb8f8c3-3960-42a8-a427-d577aba406a6
339,2026-09-24,20:55:11.10,"Peterson, Charlie",1000616565,Right,,,,,,Fastball,Live,,84.85441,-0.1446538212,-3.500899402,1457.265713,221.8042835,1:30,5.533,1.87643,7.06534,-25.76027,11.82661,10.62215,3.25474,-0.42068,76.38456,-5.127315989,-1.444150577,0.4412548928,-7.16352,6.73205,-1.66988,50,5.51584,7.29876,-123.4239,-0.92361,-10.84961,28.72151,-21.97793,faa140c2-1e42-4742-940e-5aad39168623,846944af-980d-4154-90c5-26d1400d6222,85.42101,Pitching,25410021,,,,,,,,,,,,,,,,,,,,11.61103091,1427.444984,0.9795365188,,4efc0481-9469-43e0-98b6-7f205fda89a7,ebb8f8c3-3960-42a8-a427-d577aba406a6
340,2026-09-24,20:55:29.15,"Peterson, Charlie",1000616565,Right,,,,,,Slider,Live,,75.71848,1.419927673,-3.664719261,1783.002918,108.2264383,9:30,5.46623,1.99478,6.78953,-46.93124,1.57681,-4.89626,2.85415,-1.76251,67.52901,-7.643535904,-4.613013816,0.5012776157,1.34927,0.34239,-1.75538,50,5.54077,7.14967,-109.92432,1.68411,1.59316,25.83017,-31.76977,976ea1e3-314c-4618-a8e8-019806bf17d0,846944af-980d-4154-90c5-26d1400d6222,75.19274,Pitching,25410021,,,,,,,,,,,,,,,,,,,,,,,,62419a01-5d52-401e-87d1-1a6ad3cf3caa,ebb8f8c3-3960-42a8-a427-d577aba406a6
341,2026-09-24,20:55:46.75,"Peterson, Charlie",1000616565,Right,,,,,,Fastball,Live,,85.60852,-1.414080109,-5.095269632,1789.008938,210.4595539,1:00,5.45063,1.89607,7.07259,-21.67311,15.50188,9.1564,2.35558,-1.97829,76.86796,-5.603043921,-3.326168933,0.4388305109,-6.90723,9.24874,-1.59358,50,5.35863,10.85719,-124.20945,-3.59402,-10.56868,29.65353,-18.02264,8c2490a0-3d73-43b8-af48-4fc129e9b281,846944af-980d-4154-90c5-26d1400d6222,85.89293,Pitching,25410021,,,,,,,,,,,,,,,,,,,,10.27438485,1760.321959,0.9839648765,,eff56716-5ae4-4161-ba37-7ab5fca9997b,ebb8f8c3-3960-42a8-a427-d577aba406a6
342,2026-09-24,20:56:04.98,"Peterson, Charlie",1000616565,Right,,,,,,Fastball,Live,,85.24114,-0.2810633099,-2.455928067,1820.699406,224.7656924,1:30,5.40976,1.97924,7.11358,-22.38223,14.71418,14.63523,3.28941,0.9699,76.74858,-4.616876672,0.3840990192,0.4383664715,-9.09712,8.42316,-1.83874,50,5.38596,4.97826,-124.1157,-1.13718,-13.93655,28.98752,-19.26998,b43799ab-e2b0-42ab-a9e0-1c9cb864c623,846944af-980d-4154-90c5-26d1400d6222,85.98385,Pitching,25410021,,,,,,,,,,,,,,,,,,,,12.74321245,1775.852773,0.9753684586,,d57239a9-6de8-429e-a1d8-5d610d919b0d,ebb8f8c3-3960-42a8-a427-d577aba406a6
343,2026-09-24,20:57:01.04,"Peterson, Charlie",1000616565,Right,,,,,,Slider,Live,,73.17392,1.786958582,-2.609367809,1803.704456,86.83198915,9:00,5.33095,2.19911,6.41857,-52.93854,-0.62073,-10.70727,2.56412,-1.09322,65.79393,-8.32769683,-4.664707223,0.5205904332,4.98085,-0.99109,-2.00836,50,5.43458,5.09519,-106.27729,2.07443,5.53468,23.0398,-33.27533,45433db0-3472-474a-b10e-b1ec36d515aa,846944af-980d-4154-90c5-26d1400d6222,72.40325,Pitching,25410021,,,,,,,,,,,,,,,,,,,,,,,,31e71edf-13e4-4019-aada-1f5085a98a3a,ebb8f8c3-3960-42a8-a427-d577aba406a6
344,2026-09-24,20:57:22.61,"Peterson, Charlie",1000616565,Right,,,,,,Slider,Live,,72.64428,1.930240778,-2.375513716,1845.527577,88.55653969,9:00,5.2863,2.17031,6.55056,-53.03253,-0.38535,-14.34988,2.63885,-1.20475,65.56117,-8.207904513,-5.131320418,0.5222265574,7.13558,-0.89554,-2.00044,50,5.39698,4.706,-105.56509,2.35341,7.84787,22.21827,-33.15899,bb3b68d9-35da-4f7c-bab6-fbcf387c815f,846944af-980d-4154-90c5-26d1400d6222,72.17641,Pitching,25410021,,,,,,,,,,,,,,,,,,,,,,,,21506d9d-1e88-4944-be33-20cec34e131b,ebb8f8c3-3960-42a8-a427-d577aba406a6
345,2026-09-24,20:57:43.26,"Peterson, Charlie",1000616565,Right,,,,,,Slider,Live,,71.86627,2.132486643,-3.431778532,,,,5.39056,1.86449,6.63981,-52.98182,1.10546,1.42057,2.93167,-1.16196,64.14628,-8.073386041,-3.157139719,0.5293208312,-2.08393,-0.18548,-1.63366,50,5.51311,6.2233,-104.29704,2.72922,-2.21978,22.92479,-32.37162,ee753c9a-ff2d-49a8-9468-401f7a232e1e,846944af-980d-4154-90c5-26d1400d6222,71.20906,Pitching,25410021,,,,,,,,,,,,,,,,,,,,,,,,43973ea4-9583-4ca3-b061-85a9705d6b1a,ebb8f8c3-3960-42a8-a427-d577aba406a6
346,2026-09-24,20:58:28.55,"Peterson, Charlie",1000616565,Right,,,,,,Fastball,Live,,84.19956,0.7284906712,-3.05939848,1727.484458,230.425119,1:45,5.19948,2.32743,6.73578,-29.88264,8.84699,10.76612,3.37581,0.42684,75.59353,-5.025997917,-0.9836693715,0.4479123963,-7.04889,4.6968,-2.13051,50,5.23576,6.26943,-122.42592,0.79862,-10.48055,28.7528,-25.19067,ce2a2d4c-2fba-43ba-8e91-b5ddd13ef99a,846944af-980d-4154-90c5-26d1400d6222,84.15136,Pitching,25410021,,,,,,,,,,,,,,,,,,,,15.05176135,1668.217254,0.9656916135,,4113e9c6-bcfd-4470-9d5e-57dfb1d5d1ac,ebb8f8c3-3960-42a8-a427-d577aba406a6
347,2026-09-24,20:59:01.83,"Peterson, Charlie",1000616565,Right,,,,,,Slider,Live,,72.46667,1.651256649,-1.581603323,1628.852621,68.25588436,8:15,5.25495,2.39164,5.99492,-57.58037,-3.48488,-8.64136,1.98756,0.20573,65.29685,-9.258034308,-3.230401118,0.5293609752,4.14362,-2.48942,-2.26263,50,5.35376,3.12496,-105.24776,1.57633,4.52259,22.34542,-34.89115,97a9c8ef-da4b-4e6f-8a5b-1edde4089b3b,846944af-980d-4154-90c5-26d1400d6222,71.20366,Pitching,25410021,,,,,,,,,,,,,,,,,,,,71.37027358,520.3385843,0.3194509913,,4dc9e731-a2fd-4c8d-99f6-4ff5f2d9aa69,ebb8f8c3-3960-42a8-a427-d577aba406a6
348,2026-09-24,20:59:38.04,"Peterson, Charlie",1000616565,Right,,,,,,Fastball,Live,,85.16633,-0.5384579898,-3.940504275,1756.189716,220.465758,1:15,5.4389,1.96109,6.83381,-21.33058,16.50591,14.13225,3.16915,-0.46026,76.24004,-4.657627413,-1.210805584,0.4427176415,-9.2808,9.44405,-1.71387,50,5.39647,8.1683,-123.73058,-1.70095,-14.06879,29.78243,-17.85777,c9ec7709-d3bd-4cef-aeb2-363696a6f29c,846944af-980d-4154-90c5-26d1400d6222,85.13878,Pitching,25410021,,,,,,,,,,,,,,,,,,,,16.74492345,1681.721814,0.957596892,,5602c766-733f-49b8-bbc3-a782c49d92c4,ebb8f8c3-3960-42a8-a427-d577aba406a6
349,2026-09-24,20:59:54.80,"Peterson, Charlie",1000616565,Right,,,,,,Fastball,Live,,87.1739,-0.3840977016,-4.139041197,1806.793561,219.7461835,1:15,5.50556,1.80447,6.90644,-20.13762,15.65074,13.06817,3.47673,-0.88224,78.54776,-4.264616387,-1.622008254,0.4305685676,-8.66853,8.91117,-1.54921,50,5.47418,8.83571,-126.68617,-1.36317,-13.87959,29.45018,-17.90595,849c553b-93a6-43e9-9154-6ca5cf0a4002,846944af-980d-4154-90c5-26d1400d6222,87.54108,Pitching,25410021,,,,,,,,,,,,,,,,,,,,16.47546918,1732.608869,0.9589412463,,6c14edc6-0d2b-4040-993e-c519615bb3c2,ebb8f8c3-3960-42a8-a427-d577aba406a6
350,2026-09-24,21:00:20.27,"Peterson, Charlie",1000616565,Right,,,,,,Slider,Live,,75.99898,0.4398216725,-3.367979664,1865.672319,83.05736079,8:45,5.28283,2.16935,6.27569,-49.92244,-1.3404,-10.73302,1.5287,-1.83273,68.8295,-9.01750432,-5.414053494,0.5016597732,4.73254,-0.89007,-1.91567,50,5.2913,6.76539,-110.35669,-0.41134,5.69895,23.94432,-33.24587,35c013af-256b-4360-b6c7-a0dac6f10655,846944af-980d-4154-90c5-26d1400d6222,75.13546,Pitching,25410021,,,,,,,,,,,,,,,,,,,,,,,,7fec9e22-911a-430e-bae3-4ed12a0aa5c7,ebb8f8c3-3960-42a8-a427-d577aba406a6
351,2026-09-24,21:00:40.06,"Peterson, Charlie",1000616565,Right,,,,,,Slider,Live,,73.30587,0.007636436824,-3.899646841,,,,5.28898,1.73613,6.56739,-40.97472,10.75736,1.73923,1.88144,-1.6987,65.93923,-7.832383037,-3.565552405,0.5176680697,-2.33731,5.97756,-1.46888,50,5.27226,7.2158,-106.43867,-0.92337,-2.61487,22.4915,-25.48666,3a10da4b-a94f-46b6-b089-492585fdd199,846944af-980d-4154-90c5-26d1400d6222,72.81198,Pitching,25410021,,,,,,,,,,,,,,,,,,,,,,,,30743852-0952-4fc0-8904-130b764b7bb1,ebb8f8c3-3960-42a8-a427-d577aba406a6
352,2026-09-24,21:01:07.36,"Peterson, Charlie",1000616565,Right,,,,,,Fastball,Live,,84.9235,-0.9043403084,-3.926179476,1858.591373,224.7560197,1:30,5.31845,2.10462,6.81834,-23.43789,14.08194,14.00967,2.53837,-0.31488,77.30411,-5.387958446,-1.243151201,0.4408611653,-8.97951,8.1309,-1.85734,50,5.25134,8.11764,-123.47849,-2.55089,-13.7875,25.8467,-19.68954,c50cb4e0-cfa0-4dec-aa6c-3069dd2ef503,846944af-980d-4154-90c5-26d1400d6222,85.4973,Pitching,25410021,,,,,,,,,,,,,,,,,,,,17.33657819,1774.156976,0.9545707579,,53ff8b6a-a24c-414e-a339-e09fd9c9c7aa,ebb8f8c3-3960-42a8-a427-d577aba406a6
353,2026-09-24,21:01:25.87,"Peterson, Charlie",1000616565,Right,,,,,,Fastball,Live,,86.4472,-0.2814526753,-3.322723601,1879.747041,222.9348543,1:30,5.41443,2.08345,6.93828,-24.12955,11.84118,11.06038,3.14706,-0.02219,78.72869,-4.909697035,-1.199007227,0.4316641828,-7.17834,6.72435,-1.88068,50,5.38832,7.02564,-125.81914,-1.22802,-11.44703,26.76767,-21.45098,d548acb8-268f-4bd1-a552-4759f21ff21f,846944af-980d-4154-90c5-26d1400d6222,87.31889,Pitching,25410021,,,,,,,,,,,,,,,,,,,,17.17596307,1795.914711,0.9554023346,,22586808-cc88-4f3c-a57f-c77972a905ad,ebb8f8c3-3960-42a8-a427-d577aba406a6
354,2026-09-24,21:02:13.92,"Peterson, Charlie",1000616565,Right,,,,,,Slider,Live,,73.95424,1.267529408,-2.597954479,1824.428613,88.03605603,9:00,5.39732,2.15014,6.43684,-51.54278,-0.46659,-12.74752,2.26812,-1.30087,66.70388,-8.562648391,-5.042439825,0.5143759417,6.12944,-0.71089,-1.96015,50,5.46427,5.17786,-107.45262,1.15761,6.97487,23.25289,-32.98299,7e63d3c5-7be2-484f-8c13-e7e0e4b20aad,846944af-980d-4154-90c5-26d1400d6222,73.278,Pitching,25410021,,,,,,,,,,,,,,,,,,,30.94121974,72.35443173,553.0351834,0.3031278832,7:00,e218ffe6-4e15-4afc-96e7-3e7fa5370a01,ebb8f8c3-3960-42a8-a427-d577aba406a6
355,2026-09-24,21:02:32.30,"Peterson, Charlie",1000616565,Right,,,,,,Slider,Live,,74.75593,0.2887660359,-2.883431626,1783.541984,72.81867814,8:30,5.38374,1.86529,6.26427,-53.55904,-3.09072,-9.88038,1.18702,-1.61839,67.43358,-9.878857464,-4.775224194,0.5113059579,4.38446,-1.80733,-1.64727,50,5.37936,5.71254,-108.55949,-0.77824,5.07695,24.25921,-34.26683,bfc10cf1-08ee-44c5-a0c2-ddfe6ddc7e10,846944af-980d-4154-90c5-26d1400d6222,73.71797,Pitching,25410021,,,,,,,,,,,,,,,,,,,,,,,,c118c54f-e134-41af-8db1-037494cb6721,ebb8f8c3-3960-42a8-a427-d577aba406a6
356,2026-09-24,21:03:01.15,"Peterson, Charlie",1000616565,Right,,,,,,Fastball,Live,,85.89797,-1.367603189,-4.155588106,1782.69932,215.1340479,1:15,5.39366,1.90158,7.22038,-21.49618,14.59748,10.30504,2.36092,-1.00773,78.32251,-5.505277111,-2.17009518,0.4324011351,-7.05256,8.67161,-1.66654,50,5.30863,8.83649,-124.92923,-3.49184,-11.09402,26.26152,-18.53318,0ce439f6-7263-412e-bb3d-4f6ee57ba80e,846944af-980d-4154-90c5-26d1400d6222,87.17007,Pitching,25410021,,,,,,,,,,,,,,,,,,,,17.13843995,1703.539496,0.955595527,,81ed6d4c-4099-497d-886c-73ddc772bd5d,ebb8f8c3-3960-42a8-a427-d577aba406a6
357,2026-09-24,21:03:31.33,"Peterson, Charlie",1000616565,Right,,,,,,Fastball,Live,,88.23838,-1.154477767,-5.941933187,1836.085441,230.7340789,1:45,5.4072,1.73076,7.24972,-22.85987,11.51662,14.1598,2.45204,-2.48394,80.25021,-5.557369548,-3.220365199,0.4219900011,-9.78872,6.87613,-1.39686,50,5.33452,12.98576,-127.9908,-3.13484,-16.14637,27.80334,-20.83195,73856dd6-8ddb-4ea2-9e5b-9140a50ca92d,846944af-980d-4154-90c5-26d1400d6222,89.32069,Pitching,25410021,,,,,,,,,,,,,,,,,,,,20.62774228,1718.372289,0.9358890663,,d5de90e8-fe1e-40cf-97c5-9f0bb3dfae90,ebb8f8c3-3960-42a8-a427-d577aba406a6
358,2026-09-24,21:03:48.87,"Peterson, Charlie",1000616565,Right,,,,,,Slider,Live,,73.95696,1.021316938,-2.756648835,1741.19947,76.45182185,8:30,5.31952,2.0569,6.65149,-53.26326,-2.9721,-12.21559,1.81669,-1.48559,67.33209,-9.123710467,-5.098521894,0.510407734,5.88192,-1.99619,-1.86669,50,5.36654,5.4568,-107.54454,0.70488,6.75759,21.96072,-34.46742,79233a07-7b11-48af-9b2b-19a6031e1270,846944af-980d-4154-90c5-26d1400d6222,73.8477,Pitching,25410021,,,,,,,,,,,,,,,,,,,,,,,,1b0fd476-60fd-439a-b3b4-dfde491a42b5,ebb8f8c3-3960-42a8-a427-d577aba406a6
359,2026-09-24,21:04:09.02,"Peterson, Charlie",1000616565,Right,,,,,,Fastball,Live,,85.12732,-0.01857596823,-5.126988535,1731.79022,223.1413424,1:30,5.41626,1.86297,7.16298,-23.34845,13.62503,12.84848,3.45366,-1.72463,77.31036,-4.516329067,-2.655934773,0.4376395451,-8.79296,7.71324,-1.56772,50,5.40783,10.79346,-123.65056,-0.5868,-13.52578,26.13755,-20.30914,4c61de5a-82d4-4dc8-91f2-d957d89141b0,846944af-980d-4154-90c5-26d1400d6222,86.12668,Pitching,25410021,,,,,,,,,,,,,,,,,,,,20.67281585,1620.283076,0.9356116327,,c2c214a0-44ba-4090-959c-4650367a272a,ebb8f8c3-3960-42a8-a427-d577aba406a6