PitchNo,Date,Time,Pitcher,PitcherId,PitcherThrows,PitcherTeam,PitcherSet,PitchCall,Balls,Strikes,TaggedPitchType,PitchSession,Flag,RelSpeed,VertRelAngle,HorzRelAngle,SpinRate,SpinAxis,Tilt,RelHeight,RelSide,Extension,VertBreak,InducedVertBreak,HorzBreak,PlateLocHeight,PlateLocSide,ZoneSpeed,VertApprAngle,HorzApprAngle,ZoneTime,pfxx,pfxz,x0,y0,z0,vx0,vy0,vz0,ax0,ay0,az0,PlayID,CalibrationId,EffVelocity,PracticeType,Device,Direction,BatterId,Batter,HitSpinRate,HitType,ExitSpeed,BatterSide,Angle,PositionAt110X,PositionAt110Y,PositionAt110Z,Distance,LastTrackedDistance,HangTime,Bearing,ContactPositionX,ContactPositionY,ContactPositionZ,SpinAxis3dTransverseAngle,SpinAxis3dLongitudinalAngle,SpinAxis3dActiveSpinRate,SpinAxis3dSpinEfficiency,SpinAxis3dTilt,PitchUID,SessionId
1,2026-09-25,18:58:41.82,"Hagen, Joey",1000343151,Right,,,,,,Fastball,Live,,88.40137,-2.375551022,-0.2368651482,2241.172401,211.3628116,1:00,6.36674,1.64662,7.55472,-18.44523,14.99965,9.15072,2.69202,2.19616,80.94977,-5.938236443,1.541194963,0.4162327132,-5.31642,9.28611,-1.63673,50,6.24001,0.3324,-128.91339,-5.75225,-8.91719,27.6198,-16.59854,5376d341-261a-4e0d-b1f1-991547a0e8c1,57087084-ff84-4e4c-bcbc-84922c06e7c2,90.55617,Pitching,25410021,,,,,,,,,,,,,,,,,,,,29.88964697,1943.066908,0.8669868087,,af2a99c3-5d6e-41d4-bbbb-21cd5a53e8ff,f5a94b2b-640c-4abb-8c8d-cca66d9c0691
2,2026-09-25,18:59:00.86,"Hagen, Joey",1000343151,Right,,,,,,ChangeUp,Live,,79.82073,-2.112227004,-2.301003772,1593.809236,215.2929394,1:15,6.24082,1.49607,7.78779,-27.43634,13.01234,9.22622,2.0611,0.20383,73.72393,-7.411187476,-0.5071120102,0.4577449706,-5.9469,8.08396,-1.38913,50,6.13486,4.50681,-116.40511,-4.80389,-8.18814,21.13751,-21.04344,6c0cc40e-4ecb-45a0-ba90-0a8812779681,57087084-ff84-4e4c-bcbc-84922c06e7c2,82.34375,Pitching,25410021,,,,,,,,,,,,,,,,,,,,24.85188047,1446.218195,0.9073972989,,0dffd19b-c35f-433f-8261-e34793200f40,f5a94b2b-640c-4abb-8c8d-cca66d9c0691
3,2026-09-25,18:59:29.52,"Hagen, Joey",1000343151,Right,,,,,,Slider,Live,,74.3165,-0.8526910583,-2.82971992,1988.174914,125.6097397,10:15,6.40623,1.21324,7.47083,-44.2031,3.14959,-4.46239,1.95356,-1.70967,68.93356,-9.311560984,-3.691071572,0.4952719233,1.76968,2.03414,-1.0624,50,6.34944,5.43906,-108.32942,-2.45172,2.10493,18.75572,-29.75455,ba88eaa1-af3c-4f05-89b3-59537a5c1191,57087084-ff84-4e4c-bcbc-84922c06e7c2,76.10453,Pitching,25410021,,,,,,,,,,,,,,,,,,,,62.52337036,917.3176062,0.4613867722,,16fc5a19-bc8e-4c01-8d77-c1636fddb3fa,f5a94b2b-640c-4abb-8c8d-cca66d9c0691
4,2026-09-25,18:59:45.27,"Hagen, Joey",1000343151,Right,,,,,,Fastball,Live,,86.77888,-2.7197292,-2.500246251,2173.344004,187.8838798,12:15,6.40465,1.23512,7.6665,-16.23848,18.44866,2.5575,2.60668,-0.79682,79.26543,-5.865323916,-2.002523312,0.4238924151,-2.20513,11.42583,-1.11205,50,6.26622,5.46662,-126.40815,-6.34727,-3.55008,26.97514,-13.77935,3ccc60ee-b534-42a6-a4fd-c8c25b0b8140,57087084-ff84-4e4c-bcbc-84922c06e7c2,88.91982,Pitching,25410021,,,,,,,,,,,,,,,,,,,,33.50269956,1812.264231,0.833859816,,9e8fc3ad-6e89-4e59-b240-7d0b653b3afd,f5a94b2b-640c-4abb-8c8d-cca66d9c0691
5,2026-09-25,19:00:02.01,"Hagen, Joey",1000343151,Right,,,,,,Fastball,Live,,86.2573,-2.649648228,-2.410571841,2162.835977,196.5706492,12:30,6.33043,1.15345,7.71087,-17.76878,17.19901,5.12242,2.47024,-0.58227,78.97464,-6.091521217,-1.41351647,0.425603819,-3.64445,10.67964,-1.03724,50,6.1973,5.18669,-125.68504,-6.18342,-5.81338,26.13508,-15.13859,7e9b2aca-2742-4a49-87ba-6d74b9e64aeb,57087084-ff84-4e4c-bcbc-84922c06e7c2,88.56227,Pitching,25410021,,,,,,,,,,,,,,,,,,,,30.20459771,1869.197327,0.8642344342,,0850901b-c8fd-4b0f-90c5-b0f7ccf79c9a,f5a94b2b-640c-4abb-8c8d-cca66d9c0691
6,2026-09-25,19:00:17.57,"Hagen, Joey",1000343151,Right,,,,,,Fastball,Live,,86.36328,-3.486818629,-3.014000816,2172.802024,195.6521067,12:30,6.35073,1.17891,7.68611,-17.73036,17.30399,4.84989,1.73722,-1.12307,79.05826,-6.912661539,-2.070823177,0.426008711,-3.66607,10.98292,-1.03193,50,6.17506,6.51734,-125.66834,-8.03137,-5.84101,26.34381,-14.67541,8ef768b6-21f0-4493-b6fa-492bd1c05fee,57087084-ff84-4e4c-bcbc-84922c06e7c2,88.47809,Pitching,25410021,,,,,,,,,,,,,,,,,,,191.4086417,27.6923263,1923.920317,0.8854558747,12:30,dbe9c185-b7b5-4f49-892c-7656823c4f24,f5a94b2b-640c-4abb-8c8d-cca66d9c0691
7,2026-09-25,19:00:50.71,"Morio, Brandon",1000500365,Left,,,,,,,Warmup,,83.80364,0.4444697013,3.68765215,2042.6269,160.1628676,11:15,6.0211,-2.19123,6.52578,-27.88399,10.50388,-3.80933,4.10599,0.87861,77.46425,-4.818086282,2.968587782,0.4459317808,3.00745,5.67208,1.93686,50,6.03965,-7.75636,-121.95483,0.18888,4.57919,21.51221,-23.53766,f19cfd1d-2e78-4faa-9ea7-7e9d505d633a,57087084-ff84-4e4c-bcbc-84922c06e7c2,84.52512,Pitching,25410021,,,,,,,,,,,,,,,,,,,,-40.66757645,1549.339113,0.7585032358,,26ed213b-25fb-4dc9-9d53-acdb11c6830f,f5a94b2b-640c-4abb-8c8d-cca66d9c0691
8,2026-09-25,19:02:07.69,"Morio, Brandon",1000500365,Left,,,,,,,Warmup,,84.51854,-0.09114879748,2.37027685,2178.322403,140.1731428,10:45,6.31838,-2.16037,6.89092,-29.60958,7.52395,-6.30556,3.76782,-0.5255,78.23059,-5.719019702,1.168675563,0.4385857159,4.10861,4.22093,2.01336,50,6.3017,-4.94033,-123.20745,-0.94544,6.3799,22.1415,-25.61973,876cf909-4715-4e20-acba-ff50721ff9db,acc968d5-b66c-4f41-822e-a634a480f2f2,85.94087,Pitching,25410021,,,,,,,,,,,,,,,,,,,,-42.5402698,1604.993006,0.7368023225,,f0583b8c-c1d0-4d01-a073-554b1531b04d,f5a94b2b-640c-4abb-8c8d-cca66d9c0691
9,2026-09-25,19:02:13.39,"Morio, Brandon",1000500365,Left,,,,,,,Warmup,,50.13651,,,1035.847315,,,6.67712,1.65562,,,,,6.35175,1.09372,45.05984,,,0.718196308,7.42536,28.76184,-1.66646,50,6.77797,-0.5542,-73.11965,5.33222,3.92275,10.56548,-16.97943,d88f61bf-eeb3-4543-b504-8a2058e418a4,acc968d5-b66c-4f41-822e-a634a480f2f2,,Pitching,25410021,,,,,,,,,,,,,,,,,,,,,,,,21d167e3-623d-4ec0-9ead-3da7bd4b197d,f5a94b2b-640c-4abb-8c8d-cca66d9c0691
10,2026-09-25,19:02:28.79,"Morio, Brandon",1000500365,Left,,,,,,Fastball,Live,,85.00669,-1.50234282,1.587750848,2125.573151,142.5868697,10:45,6.31624,-2.15891,7.04444,-26.03051,10.42014,-7.98971,2.78173,-1.38231,78.85721,-6.453414507,0.06035505973,0.4345342422,4.87438,6.21704,2.06589,50,6.21674,-3.24019,-123.96758,-3.89115,7.66861,22.23399,-22.39311,891cfb3b-d1e7-42b7-bcfe-245cdb100f8d,acc968d5-b66c-4f41-822e-a634a480f2f2,86.74216,Pitching,25410021,,,,,,,,,,,,,,,,,,,,-41.29764428,1596.92455,0.7512912689,,09cdc585-6c54-4869-bacf-1e36f008dce0,f5a94b2b-640c-4abb-8c8d-cca66d9c0691
11,2026-09-25,19:02:44.48,"Morio, Brandon",1000500365,Left,,,,,,Fastball,Live,,85.14845,-0.792664253,1.989605941,2145.04091,146.8708503,11:00,6.29656,-2.00802,7.01746,-26.18686,10.16963,-6.65795,3.39355,-0.75417,78.91647,-5.777332764,0.7180471031,0.4339726558,4.22069,5.89457,1.88939,50,6.23931,-4.14897,-124.17512,-2.36712,6.66449,22.23627,-22.86649,431db02c-b7b8-4e61-a5a3-f494c0dc93e5,acc968d5-b66c-4f41-822e-a634a480f2f2,86.85441,Pitching,25410021,,,,,,,,,,,,,,,,,,,,-38.12207942,1687.497642,0.7866971835,,e08dd917-4d53-4e1b-853b-faafab819186,f5a94b2b-640c-4abb-8c8d-cca66d9c0691
12,2026-09-25,19:03:00.64,"Morio, Brandon",1000500365,Left,,,,,,Curveball,Live,,72.83271,0.2667820821,1.194335607,2056.297732,294.6234148,3:45,6.32785,-2.00888,6.28229,-56.55553,-4.99351,10.8057,1.8608,-0.00763,67.69898,-10.3179626,3.238204956,0.5168164818,-5.58138,-2.80383,1.91569,50,6.3198,-2.47879,-106.08651,-0.90384,-6.36881,17.9304,-35.37344,e279117f-25f3-4523-936c-161682235069,acc968d5-b66c-4f41-822e-a634a480f2f2,72.93196,Pitching,25410021,,,,,,,,,,,,,,,,,,,307.5140545,-54.61832328,1190.638466,0.5790204635,4:15,e4574647-700b-470d-9cea-5cdb569d94d2,f5a94b2b-640c-4abb-8c8d-cca66d9c0691
13,2026-09-25,19:03:11.39,"Morio, Brandon",1000500365,Left,,,,,,,Warmup,,47.70143,,,1210.861287,,,7.28624,-1.4766,,,,,3.43474,-0.12463,43.52796,,,0.832095102,-1.57627,31.68566,1.34866,50,7.44372,-1.38331,-69.08681,0.84921,-0.75193,8.63033,-17.05892,1ff53fba-2bb8-4dcf-85b7-44454b87dce0,acc968d5-b66c-4f41-822e-a634a480f2f2,,Pitching,25410021,,,,,,,,,,,,,,,,,,,,,,,,29a9e3e9-ecc4-4516-8c14-4bc2a44c0ba0,f5a94b2b-640c-4abb-8c8d-cca66d9c0691
14,2026-09-25,19:03:30.08,"Morio, Brandon",1000500365,Left,,,,,,Curveball,Live,,74.15095,0.2267548434,1.405685724,2102.594362,300.5140716,4:00,6.3518,-2.03371,6.30206,-55.3889,-5.50749,9.27828,1.94501,0.03464,68.64096,-10.16601405,3.164392665,0.5083241692,-4.68102,-3.08124,1.92624,50,6.34161,-2.88139,-107.97582,-0.95632,-5.5125,19.23839,-35.8026,4b3bc417-13d8-4a3b-8e4e-2af1c1d965cd,acc968d5-b66c-4f41-822e-a634a480f2f2,74.1504,Pitching,25410021,,,,,,,,,,,,,,,,,,,,,,,,f7a0d856-f4db-4e51-816a-878090aba3a8,f5a94b2b-640c-4abb-8c8d-cca66d9c0691
15,2026-09-25,19:03:45.40,"Morio, Brandon",1000500365,Left,,,,,,Fastball,Live,,86.02232,-0.1400815749,1.246496436,2161.314541,150.4362853,11:00,6.31095,-2.06469,6.88371,-26.03811,9.70413,-5.52262,4.01346,-1.38914,79.73497,-5.087516914,0.1945095136,0.4302909792,3.38147,5.44452,1.98809,50,6.29244,-2.58771,-125.49107,-0.98035,5.4594,22.43268,-23.38384,eba4dd3f-e83e-49f4-9431-7b9c8a79cd38,acc968d5-b66c-4f41-822e-a634a480f2f2,87.59756,Pitching,25410021,,,,,,,,,,,,,,,,,,,186.6508203,-42.0473155,1604.97488,0.7425919965,12:15,35b025fe-acb1-4f8d-8b8a-a006b2714d55,f5a94b2b-640c-4abb-8c8d-cca66d9c0691
16,2026-09-25,19:04:02.78,"Morio, Brandon",1000500365,Left,,,,,,Fastball,Live,,84.0802,-0.643823977,2.421740641,2098.017975,175.4832283,11:45,6.37108,-1.7226,6.92515,-24.51436,13.18604,-1.04496,3.74159,0.39616,77.33202,-5.319240549,2.221973793,0.4419207189,1.23429,7.55084,1.57185,50,6.32204,-5.15566,-122.51811,-1.98652,1.88256,23.42669,-20.65741,46975992-7309-4a4e-a3f0-75edede1ec33,acc968d5-b66c-4f41-822e-a634a480f2f2,85.29231,Pitching,25410021,,,,,,,,,,,,,,,,,,,,-39.78900548,1612.130314,0.7684063405,,4d6d1bf8-ee73-415f-93f6-68eee9ae0df2,f5a94b2b-640c-4abb-8c8d-cca66d9c0691
17,2026-09-25,19:04:28.60,"Morio, Brandon",1000500365,Left,,,,,,ChangeUp,Live,,74.9661,0.06987991608,1.799573331,1401.970525,176.7909265,12:00,6.36652,-1.9136,7.11902,-38.76452,8.72464,-0.49163,3.19955,-0.32195,68.53282,-7.376244595,1.704664005,0.4959851208,0.8196,4.90823,1.80757,50,6.35815,-3.42248,-109.25796,-0.67671,0.98283,20.68022,-26.28832,c8d28bfc-31a9-4507-a0f1-815b6e2fd366,acc968d5-b66c-4f41-822e-a634a480f2f2,75.9951,Pitching,25410021,,,,,,,,,,,,,,,,,,,,-21.77234467,1301.960914,0.9286649692,,b9e750df-2cae-497e-b718-e789b9d0687d,f5a94b2b-640c-4abb-8c8d-cca66d9c0691
18,2026-09-25,19:04:49.76,"Morio, Brandon",1000500365,Left,,,,,,Curveball,Live,,73.95336,-0.1403645038,0.6206356796,1894.353764,308.8625749,4:15,6.38562,-1.78215,6.17096,-57.69574,-7.20361,8.88741,1.44802,-0.46837,68.42777,-10.93820387,2.304859964,0.5114265244,-4.66629,-3.88818,1.73073,50,6.34554,-1.39319,-107.67498,-1.73609,-5.45132,19.55417,-36.71635,5f1415ad-ec60-4808-b218-a95bc6f9ace7,acc968d5-b66c-4f41-822e-a634a480f2f2,73.70059,Pitching,25410021,,,,,,,,,,,,,,,,,,,346.103355,-52.4563517,1154.354083,0.609365634,5:30,5e183e8c-9759-4619-ba19-fec123e2a707,f5a94b2b-640c-4abb-8c8d-cca66d9c0691
19,2026-09-25,19:05:08.19,"Morio, Brandon",1000500365,Left,,,,,,Curveball,Live,,74.11714,0.8623433781,0.5336068734,1986.339139,301.8602649,4:00,6.38405,-2.04372,6.35133,-56.82299,-6.87044,10.98958,2.44254,-0.63682,68.32643,-9.844008978,2.623391813,0.5086865478,-5.87744,-4.02621,1.9999,50,6.41965,-1.27625,-107.93104,0.22319,-6.89421,19.76642,-36.89678,348289ef-9dff-46ab-b69a-26194dc65653,acc968d5-b66c-4f41-822e-a634a480f2f2,74.09757,Pitching,25410021,,,,,,,,,,,,,,,,,,,352.5171426,-57.14618214,1077.584046,0.5424975144,5:45,abd8145b-723f-4ca8-8c5f-21ae9617cb9a,f5a94b2b-640c-4abb-8c8d-cca66d9c0691
20,2026-09-25,19:05:45.44,"Morio, Brandon",1000500365,Left,,,,,,,Live,,84.2358,-1.558383761,-1.833002675,2133.709117,187.2328357,12:15,6.76829,1.57331,7.73378,-22.31731,14.50287,1.84454,3.51084,0.08373,76.59842,-5.904809377,-1.472270344,0.4367313648,-1.63546,8.8713,-1.48523,50,6.68812,3.89484,-122.83389,-3.78137,-2.47101,26.84843,-18.77041,bd0058c4-0969-4a76-be32-94a1ff340e69,acc968d5-b66c-4f41-822e-a634a480f2f2,86.30578,Pitching,25410021,,,,,,,,,,,,,,,,,,,197.6624038,32.68807502,1795.779103,0.841623204,12:30,c28de940-4274-444e-b9cf-b471b07ebdd2,f5a94b2b-640c-4abb-8c8d-cca66d9c0691
21,2026-09-25,19:05:57.31,"Morio, Brandon",1000500365,Left,,,,,,,Live,,78.35672,-2.882249892,-2.435857136,1636.415164,215.7382787,1:15,6.63614,1.60068,7.85882,-30.66431,11.68325,8.41652,1.4995,0.12305,71.80503,-8.8242277,-0.7881851771,0.4683662508,-5.62451,7.65758,-1.49008,50,6.49691,4.70836,-114.15092,-6.28993,-7.35878,22.66694,-22.15532,20d54ded-1fa0-4837-8360-37cde04f3ace,acc968d5-b66c-4f41-822e-a634a480f2f2,80.47642,Pitching,25410021,,,,,,,,,,,,,,,,,,,206.8920493,29.95950536,1417.75503,0.8663785698,1:00,e96ceba2-4ebb-47aa-ba65-451eebb42f43,f5a94b2b-640c-4abb-8c8d-cca66d9c0691
22,2026-09-25,19:06:09.17,"Hagen, Joey",1000343151,Right,,,,,,,Warmup,,85.6256,-0.3286302266,-1.088774524,2120.131177,178.4510951,12:00,6.8285,1.45449,7.71701,-23.2066,12.26384,-0.33247,4.59995,0.45059,78.09005,-4.847127279,-1.153663516,0.4286518571,-0.13147,7.17908,-1.40155,50,6.80735,2.38167,-124.96557,-1.18435,-0.20653,26.73527,-20.89655,c46c8262-2ae8-4a75-afa5-20fb44292ddd,acc968d5-b66c-4f41-822e-a634a480f2f2,87.93252,Pitching,25410021,,,,,,,,,,,,,,,,,,,,36.4903385,1704.494621,0.8039571511,,d831bb88-e91f-4a3d-ab48-36f18799e839,f5a94b2b-640c-4abb-8c8d-cca66d9c0691
23,2026-09-25,19:06:22.76,"Hagen, Joey",1000343151,Right,,,,,,,Warmup,,74.16266,-1.253537358,-1.952077487,1877.119392,90.66003487,9:00,6.79163,1.25805,7.36935,-48.34232,-0.0017,-3.58549,1.63088,-0.80328,68.03547,-10.53623877,-2.649136976,0.5004117614,1.42302,0.4001,-1.1504,50,6.7097,3.75216,-108.06604,-3.29513,1.65866,21.35175,-31.70769,a2c240e5-2165-4456-ae65-f07f7b43b1d8,acc968d5-b66c-4f41-822e-a634a480f2f2,75.32285,Pitching,25410021,,,,,,,,,,,,,,,,,,,,,,,,2bae9a61-1fd4-43e7-b5a9-d23fbd484ad7,f5a94b2b-640c-4abb-8c8d-cca66d9c0691
24,2026-09-25,19:06:36.80,"Hagen, Joey",1000343151,Right,,,,,,,Warmup,,85.55801,0.3377443413,-0.5507507077,2022.669439,184.1439674,12:15,6.7769,1.53407,7.81443,-21.24816,14.08273,1.02249,5.30845,1.12646,78.03694,-3.809729151,-0.3509054001,0.427807773,-0.75359,8.05978,-1.50848,50,6.78828,1.18078,-124.91168,0.3215,-1.18455,26.36225,-19.50503,8ad26477-127c-4d04-b4a6-cc90f6da3edc,acc968d5-b66c-4f41-822e-a634a480f2f2,88.10602,Pitching,25410021,,,,,,,,,,,,,,,,,,,,34.49323795,1667.070054,0.8241930302,,d83da4f8-b766-4e0b-8fdf-b6f864f48bce,f5a94b2b-640c-4abb-8c8d-cca66d9c0691
25,2026-09-25,19:06:51.54,"Hagen, Joey",1000343151,Right,,,,,,,Warmup,,83.86674,-0.6110999566,-2.604255861,1960.099448,182.9251349,12:00,6.96196,1.60941,7.64622,-22.80159,14.25834,0.73084,4.51264,-0.66921,76.67245,-5.034496488,-2.462209107,0.4381508848,-1.17461,8.38378,-1.47983,50,6.92614,5.54743,-122.28851,-1.76634,-1.7717,25.00244,-19.52853,0e86f0ca-5dd3-42d1-8336-6af02c5fb73b,acc968d5-b66c-4f41-822e-a634a480f2f2,86.02616,Pitching,25410021,,,,,,,,,,,,,,,,,,,,34.23385437,1620.508909,0.8267483116,,a8e8c4b9-d12c-49ab-b74b-b13134b16500,f5a94b2b-640c-4abb-8c8d-cca66d9c0691
26,2026-09-25,19:06:57.52,"Hagen, Joey",1000343151,Right,,,,,,,Warmup,,37.59328,10.45373865,-3.670259411,983.092968,,,7.34845,-0.30603,8.28149,,,,4.93436,-1.74635,34.33102,,,0.9939854101,-14.29579,25.15285,0.44515,50,7.73821,3.30387,-53.86223,8.97669,-4.0683,6.04116,-25.01604,2b3c2ce0-2a72-46e6-a647-a2f208ad6f94,acc968d5-b66c-4f41-822e-a634a480f2f2,37.92052,Pitching,25410021,,,,,,,,,,,,,,,,,,,,,,,,55179967-9b69-49dc-a95c-6e313dd65b87,f5a94b2b-640c-4abb-8c8d-cca66d9c0691
27,2026-09-25,19:07:23.95,"Hagen, Joey",1000343151,Right,,,,,,Fastball,Live,,85.40041,-0.6890353426,-2.052779457,1896.426212,179.5319059,12:00,6.69125,1.48719,7.99012,-21.87498,13.36205,-0.10947,4.25348,-0.35322,78.07653,-4.962370556,-2.074213168,0.4272391856,-0.53385,7.99179,-1.39726,50,6.65703,4.46949,-124.63985,-1.9011,-0.83599,26.11233,-19.65925,b0364387-bf5f-448a-a47e-7e2b5b465943,acc968d5-b66c-4f41-822e-a634a480f2f2,88.22327,Pitching,25410021,,,,,,,,,,,,,,,,,,,187.9788756,34.789706,1557.443313,0.8212517326,12:15,50b1460a-b855-4c36-bc6a-f894af8aeed4,f5a94b2b-640c-4abb-8c8d-cca66d9c0691
28,2026-09-25,19:07:39.31,"Hagen, Joey",1000343151,Right,,,,,,Slider,Live,,74.84883,-1.005693776,-2.862812871,1907.263182,130.2654367,10:15,6.68629,1.27713,7.6768,-44.96729,1.95772,-2.36252,2.0355,-1.49037,68.5282,-9.702800734,-3.324122145,0.4930302504,0.4485,1.45255,-1.13548,50,6.62643,5.49573,-109.06304,-2.71263,0.53247,21.74467,-30.44955,cc3a4253-af95-4043-9a69-a3bf4dff3a28,acc968d5-b66c-4f41-822e-a634a480f2f2,76.45056,Pitching,25410021,,,,,,,,,,,,,,,,,,,,,,,,5e94472f-c6a5-4ca5-a601-2ba87c5c0c71,f5a94b2b-640c-4abb-8c8d-cca66d9c0691
29,2026-09-25,19:07:57.23,"Hagen, Joey",1000343151,Right,,,,,,Fastball,Live,,83.75662,-1.20895567,-0.5963996745,1907.668936,177.5434499,12:00,6.576,1.44416,8.02872,-23.79982,12.8632,-0.55307,3.51523,0.86663,76.42124,-5.865821547,-0.705086749,0.4357983148,0.14315,7.88201,-1.41835,50,6.51963,1.28271,-122.28531,-3.00173,0.21497,25.97501,-20.33761,0b2bdfcd-071e-4a27-8633-0611075621c7,acc968d5-b66c-4f41-822e-a634a480f2f2,86.49056,Pitching,25410021,,,,,,,,,,,,,,,,,,,179.8990318,29.95638412,1652.815379,0.8664057731,12:00,73b6775d-ad23-4175-b0ad-ad10618d164a,f5a94b2b-640c-4abb-8c8d-cca66d9c0691
30,2026-09-25,19:08:16.09,"Hagen, Joey",1000343151,Right,,,,,,Fastball,Live,,84.46078,-2.191718322,-1.739807566,2008.184918,182.9462074,12:00,6.62514,1.37159,8.07867,-21.89612,14.12194,0.72811,2.84759,-0.11694,77.17617,-6.469263326,-1.596754407,0.4319480902,-0.94695,8.92282,-1.29821,50,6.52872,3.72988,-123.21514,-5.10115,-1.44508,26.16243,-18.55753,3fe3144b-6701-4db1-9e0e-02b4aa59c2e4,acc968d5-b66c-4f41-822e-a634a480f2f2,87.2615,Pitching,25410021,,,,,,,,,,,,,,,,,,,179.198096,32.04136911,1702.268589,0.847665259,12:00,06a7c361-b490-46cb-ac82-c7c3e4525417,f5a94b2b-640c-4abb-8c8d-cca66d9c0691
31,2026-09-25,19:08:47.66,"Hagen, Joey",1000343151,Right,,,,,,Slider,Live,,73.99884,-1.647484775,-2.075263195,1856.471666,63.27414648,8:00,6.59462,1.32211,7.8549,-50.35796,-2.64147,-5.15764,0.92377,-0.96396,68.02094,-11.38426718,-3.087565705,0.4971708076,2.32349,-0.9992,-1.22527,50,6.50839,3.99439,-107.88656,-3.93511,2.6937,21.63508,-33.33245,9ab9c6c0-8fbb-455b-b087-09bf847648ba,acc968d5-b66c-4f41-822e-a634a480f2f2,75.81386,Pitching,25410021,,,,,,,,,,,,,,,,,,,,59.11764406,952.8841877,0.5132769893,,9619a650-5ab2-4b0e-85cf-805b3e225eef,f5a94b2b-640c-4abb-8c8d-cca66d9c0691
32,2026-09-25,19:09:08.87,"Hagen, Joey",1000343151,Right,,,,,,Fastball,Live,,85.90616,-1.983116075,-2.30969518,2177.804561,183.1771771,12:00,6.58777,1.41253,8.1601,-19.06477,15.53141,0.86385,3.2344,-0.56935,78.68832,-5.710025306,-2.14014706,0.423336252,-1.17159,9.68288,-1.31834,50,6.50365,5.0401,-125.33114,-4.6734,-1.85723,26.12849,-16.82456,5f2a6dc2-c813-4825-9a97-ffcc3bb7bad3,acc968d5-b66c-4f41-822e-a634a480f2f2,89.03664,Pitching,25410021,,,,,,,,,,,,,,,,,,,196.483547,29.12105389,1902.515812,0.8735934554,12:30,27dbce1c-dbb8-41e6-9430-4bcffea4011b,f5a94b2b-640c-4abb-8c8d-cca66d9c0691
33,2026-09-25,19:09:17.45,"Hagen, Joey",1000343151,Right,,,,,,,Live,,44.76478,1.646604916,19.87278918,1246.685978,,,7.81903,2.55037,,,,,,,,,,,42.21372,26.92166,-6.12987,50,7.80407,-19.9573,-59.88721,-2.06318,13.88463,10.81856,-23.31917,35b67eb6-9e7b-4731-8d89-8f50361344bb,acc968d5-b66c-4f41-822e-a634a480f2f2,,Pitching,25410021,,,,,,,,,,,,,,,,,,,,,,,,afbfab69-93ee-4514-b8f0-0ef1e2532838,f5a94b2b-640c-4abb-8c8d-cca66d9c0691
34,2026-09-25,19:09:43.94,"Hagen, Joey",1000343151,Right,,,,,,Slider,Live,,74.13192,-1.226332083,-2.948748679,1956.76952,69.55367686,8:15,6.67944,1.35383,7.12527,-48.78223,-0.45708,-1.11584,1.50055,-1.4155,68.84245,-10.48543419,-3.162973033,0.5003316518,-0.19282,0.08433,-1.1797,50,6.59136,5.58482,-107.97076,-3.32637,-0.22756,18.84019,-32.07452,4636cc6c-6c0a-4385-95ec-3b554c87abcc,acc968d5-b66c-4f41-822e-a634a480f2f2,75.33491,Pitching,25410021,,,,,,,,,,,,,,,,,,,,,,,,5f77e80e-eada-41b0-85ae-467b91a239a7,f5a94b2b-640c-4abb-8c8d-cca66d9c0691
35,2026-09-25,19:10:03.10,"Hagen, Joey",1000343151,Right,,,,,,Slider,Live,,73.73183,0.1070805494,-2.746156137,1873.833029,116.5742552,10:00,6.64039,1.35877,7.19613,-47.74953,1.14191,-2.36671,2.75835,-1.32722,67.89131,-9.030929824,-3.202303985,0.5032546738,0.53399,0.61516,-1.19963,50,6.6318,5.20012,-107.41661,-0.76243,0.62058,19.53207,-31.45914,4c104e77-5c97-49fe-88d5-707018fbc916,acc968d5-b66c-4f41-822e-a634a480f2f2,74.89735,Pitching,25410021,,,,,,,,,,,,,,,,,,,,,,,,5291cf9a-67b2-4f50-b9f1-4fd4fc013165,f5a94b2b-640c-4abb-8c8d-cca66d9c0691
36,2026-09-25,19:10:21.78,"Hagen, Joey",1000343151,Right,,,,,,Slider,Live,,73.53786,0.2919388679,-1.030099606,1874.940703,121.4604981,10:00,6.65051,1.26982,7.75131,-46.39007,2.06977,-3.44883,3.04626,0.05946,66.98876,-8.744585949,-1.706908617,0.5010284317,1.66105,1.10371,-1.21967,50,6.65446,1.98757,-107.28738,-0.23994,1.90323,21.49909,-30.90943,36e14500-b891-4631-94f3-b498bb855af5,acc968d5-b66c-4f41-822e-a634a480f2f2,75.23014,Pitching,25410021,,,,,,,,,,,,,,,,,,,,64.18515888,816.469724,0.4354642912,,2a069d1a-5953-4e71-b197-868849978091,f5a94b2b-640c-4abb-8c8d-cca66d9c0691
37,2026-09-25,19:10:53.84,"Hagen, Joey",1000343151,Right,,,,,,Slider,Live,,74.29946,-0.5781239926,-2.381647825,1876.403696,100.9596106,9:15,6.63721,1.29796,7.6375,-46.98056,0.48783,-2.73173,2.20262,-1.06934,68.29158,-9.647956151,-2.913946004,0.4958766791,0.84265,0.45861,-1.17831,50,6.59726,4.5543,-108.32778,-1.93298,0.99133,20.68299,-31.63451,37ba1b7e-a8ab-4734-b91a-1bbf6b0d4ce9,acc968d5-b66c-4f41-822e-a634a480f2f2,76.01172,Pitching,25410021,,,,,,,,,,,,,,,,,,,,,,,,507ee566-a6a7-4636-a580-2c7a6143c10f,f5a94b2b-640c-4abb-8c8d-cca66d9c0691
38,2026-09-25,19:11:10.12,"Hagen, Joey",1000343151,Right,,,,,,Slider,Live,,74.2347,-1.516119478,-2.117382639,1807.302412,133.3682194,10:30,6.67561,1.19886,7.55011,-45.652,1.88766,-2.04313,1.50643,-0.87665,68.61177,-10.27649535,-2.514180137,0.496248743,0.55044,1.52834,-1.08933,50,6.5861,4.03892,-108.22585,-3.70609,0.64934,19.83706,-30.37112,56324998-f4ea-4c00-93c6-1e61a2a1607c,acc968d5-b66c-4f41-822e-a634a480f2f2,75.95473,Pitching,25410021,,,,,,,,,,,,,,,,,,,,,,,,c505cd80-9a16-4d31-ae1c-3b7cbec49e18,f5a94b2b-640c-4abb-8c8d-cca66d9c0691
39,2026-09-25,19:11:29.24,"Hagen, Joey",1000343151,Right,,,,,,Slider,Live,,74.93755,0.09072474556,-1.977920719,1766.594303,110.2643843,9:45,6.60746,1.23444,7.97692,-45.44375,0.45531,-1.33749,2.90145,-0.64193,68.88067,-8.753714077,-2.240096354,0.4876107624,0.18659,0.2383,-1.1471,50,6.60302,3.79857,-109.36742,-0.55963,0.22428,20.65349,-31.88761,6005e999-dd3b-465b-b7eb-9bd3253a3fd8,acc968d5-b66c-4f41-822e-a634a480f2f2,77.30026,Pitching,25410021,,,,,,,,,,,,,,,,,,,,,,,,ad34d86e-06e7-44f7-bbc7-83c28d294c24,f5a94b2b-640c-4abb-8c8d-cca66d9c0691
40,2026-09-25,19:12:10.48,"Hagen, Joey",1000343151,Right,,,,,,,Live,,76.16772,1.839544314,2.107548005,1583.273506,135.5572744,10:30,6.38257,-2.33924,6.93223,-38.56102,7.14048,-7.0496,4.84519,-1.00758,70.4094,-5.504304312,0.762336006,0.4865602721,4.46832,3.52952,2.21054,50,6.48325,-3.92578,-110.99993,2.69744,5.62835,18.08137,-27.72823,9a8b1d8a-9b1e-4a37-b81f-10237deefd34,acc968d5-b66c-4f41-822e-a634a480f2f2,77.46715,Pitching,25410021,,,,,,,,,,,,,,,,,,,,-38.72144376,1235.264205,0.7801963467,,7dc27579-73ad-4e69-9263-c08ddd135193,f5a94b2b-640c-4abb-8c8d-cca66d9c0691
41,2026-09-25,19:12:19.20,"Morio, Brandon",1000500365,Left,,,,,,,Warmup,,81.53478,-0.522807843,2.442033477,1790.211641,154.2993432,11:15,6.47487,-2.00446,7.06302,-27.15276,12.58941,-6.07913,3.73704,-0.29258,75.27214,-5.706345786,1.278326937,0.4537296881,4.04528,7.20899,1.85998,50,6.43436,-4.92707,-118.85764,-1.71933,5.82814,21.25942,-21.78788,00be2ebe-1b35-4f59-91f5-ced3a12a4d13,acc968d5-b66c-4f41-822e-a634a480f2f2,83.07245,Pitching,25410021,,,,,,,,,,,,,,,,,,,,-38.07517661,1409.258684,0.7872022788,,7985fa8e-882b-4b72-883f-e583069aa744,f5a94b2b-640c-4abb-8c8d-cca66d9c0691
42,2026-09-25,19:12:28.58,"Morio, Brandon",1000500365,Left,,,,,,,Warmup,,72.97198,-0.424812636,1.782183304,1210.774708,206.6863289,1:00,6.50132,-1.87114,6.95004,-37.09771,13.3163,6.7184,3.02313,0.31081,66.84391,-7.513249492,3.073309679,0.5110307613,-3.24044,7.60181,1.75835,50,6.46189,-3.45098,-106.32513,-1.57652,-3.68399,19.40118,-23.53171,d23138cc-9e46-428e-8fb6-f6d28571b5dc,acc968d5-b66c-4f41-822e-a634a480f2f2,73.75767,Pitching,25410021,,,,,,,,,,,,,,,,,,,,-31.2359186,1035.260009,0.8550393421,,cb97f52f-dfd4-4f6a-a67e-0cd09fa63f9a,f5a94b2b-640c-4abb-8c8d-cca66d9c0691
43,2026-09-25,19:12:40.87,"Morio, Brandon",1000500365,Left,,,,,,,Warmup,,72.86599,-1.855753894,3.561621722,1302.875679,173.3234738,11:45,6.53596,-1.98915,6.61009,-36.41512,15.16618,-1.78244,1.79797,1.12828,66.61624,-8.754773862,3.221283344,0.5169131002,2.08082,8.98387,1.74786,50,6.39451,-6.54987,-105.88575,-4.2687,2.33938,19.7226,-22.07383,d172cc0c-2735-4e33-97c5-02eeca8d9a2b,acc968d5-b66c-4f41-822e-a634a480f2f2,72.91833,Pitching,25410021,,,,,,,,,,,,,,,,,,,,-33.228825,1089.840826,0.8364887334,,46ad349e-0b62-46f6-9a81-52aeee0ea0cf,f5a94b2b-640c-4abb-8c8d-cca66d9c0691
44,2026-09-25,19:12:53.60,"Morio, Brandon",1000500365,Left,,,,,,Curveball,Warmup,,71.81498,1.89488935,1.186736805,2087.305675,289.585578,3:45,6.55389,-2.08741,6.24188,-58.11812,-4.61468,12.86493,3.45926,0.07927,66.06022,-9.049459471,3.625800988,0.526456242,-6.68711,-3.08178,1.99285,50,6.66596,-2.4787,-104.49597,2.0393,-7.35232,18.53453,-35.56239,d02471a2-9559-4dcc-9a9e-ea7ab429b923,acc968d5-b66c-4f41-822e-a634a480f2f2,71.59653,Pitching,25410021,,,,,,,,,,,,,,,,,,,329.6130985,-56.9107815,1139.552668,0.5459443155,5:00,004e512d-71cd-4f89-80b8-db7ef40eb264,f5a94b2b-640c-4abb-8c8d-cca66d9c0691
45,2026-09-25,19:13:05.97,"Morio, Brandon",1000500365,Left,,,,,,Fastball,Warmup,,85.05179,-0.8166571874,2.348629909,1933.042246,162.6438245,11:30,6.4291,-1.79922,6.91698,-25.30926,11.41435,-3.57902,3.5758,0.04204,78.53334,-5.633027567,1.665578271,0.4361582229,2.60284,6.58861,1.65362,50,6.3688,-4.99382,-123.96114,-2.40744,4.08045,23.03654,-21.84514,4af18c64-7684-4cc5-b9fe-bd4d34cbf2c6,acc968d5-b66c-4f41-822e-a634a480f2f2,86.41919,Pitching,25410021,,,,,,,,,,,,,,,,,,,173.2830916,-46.50003986,1330.617499,0.6883540711,11:45,de781a19-4b0f-438c-b65a-2b1aab6da3a9,f5a94b2b-640c-4abb-8c8d-cca66d9c0691
46,2026-09-25,19:13:29.66,"Morio, Brandon",1000500365,Left,,,,,,Fastball,Live,,84.78452,-1.027416269,1.858233388,1886.691112,168.1404935,11:30,6.3834,-1.79862,7.06065,-24.8637,11.87692,-2.50114,3.378,-0.31928,78.29912,-5.771510922,1.379316586,0.4362592749,1.88449,6.93839,1.68792,50,6.31334,-3.95015,-123.62658,-2.82221,2.93705,23.01789,-21.36032,072b0891-327d-400c-b09c-8aad82c4d2c0,acc968d5-b66c-4f41-822e-a634a480f2f2,86.39917,Pitching,25410021,,,,,,,,,,,,,,,,,,,,-39.88024124,1447.820937,0.7673863135,,67ff0267-4416-4b93-b390-018810d13e16,f5a94b2b-640c-4abb-8c8d-cca66d9c0691
47,2026-09-25,19:13:44.26,"Morio, Brandon",1000500365,Left,,,,,,Fastball,Live,,84.62858,0.2746858681,2.653271797,1907.68666,162.1391979,11:30,6.32193,-2.06563,6.89642,-29.721,7.18864,-2.32899,4.09564,0.15864,78.61096,-5.363881465,2.21065396,0.4372615967,1.92776,3.94298,1.89956,50,6.32823,-5.65797,-123.36898,-0.1625,3.01386,21.22675,-26.0096,1bc15f3e-4634-4cb0-b170-dbf247ec726e,acc968d5-b66c-4f41-822e-a634a480f2f2,86.20112,Pitching,25410021,,,,,,,,,,,,,,,,,,,,-46.45550908,1314.238974,0.6889176308,,43d3e086-ea53-4c41-b83a-f156784b1d1c,f5a94b2b-640c-4abb-8c8d-cca66d9c0691
48,2026-09-25,19:14:04.92,"Morio, Brandon",1000500365,Left,,,,,,Curveball,Live,,72.39832,2.299911186,-0.0008628747802,1812.082157,290.8134723,3:45,6.45712,-1.93198,6.27669,-57.30755,-4.90994,12.79107,3.80229,-0.86685,66.66469,-8.500409244,2.424358384,0.5209872728,-6.99858,-3.33784,1.92578,50,6.59864,-0.31203,-105.37158,2.8269,-7.85446,18.20466,-35.92008,e4b28082-c657-4376-8b7a-988cf49c93ae,acc968d5-b66c-4f41-822e-a634a480f2f2,72.3481,Pitching,25410021,,,,,,,,,,,,,,,,,,,328.7550864,-54.1152347,1062.164549,0.5861569494,5:00,51d72ea6-687b-4733-b3e3-04bfd5190727,f5a94b2b-640c-4abb-8c8d-cca66d9c0691
49,2026-09-25,19:14:14.09,"Morio, Brandon",1000500365,Left,,,,,,,Live,,46.23159,7.456038815,26.05093509,1200.596333,,,6.2902,-5.8768,9.39177,,,,2.46561,13.10962,38.81306,,,0.8806891081,52.32235,6.73749,5.33801,50,6.44665,-29.19461,-60.23643,8.25124,18.09509,9.03904,-29.84397,62b0ec26-1df5-4f66-95ac-b095776ffca5,acc968d5-b66c-4f41-822e-a634a480f2f2,42.7988,Pitching,25410021,,,,,,,,,,,,,,,,,,,,,,,,0ea35a62-5754-4016-9181-d1a732ae50c5,f5a94b2b-640c-4abb-8c8d-cca66d9c0691
50,2026-09-25,19:14:36.02,"Morio, Brandon",1000500365,Left,,,,,,Curveball,Live,,72.21391,0.9615500251,1.226363892,1938.394156,295.9797068,3:45,6.46264,-1.7703,6.27102,-58.05684,-5.33153,10.85982,2.51115,0.26522,66.72118,-9.944497557,3.285034226,0.5226138953,-5.58896,-3.19569,1.67448,50,6.50517,-2.5162,-105.13484,0.34535,-6.23178,18.45621,-35.73729,ef70f039-1dca-4a17-b38c-2a642694e65b,acc968d5-b66c-4f41-822e-a634a480f2f2,72.12292,Pitching,25410021,,,,,,,,,,,,,,,,,,,,-54.41198128,1128.054154,0.5819529277,,5b72820d-e9d8-4db2-9556-d2937a55a6bb,f5a94b2b-640c-4abb-8c8d-cca66d9c0691
51,2026-09-25,19:14:51.88,"Morio, Brandon",1000500365,Left,,,,,,Fastball,Live,,84.35993,-0.4820724086,2.386149686,1852.517061,177.5722287,12:00,6.56176,-1.4117,7.12945,-24.58313,12.65748,-0.53841,4.07566,0.70831,77.39246,-5.195937794,2.282686591,0.4392176895,0.96434,7.27408,1.27147,50,6.52546,-5.11075,-122.95254,-1.61584,1.47684,24.2782,-21.03416,0381c80e-b5aa-4973-adc1-755eceaa5109,acc968d5-b66c-4f41-822e-a634a480f2f2,85.81722,Pitching,25410021,,,,,,,,,,,,,,,,,,,,-47.31356342,1255.980034,0.6779856773,,72333a5e-afc7-40e7-a9d4-ee31f2b7f5cc,f5a94b2b-640c-4abb-8c8d-cca66d9c0691
52,2026-09-25,19:15:08.61,"Morio, Brandon",1000500365,Left,,,,,,Curveball,Live,,72.72061,1.108403728,0.6604650494,1896.594195,308.0658382,4:15,6.43927,-1.78326,6.12695,-58.55336,-6.4072,8.12724,2.58445,-0.49554,67.27927,-9.859709535,2.196515301,0.5197357295,-4.23633,-3.79726,1.72862,50,6.49328,-1.42687,-105.87901,0.56223,-4.80417,18.24475,-36.48029,9053ff52-e4d1-49ed-832d-8496bf9043b9,acc968d5-b66c-4f41-822e-a634a480f2f2,72.52232,Pitching,25410021,,,,,,,,,,,,,,,,,,,327.0937714,-54.25374801,1107.983833,0.5841965751,5:00,2b02cb8c-21ba-4af1-9846-b3753db523a8,f5a94b2b-640c-4abb-8c8d-cca66d9c0691
53,2026-09-25,19:15:26.43,"Morio, Brandon",1000500365,Left,,,,,,Curveball,Live,,72.54573,,,2027.1122,,,6.37805,-1.39978,6.5334,,,,2.48843,0.89653,66.84042,-9.650905903,4.137271232,0.518315003,-8.74381,-2.03653,1.32229,50,6.40728,-2.255,-105.65367,0.13702,-9.80966,19.25609,-34.45882,eb10f1a6-fa24-4d45-a711-a09b9593a1d2,acc968d5-b66c-4f41-822e-a634a480f2f2,72.7211,Pitching,25410021,,,,,,,,,,,,,,,,,,,307.1756869,-56.67870789,1113.560398,0.5493333807,4:15,6399f13a-7a2a-4edf-b224-8d4dd0c14ca6,f5a94b2b-640c-4abb-8c8d-cca66d9c0691
54,2026-09-25,19:16:02.43,"Morio, Brandon",1000500365,Left,,,,,,Curveball,Live,,73.67258,1.591674109,-0.3283686627,1737.282511,324.0750864,4:45,6.45038,-1.64674,6.41759,-58.34729,-7.85161,5.65556,3.05152,-1.47727,67.69692,-9.444517355,0.7498194615,0.5114445221,-3.21123,-4.7957,1.66754,50,6.53706,0.47811,-107.26257,1.57098,-3.71642,19.69925,-37.72421,04ce18b7-26bc-4f5c-a901-bf9b9e1a11c0,acc968d5-b66c-4f41-822e-a634a480f2f2,73.698,Pitching,25410021,,,,,,,,,,,,,,,,,,,,,,,,2c040a06-fe47-4340-91be-b49efaa1bcc9,f5a94b2b-640c-4abb-8c8d-cca66d9c0691
55,2026-09-25,19:16:21.38,"Morio, Brandon",1000500365,Left,,,,,,Fastball,Live,,84.35245,-1.290967661,3.266929189,1820.673381,157.3955729,11:15,6.41023,-1.79693,7.06233,-28.10534,9.1282,-3.81665,2.89393,0.85433,77.92622,-6.645190114,2.537078725,0.4391759376,2.99648,5.46698,1.60206,50,6.32321,-6.92001,-122.84447,-3.45046,4.60708,22.93348,-23.76858,df1f52e3-fd62-4f07-81ef-6323c349ded4,acc968d5-b66c-4f41-822e-a634a480f2f2,85.82537,Pitching,25410021,,,,,,,,,,,,,,,,,,,174.8113648,-47.33963408,1233.781381,0.677651134,11:45,10ef9ad3-adda-47ed-9f52-0163ffa9a891,f5a94b2b-640c-4abb-8c8d-cca66d9c0691
56,2026-09-25,19:16:39.54,"Morio, Brandon",1000500365,Left,,,,,,Curveball,Live,,73.90043,0.3253610904,2.293042374,1969.569006,299.6210701,4:00,6.37079,-1.80604,6.25029,-57.26612,-6.86452,12.01369,1.89887,1.31062,68.49094,-10.39157822,4.564154076,0.5109678344,-5.91056,-3.84677,1.62998,50,6.36661,-4.60819,-107.54309,-0.82787,-6.9005,19.19167,-36.66511,dfc201bf-b0f3-4559-943e-ec8ff59eea13,acc968d5-b66c-4f41-822e-a634a480f2f2,73.76675,Pitching,25410021,,,,,,,,,,,,,,,,,,,318.3655779,-57.63875335,1054.222823,0.5352555914,4:30,fb8c6665-3d8b-4469-be28-46194398df70,f5a94b2b-640c-4abb-8c8d-cca66d9c0691
57,2026-09-25,19:16:58.39,"Morio, Brandon",1000500365,Left,,,,,,Curveball,Live,,74.06473,0.1267687472,2.104427757,1915.54421,306.8343858,4:15,6.33925,-1.47886,6.3031,-58.65843,-8.46667,11.25638,1.56791,1.39857,68.54608,-10.86780381,4.238633051,0.5099030689,-5.54873,-4.67894,1.31926,50,6.32026,-4.24057,-107.78678,-1.21979,-6.4882,19.79519,-37.6452,e6670834-72aa-499f-b29f-3b95868c2b77,acc968d5-b66c-4f41-822e-a634a480f2f2,73.92079,Pitching,25410021,,,,,,,,,,,,,,,,,,,,-55.91097531,1073.624918,0.5604803649,,cfc668a1-2ddc-4bd9-9660-af97ee22eeea,f5a94b2b-640c-4abb-8c8d-cca66d9c0691
58,2026-09-25,19:17:17.89,"Morio, Brandon",1000500365,Left,,,,,,Fastball,Live,,85.09293,-1.263479744,2.827674057,1967.943051,163.903021,11:30,6.55863,-1.37676,7.06657,-25.654,10.85015,-3.14198,3.27217,0.93058,78.65661,-6.152152801,2.226842244,0.434853048,2.49036,6.42105,1.20829,50,6.47422,-6.04745,-123.98499,-3.36219,3.9061,23.01621,-22.10269,52da9fcb-8b15-4236-913b-128ccf07d36a,acc968d5-b66c-4f41-822e-a634a480f2f2,86.67857,Pitching,25410021,,,,,,,,,,,,,,,,,,,,-46.73294589,1348.827695,0.6853997598,,12e79e53-5772-4947-81e0-6f7c07df78ba,f5a94b2b-640c-4abb-8c8d-cca66d9c0691
59,2026-09-25,19:17:40.91,"Morio, Brandon",1000500365,Left,,,,,,Curveball,Live,,72.93021,0.9002848325,1.446575984,1896.215114,326.1091251,4:45,6.31734,-1.71377,6.31738,-59.8704,-8.29467,5.54554,2.15756,0.08082,67.46562,-10.34934221,2.498822006,0.5168851852,-2.62444,-4.80471,1.60552,50,6.35431,-2.81718,-106.1827,0.20346,-2.987,18.70788,-37.64252,60eb294e-a240-4156-98bf-7759f3a74a34,acc968d5-b66c-4f41-822e-a634a480f2f2,72.92227,Pitching,25410021,,,,,,,,,,,,,,,,,,,,-54.80869626,1092.80448,0.5763082846,,51ae0e69-a985-4059-8d66-81008f920306,f5a94b2b-640c-4abb-8c8d-cca66d9c0691
60,2026-09-25,19:18:20.62,"Smith, Matt",1000617065,Right,,,,,,,Warmup,,84.90266,-4.202915812,-2.102648915,2008.676917,201.31294,12:45,6.84831,1.2661,6.65061,-23.5211,14.27844,5.56584,1.03261,-0.19508,77.85516,-8.642765462,-1.039335407,0.4425014156,-3.69582,9.13943,-1.12711,50,6.55565,4.38012,-123.31558,-9.6909,-5.66952,25.38535,-18.15385,d6d4d66d-0af2-4407-b214-9bfaeb1d1ac1,acc968d5-b66c-4f41-822e-a634a480f2f2,85.18038,Pitching,25410021,,,,,,,,,,,,,,,,,,,,28.26615132,1769.156813,0.8807572774,,6a7dd3c5-5af8-4dc1-a37d-f08618d7dd48,f5a94b2b-640c-4abb-8c8d-cca66d9c0691
61,2026-09-25,19:18:32.86,"Smith, Matt",1000617065,Right,,,,,,,Warmup,,87.06351,-4.02739609,-1.218689784,2095.502446,200.0727015,12:45,6.82665,0.96332,6.56802,-15.60515,20.51995,7.48823,1.82801,0.47019,79.29838,-6.984154341,0.2130384181,0.4325894661,-4.50976,12.56562,-0.8829,50,6.54317,2.48446,-126.49627,-9.3387,-7.25485,27.52838,-11.95975,9569464f-c639-49c5-ae05-de476b3c764c,acc968d5-b66c-4f41-822e-a634a480f2f2,87.13212,Pitching,25410021,,,,,,,,,,,,,,,,,,,,27.84123839,1852.9377,0.8842450664,,ac66d5d3-5ad3-4779-90e3-eaa97eab1d04,f5a94b2b-640c-4abb-8c8d-cca66d9c0691
62,2026-09-25,19:18:47.07,"Smith, Matt",1000617065,Right,,,,,,ChangeUp,Warmup,,81.08242,-2.162383093,-2.89394545,1892.16719,239.7446369,2:00,6.45467,1.62287,6.39072,-32.89857,8.86633,15.21864,1.72103,0.22745,74.34599,-8.366987546,-0.0002072503961,0.4651329695,-9.20304,5.50015,-1.42228,50,6.28408,5.55176,-117.87771,-5.33679,-12.8981,23.22871,-24.46557,a87599bb-e1e6-42a4-8f2c-bda7b3e1ce45,acc968d5-b66c-4f41-822e-a634a480f2f2,81.03584,Pitching,25410021,,,,,,,,,,,,,,,,,,,,,,,,173d756f-43d3-4d2d-bb48-eaac89bf37aa,f5a94b2b-640c-4abb-8c8d-cca66d9c0691
63,2026-09-25,19:19:00.55,"Smith, Matt",1000617065,Right,,,,,,,Warmup,,77.86816,0.3760112855,-0.6125870138,2460.756937,27.06257476,7:00,6.56495,1.29659,5.81306,-63.27138,-16.67885,-8.50201,1.64195,0.01853,71.46827,-11.44046753,-2.221257694,0.4912805423,4.39276,-9.12301,-1.24151,50,6.55861,1.45258,-113.22978,-1.05719,5.61989,23.48419,-43.8456,a7b324c9-cf9e-476e-8d3e-7b1ef7c9c3ea,acc968d5-b66c-4f41-822e-a634a480f2f2,76.72284,Pitching,25410021,,,,,,,,,,,,,,,,,,,,53.74468544,1455.253385,0.5913844489,,011c64c0-c6ba-41fd-a923-1100561c7d3f,f5a94b2b-640c-4abb-8c8d-cca66d9c0691
64,2026-09-25,19:20:52.55,"Smith, Matt",1000617065,Right,,,,,,Fastball,Live,,90.02598,-1.628261276,-0.4535881522,2021.250863,211.5243462,1:00,6.74429,0.44719,6.05409,-19.78435,14.66309,9.00715,3.58816,0.77798,81.57078,-5.367397681,1.256043385,0.42242527,-5.04044,8.48184,-0.41681,50,6.60738,0.75227,-130.94826,-4.34721,-8.65441,30.53006,-17.61078,a6c98d71-4195-4bab-b47f-c9b509d860f6,edd28be7-0dea-4f22-81b5-45207d883db2,89.22866,Pitching,25410021,,,,,,,,,,,,,,,,,,,,,,,,5e440fa7-ac2f-4f43-993a-94087253f10b,f5a94b2b-640c-4abb-8c8d-cca66d9c0691
65,2026-09-25,19:21:19.50,"Smith, Matt",1000617065,Right,,,,,,Fastball,Live,,91.14207,-1.798670534,-0.6939778139,2061.785519,196.077614,12:30,6.66799,0.49826,5.9724,-19.89096,13.75858,3.97137,3.34248,0.1859,82.76209,-5.54766494,0.05783261618,0.4175042889,-2.36295,8.00302,-0.44563,50,6.51484,1.47649,-132.55773,-4.80989,-4.16812,30.619,-18.05717,8a83f0a7-cc14-4ba8-b3e8-9915f7f2b745,edd28be7-0dea-4f22-81b5-45207d883db2,90.28036,Pitching,25410021,,,,,,,,,,,,,,,,,,,,,,,,9e9a4f35-a61a-4a3e-aec0-e7fbf5f2a495,f5a94b2b-640c-4abb-8c8d-cca66d9c0691
66,2026-09-25,19:21:53.07,"Smith, Matt",1000617065,Right,,,,,,Fastball,Live,,89.96239,-4.175932057,-2.087560276,1989.275429,205.4363107,12:45,6.67548,0.51307,6.13583,-16.61611,17.76314,8.43449,1.42248,-0.71399,82.08937,-7.294715491,-0.49024746,0.4220069604,-5.20203,10.89378,-0.35842,50,6.34811,4.49596,-130.55322,-10.0562,-8.9376,28.6448,-13.45746,2b52c4c4-865d-4e3e-8826-3a8eb7a8fc53,edd28be7-0dea-4f22-81b5-45207d883db2,89.3171,Pitching,25410021,,,,,,,,,,,,,,,,,,,,,,,,7cf8a91b-0865-4e16-b7b9-db16e0055c5b,f5a94b2b-640c-4abb-8c8d-cca66d9c0691
67,2026-09-25,19:22:13.01,"Smith, Matt",1000617065,Right,,,,,,Fastball,Live,,90.84557,-2.099427882,-2.401067642,2110.556373,215.82475,1:15,6.62799,1.08396,6.11043,-19.27088,14.39947,10.40557,3.07853,-0.27007,82.67182,-5.735241536,-0.430292317,0.4176333937,-6.37351,8.45915,-0.9054,50,6.45689,5.20785,-132.05121,-5.4547,-11.18734,29.67233,-17.3258,755732b3-e06f-4109-8e88-8dc4bc0e2582,edd28be7-0dea-4f22-81b5-45207d883db2,90.25245,Pitching,25410021,,,,,,,,,,,,,,,,,,,,,,,,e263026b-94cf-4313-89b9-432c0388081f,f5a94b2b-640c-4abb-8c8d-cca66d9c0691
68,2026-09-25,19:22:49.45,"Smith, Matt",1000617065,Right,,,,,,Fastball,Live,,86.94863,0.7111416145,0.1942021191,2016.864703,230.0982926,1:45,6.47239,1.44125,6.01741,-25.66241,11.1754,13.39993,4.99252,2.73777,79.00172,-4.136602469,2.729682268,0.4368358418,-7.21511,5.85262,-1.46372,50,6.51407,-0.84178,-126.5385,0.77994,-11.60975,27.64854,-22.75667,db9dfdb0-0519-4f4d-b128-f2236e72066f,edd28be7-0dea-4f22-81b5-45207d883db2,86.28513,Pitching,25410021,,,,,,,,,,,,,,,,,,,,,,,,e2083acf-c3fe-4caf-997e-c7f7cc23b811,f5a94b2b-640c-4abb-8c8d-cca66d9c0691
69,2026-09-25,19:23:08.47,"Smith, Matt",1000617065,Right,,,,,,Fastball,Live,,87.02173,-2.611586935,-0.7161483732,2032.318078,195.328779,12:30,6.54841,1.36429,5.95742,-19.26612,17.77667,4.87576,2.51957,1.10655,78.91909,-6.238945845,0.2075759219,0.4380495405,-2.86414,10.44319,-1.31023,50,6.33055,1.42945,-126.47452,-6.36771,-4.58954,28.37034,-15.43973,7105d32d-dd38-4add-b4f4-9336b1580712,edd28be7-0dea-4f22-81b5-45207d883db2,86.04606,Pitching,25410021,,,,,,,,,,,,,,,,,,,,,,,,2992ae7e-54bc-4d51-8468-7affa249ec8d,f5a94b2b-640c-4abb-8c8d-cca66d9c0691
70,2026-09-25,19:23:28.25,"Smith, Matt",1000617065,Right,,,,,,Fastball,Live,,87.33631,-3.344775512,-1.521607041,2072.483416,205.2555299,12:45,6.44903,1.49696,6.06621,-21.02347,15.5617,7.3403,1.59754,0.70038,79.55329,-7.294748657,-0.1307227676,0.4353353799,-4.44758,9.46596,-1.38313,50,6.17869,3.1452,-126.8626,-8.06047,-7.19337,27.78654,-16.86412,18f7bd16-b8f5-4af4-8a11-a0badf249644,edd28be7-0dea-4f22-81b5-45207d883db2,86.58253,Pitching,25410021,,,,,,,,,,,,,,,,,,,,,,,,97db852c-670a-47e0-8fe5-b67ee57e086d,f5a94b2b-640c-4abb-8c8d-cca66d9c0691
71,2026-09-25,19:23:52.63,"Smith, Matt",1000617065,Right,,,,,,ChangeUp,Live,,82.64534,-1.384218258,-3.019423815,2017.268818,233.4232905,1:45,6.22556,1.78562,6.25346,-30.15567,10.30126,13.91931,2.43427,0.15898,75.4323,-7.079516745,-0.3775797225,0.4577916659,-8.50586,6.04466,-1.56856,50,6.10797,5.94772,-120.14638,-3.75157,-12.36251,24.51196,-23.38867,546df6b6-873c-4072-97e7-27c3807b421f,edd28be7-0dea-4f22-81b5-45207d883db2,82.33535,Pitching,25410021,,,,,,,,,,,,,,,,,,,,,,,,a95b4e65-c5d8-4335-bd49-2c0b8d8ffae7,f5a94b2b-640c-4abb-8c8d-cca66d9c0691
72,2026-09-25,19:24:52.74,"Smith, Matt",1000617065,Right,,,,,,Fastball,Live,,87.79414,-1.639038371,-1.892872927,1984.365484,199.6806066,12:45,6.71343,0.79926,5.96099,-18.60299,17.72496,6.34924,3.64233,-0.42723,79.60021,-5.14822621,-0.6914201139,0.4338023052,-4.01752,10.10496,-0.65282,50,6.57319,4.01894,-127.63145,-4.23755,-6.56597,28.52512,-15.65916,b59e709e-7cf8-4732-8200-c8cf7328098c,c89a13a4-47ed-496e-b950-90daa23b7d52,86.88852,Pitching,25410021,,,,,,,,,,,,,,,,,,,,,,,,7e786eec-a6a3-46b6-9167-e2cd1b1e40e4,f5a94b2b-640c-4abb-8c8d-cca66d9c0691
73,2026-09-25,19:25:13.10,"Smith, Matt",1000617065,Right,,,,,,Curveball,Live,,80.54737,1.023697885,-1.267002997,2504.476356,64.23171071,8:15,6.32042,1.46854,5.25826,-48.45671,-4.56732,-9.39398,3.24437,-0.50471,74.22554,-7.926744599,-3.011683454,0.4768164095,4.60431,-2.68813,-1.34581,50,6.37882,2.8971,-117.11503,0.51032,6.40343,21.83936,-35.91256,8d3a9cd2-feff-4f18-b218-33fc8d7f0789,c89a13a4-47ed-496e-b950-90daa23b7d52,79.05021,Pitching,25410021,,,,,,,,,,,,,,,,,,,,,,,,52d52f2a-9d97-49a6-9093-b42460ad75fa,f5a94b2b-640c-4abb-8c8d-cca66d9c0691
74,2026-09-25,19:26:43.13,"Delaney, Kieran",1000616394,Right,,,,,,,Warmup,,82.2126,-2.40644176,-4.85820131,1369.885561,259.6819106,2:45,6.46734,2.01822,5.94592,-39.20664,2.46987,13.52961,0.95902,-1.37064,75.24239,-9.728168952,-2.310102481,0.4646405203,-8.78164,2.06017,-1.63883,50,6.25338,9.72597,-119.10831,-6.17601,-12.52266,24.44697,-29.23623,a5a0f47b-c8b4-42c1-8087-cf27e5f3fdcb,c8fff819-1675-4808-8db7-0a75e6029ee7,81.12172,Pitching,25410021,,,,,,,,,,,,,,,,,,,,28.30916919,1206.049265,0.8804014727,,92294531-7a63-46d8-8a7c-2ddcc80fbec4,f5a94b2b-640c-4abb-8c8d-cca66d9c0691
75,2026-09-25,19:26:53.48,"Delaney, Kieran",1000616394,Right,,,,,,,Warmup,,74.94003,2.877574148,-0.7550108586,2635.356127,65.46066882,8:15,6.58482,2.02474,5.85082,-57.13062,-6.73478,-14.66327,4.49986,0.10131,67.9996,-7.883411802,-3.529941585,0.5109385988,7.68314,-4.57064,-1.95502,50,6.78549,1.83233,-108.83483,3.92009,9.07355,21.8444,-37.57183,23d930b2-c95a-41ac-b668-b78090bdc644,c8fff819-1675-4808-8db7-0a75e6029ee7,73.77098,Pitching,25410021,,,,,,,,,,,,,,,,,,,48.94687308,56.43502764,1457.041603,0.5528822415,7:45,e9ae601b-4f53-461a-bc8b-55675ec478a4,f5a94b2b-640c-4abb-8c8d-cca66d9c0691
76,2026-09-25,19:27:06.54,"Delaney, Kieran",1000616394,Right,,,,,,,Warmup,,75.54454,0.5332095616,0.3330125338,2679.86829,68.5716312,8:15,6.63122,1.77732,5.87619,-55.30902,-5.89379,-14.90982,2.51731,0.84408,68.94257,-9.847508491,-2.492769775,0.5059432555,8.17497,-3.36117,-1.79567,50,6.64263,-0.23179,-109.85931,-0.48641,9.83708,22.25598,-36.2186,87937079-437a-4a54-bf93-831e781a5fab,c8fff819-1675-4808-8db7-0a75e6029ee7,74.49934,Pitching,25410021,,,,,,,,,,,,,,,,,,,45.98899931,51.59359886,1664.828865,0.6212353314,7:30,c8011dbf-55fd-4bad-b724-6c6c55dae4d0,f5a94b2b-640c-4abb-8c8d-cca66d9c0691
77,2026-09-25,19:27:20.42,"Delaney, Kieran",1000616394,Right,,,,,,,Warmup,,79.46908,-1.908333571,-1.151668672,2090.473268,208.9011335,1:00,6.89692,2.17316,5.43871,-29.31849,15.75119,8.70999,2.66601,1.8206,72.58246,-7.356819604,0.4786533007,0.4831852146,-4.96552,8.92885,-2.07736,50,6.70837,2.05028,-115.48276,-4.76171,-6.671,22.54251,-20.17845,e44a576d-0e40-4d9b-bd8e-2a2d771ec85f,c8fff819-1675-4808-8db7-0a75e6029ee7,78.00826,Pitching,25410021,,,,,,,,,,,,,,,,,,,227.9697111,42.68797477,1536.616823,0.735056911,1:30,045e6935-7762-44b4-8cbb-13f31aff28af,f5a94b2b-640c-4abb-8c8d-cca66d9c0691
78,2026-09-25,19:27:26.67,"Delaney, Kieran",1000616394,Right,,,,,,,Warmup,,40.92198,4.75672618,0.7818872732,,,,9.09574,0.61877,,,,,1.77816,0.8085,35.99229,,,1.08903996,3.75893,34.09519,-0.74978,50,9.64923,-0.59772,-58.04765,0.99653,1.17898,9.4914,-21.48014,c2264aef-760d-4f46-9360-1b41b176ec2d,c8fff819-1675-4808-8db7-0a75e6029ee7,,Pitching,25410021,,,,,,,,,,,,,,,,,,,,,,,,ac01ac0e-bba9-494b-a763-9736d14ec2b1,f5a94b2b-640c-4abb-8c8d-cca66d9c0691
79,2026-09-25,19:27:45.12,"Delaney, Kieran",1000616394,Right,,,,,,Fastball,Live,,89.00839,-1.309798614,-2.733932453,2433.738042,211.0045316,1:00,6.6381,1.70815,6.22991,-20.04222,14.77498,8.89872,3.75812,-0.0741,81.15532,-5.09901582,-1.047873795,0.4246863259,-5.64845,8.44985,-1.50875,50,6.53039,5.91122,-129.44772,-3.57171,-9.55291,27.8465,-17.8833,46be476f-0f10-4d7e-8f62-9cdb85f7ff60,c8fff819-1675-4808-8db7-0a75e6029ee7,88.7536,Pitching,25410021,,,,,,,,,,,,,,,,,,,213.5323173,45.39153459,1709.11261,0.7022582467,1:00,b1ff001f-d044-4b7f-ba9e-dc6380ee9cfe,f5a94b2b-640c-4abb-8c8d-cca66d9c0691
80,2026-09-25,19:28:01.77,"Delaney, Kieran",1000616394,Right,,,,,,Fastball,Live,,89.26808,-2.217185294,-2.560217548,2467.774362,217.0243558,1:15,6.63556,1.67769,6.32365,-20.71771,13.76485,10.39247,2.86442,0.18469,81.58228,-6.131534467,-0.588086886,0.4226405748,-6.42572,8.17703,-1.49598,50,6.46382,5.49341,-129.80773,-5.65034,-10.93821,27.76508,-18.25468,cf27d0ae-2e19-441d-a352-4913f230b168,c8fff819-1675-4808-8db7-0a75e6029ee7,89.1832,Pitching,25410021,,,,,,,,,,,,,,,,,,,,41.45385676,1849.570035,0.7494891199,,099b719a-258c-45f0-a852-2d8dfc01d256,f5a94b2b-640c-4abb-8c8d-cca66d9c0691
81,2026-09-25,19:28:21.39,"Delaney, Kieran",1000616394,Right,,,,,,Fastball,Live,,89.90275,-1.75584129,-3.435132067,2429.542453,222.0952587,1:30,6.57055,1.57426,6.37122,-20.5338,13.37071,12.10089,3.24065,-0.58137,82.22884,-5.639376531,-1.14122668,0.419083078,-7.5988,7.82786,-1.33219,50,6.43414,7.48336,-130.68987,-4.62685,-13.13959,27.59322,-18.63838,9cded47b-303b-4fd4-8835-38bdb31c8984,c8fff819-1675-4808-8db7-0a75e6029ee7,89.94026,Pitching,25410021,,,,,,,,,,,,,,,,,,,,41.93360678,1807.384497,0.7439197017,,6af8ff42-c4c5-42be-9d82-fde4f1777357,f5a94b2b-640c-4abb-8c8d-cca66d9c0691
82,2026-09-25,19:28:48.99,"Delaney, Kieran",1000616394,Right,,,,,,Slider,Live,,75.60164,2.880431818,0.9343746057,2868.578385,73.07613284,8:30,6.64485,1.93109,5.83717,-54.07843,-4.53959,-14.72703,4.81771,1.57223,68.4256,-7.319487492,-1.855342091,0.5065756675,8.2581,-3.38163,-1.99857,50,6.84804,-1.38621,-109.78934,4.03992,9.92666,22.18821,-36.23894,c66727b8-b4bc-4dbb-bd94-c04c41404809,c8fff819-1675-4808-8db7-0a75e6029ee7,74.40634,Pitching,25410021,,,,,,,,,,,,,,,,,,,29.62682463,51.73669911,1776.442435,0.6192762395,7:00,b3798add-cb20-458d-bbc3-bb38581a6206,f5a94b2b-640c-4abb-8c8d-cca66d9c0691
83,2026-09-25,19:29:11.13,"Delaney, Kieran",1000616394,Right,,,,,,Slider,Live,,75.2975,0.3557798836,-0.4608034041,2762.194629,64.94492785,8:15,6.52535,1.83542,5.56438,-58.17842,-7.85749,-16.72046,2.00948,0.01162,68.9279,-10.47274188,-3.60817475,0.5105587614,8.79806,-4.31815,-1.78496,50,6.51852,1.36006,-109.44433,-0.98992,10.51397,21.97102,-37.33438,0613fc7f-2c73-47bc-803b-6fd706678a79,c8fff819-1675-4808-8db7-0a75e6029ee7,73.82586,Pitching,25410021,,,,,,,,,,,,,,,,,,,,46.11798175,1914.686074,0.6931756558,,ad3669d4-fb0b-43c7-9130-d45646caccac,f5a94b2b-640c-4abb-8c8d-cca66d9c0691
84,2026-09-25,19:29:30.76,"Delaney, Kieran",1000616394,Right,,,,,,Fastball,Live,,90.69882,-4.915142243,-4.756249318,2489.071203,219.7085159,1:15,6.60231,1.59794,6.3295,-18.70903,15.03839,12.4357,0.49101,-1.75494,82.96266,-8.428620836,-2.40403702,0.4181110632,-8.1699,9.64693,-1.257,50,6.23358,10.53942,-131.18369,-11.88526,-14.20827,28.27225,-15.39706,48c2ac0a-b2c1-471b-a447-128c212bd10e,c8fff819-1675-4808-8db7-0a75e6029ee7,90.14935,Pitching,25410021,,,,,,,,,,,,,,,,,,,,40.02370436,1906.077073,0.7657784441,,c38367cb-138e-456e-af54-ed2fffe6d3b0,f5a94b2b-640c-4abb-8c8d-cca66d9c0691
85,2026-09-25,19:29:54.01,"Delaney, Kieran",1000616394,Right,,,,,,Fastball,Live,,89.48364,-3.09181504,-2.592742226,2382.052573,210.9497776,1:00,6.6363,1.61379,6.28635,-20.827,13.7061,8.22078,2.04604,-0.09188,81.58222,-7.021729938,-1.031222737,0.4229501651,-5.27083,8.42492,-1.42704,50,6.39842,5.63887,-129.98737,-7.655,-8.96326,28.79818,-17.84713,4e606b12-db38-4843-baa6-de9e59651d10,c8fff819-1675-4808-8db7-0a75e6029ee7,89.11792,Pitching,25410021,,,,,,,,,,,,,,,,,,,209.962498,44.46134109,1700.126204,0.7137232079,1:00,5b81afeb-0fd4-4ef7-80dd-76a641f598e0,f5a94b2b-640c-4abb-8c8d-cca66d9c0691
86,2026-09-25,19:30:15.24,"Delaney, Kieran",1000616394,Right,,,,,,ChangeUp,Live,,84.94448,-4.415650435,-4.588387343,1278.834685,242.6676139,2:00,6.3855,1.76853,6.05715,,,,,,,,,,-8.30431,4.90351,-1.419,50,6.02417,9.48044,-122.92134,-10.48081,-12.67684,24.88173,-24.68866,6ece4486-b3c3-481b-aa0c-b0c38347b2f0,c8fff819-1675-4808-8db7-0a75e6029ee7,,Pitching,25410021,,,,,,,,,,,,,,,,,,,,,,,,d75f5d4e-8a21-4e75-987c-7603a237357e,f5a94b2b-640c-4abb-8c8d-cca66d9c0691
87,2026-09-25,19:30:35.30,"Delaney, Kieran",1000616394,Right,,,,,,Slider,Live,,75.54979,2.937277252,-0.1910061165,2823.461341,69.80356268,8:15,6.50891,1.86652,5.72921,-56.75496,-6.88808,-18.59609,4.51689,0.13899,68.46079,-7.736474919,-3.704860233,0.508250123,9.94984,-4.66662,-1.83938,50,6.71932,0.88508,-109.69132,4.04311,11.92358,22.37654,-37.76638,129dd437-f98b-4fa1-8cb6-7d0f8bd7cd18,c8fff819-1675-4808-8db7-0a75e6029ee7,74.1612,Pitching,25410021,,,,,,,,,,,,,,,,,,,,47.88392065,1893.511485,0.6706348189,,a2bb3b1b-9bc7-4719-bee1-a261fbacf3d7,f5a94b2b-640c-4abb-8c8d-cca66d9c0691
88,2026-09-25,19:31:14.40,"Delaney, Kieran",1000616394,Right,,,,,,Fastball,Live,,86.822,-5.031610901,-3.955299723,2274.96823,216.2353253,1:15,6.54085,1.77016,6.26481,-22.25964,14.66495,10.70611,0.0245,-0.98959,79.46664,-9.198322015,-1.927925372,0.4373500693,-7.00581,9.48924,-1.48268,50,6.15626,8.37518,-125.65852,-11.74119,-11.15611,26.4293,-17.06331,5fe021b6-d1dc-4bba-af3d-2d33659ed9ec,c8fff819-1675-4808-8db7-0a75e6029ee7,86.18368,Pitching,25410021,,,,,,,,,,,,,,,,,,,,39.35775124,1759.008622,0.7732014009,,5355a982-d144-4ad9-ac25-13432708f0ed,f5a94b2b-640c-4abb-8c8d-cca66d9c0691
89,2026-09-25,19:31:31.83,"Delaney, Kieran",1000616394,Right,,,,,,Fastball,Live,,88.40248,-2.499123865,-3.027701614,2315.675295,212.7942625,1:00,6.51725,1.72846,6.49198,-21.78346,13.346,8.60894,2.40343,-0.33576,80.47778,-6.632797815,-1.386067712,0.4265865184,-5.66107,8.11898,-1.52034,50,6.3325,6.54993,-128.46787,-6.235,-9.3903,28.46567,-18.7067,fac0a228-73ee-4d3c-829e-21d9e0fbd65a,c8fff819-1675-4808-8db7-0a75e6029ee7,88.35825,Pitching,25410021,,,,,,,,,,,,,,,,,,,,34.80685364,1901.356837,0.8210809353,,498cf6da-da55-4160-8a32-430f084ed5c8,f5a94b2b-640c-4abb-8c8d-cca66d9c0691
90,2026-09-25,19:31:51.00,"Delaney, Kieran",1000616394,Right,,,,,,Fastball,Live,,88.0839,-3.29813982,-3.549681088,2241.046631,203.2893869,12:45,6.54502,1.77326,6.29325,-20.63827,14.94415,6.43726,1.77726,-0.96495,80.59779,-7.181559851,-2.331115843,0.4293279173,-4.53424,9.12184,-1.51551,50,6.29218,7.73991,-127.84675,-7.99334,-7.48843,26.88531,-17.10907,f889480e-18eb-46c0-b446-ea4df28a38b5,c8fff819-1675-4808-8db7-0a75e6029ee7,87.79406,Pitching,25410021,,,,,,,,,,,,,,,,,,,,46.56489319,1540.792562,0.6875325755,,df395ff5-f417-435f-be1b-9405f5af9bc1,f5a94b2b-640c-4abb-8c8d-cca66d9c0691
91,2026-09-25,19:32:12.33,"Delaney, Kieran",1000616394,Right,,,,,,Fastball,Live,,87.99296,-3.416572572,-1.897602328,2188.222692,215.3647528,1:15,6.49298,1.72927,6.46758,-21.83302,13.84124,9.8189,1.53069,0.80432,79.80461,-7.558267198,-0.01847701937,0.4298816475,-6.02484,8.72921,-1.60009,50,6.24246,3.95681,-127.82588,-8.25427,-9.83635,29.60463,-17.92245,31526278-fb94-474a-8216-f408118e054c,c8fff819-1675-4808-8db7-0a75e6029ee7,87.68097,Pitching,25410021,,,,,,,,,,,,,,,,,,,,22.32150894,2024.253049,0.9250672047,,cefdaf14-82e4-4a1d-bd49-c452488ecb9f,f5a94b2b-640c-4abb-8c8d-cca66d9c0691
92,2026-09-25,19:32:30.97,"Delaney, Kieran",1000616394,Right,,,,,,Fastball,Live,,88.68634,-2.229766985,-3.051215439,2381.737975,210.7463296,1:00,6.56226,1.61182,6.36574,-21.97921,13.00249,7.74747,2.67516,-0.55255,80.90912,-6.38749682,-1.57942227,0.4256884656,-5.14574,7.79312,-1.39516,50,6.39079,6.64304,-128.89671,-5.67184,-8.61641,27.96715,-19.12466,ca4f530d-d8ca-4311-bc9c-1b80d6216461,c8fff819-1675-4808-8db7-0a75e6029ee7,88.54466,Pitching,25410021,,,,,,,,,,,,,,,,,,,,,,,,d26c4f97-1154-4cb3-8cdf-41a5d11d2785,f5a94b2b-640c-4abb-8c8d-cca66d9c0691
93,2026-09-25,19:33:14.92,"Delaney, Kieran",1000616394,Right,,,,,,Fastball,Live,,90.48214,-1.840617713,-3.065439244,2158.326161,222.0309119,1:30,6.59275,1.6817,6.44031,-22.00137,11.59113,10.46665,3.06519,-0.26521,82.24426,-6.019812457,-1.070557229,0.4171502897,-6.69335,6.94431,-1.4691,50,6.45218,6.73542,-131.52655,-4.88072,-11.63071,29.98929,-20.10725,3e9b7069-6418-4ccf-abfb-a83d261a3799,c8fff819-1675-4808-8db7-0a75e6029ee7,90.35698,Pitching,25410021,,,,,,,,,,,,,,,,,,,204.5855693,38.01873333,1700.349672,0.7878094159,12:45,e2bbb09c-17d6-4342-8192-e9ffbdc29a88,f5a94b2b-640c-4abb-8c8d-cca66d9c0691
94,2026-09-25,19:33:42.91,"Delaney, Kieran",1000616394,Right,,,,,,Fastball,Live,,90.14666,-1.162041552,-2.656042943,2304.68475,206.973981,1:00,6.64755,1.59192,6.27852,-18.07409,15.89295,8.10636,4.06915,-0.1821,81.90395,-4.589653152,-1.116324328,0.4194693905,-5.22886,9.0508,-1.4001,50,6.55305,5.83558,-131.10303,-3.2113,-9.04183,29.38954,-16.52324,393e04ee-d949-4691-98d0-7fe043388ee1,c8fff819-1675-4808-8db7-0a75e6029ee7,89.85742,Pitching,25410021,,,,,,,,,,,,,,,,,,,,38.10791219,1813.440748,0.7868498057,,26752fef-fb49-4374-9b54-74888f931b47,f5a94b2b-640c-4abb-8c8d-cca66d9c0691
95,2026-09-25,19:33:59.29,"Delaney, Kieran",1000616394,Right,,,,,,Fastball,Live,,89.36171,-0.2306935237,-2.409686572,2350.860187,217.7622958,1:15,6.56318,1.72606,6.44532,-21.5084,12.7889,9.93618,4.55869,0.33902,81.24156,-4.323822673,-0.5164158737,0.4215036616,-6.18675,7.1151,-1.55998,50,6.53712,5.18332,-130.05234,-1.15081,-10.53273,28.79342,-20.06084,c97cf37f-6853-4159-97d1-f79487117947,c8fff819-1675-4808-8db7-0a75e6029ee7,89.42375,Pitching,25410021,,,,,,,,,,,,,,,,,,,,38.85268616,1830.759273,0.7787614439,,d09ae0a4-473d-4fed-bea9-ac87cda59b7c,f5a94b2b-640c-4abb-8c8d-cca66d9c0691
96,2026-09-25,19:34:18.52,"Delaney, Kieran",1000616394,Right,,,,,,Fastball,Live,,89.10709,-1.437736232,-3.10330769,2265.483959,206.7469256,1:00,6.56733,1.84396,6.40129,-20.74805,13.85385,6.9998,3.51418,-0.42887,81.12648,-5.374098087,-1.772372948,0.4233712263,-4.76351,8.0441,-1.62504,50,6.45476,6.81911,-129.5603,-3.86457,-8.05198,28.46631,-18.57675,ef982faa-47fa-405c-8334-f2f61b366765,c8fff819-1675-4808-8db7-0a75e6029ee7,89.02929,Pitching,25410021,,,,,,,,,,,,,,,,,,,214.4230147,38.30837706,1777.69297,0.784685746,1:15,8b0e8949-e840-46e3-977f-059186bae835,f5a94b2b-640c-4abb-8c8d-cca66d9c0691
97,2026-09-25,19:34:40.11,"Delaney, Kieran",1000616394,Right,,,,,,Fastball,Live,,89.53311,-1.566630451,-2.463284981,2192.001205,213.4834432,1:00,6.62552,1.74174,6.40638,-21.2331,12.93083,8.57026,3.4141,0.18988,81.72769,-5.590667713,-0.8338479971,0.4206833665,-5.42089,7.56121,-1.56965,50,6.50369,5.35103,-130.26192,-4.192,-9.28392,28.19308,-19.22459,35011607-3ba6-4457-a976-52b036a400eb,c8fff819-1675-4808-8db7-0a75e6029ee7,89.59812,Pitching,25410021,,,,,,,,,,,,,,,,,,,,41.55137568,1640.408795,0.7483612651,,84d89cc5-69e1-4599-bb15-893df80d5119,f5a94b2b-640c-4abb-8c8d-cca66d9c0691
98,2026-09-25,19:35:08.01,"Delaney, Kieran",1000616394,Right,,,,,,Slider,Live,,77.19657,1.532074369,-1.060079374,2640.158882,68.13663546,8:15,6.5726,1.93261,6.05306,-53.07811,-6.28114,-15.57278,3.56799,-0.34637,70.6523,-8.452859861,-4.007627289,0.4923571343,8.14345,-3.88445,-1.84202,50,6.66315,2.50001,-112.28733,1.56457,10.29647,22.1682,-37.0855,24ff7dc0-fc9f-43c1-8f7a-aea257cd94e5,c8fff819-1675-4808-8db7-0a75e6029ee7,76.55508,Pitching,25410021,,,,,,,,,,,,,,,,,,,41.19942875,55.67239797,1488.848834,0.5639239533,7:15,31c675f8-447f-4c59-accd-769a70dfa803,f5a94b2b-640c-4abb-8c8d-cca66d9c0691
99,2026-09-25,19:35:38.62,"Smith, Matt",1000617065,Right,,,,,,,Warmup,,44.48938,,,,,,,,,,,,,,,,,,,,,,,,,,,,,a320b127-057a-4064-9097-e191ebce8889,c8fff819-1675-4808-8db7-0a75e6029ee7,,Pitching,25410021,,,,,,,,,,,,,,,,,,,,,,,,151112be-ff07-4b29-8c9f-93a042ec852a,f5a94b2b-640c-4abb-8c8d-cca66d9c0691
100,2026-09-25,19:35:48.71,"Smith, Matt",1000617065,Right,,,,,,,Warmup,,83.69873,-1.957262195,-0.3738501443,1966.022858,207.9669322,1:00,6.91117,0.86854,6.28985,-20.89291,18.49659,9.83187,3.36594,1.34339,76.15301,-5.911962565,1.497314017,0.4517119926,-5.50263,10.73029,-0.84584,50,6.75722,0.51822,-121.79764,-4.74998,-8.19877,25.73495,-16.18622,47258eaf-9e5b-4ec6-99c5-e19e1d5b34cb,c8fff819-1675-4808-8db7-0a75e6029ee7,83.44352,Pitching,25410021,,,,,,,,,,,,,,,,,,,,17.86205573,1871.256118,0.9517977429,,ba26b8f8-05bc-4cb6-b114-44845614928d,f5a94b2b-640c-4abb-8c8d-cca66d9c0691
101,2026-09-25,19:36:01.60,"Smith, Matt",1000617065,Right,,,,,,,Warmup,,79.80939,-0.05458409767,-1.226301374,1767.910213,238.2588196,2:00,6.51146,1.31937,6.6175,-35.1077,7.90452,12.83845,3.53583,1.26617,72.29418,-6.768350669,1.240615405,0.4720275115,-7.53054,4.4102,-1.24161,50,6.49322,2.16773,-116.19758,-0.98478,-10.1367,24.91182,-26.23756,bf035f79-dc3d-4b0e-abf4-5410422e8b22,c8fff819-1675-4808-8db7-0a75e6029ee7,79.85221,Pitching,25410021,,,,,,,,,,,,,,,,,,,,,,,,27d53be2-2136-42af-ae3e-42aa4546b9d0,f5a94b2b-640c-4abb-8c8d-cca66d9c0691
102,2026-09-25,19:36:15.30,"Smith, Matt",1000617065,Right,,,,,,,Warmup,,76.67815,-1.832498834,-1.760784896,2450.525927,58.3963676,8:00,6.57288,1.2427,6.18937,-53.05675,-5.81735,-9.37525,0.45844,-1.16456,70.8143,-11.73546488,-3.539954912,0.4946791353,4.58223,-2.61555,-1.10549,50,6.40816,3.67366,-111.50569,-4.96047,5.71079,21.94297,-35.43378,5306a8e4-c308-4547-849e-55d7bc0fc378,c8fff819-1675-4808-8db7-0a75e6029ee7,76.19573,Pitching,25410021,,,,,,,,,,,,,,,,,,,,55.42776683,1390.538116,0.5674447679,,46924112-8981-405f-a5b4-e97c0ce043c2,f5a94b2b-640c-4abb-8c8d-cca66d9c0691
103,2026-09-25,19:36:31.74,"Smith, Matt",1000617065,Right,,,,,,,Warmup,,86.06335,-3.280831039,-0.9100749582,1996.506427,204.3231241,12:45,6.81833,1.03867,6.35687,-19.90446,17.19239,7.77003,2.13683,0.84862,78.69732,-7.034174821,0.5674598234,0.438369078,-4.52823,10.38632,-0.97654,50,6.57148,1.76561,-125.14137,-7.7439,-7.15403,26.13115,-15.76498,66ea1077-ce3a-47f4-9cd7-bbd563ed270f,c8fff819-1675-4808-8db7-0a75e6029ee7,85.98334,Pitching,25410021,,,,,,,,,,,,,,,,,,,,19.27871991,1884.549618,0.9439236421,,8bc5c888-041d-435c-8752-f4bcaad8beec,f5a94b2b-640c-4abb-8c8d-cca66d9c0691
104,2026-09-25,19:36:45.46,"Smith, Matt",1000617065,Right,,,,,,,Warmup,,81.33841,-2.584727587,-2.258098303,1833.691282,222.5874282,1:30,6.50724,1.37048,6.33593,-29.28364,12.52621,11.5238,1.68399,0.25093,74.10362,-8.11829012,-0.06160864406,0.465383168,-7.02593,7.6779,-1.21179,50,6.3053,4.35034,-118.21629,-6.13136,-9.84117,24.68145,-21.41967,922fd699-2549-4b8f-b2f3-53676bec71ca,c8fff819-1675-4808-8db7-0a75e6029ee7,80.99227,Pitching,25410021,,,,,,,,,,,,,,,,,,,207.9286277,53.01634548,1103.125134,0.601587162,1:00,f2f1e6d0-d37c-4e15-b6e9-6d500329f248,f5a94b2b-640c-4abb-8c8d-cca66d9c0691
105,2026-09-25,19:36:57.86,"Smith, Matt",1000617065,Right,,,,,,,Warmup,,75.95461,-1.012939084,-1.414949828,2356.847905,34.86552801,7:15,6.56113,1.34454,6.19893,-59.87347,-12.03668,-8.35705,0.63636,-0.65812,70.62684,-12.168488,-2.997884861,0.4977971609,4.15055,-6.27645,-1.23412,50,6.45484,2.94853,-110.55223,-3.51587,5.11324,20.54776,-39.90626,d27b2c50-5824-4e23-8bfe-e97ee54f9334,c8fff819-1675-4808-8db7-0a75e6029ee7,75.71847,Pitching,25410021,,,,,,,,,,,,,,,,,,,,54.96920887,1352.869754,0.5740165713,,957f3b74-2be3-4bc8-8444-6a9981dfdc00,f5a94b2b-640c-4abb-8c8d-cca66d9c0691
106,2026-09-25,19:37:16.15,"Smith, Matt",1000617065,Right,,,,,,,Warmup,,84.94189,-2.60946105,-0.7949365083,2013.961082,212.3954542,1:00,7.03277,0.93448,6.36003,-22.32435,15.68947,9.96183,2.76936,1.03311,77.73163,-6.822512451,1.09899097,0.443753895,-5.69713,9.36331,-0.88175,50,6.83361,1.4335,-123.59313,-6.26388,-8.78361,25.37888,-17.73807,fddc0913-86af-4c38-ab78-3ef4136611bb,c8fff819-1675-4808-8db7-0a75e6029ee7,84.93996,Pitching,25410021,,,,,,,,,,,,,,,,,,,,18.99269369,1904.32121,0.9455600841,,5df890b5-5080-4c1c-b992-eff8f98ba458,f5a94b2b-640c-4abb-8c8d-cca66d9c0691
107,2026-09-25,19:37:21.22,"Smith, Matt",1000617065,Right,,,,,,,Warmup,,46.87409,,,1116.80009,,,6.72642,0.31543,11.3191,,,,7.60092,1.35699,41.39181,,,0.7441164602,15.54677,24.83348,-0.26662,50,6.61676,-4.09392,-68.16667,9.22987,7.01424,10.35979,-20.96993,6b17a900-c4ba-4c3e-8bcf-11c2b2e0d87e,c8fff819-1675-4808-8db7-0a75e6029ee7,50.65395,Pitching,25410021,,,,,,,,,,,,,,,,,,,,,,,,cbeae93d-2a57-4213-8ea7-4d9c49d6db0f,f5a94b2b-640c-4abb-8c8d-cca66d9c0691
108,2026-09-25,19:37:50.92,"Smith, Matt",1000617065,Right,,,,,,Fastball,Live,,88.4043,-2.67312338,-0.6243829687,2052.819297,212.5375337,1:00,6.87259,0.43463,6.4628,-18.67041,16.36698,10.44649,2.85986,0.73173,80.61808,-6.210277686,1.367936134,0.4260271123,-5.94414,9.81378,-0.39534,50,6.67577,1.10185,-128.63001,-6.54202,-9.8997,28.1634,-15.82963,3a6f6883-ae84-4035-98c0-2cbe047aa9fa,c8fff819-1675-4808-8db7-0a75e6029ee7,88.47427,Pitching,25410021,,,,,,,,,,,,,,,,,,,,,,,,e7c166fa-2769-4dc4-8efc-383c0eba8f0e,f5a94b2b-640c-4abb-8c8d-cca66d9c0691
109,2026-09-25,19:38:01.13,"Smith, Matt",1000617065,Right,,,,,,,Live,,50.54204,8.995989446,12.90646452,1441.243367,,,6.09648,0.35195,5.46359,,,,5.76542,7.92867,41.12068,,,0.8226650655,38.40488,6.67025,-1.47057,50,6.84677,-15.11907,-70.29687,9.51839,17.36709,15.04894,-29.15769,5e36936a-9906-40ec-852d-e5db9a7fddb9,c8fff819-1675-4808-8db7-0a75e6029ee7,45.81748,Pitching,25410021,,,,,,,,,,,,,,,,,,,,,,,,5980129d-b122-4f42-a63c-d43f740e05a9,f5a94b2b-640c-4abb-8c8d-cca66d9c0691
110,2026-09-25,19:38:26.84,"Smith, Matt",1000617065,Right,,,,,,Fastball,Live,,89.48253,-3.712781029,-1.817283265,2081.831624,213.4217097,1:00,6.91046,0.38186,6.62975,-19.37942,14.57282,9.60721,1.89011,-0.48176,81.98165,-7.379372094,0.01664758187,0.4193779963,-5.84016,9.13174,-0.2631,50,6.6512,3.85713,-130.07545,-8.98949,-9.98587,27.79318,-16.56002,0e8baedd-9ff8-4595-ae0d-90d43652a294,c8fff819-1675-4808-8db7-0a75e6029ee7,89.87701,Pitching,25410021,,,,,,,,,,,,,,,,,,,,,,,,15ed8b79-c3ad-436e-b940-e94ce61fab72,f5a94b2b-640c-4abb-8c8d-cca66d9c0691
111,2026-09-25,19:38:47.46,"Smith, Matt",1000617065,Right,,,,,,Curveball,Live,,79.57883,-0.4502487369,-1.044962597,2534.859728,58.62163406,8:00,6.60157,1.13286,6.32559,-49.1429,-5.89409,-9.60418,2.09167,-0.62977,73.5651,-9.678385062,-2.866746593,0.4733239599,4.96737,-3.1028,-1.05214,50,6.54523,2.37039,-115.89897,-2.2228,6.74151,22.11145,-36.38504,c3a04557-26be-4890-ae9f-efb8a6587e65,c8fff819-1675-4808-8db7-0a75e6029ee7,79.63349,Pitching,25410021,,,,,,,,,,,,,,,,,,,52.99068048,55.57368702,1433.072493,0.5653458757,7:45,2ff7f03d-e08f-4aaa-84db-48d1e8498662,f5a94b2b-640c-4abb-8c8d-cca66d9c0691
112,2026-09-25,19:39:08.91,"Smith, Matt",1000617065,Right,,,,,,Curveball,Live,,80.16916,0.8451102672,0.2835503175,2492.817604,40.43724904,7:15,6.61436,0.92019,6.3692,-52.99113,-10.35671,-8.79417,2.97601,0.44821,73.75735,-9.158540797,-1.389877755,0.4699499173,4.91397,-5.93636,-0.9365,50,6.65044,-0.34391,-116.75701,0.31283,6.75025,22.9817,-40.32874,a53e264b-01a2-4b14-8461-ca7a3fcc98b4,c8fff819-1675-4808-8db7-0a75e6029ee7,80.20523,Pitching,25410021,,,,,,,,,,,,,,,,,,,,57.07546277,1354.931053,0.5435339718,,0a751db7-6786-445a-ba7c-19e216b4f737,f5a94b2b-640c-4abb-8c8d-cca66d9c0691
113,2026-09-25,19:40:03.07,"Smith, Matt",1000617065,Right,,,,,,Curveball,Live,,79.93325,-0.4932156999,-1.227895467,2571.118138,55.24168876,7:45,6.57014,0.96053,6.32243,-48.61508,-5.88159,-8.42367,2.0646,-0.8723,74.12944,-9.606160931,-2.822616273,0.4704956305,4.27697,-3.08585,-0.86696,50,6.51079,2.72239,-116.43384,-2.31107,5.88044,21.54225,-36.41681,4707e686-d319-49e6-b533-b7d953a45252,c8fff819-1675-4808-8db7-0a75e6029ee7,80.1122,Pitching,25410021,,,,,,,,,,,,,,,,,,,46.65068051,57.06017309,1398.065922,0.5437579475,7:30,22a79a18-dd4a-4239-b2f4-fd7b946c4bda,f5a94b2b-640c-4abb-8c8d-cca66d9c0691
114,2026-09-25,19:40:29.20,"Smith, Matt",1000617065,Right,,,,,,Fastball,Live,,89.61996,-1.86322406,-0.1853045943,2137.37405,213.628168,1:00,6.91654,0.20885,6.56905,-19.8811,13.99057,9.31849,3.55148,0.81555,81.80832,-5.64066052,1.594098194,0.4188800772,-5.21033,8.28507,-0.20012,50,6.7802,0.15646,-130.51146,-4.81241,-8.94421,28.68139,-17.95164,fc995dae-9322-4497-b816-ab169f08383f,c8fff819-1675-4808-8db7-0a75e6029ee7,89.98384,Pitching,25410021,,,,,,,,,,,,,,,,,,,,,,,,8b9cb13a-9f72-4445-bd9a-74d22cda4bc4,f5a94b2b-640c-4abb-8c8d-cca66d9c0691
115,2026-09-25,19:40:50.97,"Smith, Matt",1000617065,Right,,,,,,Curveball,Live,,79.50925,-0.2553818605,0.1263690687,2503.213828,21.4418451,6:45,6.77147,0.586,5.79104,-59.27777,-14.73018,-5.77049,1.59413,0.22266,73.19661,-11.29985465,-0.963327281,0.4803784592,3.1478,-7.85745,-0.59295,50,6.71531,-0.08614,-115.6539,-2.25099,4.21981,23.63347,-42.70743,38bf8018-34c0-4df6-ba69-1f335dc2f302,c8fff819-1675-4808-8db7-0a75e6029ee7,78.46405,Pitching,25410021,,,,,,,,,,,,,,,,,,,9.233918954,52.30530093,1530.599694,0.6114538346,6:15,aeb1a639-ca4c-435c-b24b-15fc83dabce8,f5a94b2b-640c-4abb-8c8d-cca66d9c0691
116,2026-09-25,19:41:28.38,"Smith, Matt",1000617065,Right,,,,,,Curveball,Live,,78.56469,0.6518449652,1.139142882,2433.084083,35.62631705,7:15,6.65803,0.51114,5.79688,-60.12898,-14.43923,-10.3199,2.25365,0.7107,72.04654,-10.58875046,-0.8110570421,0.4864976831,5.91763,-7.98637,-0.59853,50,6.67598,-1.9738,-114.24251,-0.43535,7.7306,23.30844,-42.60718,71798af9-d8f1-45ea-889c-4c05acd63a4d,c8fff819-1675-4808-8db7-0a75e6029ee7,77.47712,Pitching,25410021,,,,,,,,,,,,,,,,,,,,49.95876787,1565.297191,0.6433387167,,bb32cb6b-d747-4fc2-841b-ca5d56779b25,f5a94b2b-640c-4abb-8c8d-cca66d9c0691
117,2026-09-25,19:41:59.00,"Smith, Matt",1000617065,Right,,,,,,Curveball,Live,,80.38998,-1.946312663,-1.375712784,2540.730542,50.68314963,7:45,6.55577,1.12814,6.39961,-50.8037,-8.33103,-10.11617,0.53133,-0.98006,74.44104,-11.45503136,-3.30018878,0.4690575963,5.15752,-4.00583,-1.02503,50,6.39297,3.07704,-116.98611,-5.32043,7.10131,23.39868,-37.68962,7e6b7c05-5ddb-4d25-be90-0b4ccd53a68e,c8fff819-1675-4808-8db7-0a75e6029ee7,80.35781,Pitching,25410021,,,,,,,,,,,,,,,,,,,,,,,,64e9d202-6711-44b3-9c3b-7e95846fcd8d,f5a94b2b-640c-4abb-8c8d-cca66d9c0691
118,2026-09-25,19:42:33.92,"Smith, Matt",1000617065,Right,,,,,,Slider,Live,,79.95123,-0.7622948101,-1.40355549,2462.698349,53.33051802,7:45,6.51805,1.08375,6.32833,-50.9862,-8.10316,-10.83283,1.56709,-1.11154,74.03897,-10.31756577,-3.45779181,0.4713181603,5.53774,-4.22463,-0.97639,50,6.43817,3.14251,-116.41496,-2.91508,7.57779,22.43945,-37.95499,741c49d3-6fa0-4e7d-b399-e5cb19244fbb,c8fff819-1675-4808-8db7-0a75e6029ee7,79.97239,Pitching,25410021,,,,,,,,,,,,,,,,,,,20.96142827,58.32524723,1293.154757,0.5250966925,6:45,6481dd37-aa36-4711-b28b-6d64babdcae7,f5a94b2b-640c-4abb-8c8d-cca66d9c0691
119,2026-09-25,19:43:02.74,"Delaney, Kieran",1000616394,Right,,,,,,,Warmup,,81.50321,-3.706603339,-2.94593575,2154.994568,224.9472023,1:30,6.94535,1.57436,6.34269,-27.92151,13.74052,13.69382,1.19744,0.00146,74.4929,-8.960939947,-0.3402789241,0.4645597487,-8.40323,8.65892,-1.36696,50,6.66254,5.71692,-118.28538,-8.42792,-11.81696,24.12923,-19.99752,7d871a50-0fc8-4380-8a07-4703d8a5b99b,c8fff819-1675-4808-8db7-0a75e6029ee7,81.13583,Pitching,25410021,,,,,,,,,,,,,,,,,,,243.1640788,38.91420004,1676.774318,0.7780874919,2:00,3f2cdd28-e032-4eb1-ba7f-cf78f04f6617,f5a94b2b-640c-4abb-8c8d-cca66d9c0691
120,2026-09-25,19:43:13.20,"Delaney, Kieran",1000616394,Right,,,,,,,Warmup,,88.23615,-2.722734344,-3.714303832,2357.79794,214.0951639,1:15,6.57954,1.85652,6.26988,-21.69761,13.74822,9.3162,2.25456,-0.79558,80.73031,-6.809479949,-1.951848162,0.4285030759,-6.14476,8.28984,-1.58657,50,6.36736,8.03863,-128.1128,-6.75328,-10.19767,26.8245,-18.41648,7d5aaba5-c6b6-4410-8e87-35f2304dffe7,c8fff819-1675-4808-8db7-0a75e6029ee7,87.96305,Pitching,25410021,,,,,,,,,,,,,,,,,,,,43.35668164,1714.340581,0.7270939344,,14885c2d-2ed6-4dae-9bab-6bc10831ce0b,f5a94b2b-640c-4abb-8c8d-cca66d9c0691
121,2026-09-25,19:43:23.39,"Delaney, Kieran",1000616394,Right,,,,,,,Warmup,,83.26902,-1.135652353,-4.860549613,1466.969251,255.9760081,2:30,6.35259,2.26346,5.6895,-36.7313,3.93039,15.81906,2.22941,-0.95861,76.46802,-7.968412772,-1.906495356,0.4589487019,-9.80329,2.41635,-1.86436,50,6.23403,9.77096,-120.74334,-3.55541,-14.49143,23.21841,-28.60215,77d9acba-1efa-4ca4-b7c0-52e48a3e24a4,c8fff819-1675-4808-8db7-0a75e6029ee7,82.12778,Pitching,25410021,,,,,,,,,,,,,,,,,,,,30.3724668,1265.637611,0.8627567416,,07fe4e90-b415-4a81-b486-f9de3a3a4ef1,f5a94b2b-640c-4abb-8c8d-cca66d9c0691
122,2026-09-25,19:43:34.51,"Delaney, Kieran",1000616394,Right,,,,,,,Warmup,,82.80529,-0.9814327936,-3.69569406,1595.838293,285.1121802,3:30,6.48718,1.89774,6.26837,-43.59721,-3.61948,13.36006,1.94745,-0.40024,76.6277,-9.149856028,-1.173489394,0.4550723487,-8.28431,-1.71477,-1.63109,50,6.39304,7.39953,-120.38885,-3.29556,-12.20609,22.50945,-34.70059,2f990d63-a094-4265-8665-84d198d9d103,c8fff819-1675-4808-8db7-0a75e6029ee7,82.82736,Pitching,25410021,,,,,,,,,,,,,,,,,,,,37.47955386,1266.410236,0.7935705278,,b62e77ff-f502-4e65-8aff-3ab7df68981b,f5a94b2b-640c-4abb-8c8d-cca66d9c0691
123,2026-09-25,19:43:45.22,"Delaney, Kieran",1000616394,Right,,,,,,,Warmup,,78.12163,0.3191852476,-4.673082993,2781.546868,100.2760653,9:15,6.64081,1.81469,5.85573,-43.5358,2.57252,-14.41307,3.31033,-3.73722,71.90042,-7.775828119,-7.360465078,0.488721085,6.40614,1.29387,-1.42679,50,6.64145,9.6729,-113.31259,-0.60658,8.28903,21.63276,-30.49988,ccabe921-4e45-43cb-be6e-8b78cb574ae9,c8fff819-1675-4808-8db7-0a75e6029ee7,77.12464,Pitching,25410021,,,,,,,,,,,,,,,,,,,47.22949201,67.67473652,1056.609732,0.3798640762,7:30,7a6ad06a-a989-4c2f-bffd-3f5990420856,f5a94b2b-640c-4abb-8c8d-cca66d9c0691
124,2026-09-25,19:44:01.49,"Delaney, Kieran",1000616394,Right,,,,,,,Warmup,,88.09132,-0.4886179747,-2.179110035,2237.760377,208.6335831,1:00,6.64966,1.79714,6.03089,-23.80715,11.94091,6.53909,4.21297,0.32342,80.40026,-4.97347121,-0.9446979519,0.4303260205,-4.16687,6.61539,-1.63069,50,6.5986,4.6723,-128.1626,-1.83801,-6.91475,27.05394,-21.19608,41c202e9-0d08-44ec-920b-77a107d76c7a,c8fff819-1675-4808-8db7-0a75e6029ee7,87.59042,Pitching,25410021,,,,,,,,,,,,,,,,,,,218.5936572,41.56321749,1674.346381,0.748224161,1:15,90f42fe2-97d8-4e17-a517-072195bf4135,f5a94b2b-640c-4abb-8c8d-cca66d9c0691
125,2026-09-25,19:44:14.85,"Delaney, Kieran",1000616394,Right,,,,,,,Warmup,,83.00042,-0.778289578,-1.375532364,2157.659851,206.057128,12:45,6.78059,2.09099,5.6696,-26.64625,14.2574,6.98834,3.83428,1.39081,75.64415,-5.766869499,-0.06241628668,0.4603121608,-4.14536,7.86515,-1.9794,50,6.69833,2.67946,-120.70893,-2.47537,-6.08659,24.55816,-20.62573,c1d4549f-9925-49f7-835a-0f89b5343b42,c8fff819-1675-4808-8db7-0a75e6029ee7,81.88452,Pitching,25410021,,,,,,,,,,,,,,,,,,,,34.44431573,1779.370888,0.8246762748,,067a8a99-25f2-49ad-97d6-c29091f58491,f5a94b2b-640c-4abb-8c8d-cca66d9c0691
126,2026-09-25,19:44:20.85,"Delaney, Kieran",1000616394,Right,,,,,,,Warmup,,47.19006,,,,,,,,,,,,,,,,,,,,,,,,,,,,,eac35148-dab7-42fb-bf5a-7ef9862e8621,c8fff819-1675-4808-8db7-0a75e6029ee7,,Pitching,25410021,,,,,,,,,,,,,,,,,,,,,,,,6271f4d7-10e9-45b7-9274-d79c27c3a19c,f5a94b2b-640c-4abb-8c8d-cca66d9c0691
127,2026-09-25,19:44:56.77,"Delaney, Kieran",1000616394,Right,,,,,,Fastball,Live,,90.98918,1.412094057,-1.820651886,2413.92296,203.9837283,12:45,6.59112,1.75624,6.10378,-19.29136,14.06983,6.27533,6.29012,0.59516,82.93433,-2.231777045,-0.6351783233,0.4157115966,-3.91973,7.25291,-1.61985,50,6.68934,4.00854,-132.40339,2.65011,-6.95474,28.39858,-19.30528,17d6750c-b22d-4208-a960-cfa66f8780c8,c8fff819-1675-4808-8db7-0a75e6029ee7,90.66968,Pitching,25410021,,,,,,,,,,,,,,,,,,,,41.95688541,1795.109296,0.7436481302,,a7112cf4-f686-459f-aa50-eea439bbc9af,f5a94b2b-640c-4abb-8c8d-cca66d9c0691
128,2026-09-25,19:45:30.87,"Delaney, Kieran",1000616394,Right,,,,,,ChangeUp,Live,,83.09621,-1.824258458,-4.257376227,1351.290111,267.5374905,3:00,6.48639,1.81264,6.74186,-38.70751,0.37849,9.08011,1.58912,-1.32701,76.84103,-9.132462886,-2.530096845,0.4499683976,-6.19969,0.70474,-1.53656,50,6.35108,8.75822,-120.76543,-4.84532,-9.18063,22.92029,-31.13046,4981bbfa-43e9-4426-a2cd-a41fcc0cb919,b4f408b9-f72b-4f0d-884d-45cb9761e7d1,83.76686,Pitching,25410021,,,,,,,,,,,,,,,,,,,,23.14103085,1242.565714,0.9195402997,,f8151912-22f5-48d2-a607-ec273a236a94,f5a94b2b-640c-4abb-8c8d-cca66d9c0691
129,2026-09-25,19:45:48.81,"Delaney, Kieran",1000616394,Right,,,,,,Fastball,Live,,88.99471,-1.303535924,-1.359716605,2386.463721,206.6787378,1:00,6.60719,1.7226,6.62708,-17.86039,16.41355,8.25984,3.92488,1.16585,81.08642,-4.708548116,0.2193890039,0.4213601534,-4.97727,9.48239,-1.63414,50,6.51164,2.8456,-129.61181,-3.44933,-8.42584,28.31431,-16.12165,de344134-fb94-4427-aed6-7ffc1a95ed0e,b4f408b9-f72b-4f0d-884d-45cb9761e7d1,89.45421,Pitching,25410021,,,,,,,,,,,,,,,,,,,,33.63128508,1987.014916,0.8326189494,,8ca98818-2fe3-4571-9a96-7229071cf8b3,f5a94b2b-640c-4abb-8c8d-cca66d9c0691
130,2026-09-25,19:46:15.46,"Delaney, Kieran",1000616394,Right,,,,,,ChangeUp,Live,,85.66075,-0.5723613948,-2.756759256,1512.108548,242.8275206,2:00,6.56126,1.82217,6.57573,-32.86644,4.04149,7.93452,3.29725,-0.04488,78.76426,-6.798267415,-1.247679771,0.4372514385,-5.1393,2.39023,-1.63668,50,6.50793,5.78805,-124.70914,-2.14576,-8.10644,24.70566,-28.40383,c74cfd81-fe07-49c7-a0b3-c81fa313b515,b4f408b9-f72b-4f0d-884d-45cb9761e7d1,86.20312,Pitching,25410021,,,,,,,,,,,,,,,,,,,,36.18452985,1220.452672,0.8071197492,,3d206ebe-2343-4067-8b13-69e71b7cde51,f5a94b2b-640c-4abb-8c8d-cca66d9c0691
131,2026-09-25,19:46:42.10,"Delaney, Kieran",1000616394,Right,,,,,,ChangeUp,Live,,84.86359,-0.5498886561,-2.618223335,1463.301704,283.9382387,3:30,6.32725,2.10857,6.54968,-40.1382,-2.37996,9.48888,2.47768,0.49708,77.99936,-8.148131688,-0.8105835773,0.4422595751,-5.98787,-1.15884,-1.93209,50,6.27194,5.39124,-123.53113,-2.27668,-9.23305,25.09399,-33.96093,365c89ea-42f1-419f-9917-743ea63e9f6c,b4f408b9-f72b-4f0d-884d-45cb9761e7d1,85.22696,Pitching,25410021,,,,,,,,,,,,,,,,,,,,24.15995432,1335.12584,0.9124064005,,cf290450-312c-4c91-8ef9-221a76952404,f5a94b2b-640c-4abb-8c8d-cca66d9c0691
132,2026-09-25,19:46:56.81,"Delaney, Kieran",1000616394,Right,,,,,,ChangeUp,Live,,85.50463,-2.354320255,-5.265376714,1369.783165,265.4591842,2:45,6.35219,2.0332,6.43189,-36.83863,0.76555,9.61019,1.10848,-2.01807,78.76829,-9.270164717,-3.449120834,0.4413564111,-6.75696,1.0802,-1.6628,50,6.16743,11.15499,-123.95992,-6.14874,-10.51111,24.83414,-30.4937,2e1acbe9-f3bb-4be8-8b8a-58a8bfcb75c9,b4f408b9-f72b-4f0d-884d-45cb9761e7d1,85.40136,Pitching,25410021,,,,,,,,,,,,,,,,,,,,24.04570224,1250.914384,0.9132207317,,584d0105-2f74-49fa-a6ba-7cd08ec6b886,f5a94b2b-640c-4abb-8c8d-cca66d9c0691
133,2026-09-25,19:47:35.05,"Delaney, Kieran",1000616394,Right,,,,,,Fastball,Live,,90.52661,-0.05534857912,-1.751205726,2180.642024,216.527875,1:15,6.50723,1.88256,6.78006,-22.02255,10.99713,8.16976,4.62147,0.96431,82.19356,-4.277249331,-0.1825893922,0.413578391,-5.08836,6.15387,-1.77202,50,6.49516,3.80771,-131.86072,-0.73065,-8.88431,30.21454,-21.42936,53ddb8ed-f5a5-4844-ac4e-66c963680f9f,b4f408b9-f72b-4f0d-884d-45cb9761e7d1,91.13735,Pitching,25410021,,,,,,,,,,,,,,,,,,,,38.83432249,1698.638285,0.7789624641,,81928608-3957-477b-9cb0-ae049335988f,f5a94b2b-640c-4abb-8c8d-cca66d9c0691
134,2026-09-25,19:47:51.72,"Delaney, Kieran",1000616394,Right,,,,,,Fastball,Live,,90.38909,-0.2992461525,-2.30560226,2211.615409,215.4738849,1:15,6.47704,2.04015,6.71204,-23.95279,9.33118,6.67354,4.20723,0.48775,81.98213,-4.885570244,-1.025472398,0.4152302247,-4.42471,5.28853,-1.89034,50,6.44772,5.11289,-131.58567,-1.35191,-7.68022,30.53034,-22.99445,3e6c6b06-e854-48dc-86cb-2dacbc58ee29,b4f408b9-f72b-4f0d-884d-45cb9761e7d1,90.7748,Pitching,25410021,,,,,,,,,,,,,,,,,,,,38.48140512,1731.274985,0.7828101477,,728f3047-b8d2-4874-b640-dad906a9b177,f5a94b2b-640c-4abb-8c8d-cca66d9c0691
135,2026-09-25,19:48:15.10,"Delaney, Kieran",1000616394,Right,,,,,,Slider,Live,,76.18884,1.138770242,-0.7445557731,2720.156282,78.18421409,8:30,6.40402,2.10289,6.03627,-51.03181,-2.96145,-13.98023,3.20589,0.2485,69.66927,-8.463291612,-3.392303343,0.4990109743,7.36932,-1.95955,-2.03737,50,6.46526,1.81571,-110.8424,0.83377,9.07534,21.68356,-34.58724,48169ea1-01ff-4aba-b9f8-49bbebf5dcc5,b4f408b9-f72b-4f0d-884d-45cb9761e7d1,75.53429,Pitching,25410021,,,,,,,,,,,,,,,,,,,39.71420536,55.99232992,1521.393963,0.5593038802,7:15,5b8fd23d-0d0a-428c-9d59-20ee00ebc402,f5a94b2b-640c-4abb-8c8d-cca66d9c0691
136,2026-09-25,19:48:33.73,"Delaney, Kieran",1000616394,Right,,,,,,ChangeUp,Live,,83.84446,-2.191511169,-3.253874246,1386.195187,235.0501029,1:45,6.36825,1.98754,6.14563,-33.26313,6.0475,8.6804,1.56729,-0.29863,77.18007,-8.420164447,-1.615874457,0.4512595218,-5.62492,3.89854,-1.74457,50,6.18414,6.67362,-121.83534,-5.63922,-8.45901,23.82456,-26.31125,302054fc-71b1-41de-bbf4-cf56a36f1f24,b4f408b9-f72b-4f0d-884d-45cb9761e7d1,83.52719,Pitching,25410021,,,,,,,,,,,,,,,,,,,,21.28809286,1291.610512,0.9317666979,,51dec71f-f6b8-4e3c-9645-e3bd8f9ce2bd,f5a94b2b-640c-4abb-8c8d-cca66d9c0691
137,2026-09-25,19:49:10.31,"Delaney, Kieran",1000616394,Right,,,,,,ChangeUp,Live,,84.91,-2.55721058,-3.607598779,1492.678329,237.5525768,2:00,6.32565,2.22351,6.48238,-32.58794,5.37207,8.47028,1.25615,-0.38692,78.03819,-8.697672403,-1.998378812,0.4434397176,-5.69514,3.68951,-1.97407,50,6.13137,7.54409,-123.35207,-6.41639,-8.75643,25.01609,-26.50133,d47dc7e0-d935-4f29-a761-d894a30296d8,b4f408b9-f72b-4f0d-884d-45cb9761e7d1,85.00014,Pitching,25410021,,,,,,,,,,,,,,,,,,,,27.10870295,1328.69806,0.8901435993,,30cb1cb4-b783-4cac-833a-c01f95e1035f,f5a94b2b-640c-4abb-8c8d-cca66d9c0691
138,2026-09-25,19:49:32.22,"Delaney, Kieran",1000616394,Right,,,,,,Slider,Live,,77.77433,0.1405803724,-3.280774979,2642.507553,75.87681212,8:30,6.45437,2.12851,6.27452,-49.32301,-3.25974,-12.83085,2.4739,-1.96781,71.02373,-9.156912745,-5.716521972,0.4884822284,5.97782,-1.83505,-1.88015,50,6.44087,6.81127,-113.0009,-1.00512,7.60635,23.64979,-34.50902,56d79f7b-b6c4-4bcd-a7bd-29d451f7794d,b4f408b9-f72b-4f0d-884d-45cb9761e7d1,77.16235,Pitching,25410021,,,,,,,,,,,,,,,,,,,,,,,,4e88f4ca-0172-46a7-a324-ff317bb6b2fb,f5a94b2b-640c-4abb-8c8d-cca66d9c0691
139,2026-09-25,19:49:56.17,"Delaney, Kieran",1000616394,Right,,,,,,Fastball,Live,,90.85088,-2.373313996,-2.547938522,2316.884681,204.986996,12:45,6.49567,1.83512,6.66436,-18.1314,14.92014,6.96103,2.81008,0.08266,82.50898,-5.832080326,-1.214696156,0.4137778462,-4.64548,9.01685,-1.66733,50,6.32921,5.68315,-132.11807,-5.9917,-8.13582,30.55329,-16.38247,2f0fa1cc-24ab-41a2-a497-5b2bf59e2749,b4f408b9-f72b-4f0d-884d-45cb9761e7d1,91.09342,Pitching,25410021,,,,,,,,,,,,,,,,,,,,,,,,05fd5f20-f887-4c0d-bc03-cc44e2d2ba5d,f5a94b2b-640c-4abb-8c8d-cca66d9c0691
140,2026-09-25,19:50:22.52,"Delaney, Kieran",1000616394,Right,,,,,,ChangeUp,Live,,83.86404,-0.07015603645,-2.902238252,1294.585394,228.6439005,1:30,6.4334,2.18374,6.57306,-32.88334,6.0603,6.92998,3.62874,0.09919,76.15835,-6.341791837,-1.576638215,0.449148249,-4.73939,3.38041,-1.98767,50,6.41461,6.00119,-121.99512,-1.02075,-7.06508,26.42637,-27.13481,a1468a26-6336-41a1-b648-d40f53db26e2,b4f408b9-f72b-4f0d-884d-45cb9761e7d1,83.91982,Pitching,25410021,,,,,,,,,,,,,,,,,,,,26.12128706,1162.361703,0.8978640635,,dc444305-618a-4b07-acb5-76ad8b0cdfc7,f5a94b2b-640c-4abb-8c8d-cca66d9c0691
141,2026-09-25,19:51:14.38,"Brodhead, Hayes",1000616389,Right,,,,,,,Warmup,,89.35576,-2.196444247,-2.596270021,2300.22538,208.3729698,1:00,6.17126,0.69943,6.45834,-17.91105,16.28087,8.80282,2.65827,-0.95319,81.7096,-5.589111224,-0.9230950918,0.4208556249,-5.57654,9.58241,-0.5202,50,6.00805,5.63688,-129.97245,-5.5123,-9.52978,27.48886,-15.79862,04207b36-51a6-43a8-ab5d-78381fbfe735,b4f408b9-f72b-4f0d-884d-45cb9761e7d1,89.56145,Pitching,25410021,,,,,,,,,,,,,,,,,,,208.4556991,41.46816894,1723.613458,0.7493237282,1:00,943cc5b4-3d75-421d-be79-57be2a4fbef6,f5a94b2b-640c-4abb-8c8d-cca66d9c0691
142,2026-09-25,19:51:24.23,"Brodhead, Hayes",1000616389,Right,,,,,,,Warmup,,89.59224,-1.477551477,-2.319084147,2380.492016,211.7205288,1:00,6.15332,0.66909,6.4554,-24.76837,9.16236,5.67992,2.73073,-0.98884,82.17856,-6.162779946,-1.240279114,0.4192451357,-3.76798,5.452,-0.50792,50,6.03773,5.11473,-130.40665,-4.09229,-6.49157,27.30318,-22.78121,8caf3a71-a6f4-4803-b9b9-4daae5034964,b4f408b9-f72b-4f0d-884d-45cb9761e7d1,89.90549,Pitching,25410021,,,,,,,,,,,,,,,,,,,,39.24100977,1843.671813,0.7744919118,,c12f20a2-1e73-420d-b1f4-3d2f1ec758e0,f5a94b2b-640c-4abb-8c8d-cca66d9c0691
143,2026-09-25,19:51:37.09,"Brodhead, Hayes",1000616389,Right,,,,,,,Warmup,,80.97447,0.4458489413,-2.585507233,2542.700422,73.47957758,8:30,6.08015,0.76131,5.93125,-44.18961,-1.86357,-6.17748,2.81171,-2.15357,74.74733,-7.803202681,-3.744307007,0.4682472238,2.63239,-1.12716,-0.55155,50,6.09066,5.50046,-117.79165,-0.38028,3.70678,21.90214,-33.76125,6eeea209-099c-4213-99ef-7dba922f54c9,b4f408b9-f72b-4f0d-884d-45cb9761e7d1,80.49688,Pitching,25410021,,,,,,,,,,,,,,,,,,,,,,,,9e5475ec-c7b0-4aa3-aa90-c92e59c7f13f,f5a94b2b-640c-4abb-8c8d-cca66d9c0691
144,2026-09-25,19:51:55.10,"Brodhead, Hayes",1000616389,Right,,,,,,,Warmup,,81.0265,-0.1131360745,-1.457556778,1204.344754,59.01457057,8:00,5.93074,0.84391,5.60077,-48.53455,-5.24585,-8.67753,1.78056,-1.24003,74.05842,-9.161248312,-3.089094258,0.4735421828,4.19125,-2.77277,-0.71375,50,5.89014,3.2638,-117.77496,-1.72631,5.81964,24.75489,-36.02409,0de10d7a-3259-4d2b-b460-6bfbe2c756fa,b4f408b9-f72b-4f0d-884d-45cb9761e7d1,79.59679,Pitching,25410021,,,,,,,,,,,,,,,,,,,38.26958872,59.70391981,607.5540571,0.5044685546,7:15,f10e7c8f-a8c6-4399-b6bf-4090bd853b0e,f5a94b2b-640c-4abb-8c8d-cca66d9c0691
145,2026-09-25,19:52:07.58,"Brodhead, Hayes",1000616389,Right,,,,,,Slider,Warmup,,76.06086,0.7165042217,-0.2190455727,2515.348321,32.43768323,7:00,6.17609,0.37696,6.07986,-64.06317,-15.75056,-9.98414,1.50035,-0.65768,69.82341,-11.31235781,-2.117258546,0.5002667575,5.3703,-8.81144,-0.35481,50,6.19761,0.6875,-110.65602,-0.31297,6.56342,22.38165,-42.94313,5990e57f-855c-4923-ad27-1025f9c4a8cd,b4f408b9-f72b-4f0d-884d-45cb9761e7d1,75.34468,Pitching,25410021,,,,,,,,,,,,,,,,,,,,,,,,cadd5375-8ce1-492f-b7f6-74ba20ddc656,f5a94b2b-640c-4abb-8c8d-cca66d9c0691
146,2026-09-25,19:52:23.21,"Brodhead, Hayes",1000616389,Right,,,,,,,Warmup,,76.73829,0.9431025953,-0.9803770169,2494.453082,24.7790184,6:45,6.17014,0.56572,6.03268,-63.30868,-15.67719,-7.21959,1.76783,-0.94372,70.25458,-10.95287562,-2.35227547,0.4967278439,3.61114,-8.83642,-0.48542,50,6.20971,2.1041,-111.59972,0.13308,4.48257,23.03061,-43.14283,efa71a7a-e81f-4b9a-a931-26caf98375c8,b4f408b9-f72b-4f0d-884d-45cb9761e7d1,75.88147,Pitching,25410021,,,,,,,,,,,,,,,,,,,,37.96811755,1966.510116,0.7883532187,,3af574a7-ca2c-4981-a435-e6d6245dc36a,f5a94b2b-640c-4abb-8c8d-cca66d9c0691
147,2026-09-25,19:52:35.14,"Brodhead, Hayes",1000616389,Right,,,,,,,Warmup,,83.30923,-1.705262224,-0.9249850983,1026.728132,189.5297288,12:15,6.06234,0.65823,6.45398,-24.50197,15.20451,2.55703,2.45351,0.02161,75.44593,-6.37085981,-0.4354579818,0.4535259154,-1.70685,8.94007,-0.59407,50,5.93094,1.88837,-121.22611,-4.26952,-2.50446,26.78857,-19.05624,29fd97c1-b135-412b-a520-50c3c00154a7,b4f408b9-f72b-4f0d-884d-45cb9761e7d1,83.10978,Pitching,25410021,,,,,,,,,,,,,,,,,,,,20.65962379,960.702215,0.9356928915,,4d2d6852-e771-4bad-9841-3793891615c7,f5a94b2b-640c-4abb-8c8d-cca66d9c0691
148,2026-09-25,19:52:46.40,"Brodhead, Hayes",1000616389,Right,,,,,,,Warmup,,87.54984,-1.132056896,-1.998155341,2262.209518,211.5611064,1:00,6.12279,0.79857,6.40927,-24.26631,11.21201,6.90529,3.05912,-0.46367,80.47182,-5.716466824,-0.6890807676,0.4286994232,-4.32737,6.45999,-0.65909,50,6.03069,4.24779,-127.49212,-3.2245,-7.14707,25.36367,-21.50476,5ff36877-c5e2-43de-a896-1edbc54bc4ce,b4f408b9-f72b-4f0d-884d-45cb9761e7d1,87.92277,Pitching,25410021,,,,,,,,,,,,,,,,,,,181.1711626,43.05386674,1653.024085,0.7307121964,12:00,8a4293ef-1ffa-4954-aba4-ab182f207a87,f5a94b2b-640c-4abb-8c8d-cca66d9c0691
149,2026-09-25,19:52:51.77,"Brodhead, Hayes",1000616389,Right,,,,,,,Warmup,,59.09924,3.461172536,5.796919943,1520.598786,145.9115,10:45,7.28115,-0.6914,-1.22143,-47.38149,60.40811,-41.24901,6.99875,1.99331,51.53106,-4.54487215,-1.181230649,0.7472395229,19.78927,24.64991,-0.38165,50,7.85949,-6.84165,-84.09601,3.1644,13.77333,14.39041,-15.01771,09c2bb06-1a1c-4a0a-9974-d5d60bc47878,b4f408b9-f72b-4f0d-884d-45cb9761e7d1,50.44224,Pitching,25410021,,,,,,,,,,,,,,,,,,,,,,,,34edb367-3fc0-48d4-9681-06d9fe5ae0e0,f5a94b2b-640c-4abb-8c8d-cca66d9c0691
150,2026-09-25,19:53:19.41,"Brodhead, Hayes",1000616389,Right,,,,,,Slider,Live,,78.72182,-0.0003793124203,-1.446535661,1225.754507,62.2411112,8:00,6.03146,0.79259,5.87887,-46.89515,-1.60133,-2.97165,2.12318,-0.79855,71.97007,-8.79326814,-2.007969507,0.484385214,1.16282,-0.86522,-0.67422,50,6.00453,2.97608,-114.49493,-1.33945,1.52854,23.06113,-33.31138,d1dae1a2-23db-4192-9992-31aba9f8471a,b4f408b9-f72b-4f0d-884d-45cb9761e7d1,77.81501,Pitching,25410021,,,,,,,,,,,,,,,,,,,,54.76095435,707.2469237,0.5769890462,,8189b1af-4cb9-4f80-9a9c-033eb9bb4686,f5a94b2b-640c-4abb-8c8d-cca66d9c0691
151,2026-09-25,19:53:33.11,"Brodhead, Hayes",1000616389,Right,,,,,,Slider,Live,,80.88515,0.9367051056,-0.846153797,2492.260982,49.89958044,7:45,5.91681,0.60902,5.90595,-47.39808,-4.97561,-5.86816,2.8365,-0.66537,74.57384,-7.925499788,-1.949557183,0.4687803119,2.93388,-2.94043,-0.53783,50,5.96477,1.91198,-117.74573,0.52828,4.12491,22.04705,-36.30816,f5476df3-3904-43d2-a07e-3e9995f4da68,b4f408b9-f72b-4f0d-884d-45cb9761e7d1,80.40534,Pitching,25410021,,,,,,,,,,,,,,,,,,,58.49207489,67.83008135,940.4662343,0.3773546355,8:00,a4c8c2c6-137f-41c8-b812-4e71b2568e61,f5a94b2b-640c-4abb-8c8d-cca66d9c0691
152,2026-09-25,19:53:49.11,"Brodhead, Hayes",1000616389,Right,,,,,,Slider,Live,,81.07774,0.5988675662,-1.240351182,1253.408089,50.08991235,7:45,5.89916,0.63691,5.86387,-48.06722,-5.82011,-6.91928,2.44996,-1.09196,74.94327,-8.364218033,-2.538959632,0.4678104098,3.39066,-3.29565,-0.53252,50,5.9196,2.76158,-118.02308,-0.19842,4.79562,21.88654,-36.83528,d1ddf2e3-6322-452c-b9e0-f7f7e93852eb,b4f408b9-f72b-4f0d-884d-45cb9761e7d1,80.57204,Pitching,25410021,,,,,,,,,,,,,,,,,,,,47.95200602,839.4736634,0.669752869,,ed7f2ef9-cb14-4f1e-a013-4261c2b4a20a,f5a94b2b-640c-4abb-8c8d-cca66d9c0691
153,2026-09-25,19:54:25.78,"Brodhead, Hayes",1000616389,Right,,,,,,Curveball,Live,,76.0649,1.020246975,-0.00309580101,2463.657214,44.32696721,7:30,6.23644,0.5068,6.10979,-60.09273,-11.81947,-11.50387,2.17207,-0.45472,69.56983,-10.29866803,-2.191855588,0.500062994,6.2747,-6.77508,-0.50058,50,6.28335,0.30887,-110.65717,0.38845,7.6661,22.44861,-40.45148,b11f0aa1-60ac-49dd-8375-a2675eb0d160,b4f408b9-f72b-4f0d-884d-45cb9761e7d1,75.37538,Pitching,25410021,,,,,,,,,,,,,,,,,,,,39.68796745,1895.867212,0.7695336842,,dca95d04-3b6e-4343-a321-919eaf84a223,f5a94b2b-640c-4abb-8c8d-cca66d9c0691
154,2026-09-25,19:54:51.92,"Brodhead, Hayes",1000616389,Right,,,,,,Fastball,Live,,90.62739,-2.888507902,-2.622216561,2323.169056,197.0766906,12:30,6.1653,0.37808,6.3311,-18.7071,14.51978,4.46475,1.94194,-1.66576,83.52917,-6.402602452,-1.77895694,0.4148739745,-3.12441,8.69615,-0.18936,50,5.94579,5.89909,-131.78186,-7.22732,-5.52937,26.33478,-16.78418,c1aba26a-d4dc-4a27-b4c4-e9f17154d9d4,b4f408b9-f72b-4f0d-884d-45cb9761e7d1,90.85274,Pitching,25410021,,,,,,,,,,,,,,,,,,,,,,,,fb3b1a77-f41c-4f81-9615-8203f4b7bcb3,f5a94b2b-640c-4abb-8c8d-cca66d9c0691
155,2026-09-25,19:55:10.84,"Brodhead, Hayes",1000616389,Right,,,,,,Curveball,Live,,73.33533,1.656744122,1.00404562,2343.293642,36.57587655,7:15,6.21022,0.5014,5.60041,-67.64293,-14.82918,-10.96373,2.12044,0.52506,67.37248,-10.93707545,-1.05923986,0.5230520496,6.17569,-8.4451,-0.58026,50,6.30877,-1.56221,-106.57859,1.19735,7.03075,20.06575,-41.78842,0716eb44-7f93-41ce-ae7e-74ecd27ea1ac,b4f408b9-f72b-4f0d-884d-45cb9761e7d1,72.0625,Pitching,25410021,,,,,,,,,,,,,,,,,,,,29.06769523,2048.147119,0.8740462919,,1c266f98-165d-4297-8dae-46cc96ed2a8b,f5a94b2b-640c-4abb-8c8d-cca66d9c0691
156,2026-09-25,19:55:30.86,"Brodhead, Hayes",1000616389,Right,,,,,,Fastball,Live,,90.12789,-2.49056078,-2.123470137,2352.019582,179.7659452,12:00,6.16751,0.56454,6.25555,-23.37516,10.51009,-0.04304,1.92027,-1.39777,82.61098,-6.887953839,-2.131619695,0.4189640509,-0.57604,6.44936,-0.40719,50,5.97128,4.86104,-131.06568,-6.4208,-1.00052,28.08582,-20.97226,d1031bfb-ed8d-4d5b-a2f8-115528e56d85,b4f408b9-f72b-4f0d-884d-45cb9761e7d1,89.96581,Pitching,25410021,,,,,,,,,,,,,,,,,,,,47.12467325,1600.32671,0.6804053514,,93e92fff-f613-44b6-be44-61aa2434658a,f5a94b2b-640c-4abb-8c8d-cca66d9c0691
157,2026-09-25,19:55:53.51,"Brodhead, Hayes",1000616389,Right,,,,,,Fastball,Live,,88.11291,-3.056713201,-1.908305741,2328.194806,197.8532312,12:30,6.06333,0.52768,6.35513,-21.8477,13.55706,4.3698,1.42549,-0.86496,80.59855,-7.176679113,-1.077952775,0.4282547768,-2.94908,8.32436,-0.39168,50,5.83162,4.13992,-128.09498,-7.48415,-4.88229,27.34933,-18.39281,22f50781-39cd-4d00-91fe-cbdc5eb8b379,b4f408b9-f72b-4f0d-884d-45cb9761e7d1,88.01405,Pitching,25410021,,,,,,,,,,,,,,,,,,,,40.02214835,1782.922058,0.7657959089,,a2b1e184-6e98-42a9-b52f-2b4a439cac4f,f5a94b2b-640c-4abb-8c8d-cca66d9c0691
158,2026-09-25,19:56:35.15,"Brodhead, Hayes",1000616389,Right,,,,,,Fastball,Live,,88.02652,-2.187397984,-1.132969953,2335.703705,182.6789352,12:00,6.15591,0.72334,6.242,-23.10555,12.33539,0.57823,2.21178,-0.27347,80.75855,-6.536028208,-1.023479382,0.4284735473,-0.63043,7.34526,-0.63944,50,5.98179,2.51621,-128.11052,-5.58883,-1.04783,26.44035,-19.96561,16b7fd25-a390-4dd5-b117-ad3dfe4ff019,b4f408b9-f72b-4f0d-884d-45cb9761e7d1,87.96912,Pitching,25410021,,,,,,,,,,,,,,,,,,,,44.05975956,1678.471437,0.7186148798,,0072b22c-e704-4e91-92a5-cbe6df1dd023,f5a94b2b-640c-4abb-8c8d-cca66d9c0691
159,2026-09-25,19:56:51.38,"Brodhead, Hayes",1000616389,Right,,,,,,Slider,Live,,79.7243,1.32857087,0.1602175722,2333.557515,74.04406453,8:30,5.96823,1.06517,5.2712,-46.47721,-1.93203,-6.62419,3.34312,0.66363,73.65533,-7.25414097,-1.068690069,0.4803654382,3.5298,-1.36074,-1.07497,50,6.05564,-0.10954,-115.98544,1.18289,4.84129,20.30238,-34.04037,17ff1340-1ba9-48ee-8fd5-c4445bdfde85,b4f408b9-f72b-4f0d-884d-45cb9761e7d1,78.46618,Pitching,25410021,,,,,,,,,,,,,,,,,,,,70.39122964,783.1320266,0.3355957681,,29a5c65b-bfc4-42a7-9c32-4f32a4c6aba2,f5a94b2b-640c-4abb-8c8d-cca66d9c0691
160,2026-09-25,19:57:10.25,"Brodhead, Hayes",1000616389,Right,,,,,,Curveball,Live,,74.74281,2.194092807,0.2592254808,2408.570554,23.27363722,6:45,6.23308,0.66643,5.58472,-69.0795,-17.88266,-7.66725,2.52611,0.26954,68.17328,-10.71692872,-1.18806847,0.5149830948,4.19206,-10.29742,-0.68377,50,6.37727,-0.27399,-108.55067,2.20263,4.91784,21.97921,-44.25429,f0585494-75a5-4280-b9f2-b0a8af55297a,b4f408b9-f72b-4f0d-884d-45cb9761e7d1,73.1916,Pitching,25410021,,,,,,,,,,,,,,,,,,,,29.36398155,2099.122806,0.871522241,,ea1ac8d6-60ba-4c2c-976c-02cf0ebec06a,f5a94b2b-640c-4abb-8c8d-cca66d9c0691
161,2026-09-25,19:58:03.90,"Brodhead, Hayes",1000616389,Right,,,,,,Slider,Live,,81.18785,0.5022940121,-1.053618166,1264.517459,38.8188939,7:15,5.94874,1.11819,5.50848,-48.29073,-5.64599,-4.51512,2.39426,-0.24335,75.11687,-8.439391732,-1.895282146,0.4700067974,2.12011,-3.13344,-1.02339,50,5.96024,2.31614,-118.14355,-0.4971,3.01005,21.55705,-36.62278,6211d5a8-e1a8-45c7-b191-111278ab2675,b4f408b9-f72b-4f0d-884d-45cb9761e7d1,80.19552,Pitching,25410021,,,,,,,,,,,,,,,,,,,,,,,,546b20c1-e8ed-4f35-97ea-ff6a6952ad90,f5a94b2b-640c-4abb-8c8d-cca66d9c0691
162,2026-09-25,19:58:27.53,"Brodhead, Hayes",1000616389,Right,,,,,,Fastball,Live,,89.436,-1.051661338,-1.651994807,2310.570232,224.7987503,1:30,6.26346,0.74032,6.4117,-24.89582,9.47511,9.43462,3.22154,0.00749,81.24544,-5.784932373,0.1485632628,0.4219558702,-5.70105,5.54011,-0.62677,50,6.177,3.47777,-130.16592,-3.11957,-9.68893,29.72688,-22.75863,3ad377ac-83a7-4389-9be0-c0a5e71c6878,b4f408b9-f72b-4f0d-884d-45cb9761e7d1,89.32792,Pitching,25410021,,,,,,,,,,,,,,,,,,,201.9270519,40.98029396,1744.330748,0.7549351774,12:45,37f3f189-d71c-4e58-b272-4f5915e889b9,f5a94b2b-640c-4abb-8c8d-cca66d9c0691
163,2026-09-25,19:59:05.29,"Brodhead, Hayes",1000616389,Right,,,,,,Slider,Live,,81.05749,0.3725976797,-1.56854289,2495.997638,26.72196167,7:00,5.92881,1.13408,5.7066,-49.034,-6.35641,-3.18349,2.18989,-0.59279,74.69726,-8.755860213,-2.165445902,0.4701877671,1.26575,-3.51104,-1.00089,50,5.9297,3.3262,-117.92141,-0.72927,1.7806,22.61937,-37.11321,f7c56173-c711-43e3-a524-44a29fad5c6c,b4f408b9-f72b-4f0d-884d-45cb9761e7d1,80.16465,Pitching,25410021,,,,,,,,,,,,,,,,,,,,,,,,effadb0d-e7d2-47ba-9d14-58a36433aecf,f5a94b2b-640c-4abb-8c8d-cca66d9c0691
164,2026-09-25,19:59:21.39,"Brodhead, Hayes",1000616389,Right,,,,,,Slider,Live,,80.26587,-0.04969568358,-1.629894019,2501.116937,11.70269772,6:30,5.86393,1.11676,5.8271,-52.79779,-9.46291,-1.95343,1.4179,-0.56138,74.18495,-9.878065827,-1.99704663,0.4737946849,0.59216,-5.07964,-0.98268,50,5.82875,3.38097,-116.78816,-1.66342,0.81678,22.26516,-39.18048,f341ed6d-f01f-476f-8492-c8ca2facc9af,b4f408b9-f72b-4f0d-884d-45cb9761e7d1,79.55437,Pitching,25410021,,,,,,,,,,,,,,,,,,,,,,,,a352e40f-a946-421f-aca1-654be6821b5b,f5a94b2b-640c-4abb-8c8d-cca66d9c0691
165,2026-09-25,19:59:36.50,"Brodhead, Hayes",1000616389,Right,,,,,,Fastball,Live,,88.21181,-2.521352386,-0.9311751567,2308.039135,199.4694646,12:45,6.20634,0.74345,6.40635,-23.59417,11.27937,3.9934,1.92031,0.22007,81.48688,-6.957261582,-0.1749678092,0.425029838,-2.43191,6.84122,-0.6788,50,6.01513,1.97062,-128.44252,-6.34804,-4.08969,24.94282,-20.66931,8714d3ed-6e48-4601-bc3a-a1ceb85880ff,b4f408b9-f72b-4f0d-884d-45cb9761e7d1,88.68187,Pitching,25410021,,,,,,,,,,,,,,,,,,,182.483469,43.25295857,1681.027041,0.7283355883,12:00,8c79d4ad-c3b9-40f9-b238-f049e0b83f74,f5a94b2b-640c-4abb-8c8d-cca66d9c0691
166,2026-09-25,19:59:52.91,"Brodhead, Hayes",1000616389,Right,,,,,,Fastball,Live,,87.1829,-1.352046266,-0.5902623507,2279.787558,218.3717421,1:15,6.11385,0.72163,6.45699,-26.9798,8.68548,6.89772,2.62341,0.75428,80.31425,-6.445832296,0.7190049142,0.4298275203,-3.9513,5.13804,-0.68312,50,6.00621,1.11135,-127.02978,-3.77029,-6.48103,25.09256,-23.74651,aec3c193-6af1-4f1d-8a04-f3070e185b74,b4f408b9-f72b-4f0d-884d-45cb9761e7d1,87.69201,Pitching,25410021,,,,,,,,,,,,,,,,,,,,47.74733945,1532.931842,0.672401179,,88711797-094c-4664-b586-d7fc6c9531b6,f5a94b2b-640c-4abb-8c8d-cca66d9c0691
167,2026-09-25,20:00:18.17,"Brodhead, Hayes",1000616389,Right,,,,,,Curveball,Live,,77.2108,-0.2005954975,-1.759107052,2504.517565,34.160494,7:15,6.18748,0.6305,6.28347,-60.59182,-14.19947,-9.61316,0.95322,-1.79214,71.27777,-11.56490755,-3.58693229,0.4902239831,4.72851,-7.72522,-0.49639,50,6.14336,3.69973,-112.35176,-1.96426,5.97963,22.37893,-41.94329,30f11ed1-28a0-4e1c-a17b-c19cae36dcb9,b4f408b9-f72b-4f0d-884d-45cb9761e7d1,76.8882,Pitching,25410021,,,,,,,,,,,,,,,,,,,,40.84938409,1894.496183,0.7564315816,,62bfa067-ee5b-44b5-ae62-7d843f19c78f,f5a94b2b-640c-4abb-8c8d-cca66d9c0691
168,2026-09-25,20:00:37.35,"Brodhead, Hayes",1000616389,Right,,,,,,Slider,Live,,79.53621,2.166415814,-0.349364449,2439.849682,128.1614549,10:15,5.99885,1.03406,5.65184,-40.58819,3.95833,-5.07936,4.63776,0.28498,72.53966,-5.434749287,-1.302739758,0.4803726901,2.61787,1.49509,-1.00131,50,6.15666,0.85827,-115.63909,3.15082,3.53301,22.23623,-30.15631,245fdd98-a311-46d3-93b6-7088d69b49eb,b4f408b9-f72b-4f0d-884d-45cb9761e7d1,78.46499,Pitching,25410021,,,,,,,,,,,,,,,,,,,,67.8196539,921.0997804,0.3775231676,,e9d95dad-6977-4138-b0d8-2a4a15bc2482,f5a94b2b-640c-4abb-8c8d-cca66d9c0691
169,2026-09-25,20:01:04.28,"Brodhead, Hayes",1000616389,Right,,,,,,Slider,Live,,78.69627,0.1500979224,-1.567311994,1179.884893,33.85937481,7:15,5.90047,1.17896,5.85973,-50.97902,-6.25131,-4.171,1.7917,-0.62487,73.13617,-9.321462518,-2.348782036,0.4813485965,1.83497,-3.40203,-1.04959,50,5.88278,3.25591,-114.57135,-1.17933,2.45369,19.97845,-36.72317,2bc53c78-69d9-4348-ad83-03324b57206d,b4f408b9-f72b-4f0d-884d-45cb9761e7d1,78.30591,Pitching,25410021,,,,,,,,,,,,,,,,,,,,55.65681786,665.6302864,0.5641484947,,7c65ba29-3c6f-4f9c-bead-e4d01e314d00,f5a94b2b-640c-4abb-8c8d-cca66d9c0691
170,2026-09-25,20:01:25.19,"Brodhead, Hayes",1000616389,Right,,,,,,Fastball,Live,,87.80212,-3.031040281,-1.308002759,2267.71274,203.26655,12:45,6.19295,0.71368,6.36798,-20.92214,14.38853,6.18912,1.65745,0.02583,81.01521,-6.960872532,-0.1365948448,0.4276854058,-3.73199,8.67443,-0.6223,50,5.96426,2.73543,-127.7625,-7.38135,-6.20613,24.82343,-17.74887,043b1e63-b544-4861-ae19-6b3aa567869e,b4f408b9-f72b-4f0d-884d-45cb9761e7d1,88.13123,Pitching,25410021,,,,,,,,,,,,,,,,,,,194.2216458,44.42234606,1619.599868,0.7141997479,12:30,a02736e7-6588-442b-bd7e-5fb0924e494f,f5a94b2b-640c-4abb-8c8d-cca66d9c0691
171,2026-09-25,20:01:47.42,"Brodhead, Hayes",1000616389,Right,,,,,,Fastball,Live,,87.44214,-3.020900712,-1.671781819,2284.049809,205.0656171,12:45,6.19548,0.71552,6.44933,-22.25341,13.13742,6.14785,1.56223,-0.30831,80.98274,-7.198522939,-0.5086308633,0.4281705407,-3.79502,7.97214,-0.60015,50,5.97151,3.53698,-127.26111,-7.36071,-6.2831,23.77994,-18.97524,bf3649c6-d66e-4e21-86fe-0781f90bc75d,b4f408b9-f72b-4f0d-884d-45cb9761e7d1,88.03137,Pitching,25410021,,,,,,,,,,,,,,,,,,,,46.85294902,1562.000334,0.6838731485,,9e3023ef-2c00-4300-b67b-12948f1717c9,f5a94b2b-640c-4abb-8c8d-cca66d9c0691
172,2026-09-25,20:02:05.36,"Brodhead, Hayes",1000616389,Right,,,,,,Slider,Live,,78.56891,1.868502403,-0.6701011577,2426.349089,110.5623295,9:45,6.09174,1.22189,6.01014,-42.65013,2.2179,-6.0033,4.26905,0.10088,72.04312,-6.149363606,-1.801987701,0.4821031144,3.06548,0.68188,-1.1661,50,6.21478,1.50571,-114.34059,2.53412,4.05833,21.07834,-31.27132,8e9fa319-e4b2-42ae-9dbc-bc2777be4ed9,b4f408b9-f72b-4f0d-884d-45cb9761e7d1,78.18336,Pitching,25410021,,,,,,,,,,,,,,,,,,,,66.14499625,981.2725142,0.4044234684,,c19d0dd6-97ba-429a-bd79-926dfaa85d37,f5a94b2b-640c-4abb-8c8d-cca66d9c0691
173,2026-09-25,20:02:21.41,"Brodhead, Hayes",1000616389,Right,,,,,,Fastball,Live,,86.51974,,,2239.154108,,,6.13077,0.89073,6.44276,,,,2.64716,-0.6796,79.81137,-6.271708294,-1.27953587,0.4330774272,-2.93437,6.34738,-0.74382,50,6.01358,4.5014,-125.99344,-4.00309,-4.74618,24.10704,-21.9075,ebdfb9fb-0c80-4daf-96cf-55e3003adcc7,b4f408b9-f72b-4f0d-884d-45cb9761e7d1,87.03395,Pitching,25410021,,,,,,,,,,,,,,,,,,,194.9809013,48.12109054,1494.766424,0.6675585296,12:30,a0574d29-3985-41ca-ba94-4eab80c48f9a,f5a94b2b-640c-4abb-8c8d-cca66d9c0691
174,2026-09-25,20:02:28.31,"Brodhead, Hayes",1000616389,Right,,,,,,,Live,,37.74878,,,1008.932362,,,6.81562,0.57691,-0.92442,,,,5.26233,0.00297,34.56594,,,1.173090249,0.1016,30.43874,-0.47523,50,8.95158,0.47857,-52.91781,7.46777,0.02866,4.73634,-23.58803,f8a0ff09-724c-4cd3-b4b5-44d0ea335c49,b4f408b9-f72b-4f0d-884d-45cb9761e7d1,32.13089,Pitching,25410021,,,,,,,,,,,,,,,,,,,,,,,,15f454a1-6bf5-4f30-b539-bb6b33df27f9,f5a94b2b-640c-4abb-8c8d-cca66d9c0691
175,2026-09-25,20:03:49.93,"Lasa, Sebastian",1000617068,Right,,,,,,,Warmup,,89.35234,-1.046679585,-4.025281089,1854.606635,208.8824959,1:00,6.2024,1.70994,7.04943,-17.34866,16.23135,8.98347,3.80369,-1.20298,81.30874,-4.380610953,-2.2994458,0.4170727239,-6.23909,9.44819,-1.47023,50,6.1334,8.9168,-129.94989,-2.81999,-10.61454,28.52331,-16.09988,48d54564-89b2-45c2-9d83-700932067155,924b5b58-e6b0-4aff-b367-11da6f2733e0,90.37378,Pitching,25410021,,,,,,,,,,,,,,,,,,,,20.23182247,1740.17944,0.938301097,,36654717-a05a-4853-87ec-a779e7393c7d,f5a94b2b-640c-4abb-8c8d-cca66d9c0691
176,2026-09-25,20:03:59.75,"Lasa, Sebastian",1000617068,Right,,,,,,,Warmup,,90.02847,-0.5452872216,-1.506723988,2040.065048,211.2340654,1:00,6.27283,1.76847,6.90743,-16.99314,16.30155,9.90414,4.36001,1.22145,81.50601,-3.81571727,0.4022607693,0.4152970929,-6.02407,9.31487,-1.67757,50,6.23253,3.18856,-131.15417,-1.69689,-10.37616,30.61878,-16.12967,242fc08a-43b9-43fb-badc-ad6deb6fa799,924b5b58-e6b0-4aff-b367-11da6f2733e0,90.76018,Pitching,25410021,,,,,,,,,,,,,,,,,,,,12.1941484,1994.036023,0.9774374717,,43cc6bfd-fa51-444c-9271-b66fae5e0338,f5a94b2b-640c-4abb-8c8d-cca66d9c0691
177,2026-09-25,20:04:10.51,"Lasa, Sebastian",1000617068,Right,,,,,,,Warmup,,78.65402,-1.037465096,-2.681989044,,,,6.15506,2.15385,6.23727,-44.16395,-0.06898,-1.78869,1.51671,-0.47065,73.28032,-9.274388302,-3.018550197,0.4779318251,0.29485,0.22557,-1.95333,50,6.05563,5.41169,-114.49271,-3.27127,0.39475,19.43435,-31.87205,11e36aa5-d79a-4967-8aba-6619863b3ab6,924b5b58-e6b0-4aff-b367-11da6f2733e0,78.86572,Pitching,25410021,,,,,,,,,,,,,,,,,,,,,,,,ae36ca50-d024-486a-a446-710cf90a8d22,f5a94b2b-640c-4abb-8c8d-cca66d9c0691
178,2026-09-25,20:04:21.62,"Lasa, Sebastian",1000617068,Right,,,,,,,Warmup,,82.18016,-1.90214495,-2.147880604,1942.668377,244.4383981,2:15,5.97029,2.06932,6.38554,-33.22196,7.59838,15.91851,1.45046,1.41947,74.9642,-8.187212334,0.8889916518,0.4598430914,-9.41916,4.7653,-1.92243,50,5.81819,4.05227,-119.51717,-4.86997,-13.4901,25.1521,-25.3492,219c06e8-ba7a-4aa9-a268-360ef4514da1,924b5b58-e6b0-4aff-b367-11da6f2733e0,81.96804,Pitching,25410021,,,,,,,,,,,,,,,,,,,,,,,,e2034527-299c-4fe2-a3ac-9e2d3f8dd530,f5a94b2b-640c-4abb-8c8d-cca66d9c0691
179,2026-09-25,20:04:32.73,"Lasa, Sebastian",1000617068,Right,,,,,,,Warmup,,88.8242,-2.987812663,-3.951723364,2101.333901,234.6324921,1:45,6.04404,1.93384,6.8162,-24.7423,9.61565,13.53239,1.24769,-0.549,81.2013,-7.695470469,-1.361661081,0.4218762094,-8.7074,6.24109,-1.68458,50,5.84199,8.55019,-128.99285,-7.40817,-14.60438,27.9697,-21.70625,f1326387-c02d-4524-bdca-ead32ae049df,924b5b58-e6b0-4aff-b367-11da6f2733e0,89.34478,Pitching,25410021,,,,,,,,,,,,,,,,,,,,,,,,4395b449-506a-4514-8113-c0f909fb7489,f5a94b2b-640c-4abb-8c8d-cca66d9c0691
180,2026-09-25,20:04:57.94,"Lasa, Sebastian",1000617068,Right,,,,,,Fastball,Live,,87.02817,-2.985395125,-4.066935255,1984.426456,220.2195257,1:15,6.181,1.86152,6.89925,-19.94627,15.81478,13.37271,1.7905,-0.73432,79.22211,-6.798221914,-1.500966977,0.4304042371,-8.70841,9.75519,-1.61045,50,5.98558,8.6432,-126.36765,-7.11657,-13.98252,27.44206,-16.51079,6425e8e1-8251-49a7-b7d6-ecda523fba0f,924b5b58-e6b0-4aff-b367-11da6f2733e0,87.57451,Pitching,25410021,,,,,,,,,,,,,,,,,,,,,,,,4a3e984a-2f12-47fa-b913-32331cbceb3a,f5a94b2b-640c-4abb-8c8d-cca66d9c0691
181,2026-09-25,20:05:12.38,"Lasa, Sebastian",1000617068,Right,,,,,,Fastball,Live,,88.81045,-1.494240285,-3.443186372,2044.775921,217.6631213,1:15,6.28825,1.63222,7.11497,-18.98729,15.09023,11.67248,3.34795,-0.5218,80.38654,-5.158146688,-1.187365756,0.4201510177,-7.67854,9.0008,-1.43239,50,6.19371,7.4855,-129.19404,-3.84426,-12.82176,29.93773,-17.14437,ee52559c-4d8b-49c8-be4d-4ead598aaeab,924b5b58-e6b0-4aff-b367-11da6f2733e0,89.71165,Pitching,25410021,,,,,,,,,,,,,,,,,,,,9.496355946,2016.75451,0.9862960967,,2b79616d-e9c3-434d-aad8-66da62a6adc6,f5a94b2b-640c-4abb-8c8d-cca66d9c0691
182,2026-09-25,20:05:31.29,"Lasa, Sebastian",1000617068,Right,,,,,,Fastball,Live,,88.50873,-0.9333852293,-2.513045423,2000.686561,195.3382297,12:30,6.20751,1.58457,7.04138,-15.50711,18.9241,5.20179,4.06659,-0.26597,79.83629,-3.929420848,-1.507105343,0.4223257018,-3.74438,10.97914,-1.43457,50,6.14595,5.52527,-128.854,-2.48889,-6.20067,30.529,-13.99267,3b776d73-2c2b-4fa5-a2ce-449a340607b9,924b5b58-e6b0-4aff-b367-11da6f2733e0,89.24969,Pitching,25410021,,,,,,,,,,,,,,,,,,,,-0.2451416704,2000.668249,0.9999908471,,86a5be27-f24e-4c6b-9057-95810da85768,f5a94b2b-640c-4abb-8c8d-cca66d9c0691
183,2026-09-25,20:06:16.17,"Lasa, Sebastian",1000617068,Right,,,,,,Slider,Live,,75.00242,1.584304581,-2.806853413,1740.488772,85.85888059,8:45,6.17953,2.04452,6.54813,-49.17135,-0.18802,-2.0731,3.53666,-0.70387,68.06437,-7.792133522,-3.203729883,0.5037273896,0.23922,-0.61821,-1.84995,50,6.26788,5.39495,-109.03547,1.85341,0.28344,21.99236,-32.90655,6bdb8684-b49f-49a0-9482-a01ff649ab66,924b5b58-e6b0-4aff-b367-11da6f2733e0,74.82706,Pitching,25410021,,,,,,,,,,,,,,,,,,,,,,,,66a56f1f-5378-4f99-bb10-37650dd86b81,f5a94b2b-640c-4abb-8c8d-cca66d9c0691
184,2026-09-25,20:06:34.77,"Lasa, Sebastian",1000617068,Right,,,,,,Fastball,Live,,86.9899,-0.896912239,-4.199982557,1764.417403,209.4193861,1:00,6.21901,1.75103,7.34983,-19.43667,15.62638,8.84542,3.78722,-1.31081,79.1148,-4.653961435,-2.490613039,0.4261831123,-6.28835,9.16837,-1.5223,50,6.16409,9.09153,-126.54642,-2.42907,-10.12982,27.4148,-17.40485,d43f91e5-c679-440d-98ea-27d00ba5720d,924b5b58-e6b0-4aff-b367-11da6f2733e0,88.44189,Pitching,25410021,,,,,,,,,,,,,,,,,,,,15.48294515,1700.38662,0.9637099576,,7c5c7a92-ec09-428f-ae1f-81cce150f61a,f5a94b2b-640c-4abb-8c8d-cca66d9c0691
185,2026-09-25,20:06:51.63,"Lasa, Sebastian",1000617068,Right,,,,,,Slider,Live,,74.97553,1.466753096,-0.9145186488,1803.176844,352.5243696,5:45,6.24444,1.91097,6.33738,-50.77332,-2.21424,0.28517,3.36404,1.09279,69.16428,-8.104438304,-0.8604614493,0.5015411925,-0.4062,-1.61416,-1.84468,50,6.32674,1.73587,-109.19461,1.51849,-0.49123,18.93676,-34.12609,c4e05742-dbb0-4dbd-9013-041bba68efc3,924b5b58-e6b0-4aff-b367-11da6f2733e0,75.15323,Pitching,25410021,,,,,,,,,,,,,,,,,,,,,,,,300b1aba-26cc-4384-aa9d-cdb1b22c4cee,f5a94b2b-640c-4abb-8c8d-cca66d9c0691
186,2026-09-25,20:07:11.45,"Lasa, Sebastian",1000617068,Right,,,,,,Fastball,Live,,86.42223,-1.268030371,-3.541861536,1719.753151,218.9709812,1:15,6.09698,1.69449,7.25629,-23.86822,11.78942,9.56641,2.95861,-0.71611,78.64671,-5.87132794,-1.692632924,0.4297814944,-6.50052,7.07736,-1.49665,50,6.01796,7.56303,-125.77432,-3.34298,-10.32923,27.42361,-20.92822,5bd6a026-d0c8-438d-ac27-edca73b8c9c4,924b5b58-e6b0-4aff-b367-11da6f2733e0,87.7014,Pitching,25410021,,,,,,,,,,,,,,,,,,,,15.77800811,1654.957035,0.9623224322,,9210ff58-9215-4c71-8ccb-f8f24e6a36c0,f5a94b2b-640c-4abb-8c8d-cca66d9c0691
187,2026-09-25,20:07:31.16,"Lasa, Sebastian",1000617068,Right,,,,,,Slider,Live,,74.24889,2.614206398,-0.5448896861,1806.978784,326.8568255,5:00,6.1448,1.90515,6.25943,-51.64202,-1.99375,1.27318,4.25319,1.50888,68.39459,-7.116228492,-0.3040510631,0.5071348488,-0.84135,-1.79003,-1.86546,50,6.31278,0.99551,-108.0674,3.6259,-0.99839,18.22428,-34.2982,71351f00-c20d-412c-9bdd-2638008ed9ce,924b5b58-e6b0-4aff-b367-11da6f2733e0,74.32429,Pitching,25410021,,,,,,,,,,,,,,,,,,,,,,,,b00f5900-4c3d-46ac-9244-f3eac885d18c,f5a94b2b-640c-4abb-8c8d-cca66d9c0691
188,2026-09-25,20:08:02.42,"Lasa, Sebastian",1000617068,Right,,,,,,Fastball,Live,,84.67246,-0.2140714101,-3.096974194,1674.345817,221.2089577,1:15,6.23495,1.65656,7.3775,-24.8894,11.83308,10.40245,3.96737,-0.27405,77.41796,-5.019218479,-1.085938439,0.4361515401,-6.80591,6.80152,-1.49059,50,6.21633,6.44509,-123.37243,-1.0119,-10.46782,25.02202,-21.71298,98db092c-f2ca-4b37-95eb-05266a1c304d,924b5b58-e6b0-4aff-b367-11da6f2733e0,86.42051,Pitching,25410021,,,,,,,,,,,,,,,,,,,,-0.318647021,1674.319924,0.9999845352,,45f927ee-5ef8-4852-b75c-8097e3033ca1,f5a94b2b-640c-4abb-8c8d-cca66d9c0691
189,2026-09-25,20:08:32.50,"Lasa, Sebastian",1000617068,Right,,,,,,Fastball,Live,,85.02553,-0.4079990734,-3.085210843,1685.863903,214.5172046,1:15,6.13093,1.44746,7.33208,-21.37445,15.20368,10.48907,3.98067,-0.46773,77.47235,-4.538728212,-1.056250236,0.435293474,-6.8716,8.77113,-1.27979,50,6.10223,6.4407,-123.85986,-1.36268,-10.62161,25.88977,-18.6163,1d461ab9-ceb8-42f7-aa2e-aef1dc7659c2,924b5b58-e6b0-4aff-b367-11da6f2733e0,86.59087,Pitching,25410021,,,,,,,,,,,,,,,,,,,213.7725536,0.2349590947,1685.849728,0.9999915917,1:15,0e8fa3aa-32d8-4e6e-80b5-8f2ff0f39a9c,f5a94b2b-640c-4abb-8c8d-cca66d9c0691
190,2026-09-25,20:08:48.52,"Lasa, Sebastian",1000617068,Right,,,,,,Slider,Live,,73.44805,2.336975343,-2.199159402,1784.498039,37.75699763,7:15,6.01634,1.85365,6.77569,-52.41624,-2.7603,-2.10807,3.78454,-0.33066,67.97037,-7.605163409,-2.600552809,0.507174046,0.59768,-2.1465,-1.70986,50,6.14792,4.15443,-106.94947,3.18896,0.69629,17.43725,-34.6747,44ffab0c-0003-4cb2-a3ab-b1fc2ccc4770,924b5b58-e6b0-4aff-b367-11da6f2733e0,74.31855,Pitching,25410021,,,,,,,,,,,,,,,,,,,,,,,,15513e64-98b3-44da-a236-62884ddd94e0,f5a94b2b-640c-4abb-8c8d-cca66d9c0691
191,2026-09-25,20:09:07.63,"Lasa, Sebastian",1000617068,Right,,,,,,Slider,Live,,73.64064,1.279493172,-2.439551199,1753.892651,60.9833876,8:00,6.17442,1.93625,6.51644,-52.17205,-2.12191,-3.75908,3.00188,-0.61651,68.0812,-8.566110479,-3.152913195,0.5091831767,1.40601,-1.52015,-1.76493,50,6.24045,4.65686,-107.20554,1.15473,1.63897,18.24959,-33.94607,98b1de09-3ce4-48db-b6f1-39673639bc9c,924b5b58-e6b0-4aff-b367-11da6f2733e0,74.0253,Pitching,25410021,,,,,,,,,,,,,,,,,,,,,,,,dc0c1d6c-fc6b-4d61-80ae-1ffad635aa39,f5a94b2b-640c-4abb-8c8d-cca66d9c0691
192,2026-09-25,20:09:28.29,"Lasa, Sebastian",1000617068,Right,,,,,,Fastball,Live,,86.06121,-3.74081463,-4.743430299,1757.612501,211.3796227,1:00,6.10129,1.71545,7.42453,-19.82123,16.0214,9.77037,1.06042,-1.75679,78.67409,-7.550495113,-2.856660788,0.4308948637,-6.95926,10.23896,-1.46301,50,5.89424,10.14696,-124.87999,-8.62989,-10.94193,26.17048,-16.07551,209583f2-b587-4c3b-ae0f-03407beda5e9,924b5b58-e6b0-4aff-b367-11da6f2733e0,87.47479,Pitching,25410021,,,,,,,,,,,,,,,,,,,,,,,,348c2ea8-1a19-44c1-92d8-903a91bbb784,f5a94b2b-640c-4abb-8c8d-cca66d9c0691
193,2026-09-25,20:09:51.84,"Lasa, Sebastian",1000617068,Right,,,,,,Slider,Live,,73.67714,-0.2157788147,-3.273963577,1732.244924,39.74198317,7:15,6.10681,1.96819,6.4039,-53.46863,-3.20522,-2.63395,1.45238,-1.26469,68.45558,-10.23283072,-3.772045792,0.5102668645,0.55279,-1.70133,-1.73273,50,6.06655,6.19581,-107.18908,-1.7076,0.64431,18.21043,-34.15704,db28f5ea-7922-4696-a91b-985078638e0d,924b5b58-e6b0-4aff-b367-11da6f2733e0,73.86809,Pitching,25410021,,,,,,,,,,,,,,,,,,,,,,,,29eea0a8-545d-4887-96ba-95f62fc48900,f5a94b2b-640c-4abb-8c8d-cca66d9c0691
194,2026-09-25,20:10:25.17,"Lasa, Sebastian",1000617068,Right,,,,,,Slider,Live,,74.60205,2.277882228,-2.606664275,1728.603344,97.29158938,9:15,6.06939,2.1118,6.79616,-48.06544,0.22953,-2.07972,4.14589,-0.44189,68.66818,-6.866068501,-3.003350767,0.5001753945,0.44597,-0.49547,-1.94244,50,6.19831,4.99036,-108.58012,3.23481,0.53328,18.7195,-32.76652,52a71b70-73dd-4860-8440-23fc20d8c647,924b5b58-e6b0-4aff-b367-11da6f2733e0,75.35844,Pitching,25410021,,,,,,,,,,,,,,,,,,,,76.34345291,408.1254252,0.2361012587,,0423d2bf-6cbe-41fe-94e1-6b29f01f66df,f5a94b2b-640c-4abb-8c8d-cca66d9c0691
195,2026-09-25,20:10:42.16,"Lasa, Sebastian",1000617068,Right,,,,,,Fastball,Live,,84.13077,1.616809513,-1.720093751,1692.601621,226.5493288,1:30,6.07279,1.61258,7.49635,-26.16821,11.04431,11.7022,5.34883,1.03863,76.30278,-3.47299314,0.5579848052,0.4390519849,-7.23154,5.83524,-1.52543,50,6.15083,3.43596,-122.64252,2.91086,-10.91029,26.39129,-23.37037,18f05113-bf19-4cfa-b61c-87be7108eedc,924b5b58-e6b0-4aff-b367-11da6f2733e0,85.8496,Pitching,25410021,,,,,,,,,,,,,,,,,,,,15.78066497,1628.807165,0.9623098224,,b9cc4827-44f3-4bcf-afa5-51c54e5853e1,f5a94b2b-640c-4abb-8c8d-cca66d9c0691
196,2026-09-25,20:11:03.74,"Lasa, Sebastian",1000617068,Right,,,,,,Slider,Live,,73.31236,1.238201371,-2.674157816,1757.951131,77.72314884,8:30,6.06444,1.88782,6.9076,-50.22901,-0.50223,-2.12903,3.00763,-0.7265,67.77476,-8.311542671,-3.080980079,0.5075356383,0.46168,-0.61877,-1.71932,50,6.12387,5.0334,-106.77679,1.22049,0.53402,18.05954,-32.88977,da0e4eb8-f943-4cb1-9ee8-b2384c4cbe2d,924b5b58-e6b0-4aff-b367-11da6f2733e0,74.2656,Pitching,25410021,,,,,,,,,,,,,,,,,,,,70.22625104,594.7268287,0.3383068041,,bf4a4d98-e7a9-4b18-aa67-fd5bb9c28a4a,f5a94b2b-640c-4abb-8c8d-cca66d9c0691
197,2026-09-25,20:11:22.41,"Lasa, Sebastian",1000617068,Right,,,,,,Slider,Live,,73.18916,0.7444676419,-2.834632211,1696.179777,126.8807476,10:15,6.05296,1.95467,6.88744,-47.47373,2.33857,-3.17313,2.77587,-0.89412,67.8466,-8.260860256,-3.439647333,0.5079719037,1.02183,1.10909,-1.77469,50,6.08245,5.34799,-106.61136,0.35123,1.18151,17.53095,-30.89163,1ffe4990-064d-4e1b-a174-b45c26ba8321,924b5b58-e6b0-4aff-b367-11da6f2733e0,74.20182,Pitching,25410021,,,,,,,,,,,,,,,,,,,,75.12437606,435.4460411,0.2567216324,,e8d265ef-1aca-4cf0-8fd9-c7d7f4666f49,f5a94b2b-640c-4abb-8c8d-cca66d9c0691
198,2026-09-25,20:11:47.15,"Lasa, Sebastian",1000617068,Right,,,,,,Slider,Live,,73.6552,2.104611039,-0.3205710839,1701.720634,119.8024254,10:00,6.11293,1.94911,6.73739,-46.91353,2.411,-4.27689,4.12711,1.29983,68.09882,-6.799097127,-1.135274125,0.5054787333,2.29196,0.79435,-1.92637,50,6.23248,0.69808,-107.34484,2.87564,2.69242,17.40264,-31.24091,2624d6c9-8b86-4108-9273-b42d9bf56e1f,924b5b58-e6b0-4aff-b367-11da6f2733e0,74.5678,Pitching,25410021,,,,,,,,,,,,,,,,,,,,,,,,71383dc3-540f-4615-82a7-f872d74113a5,f5a94b2b-640c-4abb-8c8d-cca66d9c0691
199,2026-09-25,20:12:08.82,"Lasa, Sebastian",1000617068,Right,,,,,,Fastball,Live,,83.78826,1.181675273,-2.046556308,1372.764574,230.4132463,1:45,5.94703,1.83272,7.57579,-29.58452,7.60165,9.24281,4.54475,0.76241,76.55428,-4.558850893,-0.250651819,0.438896488,-5.89161,4.02417,-1.73055,50,6.00007,4.1757,-122.19421,1.91131,-8.88136,24.74755,-26.10778,6d9732dd-ec2a-4e1f-92d7-f0298596f5d9,924b5b58-e6b0-4aff-b367-11da6f2733e0,85.88002,Pitching,25410021,,,,,,,,,,,,,,,,,,,,27.38851014,1218.888172,0.8879076539,,e0f45ae0-a393-4840-b8e7-72789e93f0e6,f5a94b2b-640c-4abb-8c8d-cca66d9c0691
200,2026-09-25,20:12:43.01,"Lasa, Sebastian",1000617068,Right,,,,,,Slider,Live,,74.90093,-0.135986257,-4.668522981,1744.879685,62.38847863,8:00,6.03906,1.8775,6.82771,-49.00574,-0.96038,-1.76474,1.83082,-2.53675,69.37089,-9.395770955,-5.003928926,0.4988811493,-0.31011,-0.49807,-1.57705,50,6.01177,8.92862,-108.84985,-1.36272,-0.37222,19.02956,-32.77186,20ca591f-488b-4431-a068-d477d70c2b6c,924b5b58-e6b0-4aff-b367-11da6f2733e0,75.55395,Pitching,25410021,,,,,,,,,,,,,,,,,,,,74.98374414,452.0862616,0.2590930856,,11bb772d-5579-471a-8b78-7e0e75fee037,f5a94b2b-640c-4abb-8c8d-cca66d9c0691
201,2026-09-25,20:13:01.22,"Lasa, Sebastian",1000617068,Right,,,,,,Fastball,Live,,82.77074,-0.8422605006,-3.26368242,1694.030782,223.1706771,1:30,6.03311,1.96444,7.52165,-27.36086,11.06416,10.41694,2.9938,-0.10765,75.41627,-6.144940223,-1.239148696,0.4461474366,-6.95704,6.59852,-1.79732,50,5.98232,6.66033,-120.56654,-2.3396,-10.15866,25.18855,-22.5389,57a15349-4556-4015-9684-2f927f9c4ec8,924b5b58-e6b0-4aff-b367-11da6f2733e0,84.48427,Pitching,25410021,,,,,,,,,,,,,,,,,,,,21.82873666,1572.567844,0.9282994508,,df4083ba-09be-4d0e-be33-8dc16458701b,f5a94b2b-640c-4abb-8c8d-cca66d9c0691
202,2026-09-25,20:14:00.81,"Brodhead, Hayes",1000616389,Right,,,,,,,Warmup,,86.59564,-0.8555037693,-1.607367973,2208.158603,211.8143247,1:00,6.02626,0.73556,6.01376,-22.3418,14.58877,9.06978,3.37169,0.00222,79.20776,-5.057949341,0.1034080785,0.4373855525,-5.36135,8.14186,-0.61468,50,5.94703,3.25646,-126.03272,-2.57287,-8.62172,25.66152,-19.08092,aca49e31-af8b-4984-b225-a450dd7a8740,924b5b58-e6b0-4aff-b367-11da6f2733e0,86.17669,Pitching,25410021,,,,,,,,,,,,,,,,,,,195.9516517,43.61720926,1598.628871,0.7239646959,12:30,907c629c-2ca8-4db7-9c6f-cc72c97c8370,f5a94b2b-640c-4abb-8c8d-cca66d9c0691
203,2026-09-25,20:14:09.77,"Brodhead, Hayes",1000616389,Right,,,,,,,Warmup,,85.42908,-0.5140502081,-0.09801781838,2149.41219,211.9328636,1:00,6.08244,0.61774,5.91173,-22.66416,15.49522,9.67662,3.71671,1.33317,77.95866,-4.774966327,1.726342248,0.4446026545,-5.25481,8.51692,-0.6154,50,6.02838,-0.0871,-124.34829,-1.81791,-8.2027,25.64068,-18.87922,b0311299-fb22-49c9-aa66-cee483a3c967,924b5b58-e6b0-4aff-b367-11da6f2733e0,84.77781,Pitching,25410021,,,,,,,,,,,,,,,,,,,208.2629475,42.96066665,1572.986523,0.7318217187,1:00,9269b4b1-1bd1-4a6f-aad9-30e9fd34c4d2,f5a94b2b-640c-4abb-8c8d-cca66d9c0691
204,2026-09-25,20:14:19.84,"Brodhead, Hayes",1000616389,Right,,,,,,,Warmup,,85.86355,-1.050711695,-1.719209343,2212.103013,216.9002785,1:15,6.0571,0.72397,6.02231,-23.63211,13.90979,10.46601,3.11418,0.00356,78.62334,-5.492614373,0.2547110926,0.4409908036,-6.14747,7.82831,-0.59533,50,5.96206,3.43046,-124.95899,-3.01576,-9.72312,25.10642,-19.79245,8049a376-edd3-40dc-bfe1-5e2e1191a694,924b5b58-e6b0-4aff-b367-11da6f2733e0,85.47217,Pitching,25410021,,,,,,,,,,,,,,,,,,,212.0482773,42.0350517,1643.00707,0.7427353341,1:00,dbfbfb00-7358-4c9b-89d3-55810cdbcc04,f5a94b2b-640c-4abb-8c8d-cca66d9c0691
205,2026-09-25,20:14:31.68,"Brodhead, Hayes",1000616389,Right,,,,,,,Warmup,,76.93163,1.935203192,0.1836416975,2444.915954,76.02371081,8:30,5.96842,0.92551,5.48605,-49.83621,-2.08422,-8.20588,3.62634,0.41347,70.6583,-7.333689959,-1.349393326,0.4973557547,4.41266,-1.64445,-0.93607,50,6.10435,-0.11181,-111.86952,2.28137,5.59343,20.13085,-34.25853,14b7dbc2-d378-4cbd-82e6-fbd149efa2ad,924b5b58-e6b0-4aff-b367-11da6f2733e0,75.78567,Pitching,25410021,,,,,,,,,,,,,,,,,,,,,,,,2b4ec893-afcd-4eab-bfa7-9a9d4b85e3a3,f5a94b2b-640c-4abb-8c8d-cca66d9c0691
206,2026-09-25,20:14:42.07,"Brodhead, Hayes",1000616389,Right,,,,,,,Warmup,,74.48299,1.590055723,-0.7721297023,2374.624026,35.16678903,7:15,6.20751,0.5937,5.46124,-66.12686,-14.44728,-10.14822,2.18553,-0.97463,68.1328,-10.71441771,-2.679883637,0.5174052775,5.16199,-8.21201,-0.51902,50,6.30314,1.75095,-108.19429,1.09562,6.02854,21.47471,-41.76463,79390758-4f22-4545-9a2d-76ef6458d1a1,924b5b58-e6b0-4aff-b367-11da6f2733e0,72.84897,Pitching,25410021,,,,,,,,,,,,,,,,,,,9.79804381,41.94402881,1766.240915,0.7437981321,6:15,4b145d99-701e-4a99-8372-7ad7f7bf8745,f5a94b2b-640c-4abb-8c8d-cca66d9c0691
207,2026-09-25,20:14:59.85,"Brodhead, Hayes",1000616389,Right,,,,,,,Warmup,,85.49401,-1.680505006,-1.914229592,2160.45593,202.2335921,12:45,6.08208,0.68217,5.90488,-23.90185,14.27413,5.84635,2.52924,-0.60792,78.11373,-6.16391856,-0.8126046511,0.4446993739,-3.70459,8.18873,-0.53198,50,5.93358,3.97384,-124.32562,-4.39111,-5.78206,25.57755,-19.39323,e9651949-ef68-4c2a-9b5c-e77b3e57faee,924b5b58-e6b0-4aff-b367-11da6f2733e0,84.75937,Pitching,25410021,,,,,,,,,,,,,,,,,,,,41.72625615,1612.420113,0.746333258,,437abb93-6460-4885-8f52-aa6c7ba95919,f5a94b2b-640c-4abb-8c8d-cca66d9c0691
208,2026-09-25,20:15:05.31,"Brodhead, Hayes",1000616389,Right,,,,,,,Warmup,,41.27271,9.071191864,3.588597941,1016.888842,,,6.94326,-0.08825,1.94584,,,,5.22544,1.77641,37.38137,,,1.011832219,10.89412,28.89487,-0.41311,50,8.09013,-3.19934,-58.74776,6.33373,3.75291,6.30716,-22.22008,8586419b-7288-4f3d-8824-82a755fce1f1,924b5b58-e6b0-4aff-b367-11da6f2733e0,37.25167,Pitching,25410021,,,,,,,,,,,,,,,,,,,,,,,,8f153718-8109-4815-a016-4b37feca8531,f5a94b2b-640c-4abb-8c8d-cca66d9c0691
209,2026-09-25,20:15:33.93,"Brodhead, Hayes",1000616389,Right,,,,,,ChangeUp,Live,,79.4336,-0.7928193933,-0.6924301271,1015.284581,226.3311065,1:30,5.94015,0.61865,6.06669,-34.9693,9.04941,9.51654,2.29235,0.77097,72.58856,-7.375114121,1.110210736,0.4775183469,-5.3789,5.15478,-0.57016,50,5.86017,1.13157,-115.60936,-2.57611,-7.2322,22.86888,-25.24319,c45c01be-c5d0-413a-9fc4-a400a1734eed,924b5b58-e6b0-4aff-b367-11da6f2733e0,78.93401,Pitching,25410021,,,,,,,,,,,,,,,,,,,,25.5346255,916.1166084,0.9023249492,,0e579931-4686-44bb-a5c1-cb11ccc4226f,f5a94b2b-640c-4abb-8c8d-cca66d9c0691
210,2026-09-25,20:15:57.47,"Brodhead, Hayes",1000616389,Right,,,,,,ChangeUp,Live,,82.7263,-2.394004179,-1.323164299,1083.294641,202.4878766,12:45,5.92415,0.72914,6.11827,-25.58881,15.13956,6.27501,1.57687,0.02872,75.20253,-7.219355919,-0.1311696235,0.4593248427,-3.82935,8.993,-0.63123,50,5.72766,2.59795,-120.26364,-5.76271,-5.54898,25.62739,-19.1426,460b4e57-063e-4daf-bd5f-f24222195ad0,924b5b58-e6b0-4aff-b367-11da6f2733e0,82.06053,Pitching,25410021,,,,,,,,,,,,,,,,,,,,20.10936862,1017.254884,0.9390380466,,06094c78-97f1-4a31-968c-18aa6118d4ca,f5a94b2b-640c-4abb-8c8d-cca66d9c0691
211,2026-09-25,20:16:15.84,"Brodhead, Hayes",1000616389,Right,,,,,,Curveball,Live,,75.21008,0.5671127827,0.4357396004,2305.576428,40.35345145,7:15,6.01151,0.57451,5.46433,-60.07154,-9.60366,-8.12347,1.53629,0.30533,68.98092,-10.59207343,-1.089986594,0.5113036719,4.46194,-5.29108,-0.60735,50,6.0211,-0.59402,-109.32476,-0.67355,5.34051,21.25817,-38.50696,a50d29fe-8cca-41a1-b8aa-d7cb6a1415b8,924b5b58-e6b0-4aff-b367-11da6f2733e0,73.7183,Pitching,25410021,,,,,,,,,,,,,,,,,,,,35.34768433,1880.558138,0.8156563863,,7bc00aba-ecf4-4944-bb11-259e8f3271b1,f5a94b2b-640c-4abb-8c8d-cca66d9c0691
212,2026-09-25,20:16:43.27,"Brodhead, Hayes",1000616389,Right,,,,,,Slider,Live,,78.29345,0.853447565,-0.829860818,2330.600894,83.79053349,8:45,5.89462,0.69314,5.32392,-47.23177,-0.97317,-8.60686,2.75954,-0.80277,72.22247,-7.878325651,-2.430063247,0.4895168351,4.32162,-0.74447,-0.61206,50,5.93807,1.9205,-113.88338,0.20995,5.69118,20.37411,-33.15445,f73bc749-1f93-4b4a-876b-ff7d3483e0ba,924b5b58-e6b0-4aff-b367-11da6f2733e0,76.99927,Pitching,25410021,,,,,,,,,,,,,,,,,,,,73.04939911,679.4799134,0.291547092,,274d4f37-3aab-4cb7-8cef-d1e2f9124a39,f5a94b2b-640c-4abb-8c8d-cca66d9c0691
213,2026-09-25,20:16:56.15,"Brodhead, Hayes",1000616389,Right,,,,,,Slider,Live,,78.63305,1.021018511,-0.04775344346,2371.088468,16.24095943,6:30,5.79285,0.93057,5.46127,-55.15512,-9.29984,-2.69751,2.15222,0.66109,72.34263,-9.216918832,-0.5524054256,0.4873781902,1.42009,-5.23627,-0.92455,50,5.84539,0.17834,-114.35746,0.34046,1.87459,21.71277,-39.08618,ab03514a-5273-4707-940a-492759cceb3d,924b5b58-e6b0-4aff-b367-11da6f2733e0,77.33715,Pitching,25410021,,,,,,,,,,,,,,,,,,,,65.24170364,992.9910588,0.4187912313,,eba2b604-06a3-481f-b58b-d2f97076922b,f5a94b2b-640c-4abb-8c8d-cca66d9c0691
214,2026-09-25,20:17:12.14,"Brodhead, Hayes",1000616389,Right,,,,,,Fastball,Live,,88.04693,-0.2947450609,-0.6916481284,2219.554501,200.2522325,12:45,5.93548,0.5121,5.9339,-25.59795,10.32229,3.81975,3.52889,0.1888,80.29434,-5.112311422,0.02922659463,0.4313611748,-2.26502,5.66607,-0.45915,50,5.89756,1.42565,-128.15116,-1.47292,-3.75239,27.41975,-22.78722,4f6b1d39-9a5f-4b56-a5c6-e0d5b4978ae4,924b5b58-e6b0-4aff-b367-11da6f2733e0,87.38023,Pitching,25410021,,,,,,,,,,,,,,,,,,,201.937268,48.83122768,1461.086732,0.6582792768,12:45,d876b726-cc07-4bc9-a494-33734058a2b1,f5a94b2b-640c-4abb-8c8d-cca66d9c0691
215,2026-09-25,20:17:35.55,"Brodhead, Hayes",1000616389,Right,,,,,,Curveball,Live,,75.5393,2.209255806,-0.3461955827,2286.254528,57.91678732,8:00,6.0875,0.6017,5.48217,-61.33047,-10.9112,-17.33206,3.04444,-1.1665,68.56468,-9.258828536,-3.610893224,0.5110573912,9.14045,-6.56295,-0.55993,50,6.24047,1.16619,-109.66839,2.44907,10.92234,22.80027,-40.01641,a506c639-a100-49ff-9ae2-599242d3df11,924b5b58-e6b0-4aff-b367-11da6f2733e0,73.75383,Pitching,25410021,,,,,,,,,,,,,,,,,,,,39.37111548,1767.396978,0.773053462,,48a3ffbe-4299-4c66-8fc6-370e14fcf7bd,f5a94b2b-640c-4abb-8c8d-cca66d9c0691
216,2026-09-25,20:17:44.49,"Brodhead, Hayes",1000616389,Right,,,,,,,Live,,46.41482,7.920201803,19.8425064,1492.374385,,,6.06853,-3.60064,13.53461,,,,4.52094,9.04041,39.19213,,,0.7692425389,43.63812,6.64477,4.71076,50,5.5877,-23.68655,-63.9445,10.79231,16.77897,10.95038,-29.61912,0cb058e6-21c0-496e-9242-ae188fa468bb,924b5b58-e6b0-4aff-b367-11da6f2733e0,48.99942,Pitching,25410021,,,,,,,,,,,,,,,,,,,,,,,,7407e6de-4f78-4494-b729-3ee13d6d5b16,f5a94b2b-640c-4abb-8c8d-cca66d9c0691
217,2026-09-25,20:18:14.71,"Brodhead, Hayes",1000616389,Right,,,,,,Slider,Live,,78.94022,0.8860987059,-1.449115074,1218.621667,50.65360409,7:45,5.81139,0.79692,5.50031,-54.27746,-8.87996,-10.79242,2.11726,-1.45791,72.82757,-9.171978917,-3.46430155,0.4849392759,5.33226,-4.97569,-0.66329,50,5.85255,3.2356,-114.7914,0.10781,7.10247,21.59591,-38.80157,987ff797-1dc9-41cc-9833-b5cea908e004,924b5b58-e6b0-4aff-b367-11da6f2733e0,77.7261,Pitching,25410021,,,,,,,,,,,,,,,,,,,,,,,,45bbe786-fd07-4822-ba0e-aab4d493824f,f5a94b2b-640c-4abb-8c8d-cca66d9c0691
218,2026-09-25,20:18:26.76,"Brodhead, Hayes",1000616389,Right,,,,,,Fastball,Live,,86.38985,-1.705894155,-1.964851582,2203.796688,222.6179035,1:30,6.04377,0.56864,6.04859,-27.17741,10.15933,9.36905,2.1986,-0.47,78.69789,-6.824065757,-0.190519046,0.4397841712,-5.67974,6.03182,-0.421,50,5.89657,4.02445,-125.61379,-4.56978,-9.00725,27.21616,-22.60845,406be54c-ee68-4656-b379-dabb28714bab,924b5b58-e6b0-4aff-b367-11da6f2733e0,85.70667,Pitching,25410021,,,,,,,,,,,,,,,,,,,,45.42229766,1546.791789,0.7018759024,,e6995311-1e68-42a8-afd9-f779db12319c,f5a94b2b-640c-4abb-8c8d-cca66d9c0691
219,2026-09-25,20:18:46.96,"Brodhead, Hayes",1000616389,Right,,,,,,,Live,,83.0757,-5.209264802,-2.652255996,1142.626885,,,5.90492,0.60414,5.78572,,,,,,,,,,-5.64047,5.63541,-0.39118,50,5.45476,5.29516,-120.2333,-11.99925,-8.19103,25.0417,-23.99037,c56a6aae-9992-4270-b056-074636f4a337,924b5b58-e6b0-4aff-b367-11da6f2733e0,,Pitching,25410021,,,,,,,,,,,,,,,,,,,,,,,,9ad1f4b9-fd88-4e6e-b407-289c72f29c73,f5a94b2b-640c-4abb-8c8d-cca66d9c0691
220,2026-09-25,20:19:06.19,"Brodhead, Hayes",1000616389,Right,,,,,,Fastball,Live,,87.63372,-2.09908942,-1.208707379,2286.111691,194.3930677,12:30,6.05744,0.67097,6.02793,-28.14437,7.98484,2.05553,1.76709,-0.27713,80.34872,-7.374975702,-0.8205577488,0.4326140812,-1.45787,4.92631,-0.57776,50,5.87824,2.62577,-127.48099,-5.54929,-2.39414,26.71366,-24.08399,8d184aa3-6cac-4e95-a17d-f7df20340489,924b5b58-e6b0-4aff-b367-11da6f2733e0,87.12717,Pitching,25410021,,,,,,,,,,,,,,,,,,,,42.53672108,1684.508134,0.7368441971,,b3c15ecf-6335-4851-9dfb-1cf111477bd2,f5a94b2b-640c-4abb-8c8d-cca66d9c0691
221,2026-09-25,20:19:51.84,"Lasa, Sebastian",1000617068,Right,,,,,,,Warmup,,86.16903,,,2010.065665,,,6.15578,1.69332,6.86174,,,,2.58732,-0.64945,77.94887,,,0.4357906525,-6.73222,6.89957,-1.47571,50,6.04464,7.36749,-125.26585,-4.15003,-10.53983,28.77379,-21.37222,0fc0014f-ce34-4a14-99e8-027ac2ad2ec2,924b5b58-e6b0-4aff-b367-11da6f2733e0,86.49208,Pitching,25410021,,,,,,,,,,,,,,,,,,,211.151063,19.81640196,1891.037135,0.9407837605,1:00,02e7f98a-d01d-4946-91a2-1da96f0034cc,f5a94b2b-640c-4abb-8c8d-cca66d9c0691
222,2026-09-25,20:20:39.56,"Lasa, Sebastian",1000617068,Right,,,,,,,Warmup,,86.2248,-0.8931803551,-3.871667418,2064.850499,203.0611327,12:45,6.10689,2.09845,7.04598,-21.14565,14.98312,6.40263,3.53164,-0.88961,78.38184,-4.957388649,-2.640395163,0.4326114596,-4.77042,8.7104,-1.86693,50,6.04584,8.33101,-125.41331,-2.47658,-7.54002,27.1622,-18.40657,4ec5d6a8-aa4d-4620-bae5-716bcb861aba,924b5b58-e6b0-4aff-b367-11da6f2733e0,87.12769,Pitching,25410021,,,,,,,,,,,,,,,,,,,,26.16520601,1853.257665,0.8975263173,,fd99c39b-0aa5-4390-9b7a-68ab7f8471f5,f5a94b2b-640c-4abb-8c8d-cca66d9c0691
223,2026-09-25,20:21:02.11,"Lasa, Sebastian",1000617068,Right,,,,,,ChangeUp,Live,,80.53332,-2.148029847,-4.943565909,1652.958071,220.6602769,1:15,6.03774,1.97426,7.25632,-31.17479,10.06288,8.67496,1.48871,-1.78555,73.58694,-8.127085177,-3.272030705,0.462187762,-6.41352,6.36135,-1.6964,50,5.90637,9.92771,-116.93977,-5.07504,-8.81267,23.63548,-23.43306,484a5c6a-bc8a-4c62-8d27-1ecbffbcd1d4,924b5b58-e6b0-4aff-b367-11da6f2733e0,81.55222,Pitching,25410021,,,,,,,,,,,,,,,,,,,,22.34485762,1528.84134,0.9249123536,,a425c10a-18ad-46c4-a7dd-ad9b91a75d94,f5a94b2b-640c-4abb-8c8d-cca66d9c0691
224,2026-09-25,20:21:14.99,"Lasa, Sebastian",1000617068,Right,,,,,,Fastball,Live,,84.39423,-0.8224425037,-3.014334836,1886.280431,220.3819129,1:15,6.08476,1.87747,6.96188,-25.69655,12.23223,10.43736,3.19415,0.00267,76.47223,-5.764847925,-1.001715939,0.4432572562,-6.81537,7.13651,-1.69487,50,6.02494,6.21314,-122.81561,-2.39124,-10.28163,27.11567,-21.40795,4ae60995-0919-42e7-b535-5636491ad72f,924b5b58-e6b0-4aff-b367-11da6f2733e0,85.03513,Pitching,25410021,,,,,,,,,,,,,,,,,,,,1.831535958,1885.316768,0.9994891203,,c9c219ed-0b15-4d37-9d0e-bd7cb21321fe,f5a94b2b-640c-4abb-8c8d-cca66d9c0691
225,2026-09-25,20:21:29.49,"Lasa, Sebastian",1000617068,Right,,,,,,Slider,Live,,73.35316,-0.8105636618,-1.868453635,1711.064411,64.0120659,8:15,6.08824,1.8967,6.34545,-53.16364,-2.11079,-4.24055,0.91143,-0.17706,67.8032,-10.78658255,-2.67412312,0.5142583855,1.77891,-0.92053,-1.7592,50,6.00427,3.58659,-106.76759,-2.8101,2.04218,19.31991,-33.23081,d165ab15-4af1-4493-b80a-b7204c659b0e,924b5b58-e6b0-4aff-b367-11da6f2733e0,73.29475,Pitching,25410021,,,,,,,,,,,,,,,,,,,,,,,,0cea7dd1-efc4-4e50-af9b-838c00a4f2bb,f5a94b2b-640c-4abb-8c8d-cca66d9c0691
226,2026-09-25,20:21:48.81,"Lasa, Sebastian",1000617068,Right,,,,,,Slider,Live,,74.02058,2.663134552,-2.508714682,1761.87664,81.64825062,8:45,6.07787,1.903,6.49756,-50.36823,-0.72629,-4.73029,4.32878,-0.79509,68.14173,-6.863061748,-3.405614383,0.5071024869,1.92393,-1.12556,-1.72559,50,6.24176,4.83067,-107.66329,3.80328,2.26295,18.32462,-33.49794,ec936149-3cf6-48ba-a12b-69aacca8c1e4,924b5b58-e6b0-4aff-b367-11da6f2733e0,74.32904,Pitching,25410021,,,,,,,,,,,,,,,,,,,,,,,,b842ab5f-97a1-4b40-b60a-62a4e52f9311,f5a94b2b-640c-4abb-8c8d-cca66d9c0691
227,2026-09-25,20:22:04.97,"Lasa, Sebastian",1000617068,Right,,,,,,Slider,Live,,74.17621,-2.538693302,-4.213490312,1867.162745,58.20548765,8:00,6.08439,1.93694,6.75916,,,,,,,,,,-0.13839,0.04072,-1.66069,50,5.89839,7.97979,-107.72687,-5.9306,-0.16218,19.19294,-32.12633,e72bde59-2ef5-4f49-8401-4a5953eb0329,924b5b58-e6b0-4aff-b367-11da6f2733e0,,Pitching,25410021,,,,,,,,,,,,,,,,,,,,,,,,4cc41fc7-cbf0-4597-94a3-4222cc012e02,f5a94b2b-640c-4abb-8c8d-cca66d9c0691
228,2026-09-25,20:22:36.59,"Lasa, Sebastian",1000617068,Right,,,,,,ChangeUp,Live,,78.28304,-1.537596105,-4.385711499,1460.798105,213.2758545,1:00,6.01418,2.26712,7.47105,-34.46514,8.86802,5.85072,1.75264,-1.20362,71.36119,-8.189227099,-3.250668994,0.4737852921,-4.7266,5.5628,-2.03644,50,5.92366,8.61427,-113.82114,-3.74307,-6.12608,23.23531,-24.96418,7f0b20df-a01d-4dbe-b696-52e1efe3d1e1,924b5b58-e6b0-4aff-b367-11da6f2733e0,79.55595,Pitching,25410021,,,,,,,,,,,,,,,,,,,,23.42330573,1340.418123,0.9175930052,,08a0b106-f92e-4b9a-a8a5-a96fd6ab33a7,f5a94b2b-640c-4abb-8c8d-cca66d9c0691
229,2026-09-25,20:22:53.59,"Lasa, Sebastian",1000617068,Right,,,,,,Fastball,Live,,83.87185,0.1981281131,-2.077146702,1758.177988,221.8931794,1:30,5.99786,2.02992,7.36712,-25.84118,11.88511,10.69774,4.02338,1.04575,75.97453,-4.817579691,0.003114460749,0.4420724165,-6.75865,6.72093,-1.91932,50,6.0015,4.20056,-122.24293,-0.13999,-10.09922,26.90693,-22.1312,cd449663-f856-45a7-ae58-7af2bba6f8dd,924b5b58-e6b0-4aff-b367-11da6f2733e0,85.26304,Pitching,25410021,,,,,,,,,,,,,,,,,,,,13.69169462,1708.21662,0.971583441,,d29b73d7-840b-45da-aae0-7cb42e4b1270,f5a94b2b-640c-4abb-8c8d-cca66d9c0691
230,2026-09-25,20:23:12.61,"Lasa, Sebastian",1000617068,Right,,,,,,Fastball,Live,,83.19215,-1.782745814,-2.631672047,1799.788884,217.6155728,1:15,5.97934,2.42148,7.28391,-25.2737,13.26024,10.23684,2.25929,0.89372,75.54659,-6.663341807,-0.6452542529,0.446779358,-6.65028,8.10444,-2.27671,50,5.87179,5.34136,-121.12945,-4.33256,-9.75931,26.36921,-20.28076,61de7d3d-fd04-4ec3-b207-c842d379aa60,924b5b58-e6b0-4aff-b367-11da6f2733e0,84.36477,Pitching,25410021,,,,,,,,,,,,,,,,,,,,12.16525471,1759.372584,0.9775438661,,49f635cc-e386-44ba-9ac7-f175032d2242,f5a94b2b-640c-4abb-8c8d-cca66d9c0691
231,2026-09-25,20:23:44.23,"Lasa, Sebastian",1000617068,Right,,,,,,Slider,Live,,73.49735,0.7549627272,-2.28359141,1720.156244,78.29875805,8:30,6.08595,2.30854,6.80785,-50.32056,-0.4033,-1.75192,2.58196,0.078,67.61747,-8.817491342,-2.619035112,0.5085067924,0.31212,-0.44528,-2.1607,50,6.11547,4.30721,-107.03829,0.29668,0.36042,19.27856,-32.68824,dfa17fa0-fdf8-4b88-9ee8-bf4b52a33732,924b5b58-e6b0-4aff-b367-11da6f2733e0,74.12377,Pitching,25410021,,,,,,,,,,,,,,,,,,,,80.87714356,272.7341333,0.1585519538,,ed12bed3-621b-4579-bf82-d5969ed502ec,f5a94b2b-640c-4abb-8c8d-cca66d9c0691
232,2026-09-25,20:24:32.38,"Lasa, Sebastian",1000617068,Right,,,,,,Fastball,Live,,85.042,-1.483165977,-2.63010642,1662.035497,225.9536862,1:30,6.05842,2.02207,7.2454,-25.63431,11.15325,11.55669,2.57866,0.60394,77.48932,-6.423141415,-0.3934590539,0.4365378571,-7.35361,6.77878,-1.87609,50,5.9664,5.42483,-123.85771,-3.79752,-11.33015,26.61896,-21.72958,ff76fffe-e4e7-42a8-ac6b-29bb400769e8,924b5b58-e6b0-4aff-b367-11da6f2733e0,86.34403,Pitching,25410021,,,,,,,,,,,,,,,,,,,,22.73089756,1532.944951,0.92232985,,39777189-abc2-4637-bc4f-d7e93cbf19f9,f5a94b2b-640c-4abb-8c8d-cca66d9c0691
233,2026-09-25,20:25:18.72,"Lasa, Sebastian",1000617068,Right,,,,,,Slider,Live,,74.12583,0.4490969874,-1.870246523,1616.452432,100.0150545,9:15,6.0032,2.16459,6.89801,-49.29562,0.37684,-2.36624,2.30448,0.26341,67.08505,-9.025649211,-2.328418708,0.507258401,0.68441,0.0567,-2.04616,50,6.01378,3.57423,-107.89838,-0.2156,0.78829,22.79646,-32.10874,34192de6-d482-4625-860b-be07f96fa74c,924b5b58-e6b0-4aff-b367-11da6f2733e0,74.30619,Pitching,25410021,,,,,,,,,,,,,,,,,,,,,,,,3a27183b-9b6d-4185-99f5-be6415eb20f5,f5a94b2b-640c-4abb-8c8d-cca66d9c0691
234,2026-09-25,20:25:34.89,"Lasa, Sebastian",1000617068,Right,,,,,,Fastball,Live,,83.54793,-2.352629799,-4.64998769,1704.198895,210.4735004,1:00,6.0997,2.10855,7.40654,-25.0217,12.92457,7.62747,1.8845,-1.45891,76.4489,-7.164851537,-3.177965825,0.4433594026,-5.70362,8.05892,-1.85914,50,5.96539,9.71016,-121.40294,-5.54319,-8.47645,24.70286,-20.19726,5dd4de75-e478-48f5-9b1d-491d208a8b29,924b5b58-e6b0-4aff-b367-11da6f2733e0,85.01554,Pitching,25410021,,,,,,,,,,,,,,,,,,,,0.4774830636,1704.139717,0.9999652753,,b5209c88-092c-434c-8d9e-8ff4e73bd212,f5a94b2b-640c-4abb-8c8d-cca66d9c0691
235,2026-09-25,20:25:56.79,"Lasa, Sebastian",1000617068,Right,,,,,,Fastball,Live,,83.25511,-0.5249814615,-2.588351243,1690.890435,213.5187121,1:00,6.10069,1.97232,7.53549,-25.63211,12.38362,8.22915,3.49188,0.32786,75.58982,-5.50667907,-0.9851005667,0.4437650152,-5.52903,7.27302,-1.84043,50,6.06707,5.3156,-121.33869,-1.64133,-8.15045,26.2316,-21.45275,f07244ed-4254-4b98-b120-7115836cc521,924b5b58-e6b0-4aff-b367-11da6f2733e0,84.93783,Pitching,25410021,,,,,,,,,,,,,,,,,,,,23.12763934,1554.997169,0.9196321279,,807c7a62-6b48-4310-9873-c4c07d0b2468,f5a94b2b-640c-4abb-8c8d-cca66d9c0691
236,2026-09-25,20:26:29.65,"Lasa, Sebastian",1000617068,Right,,,,,,ChangeUp,Live,,79.08291,-1.031934342,-4.659789431,1581.068416,224.4652431,1:30,5.95382,1.95665,7.52228,-31.25488,10.8874,10.73887,2.41745,-1.351,72.29381,-7.069056537,-2.580384923,0.4672296899,-7.5255,6.54373,-1.71678,50,5.89208,9.16244,-115.00759,-2.69445,-10.02485,22.40414,-23.45703,071578a5-1f71-484c-b8ae-a61d97993dec,924b5b58-e6b0-4aff-b367-11da6f2733e0,80.67218,Pitching,25410021,,,,,,,,,,,,,,,,,,,,,,,,2701bbd9-a6c7-404f-a177-8eb6f3a1565d,f5a94b2b-640c-4abb-8c8d-cca66d9c0691
237,2026-09-25,20:26:51.80,"Lasa, Sebastian",1000617068,Right,,,,,,Fastball,Live,,82.92877,1.150688566,-3.472781557,1550.15374,227.1978241,1:30,6.0989,1.9457,7.23562,-27.20883,11.55395,12.54809,4.8748,-0.15497,75.22142,-4.109409425,-1.046465674,0.4481040416,-8.17234,6.20782,-1.75146,50,6.15635,7.04384,-120.6975,1.81995,-11.95345,25.34735,-23.09405,2c259605-01e0-4665-96ab-3eaa9ea497e1,924b5b58-e6b0-4aff-b367-11da6f2733e0,84.11537,Pitching,25410021,,,,,,,,,,,,,,,,,,,,-0.173115026,1550.146665,0.9999954355,,92e1c151-d861-4fc2-b5df-af7e18395b32,f5a94b2b-640c-4abb-8c8d-cca66d9c0691
238,2026-09-25,20:27:08.86,"Lasa, Sebastian",1000617068,Right,,,,,,Slider,Live,,71.02286,2.898894599,-3.617681608,1574.707629,37.7372605,7:15,6.02615,1.89467,7.00604,-57.28726,-3.6868,-2.82773,3.89453,-1.63345,64.78814,-8.081720734,-4.161310456,0.5269333205,0.4672,-2.97875,-1.67288,50,6.18379,6.58116,-103.18601,4.07528,0.49806,18.96894,-35.34955,4bd4f82d-574f-4170-8ee9-12c5c1b638d3,924b5b58-e6b0-4aff-b367-11da6f2733e0,71.53171,Pitching,25410021,,,,,,,,,,,,,,,,,,,,64.02362109,689.7228352,0.4380005675,,898958ac-ec93-46e1-a9df-193f9710224f,f5a94b2b-640c-4abb-8c8d-cca66d9c0691
239,2026-09-25,20:27:28.61,"Lasa, Sebastian",1000617068,Right,,,,,,Slider,Live,,72.87868,0.7557782747,-2.760468704,1703.114854,31.82919248,7:00,6.03751,2.07235,6.43077,-54.56226,-3.2282,-1.98018,2.18602,-0.63133,67.46921,-9.509047808,-3.135763809,0.5156727872,0.32543,-1.98426,-1.8753,50,6.06625,5.16155,-106.06532,0.09348,0.37093,18.04702,-34.4357,432e3e68-07a7-4189-9538-bf87f63e8dba,924b5b58-e6b0-4aff-b367-11da6f2733e0,73.09371,Pitching,25410021,,,,,,,,,,,,,,,,,,,,,,,,18afc740-aa53-4e73-8d19-7de1fe5c75a3,f5a94b2b-640c-4abb-8c8d-cca66d9c0691
240,2026-09-25,20:27:44.67,"Lasa, Sebastian",1000617068,Right,,,,,,Slider,Live,,72.19601,-1.952735091,-2.904586155,1733.044061,25.59055582,6:45,6.07285,2.08113,6.25238,,,,,,,,,,0.78537,-2.80695,-1.86423,50,5.8987,5.39783,-104.974,-5.03144,0.87641,17.75746,-35.30639,1b4341c2-0283-4418-9a69-1a6fe88d9680,924b5b58-e6b0-4aff-b367-11da6f2733e0,,Pitching,25410021,,,,,,,,,,,,,,,,,,,,,,,,a89f8abc-8e5c-4870-a3fb-bfabb19d8143,f5a94b2b-640c-4abb-8c8d-cca66d9c0691
241,2026-09-25,20:28:17.32,"Lasa, Sebastian",1000617068,Right,,,,,,Fastball,Live,,84.28692,-1.177007316,-4.426009371,1755.024987,217.0993203,1:15,6.004,2.02093,7.40322,-23.86351,13.26325,10.06992,2.95043,-1.13998,77.13885,-5.776272609,-2.483445575,0.4385457568,-6.9913,7.89429,-1.7841,50,5.93365,9.27036,-122.60752,-3.04737,-10.62736,24.55691,-20.17408,2c540aa2-a459-4e3d-ba20-b185cb861dc9,924b5b58-e6b0-4aff-b367-11da6f2733e0,85.9487,Pitching,25410021,,,,,,,,,,,,,,,,,,,,11.8985959,1717.316587,0.9785140381,,7ecc32d7-6c45-4389-8148-14aef378b10c,f5a94b2b-640c-4abb-8c8d-cca66d9c0691
242,2026-09-25,20:28:34.61,"Lasa, Sebastian",1000617068,Right,,,,,,Fastball,Live,,83.97295,-1.600628825,-2.694185077,1671.956288,215.9128357,1:15,5.97132,1.9718,7.2406,-25.31978,12.32046,8.94336,2.4111,0.27757,76.74767,-6.470619439,-0.9666014378,0.4415679849,-5.86018,7.45586,-1.82118,50,5.87254,5.55225,-122.30541,-3.99639,-8.83238,25.24162,-20.93667,69c72777-1429-490e-930f-7cf65f7f187a,924b5b58-e6b0-4aff-b367-11da6f2733e0,85.36044,Pitching,25410021,,,,,,,,,,,,,,,,,,,,0.5774299833,1671.871381,0.9999492168,,a886e676-cde5-41ef-99f5-ed6b136b374b,f5a94b2b-640c-4abb-8c8d-cca66d9c0691
243,2026-09-25,20:29:06.81,"Lasa, Sebastian",1000617068,Right,,,,,,Slider,Live,,73.79332,-0.06330574935,-4.473365084,,,,5.97807,2.1772,6.69272,-52.2391,-2.15794,-1.69326,1.56675,-2.06253,67.9456,-9.94013926,-4.795799502,0.5093409446,-0.39948,-1.18119,-1.87876,50,5.95284,8.42514,-107.19947,-1.30644,-0.46145,19.80297,-33.53844,03dcd68f-3c85-4f49-a2ac-fa9bc12f9ca3,924b5b58-e6b0-4aff-b367-11da6f2733e0,74.00237,Pitching,25410021,,,,,,,,,,,,,,,,,,,,,,,,98f99c7d-e4db-42ee-9026-30b3e3352836,f5a94b2b-640c-4abb-8c8d-cca66d9c0691
244,2026-09-25,20:29:25.95,"Lasa, Sebastian",1000617068,Right,,,,,,Slider,Live,,72.38775,-0.2582469268,-2.457859576,1796.712727,57.29709559,8:00,6.00627,1.93679,6.65871,-53.79576,-2.09042,-3.19058,1.28679,-0.57932,67.00609,-10.41138892,-3.0663809,0.5175342292,1.06417,-1.08584,-1.77065,50,5.96687,4.59628,-105.39957,-1.69121,1.19323,18.4544,-33.39157,cc8d65fd-4b58-43f5-8d87-f3b0c105db7e,924b5b58-e6b0-4aff-b367-11da6f2733e0,72.83081,Pitching,25410021,,,,,,,,,,,,,,,,,,,,73.2804085,516.8927219,0.2876880172,,a6cb8845-de7b-4ee9-beb6-7ac79e16ecf1,f5a94b2b-640c-4abb-8c8d-cca66d9c0691
245,2026-09-25,20:29:46.42,"Lasa, Sebastian",1000617068,Right,,,,,,Fastball,Live,,83.71658,-1.37337859,-4.097636401,1716.91953,215.0523773,1:15,6.00245,1.96901,7.39303,-25.54418,12.04753,8.48325,2.63138,-1.02702,76.78144,-6.288842878,-2.461581758,0.4412832431,-5.97941,7.24875,-1.74887,50,5.92074,8.54277,-121.82404,-3.48412,-8.98205,24.02862,-21.28524,0ade4902-562f-423d-9761-3102d920e900,924b5b58-e6b0-4aff-b367-11da6f2733e0,85.41552,Pitching,25410021,,,,,,,,,,,,,,,,,,,,,,,,9f94bb3a-b5e6-4788-b4c7-de32d29061d4,f5a94b2b-640c-4abb-8c8d-cca66d9c0691
246,2026-09-25,20:30:20.03,"Tallent, Ryan",1000616567,Right,,,,,,,Warmup,,81.61508,-2.142056777,-2.700429131,1852.292281,199.5350748,12:45,6.11996,1.41516,6.05801,-27.47999,14.06466,5.00148,1.84448,-0.669,75.03652,-7.286643698,-1.758332303,0.463904871,-3.45126,8.21472,-1.2084,50,5.93888,5.4519,-118.65158,-5.23661,-4.92794,22.35857,-20.44453,12a4aa59-304c-4b66-b152-a54286f21c64,924b5b58-e6b0-4aff-b367-11da6f2733e0,81.25036,Pitching,25410021,,,,,,,,,,,,,,,,,,,,,,,,9c8b1e49-20bf-4175-b07d-995930084693,f5a94b2b-640c-4abb-8c8d-cca66d9c0691
247,2026-09-25,20:30:32.31,"Tallent, Ryan",1000616567,Right,,,,,,,Warmup,,83.02246,-2.046320621,-2.350011303,2020.400805,203.4454493,12:45,6.06822,1.52211,5.83379,-24.17708,16.33304,7.09491,2.1493,-0.07188,76.11919,-6.563879231,-1.017502311,0.4580925117,-4.46724,9.3552,-1.33484,50,5.88717,4.73581,-120.68708,-5.05526,-6.59297,23.3448,-18.36716,c533eef5-5cf5-4b1a-ad6f-46560b05f455,924b5b58-e6b0-4aff-b367-11da6f2733e0,82.28128,Pitching,25410021,,,,,,,,,,,,,,,,,,,,10.81358182,1984.524154,0.9822428049,,06d3a9d8-af3d-4467-9bef-3379073d073a,f5a94b2b-640c-4abb-8c8d-cca66d9c0691
248,2026-09-25,20:30:43.75,"Tallent, Ryan",1000616567,Right,,,,,,,Warmup,,72.94739,0.7398295284,-3.920017819,2302.618982,63.62433232,8:00,6.04889,1.47324,5.63936,-59.14339,-6.35066,-12.76973,1.81201,-3.25302,68.05399,-10.14753774,-6.288465494,0.5229479566,5.77665,-3.58734,-1.13213,50,6.07415,7.61492,-105.9375,-0.27599,6.59388,17.3445,-36.2689,2a16b68b-f80e-4b75-9f67-4f2005bf4a80,924b5b58-e6b0-4aff-b367-11da6f2733e0,72.07685,Pitching,25410021,,,,,,,,,,,,,,,,,,,,,,,,627e40ee-703c-43af-b0dc-8c989fe5df63,f5a94b2b-640c-4abb-8c8d-cca66d9c0691
249,2026-09-25,20:31:05.21,"Tallent, Ryan",1000616567,Right,,,,,,,Warmup,,71.66821,-0.9362078011,-2.207195879,2361.828058,68.70178681,8:15,5.87845,1.68454,5.13802,,,,,,,,,,10.09164,-3.93979,-1.46256,50,5.74245,4.60929,-104.04209,-3.58668,10.95056,19.09229,-36.44916,c68e6473-0190-4556-b20a-4b56fc47d84b,924b5b58-e6b0-4aff-b367-11da6f2733e0,,Pitching,25410021,,,,,,,,,,,,,,,,,,,,,,,,f5d88f5e-96c2-44e7-b5f2-4b3d6a7470e0,f5a94b2b-640c-4abb-8c8d-cca66d9c0691
250,2026-09-25,20:31:21.79,"Tallent, Ryan",1000616567,Right,,,,,,,Warmup,,80.23742,-4.09889727,-5.769047945,2122.237885,,,5.55463,1.91137,6.21765,,,,,,,,,,-11.09261,6.1831,-1.4875,50,5.2291,11.24544,-115.95953,-9.28673,-15.04577,22.4618,-23.78743,a2a5d1e4-9557-4633-a940-3a734c52262e,924b5b58-e6b0-4aff-b367-11da6f2733e0,,Pitching,25410021,,,,,,,,,,,,,,,,,,,,,,,,38b045f9-c5f5-484e-ba98-32c9b68556bf,f5a94b2b-640c-4abb-8c8d-cca66d9c0691
251,2026-09-25,20:31:33.50,"Tallent, Ryan",1000616567,Right,,,,,,,Warmup,,80.02163,1.641606114,-1.179978602,1980.999905,199.3535197,12:45,6.11805,1.82238,5.7715,-28.03859,15.53519,5.46946,5.30967,1.18011,73.18688,-3.613504645,-0.1539424612,0.4750989066,-3.25597,7.89241,-1.72832,50,6.23662,2.23472,-116.42632,2.49992,-4.47924,21.39558,-21.31647,22c2c167-9a8f-4cf5-864d-6eda372f04a2,924b5b58-e6b0-4aff-b367-11da6f2733e0,79.33598,Pitching,25410021,,,,,,,,,,,,,,,,,,,,26.76709707,1768.725057,0.8928445942,,b10af6fd-e98f-4262-bbff-9dc5988b618f,f5a94b2b-640c-4abb-8c8d-cca66d9c0691
252,2026-09-25,20:31:38.57,"Tallent, Ryan",1000616567,Right,,,,,,,Warmup,,57.09647,,,1560.591497,,,7.2665,1.10032,,,,,7.29577,1.02267,51.56781,,,0.6152585531,10.40295,27.29024,-1.1093,50,7.28418,-2.06313,-83.55663,4.06285,7.21824,13.20533,-13.23833,236fa45b-784a-4da4-83b6-76b55612030f,924b5b58-e6b0-4aff-b367-11da6f2733e0,,Pitching,25410021,,,,,,,,,,,,,,,,,,,,,,,,5e736d1f-8e25-48dc-9249-14cc83162a59,f5a94b2b-640c-4abb-8c8d-cca66d9c0691
253,2026-09-25,20:32:06.57,"Tallent, Ryan",1000616567,Right,,,,,,Fastball,Live,,82.09746,-0.4188720048,-3.776417257,2074.383083,194.592141,12:30,5.92492,1.73701,6.24351,-24.72533,15.98854,4.17964,3.47735,-1.40237,75.37495,-5.074851291,-2.988854629,0.4592430069,-3.29132,8.83788,-1.45823,50,5.88141,7.76099,-119.35722,-1.56879,-4.76585,22.16288,-19.37676,e0e814ca-d5d6-45ae-95ea-5735d64c90c4,924b5b58-e6b0-4aff-b367-11da6f2733e0,82.07515,Pitching,25410021,,,,,,,,,,,,,,,,,,,,,,,,b043b6b1-5908-4a34-b6bc-68a7c2ae75a7,f5a94b2b-640c-4abb-8c8d-cca66d9c0691
254,2026-09-25,20:32:21.30,"Tallent, Ryan",1000616567,Right,,,,,,Slider,Live,,71.58279,0.4769167796,-1.45111767,2268.045502,70.50826125,8:15,5.86291,1.74768,5.36307,-63.43546,-7.49109,-21.05063,1.02392,-1.36736,66.06535,-11.21877648,-5.381752608,0.5383312648,10.7228,-4.12274,-1.60296,50,5.86159,3.22983,-104.00781,-0.92723,11.6205,19.18043,-36.64194,32ae53f9-15ae-4b38-a63b-e3fa016ab4f4,924b5b58-e6b0-4aff-b367-11da6f2733e0,70.01718,Pitching,25410021,,,,,,,,,,,,,,,,,,,,,,,,80bf8bfe-b516-4de6-a370-2463c9fb42d2,f5a94b2b-640c-4abb-8c8d-cca66d9c0691
255,2026-09-25,20:32:36.25,"Tallent, Ryan",1000616567,Right,,,,,,Fastball,Live,,81.06062,-0.297105926,-3.191789185,1941.095005,202.0904054,12:45,5.96316,1.53968,6.261,-26.29938,15.37808,6.2644,3.49722,-0.88384,74.44325,-5.253877329,-2.009408051,0.4646457848,-4.2737,8.47718,-1.30647,50,5.92813,6.40306,-117.92838,-1.33964,-6.04153,21.6186,-20.19024,95a20357-3cac-4f16-99df-29fa86d2c8d8,924b5b58-e6b0-4aff-b367-11da6f2733e0,81.1208,Pitching,25410021,,,,,,,,,,,,,,,,,,,,35.55964392,1579.101315,0.8135105755,,a8a6421b-87fc-4755-a466-4b890212123d,f5a94b2b-640c-4abb-8c8d-cca66d9c0691
256,2026-09-25,20:32:52.87,"Tallent, Ryan",1000616567,Right,,,,,,Slider,Live,,71.19495,0.6896530295,-0.2316941399,2170.422659,62.30698995,8:00,5.90052,1.97937,5.23861,-66.03113,-9.40311,-17.82611,1.04606,0.27612,65.81185,-11.46309373,-3.555965681,0.5416105321,9.34115,-5.17033,-1.94513,50,5.9158,0.93098,-103.47686,-0.65294,10.05355,18.45288,-37.73869,33aee8f5-7787-4ae2-b199-3449efb4f8c8,924b5b58-e6b0-4aff-b367-11da6f2733e0,69.59325,Pitching,25410021,,,,,,,,,,,,,,,,,,,,,,,,907f187a-d002-48c6-9131-31fe3210e250,f5a94b2b-640c-4abb-8c8d-cca66d9c0691
257,2026-09-25,20:33:08.25,"Tallent, Ryan",1000616567,Right,,,,,,Fastball,Live,,81.46288,-0.4233700757,-3.15370575,2116.312862,182.4576026,12:00,5.90705,1.57043,6.10092,-29.15081,12.26513,0.52867,3.08573,-1.30468,75.14352,-5.884637969,-3.054435748,0.4631857014,-1.1027,6.76397,-1.3284,50,5.85902,6.51451,-118.51029,-1.71463,-1.57892,21.20249,-22.48895,87562e86-5f8a-4f17-b40e-78572dfd9c0d,924b5b58-e6b0-4aff-b367-11da6f2733e0,81.37652,Pitching,25410021,,,,,,,,,,,,,,,,,,,,,,,,b324edf0-0074-4433-af88-b75c6a5bc6f6,f5a94b2b-640c-4abb-8c8d-cca66d9c0691
258,2026-09-25,20:33:26.35,"Tallent, Ryan",1000616567,Right,,,,,,Fastball,Live,,83.09105,0.8007803299,-3.648558619,2052.885299,201.9023074,12:45,5.93036,1.75036,6.16537,-26.41113,13.42358,5.42263,4.47056,-1.17201,76.21806,-4.170883234,-2.628126815,0.4542576409,-3.91833,7.09128,-1.47685,50,5.97742,7.54644,-120.80227,0.92924,-5.81649,22.53083,-21.64753,5bed488b-3b87-4cab-a336-8b1478de94e8,924b5b58-e6b0-4aff-b367-11da6f2733e0,82.97591,Pitching,25410021,,,,,,,,,,,,,,,,,,,,36.84305899,1642.88503,0.800280966,,f2a5c759-9108-4289-9a1c-4a8e21d8043f,f5a94b2b-640c-4abb-8c8d-cca66d9c0691
259,2026-09-25,20:33:54.03,"Tallent, Ryan",1000616567,Right,,,,,,Slider,Live,,68.88989,0.5836045315,-0.911334445,2177.347717,66.41857745,8:15,5.84784,1.97827,5.66145,-66.60745,-7.21957,-16.43341,0.84144,-0.24095,63.94897,-11.73854714,-3.993442565,0.5546516557,8.53482,-4.03772,-1.89104,50,5.85541,2.022,-100.20437,-0.71408,8.63302,16.97128,-36.25822,63af0600-0090-441d-9b56-5526d19c8100,924b5b58-e6b0-4aff-b367-11da6f2733e0,67.95696,Pitching,25410021,,,,,,,,,,,,,,,,,,,,,,,,20b563e3-4666-4ceb-8d58-be1fbcc80e82,f5a94b2b-640c-4abb-8c8d-cca66d9c0691
260,2026-09-25,20:34:10.71,"Tallent, Ryan",1000616567,Right,,,,,,Fastball,Live,,80.84083,-2.220659674,-4.928730978,2003.44836,202.1113033,12:45,5.89609,1.96033,5.98607,-26.69493,15.89307,6.48193,1.60496,-2.07826,74.41126,-7.199681946,-3.716033317,0.4696939913,-4.81699,9.18469,-1.57478,50,5.70562,9.92093,-117.2232,-5.33613,-6.73126,21.27136,-19.33937,d5a6495c-1279-4f04-8edf-bf5a5277e6ef,924b5b58-e6b0-4aff-b367-11da6f2733e0,80.24893,Pitching,25410021,,,,,,,,,,,,,,,,,,,,,,,,e1a64dfa-8dc8-4fd9-b617-f426d7aafcc3,f5a94b2b-640c-4abb-8c8d-cca66d9c0691
261,2026-09-25,20:34:28.91,"Tallent, Ryan",1000616567,Right,,,,,,Fastball,Live,,80.21603,-0.3809358019,-4.347005887,2114.554915,183.5108648,12:00,6.00186,1.82064,6.18209,-29.88449,12.70579,0.78393,3.15876,-2.13524,74.19502,-5.972979645,-4.200170653,0.4697065737,-1.518,7.00503,-1.49292,50,5.9577,8.83945,-116.5725,-1.61062,-2.10881,19.95119,-22.44266,c847347d-4fb9-454f-89bb-dfac6c8d44ed,924b5b58-e6b0-4aff-b367-11da6f2733e0,80.24678,Pitching,25410021,,,,,,,,,,,,,,,,,,,,,,,,a6636733-2723-459a-9f88-1a1152dbaf71,f5a94b2b-640c-4abb-8c8d-cca66d9c0691
262,2026-09-25,20:34:47.77,"Tallent, Ryan",1000616567,Right,,,,,,Fastball,Live,,81.13669,-1.41316258,-4.927236368,1934.837324,208.7608294,1:00,5.93537,1.90891,6.1618,-29.68563,12.03005,6.63676,2.15122,-2.10023,75.13368,-6.95630982,-3.685367713,0.464858785,-4.82888,6.88676,-1.53848,50,5.81256,9.96625,-117.78494,-3.75684,-6.85567,20.14797,-22.39675,39b6b1d7-aca3-4abd-ac2b-ff26bcabd37c,924b5b58-e6b0-4aff-b367-11da6f2733e0,81.08363,Pitching,25410021,,,,,,,,,,,,,,,,,,,,,,,,c7dcf6ba-0d4e-430b-8320-9df7e2331362,f5a94b2b-640c-4abb-8c8d-cca66d9c0691
263,2026-09-25,20:35:17.16,"Tallent, Ryan",1000616567,Right,,,,,,Fastball,Live,,81.73958,-2.485194118,-3.187886148,1953.563978,191.6397339,12:30,6.1459,1.70852,6.01157,-24.27877,17.3195,3.57524,1.81574,-0.94939,74.99773,-7.027689043,-2.515217388,0.4642041407,-2.82055,10.07093,-1.46056,50,5.93754,6.50889,-118.73292,-5.86836,-4.02766,22.66569,-17.79308,be58e5fa-94e8-405e-97f1-95bf9badc607,924b5b58-e6b0-4aff-b367-11da6f2733e0,81.19798,Pitching,25410021,,,,,,,,,,,,,,,,,,,,,,,,23d6b0ed-fe24-4a1e-bc68-5b234c662ec1,f5a94b2b-640c-4abb-8c8d-cca66d9c0691
264,2026-09-25,20:35:36.25,"Tallent, Ryan",1000616567,Right,,,,,,Slider,Live,,70.64339,2.734978547,0.1073639746,2222.624035,69.79520858,8:15,5.96206,2.07274,5.11546,-63.62936,-6.05176,-16.29097,3.23764,0.81629,65.06972,-8.99491542,-2.915963124,0.5461327074,8.57883,-3.94387,-2.07041,50,6.1707,0.28332,-102.59733,3.04366,9.1354,17.12439,-36.37379,46c3449f-eeac-46be-9ed9-b096086c0d86,924b5b58-e6b0-4aff-b367-11da6f2733e0,69.017,Pitching,25410021,,,,,,,,,,,,,,,,,,,,39.30971001,1719.717248,0.7737328585,,5ea552b0-ba2a-4318-bc12-a32d4b9d6043,f5a94b2b-640c-4abb-8c8d-cca66d9c0691
265,2026-09-25,20:35:56.74,"Tallent, Ryan",1000616567,Right,,,,,,Fastball,Live,,81.93091,-1.06382823,-3.083146511,2084.609405,197.9890501,12:30,6.14194,1.73866,6.04825,-25.46089,15.65209,5.09835,3.03396,-0.69304,75.35183,-5.836484645,-2.124930169,0.46148852,-3.57861,8.762,-1.50171,50,6.04537,6.26957,-119.15562,-2.95752,-5.16905,21.89258,-19.51797,17e2f25d-2e26-441b-9d4e-a3dd31de8784,924b5b58-e6b0-4aff-b367-11da6f2733e0,81.67579,Pitching,25410021,,,,,,,,,,,,,,,,,,,,,,,,e7c81609-8701-458f-a4e8-e54271b7af35,f5a94b2b-640c-4abb-8c8d-cca66d9c0691
266,2026-09-25,20:36:26.60,"Tallent, Ryan",1000616567,Right,,,,,,Fastball,Live,,81.18676,-3.45175873,-4.34602192,1960.349509,216.7873856,1:15,6.12209,1.73298,5.94583,-28.79085,13.73327,10.27141,0.50856,-1.44932,74.5229,-8.816059201,-2.416343351,0.4693415715,-6.77916,8.40025,-1.39275,50,5.83048,8.64115,-117.64487,-7.95642,-9.48836,22.59173,-20.41675,f15cd509-14d7-483b-a09d-d70ea44daa72,924b5b58-e6b0-4aff-b367-11da6f2733e0,80.30918,Pitching,25410021,,,,,,,,,,,,,,,,,,,,,,,,b40afb99-c438-4a17-b18e-42e79129f7c7,f5a94b2b-640c-4abb-8c8d-cca66d9c0691
267,2026-09-25,20:36:42.87,"Tallent, Ryan",1000616567,Right,,,,,,Fastball,Live,,80.68902,-1.060548204,-3.214172169,1984.538922,200.8369558,12:45,6.06667,1.67254,6.13259,-27.21628,15.07866,5.7582,2.81689,-0.82108,74.18948,-6.170207646,-2.129908632,0.4680751757,-3.98995,8.48023,-1.43037,50,5.97148,6.42715,-117.34258,-2.94343,-5.5838,21.43101,-20.30625,066808bc-86c8-41ac-a8aa-702c128f1780,924b5b58-e6b0-4aff-b367-11da6f2733e0,80.52646,Pitching,25410021,,,,,,,,,,,,,,,,,,,,,,,,3b83e04c-a982-4c94-8f59-dccbcbd31c35,f5a94b2b-640c-4abb-8c8d-cca66d9c0691
268,2026-09-25,20:37:14.89,"Tallent, Ryan",1000616567,Right,,,,,,Fastball,Live,,81.04913,1.056275153,-1.287793072,1957.243636,197.2002732,12:30,6.20085,1.87004,5.94015,-25.64384,16.73654,5.19295,5.04392,1.10816,73.80795,-3.776373088,-0.3081835321,0.4685477313,-3.17705,8.74634,-1.77049,50,6.27049,2.49933,-117.93347,1.42527,-4.46084,23.06438,-19.89347,b97922cc-b3a0-4a33-89d4-4ea1243b4a8b,924b5b58-e6b0-4aff-b367-11da6f2733e0,80.44525,Pitching,25410021,,,,,,,,,,,,,,,,,,,,0.660103931,1957.113741,0.9999336342,,d939d3f4-8586-4eb4-be7c-39f96838a639,f5a94b2b-640c-4abb-8c8d-cca66d9c0691
269,2026-09-25,20:37:35.08,"Tallent, Ryan",1000616567,Right,,,,,,Fastball,Live,,82.05097,0.7770785451,-1.91747014,1989.848347,210.9181415,1:00,6.19194,1.84161,5.83845,-24.84405,16.54258,9.93567,4.84417,0.88706,74.98182,-3.886343127,-0.05060264608,0.4630218057,-5.87501,8.68916,-1.69143,50,6.24058,3.69617,-119.37721,0.86888,-8.48628,22.76903,-19.62281,22ed7df9-9a7d-4d29-aaa1-3b1cea0c92d4,924b5b58-e6b0-4aff-b367-11da6f2733e0,81.40532,Pitching,25410021,,,,,,,,,,,,,,,,,,,,16.3386896,1909.489416,0.9596155499,,2c21ab1b-6f71-4984-b9fb-bd86e15abfb7,f5a94b2b-640c-4abb-8c8d-cca66d9c0691
270,2026-09-25,20:37:53.07,"Tallent, Ryan",1000616567,Right,,,,,,Fastball,Live,,80.04576,-0.3962951914,-1.260040107,1982.500875,197.5200751,12:30,6.06581,1.88639,6.13245,-28.90919,13.82333,4.3758,3.29038,1.08639,73.82425,-5.823455462,-0.4357025152,0.4704902731,-2.70241,7.61075,-1.79265,50,6.02044,2.44177,-116.6031,-1.61909,-3.74601,20.52234,-21.62424,6fff74d6-a5ee-467f-9091-270a142e2d15,924b5b58-e6b0-4aff-b367-11da6f2733e0,80.11311,Pitching,25410021,,,,,,,,,,,,,,,,,,,,,,,,e2d3456a-420b-4b51-ba52-aedb9a3bc0e6,f5a94b2b-640c-4abb-8c8d-cca66d9c0691
271,2026-09-25,20:38:12.25,"Tallent, Ryan",1000616567,Right,,,,,,Fastball,Live,,79.51214,1.736557709,-1.39312987,1910.251562,199.2177251,12:45,6.07465,1.8378,6.07898,-30.64931,12.68091,4.43337,5.12796,0.91824,73.2888,-4.017243937,-0.5599759505,0.4737692441,-2.75035,6.435,-1.7327,50,6.19221,2.6905,-115.78199,2.64537,-3.76975,19.64829,-23.35394,195c6d46-743f-435c-b15f-9ebd1cbf82de,924b5b58-e6b0-4aff-b367-11da6f2733e0,79.55864,Pitching,25410021,,,,,,,,,,,,,,,,,,,,33.70203174,1589.204076,0.8319344465,,80e82f04-ee9e-4779-b35d-54ae380384f3,f5a94b2b-640c-4abb-8c8d-cca66d9c0691
272,2026-09-25,20:38:41.95,"Tallent, Ryan",1000616567,Right,,,,,,Fastball,Live,,81.69806,-3.027655191,-4.496054822,2006.456024,207.3944789,1:00,6.1016,1.94262,6.12607,-24.98134,16.39763,8.51165,1.21024,-1.51213,75.41517,-7.690096873,-2.899163136,0.4629789467,-5.7863,9.69001,-1.60327,50,5.85648,9.07522,-118.50856,-7.00182,-8.28509,21.19857,-18.29944,0f8c9fff-cdda-49e4-9085-6db0ba5aac5d,924b5b58-e6b0-4aff-b367-11da6f2733e0,81.41286,Pitching,25410021,,,,,,,,,,,,,,,,,,,,,,,,ab740564-af03-4367-91d4-bb14884e6705,f5a94b2b-640c-4abb-8c8d-cca66d9c0691
273,2026-09-25,20:38:59.56,"Tallent, Ryan",1000616567,Right,,,,,,Slider,Live,,69.98571,1.855702596,-1.57433785,2189.160388,64.97728745,8:15,6.06398,1.73719,5.40263,-65.49432,-7.21252,-15.37423,2.34597,-1.01933,64.52011,-10.26140116,-4.443935892,0.5494622619,7.69429,-4.38012,-1.58656,50,6.18413,3.21791,-101.67039,1.4909,8.00118,17.68484,-36.72886,2a8de238-8941-48a2-b900-13c866bb0691,924b5b58-e6b0-4aff-b367-11da6f2733e0,68.59878,Pitching,25410021,,,,,,,,,,,,,,,,,,,,,,,,00622142-01b9-4e6e-bb71-16853e411a64,f5a94b2b-640c-4abb-8c8d-cca66d9c0691
274,2026-09-25,20:39:19.43,"Tallent, Ryan",1000616567,Right,,,,,,Fastball,Live,,80.91232,-1.01756221,-2.760388437,1995.499348,201.7409985,12:45,6.05296,2.06564,6.08239,-28.46604,13.45686,5.3838,2.73834,-0.04109,74.7737,-6.343991827,-1.749346552,0.4660119691,-3.61681,7.55062,-1.8556,50,5.95916,5.52273,-117.74714,-2.91054,-5.1219,20.53435,-21.48133,aa4c45ff-fc34-4b8e-aaa2-1f85809c6c60,924b5b58-e6b0-4aff-b367-11da6f2733e0,80.88298,Pitching,25410021,,,,,,,,,,,,,,,,,,,,,,,,96f0415f-8755-49b9-bb81-5f0fc3696fe2,f5a94b2b-640c-4abb-8c8d-cca66d9c0691
275,2026-09-25,20:40:02.88,"Armento, Nick",1000616566,Right,,,,,,,Warmup,,86.61138,-0.5909091833,-0.08613003911,2211.636088,203.6969362,12:45,6.61109,0.53982,6.21059,-16.76035,20.24787,8.89993,4.6691,1.20201,78.25851,-3.776871494,1.608917546,0.4378451558,-4.89744,11.26624,-0.53782,50,6.5585,-0.07271,-126.05248,-1.79385,-7.78043,28.63659,-14.27569,f5a40612-5c9e-4a10-9aaf-3a5c9f3716e4,924b5b58-e6b0-4aff-b367-11da6f2733e0,86.08623,Pitching,25410021,,,,,,,,,,,,,,,,,,,,28.40069665,1945.449738,0.8796427898,,7897764b-96bf-44d3-9d50-997b0080ba79,f5a94b2b-640c-4abb-8c8d-cca66d9c0691
276,2026-09-25,20:40:14.82,"Armento, Nick",1000616566,Right,,,,,,,Warmup,,86.99563,-2.028871375,-1.972307533,2297.294771,204.0412019,12:45,6.59288,0.41519,6.14399,-20.04443,16.68608,7.45286,3.04605,-0.78676,79.01496,-5.816874501,-0.5578239187,0.4361992433,-4.66206,9.71531,-0.26907,50,6.42819,4.13174,-126.48233,-5.08556,-7.48766,27.85795,-16.57043,22275b8c-b1e9-4444-9074-3302bacea47f,924b5b58-e6b0-4aff-b367-11da6f2733e0,86.41106,Pitching,25410021,,,,,,,,,,,,,,,,,,,,,,,,85da36c9-e518-4ab4-8a66-4603bd81e7b4,f5a94b2b-640c-4abb-8c8d-cca66d9c0691
277,2026-09-25,20:40:27.24,"Armento, Nick",1000616566,Right,,,,,,,Warmup,,87.11671,-1.288287001,-1.263752667,2075.56386,205.6048913,12:45,6.57659,0.40732,6.15775,-21.74059,14.97322,7.18844,3.57439,-0.16117,78.7663,-5.411948929,0.1046820876,0.4361000864,-4.32745,8.58812,-0.31522,50,6.46785,2.58037,-126.71392,-3.50046,-6.94195,29.11953,-18.39729,18e9aeef-2cb8-4525-9b68-93da3ba8bec6,924b5b58-e6b0-4aff-b367-11da6f2733e0,86.43071,Pitching,25410021,,,,,,,,,,,,,,,,,,,,,,,,4e8bc89e-9b65-4c0d-a82e-1f1c5e2c3c74,f5a94b2b-640c-4abb-8c8d-cca66d9c0691
278,2026-09-25,20:40:41.14,"Armento, Nick",1000616566,Right,,,,,,,Warmup,,80.23128,-0.7806308493,-0.753164221,1677.53989,234.2779792,1:45,6.63662,0.23306,6.06226,-32.21335,11.04144,15.39957,3.2297,0.81936,73.09564,-6.852667254,2.166500965,0.4733567056,-8.60443,6.24259,-0.18294,50,6.559,1.10118,-116.7487,-2.4979,-11.76805,23.8434,-23.63623,00bb7d44-0523-4e02-b04e-c38acc68a8f9,924b5b58-e6b0-4aff-b367-11da6f2733e0,79.62798,Pitching,25410021,,,,,,,,,,,,,,,,,,,,,,,,95600274-2d68-4c5c-8147-a6cc06219032,f5a94b2b-640c-4abb-8c8d-cca66d9c0691
279,2026-09-25,20:40:54.59,"Armento, Nick",1000616566,Right,,,,,,,Warmup,,73.67184,1.274466035,-0.5202425561,1914.114746,100.2205189,9:15,6.68939,0.15001,5.27895,-51.53027,1.28181,-7.34394,3.59223,-0.95053,67.36088,-8.290817876,-1.891787294,0.5230437783,3.72688,0.29704,-0.09734,50,6.76855,1.18932,-107.06388,0.85826,4.29506,19.71286,-31.83172,b3fd4ac9-491e-4cb3-a3de-f2e425b80ce5,924b5b58-e6b0-4aff-b367-11da6f2733e0,72.06364,Pitching,25410021,,,,,,,,,,,,,,,,,,,,,,,,f16e2d64-0261-44cd-b381-cc0995b6cd7f,f5a94b2b-640c-4abb-8c8d-cca66d9c0691
280,2026-09-25,20:41:08.81,"Armento, Nick",1000616566,Right,,,,,,,Warmup,,72.32427,0.0124002118,0.9041013833,1936.737109,72.91987587,8:30,6.50698,0.26155,5.71291,-56.96676,-3.127,-10.03204,1.7713,0.26776,66.63434,-10.58797791,-0.9842873631,0.5281082285,5.6537,-1.6822,-0.33092,50,6.47308,-1.38859,-105.20346,-1.51956,6.29416,18.95474,-34.04681,43fa6cec-700b-44de-a7ed-094495614d42,924b5b58-e6b0-4aff-b367-11da6f2733e0,71.37257,Pitching,25410021,,,,,,,,,,,,,,,,,,,,,,,,8cac1b89-1bea-4a3f-97d7-21ff957055a2,f5a94b2b-640c-4abb-8c8d-cca66d9c0691
281,2026-09-25,20:41:22.27,"Armento, Nick",1000616566,Right,,,,,,,Warmup,,87.39372,-1.907739771,-0.8217923549,2292.165708,201.8625109,12:45,6.56433,0.52763,6.23573,-17.47812,18.91764,7.59776,3.3474,0.40275,78.96194,-5.226939256,0.6270552097,0.434206965,-4.42419,10.97198,-0.47023,50,6.4137,1.59888,-127.11043,-4.7505,-7.13834,29.41192,-14.47098,f014cd80-8e40-4a90-a8f4-0c4368d5aaf8,924b5b58-e6b0-4aff-b367-11da6f2733e0,86.80754,Pitching,25410021,,,,,,,,,,,,,,,,,,,,,,,,9423e4f8-a199-4c73-83fc-bc4384f234fc,f5a94b2b-640c-4abb-8c8d-cca66d9c0691
282,2026-09-25,20:41:29.00,"Armento, Nick",1000616566,Right,,,,,,,Warmup,,50.84538,,,1381.867717,,,7.87962,3.27797,,,,,5.24391,1.08583,46.15303,,,0.6920975271,1.7672,30.97102,-3.26347,50,7.88683,2.83702,-74.4497,1.37119,0.96899,10.85903,-15.19196,ae3ce0b8-0f30-4509-abf4-2d1f7380b8a7,924b5b58-e6b0-4aff-b367-11da6f2733e0,,Pitching,25410021,,,,,,,,,,,,,,,,,,,,,,,,568ed2da-6211-40db-95c2-fa6fd518145f,f5a94b2b-640c-4abb-8c8d-cca66d9c0691
283,2026-09-25,20:41:47.38,"Armento, Nick",1000616566,Right,,,,,,Slider,Live,,72.68001,0.6088438605,1.750344399,2027.182912,78.1968876,8:30,6.60292,-0.0484,5.61448,-55.71241,-1.95224,-9.11731,2.52867,0.82573,66.4871,-9.785614431,0.03403602237,0.5277177725,5.423,-1.2336,-0.09507,50,6.61951,-2.97671,-105.63008,-0.41206,6.06137,19.7946,-33.55286,a9d46f5c-b08a-42f0-b43b-aa607a415543,924b5b58-e6b0-4aff-b367-11da6f2733e0,71.42537,Pitching,25410021,,,,,,,,,,,,,,,,,,,,,,,,c29a5aa6-0e11-4abb-a6c1-ba45d2e62761,f5a94b2b-640c-4abb-8c8d-cca66d9c0691
284,2026-09-25,20:42:03.58,"Armento, Nick",1000616566,Right,,,,,,Slider,Live,,73.43807,1.737251305,1.098430089,2001.57975,60.4426361,8:00,6.56179,0.1189,5.65935,-57.97873,-5.54609,-9.69011,3.35084,0.33569,67.24212,-9.093994654,-0.7248036326,0.5211614099,5.52272,-3.49397,-0.20562,50,6.67234,-1.77835,-106.75047,1.6322,6.32377,19.69739,-36.17481,60f179a7-e9fa-4a14-be80-85599f6dd532,924b5b58-e6b0-4aff-b367-11da6f2733e0,72.32393,Pitching,25410021,,,,,,,,,,,,,,,,,,,,,,,,4dc5ba4c-692f-4168-b227-7a4df77d2f15,f5a94b2b-640c-4abb-8c8d-cca66d9c0691
285,2026-09-25,20:42:13.55,"Armento, Nick",1000616566,Right,,,,,,,Live,,44.01878,8.201827189,18.63954123,1273.146034,,,5.74983,-4.05076,,,,,1.75639,8.9465,37.0188,,,0.9500116751,42.70453,11.83811,2.61206,50,6.34162,-19.39779,-59.81374,7.16976,14.19407,10.1717,-28.23931,1d65e8f8-92e8-48a0-b2c8-0887987e8872,924b5b58-e6b0-4aff-b367-11da6f2733e0,,Pitching,25410021,,,,,,,,,,,,,,,,,,,,,,,,a8902ede-2402-4a7f-aeb2-10d26f0e9911,f5a94b2b-640c-4abb-8c8d-cca66d9c0691
286,2026-09-25,20:42:38.01,"Armento, Nick",1000616566,Right,,,,,,Slider,Live,,73.39644,0.5450710156,1.673488844,2004.380238,75.61913227,8:30,6.66047,-0.03798,5.77948,-54.39353,-2.41714,-9.25163,2.63499,0.74835,67.66351,-9.594001067,-0.06602636121,0.5188889995,5.4491,-1.4544,-0.09434,50,6.67275,-2.86727,-106.77022,-0.46627,6.2756,18.78164,-33.84904,1d815f77-a01a-4182-bb16-8bd625259463,924b5b58-e6b0-4aff-b367-11da6f2733e0,72.64066,Pitching,25410021,,,,,,,,,,,,,,,,,,,,,,,,5eb313d2-2c93-45b7-82cb-fa76bb3b2526,f5a94b2b-640c-4abb-8c8d-cca66d9c0691
287,2026-09-25,20:42:55.73,"Armento, Nick",1000616566,Right,,,,,,Slider,Live,,73.76659,0.9860546704,2.3292413,1983.93492,77.51098035,8:30,6.6397,-0.01668,5.43922,-53.97226,-1.77788,-7.81087,3.06606,1.51435,67.83132,-9.025818967,0.8703414224,0.5199759663,4.8108,-1.22493,-0.1838,50,6.6901,-4.13391,-107.19568,0.28273,5.5848,18.92943,-33.59606,f7e45472-f265-4ca1-af1e-a38bc5797eac,924b5b58-e6b0-4aff-b367-11da6f2733e0,72.48881,Pitching,25410021,,,,,,,,,,,,,,,,,,,,,,,,9754f8f3-1ad0-411a-ad2a-8b7a1533972c,f5a94b2b-640c-4abb-8c8d-cca66d9c0691
288,2026-09-25,20:43:10.96,"Armento, Nick",1000616566,Right,,,,,,Fastball,Live,,88.7472,-2.980891758,-0.1594961386,2289.830073,204.9325952,12:45,6.5853,0.24501,6.17151,-19.14329,16.19277,7.53065,2.23479,0.72528,80.56594,-6.593646349,1.272581984,0.4278390892,-4.16272,9.76727,-0.23679,50,6.35024,0.12997,-128.99901,-7.2999,-6.93898,29.52762,-15.89267,2cd5181a-a3ce-43ba-8b3e-24197d75558a,924b5b58-e6b0-4aff-b367-11da6f2733e0,88.09957,Pitching,25410021,,,,,,,,,,,,,,,,,,,,,,,,9a9314e7-cde1-47a2-af1d-41426dacfbee,f5a94b2b-640c-4abb-8c8d-cca66d9c0691
289,2026-09-25,20:43:52.07,"Armento, Nick",1000616566,Right,,,,,,Fastball,Live,,88.77848,-1.730518973,-1.732589108,2291.23705,208.2759136,1:00,6.61805,0.03561,6.20901,-20.06464,15.08855,8.12795,3.34785,-0.8864,80.63643,-5.528876592,-0.1879900721,0.4267306206,-4.96701,8.77165,0.09008,50,6.47833,3.65978,-129.12965,-4.5109,-8.31623,28.99628,-17.48776,f0b5d4e7-c09a-421d-acd6-c63043210c06,924b5b58-e6b0-4aff-b367-11da6f2733e0,88.32841,Pitching,25410021,,,,,,,,,,,,,,,,,,,,,,,,f1173f31-c42b-4068-8727-24cc297822e9,f5a94b2b-640c-4abb-8c8d-cca66d9c0691
290,2026-09-25,20:44:11.03,"Armento, Nick",1000616566,Right,,,,,,Slider,Live,,72.23867,1.693240964,1.526403779,1968.985902,91.24485443,9:00,6.53721,0.00067,5.80986,-53.23963,0.15203,-9.38472,3.67593,0.63816,66.63854,-8.242621431,-0.2349730201,0.5259059808,5.45666,-0.37666,-0.12003,50,6.64417,-2.54904,-105.09346,1.68165,6.11839,17.37973,-32.59638,cb3d4465-9d73-4943-ab01-7a88684ade1e,924b5b58-e6b0-4aff-b367-11da6f2733e0,71.67144,Pitching,25410021,,,,,,,,,,,,,,,,,,,,,,,,d3a4121b-1c9f-4d92-b581-5542c54d0bce,f5a94b2b-640c-4abb-8c8d-cca66d9c0691
291,2026-09-25,20:44:31.58,"Armento, Nick",1000616566,Right,,,,,,Slider,Live,,73.62359,0.1359351455,-0.06445592384,2035.966742,75.10287941,8:30,6.62789,0.06978,5.59355,-55.31432,-3.2951,-12.22342,2.14526,-1.00901,68.0011,-10.12140301,-2.355276043,0.5191027584,6.50917,-1.79867,-0.0564,50,6.60394,0.46531,-107.11256,-1.30626,7.53881,19.03475,-34.25724,cb173b99-ce32-4bd8-b79d-da17450e3c12,924b5b58-e6b0-4aff-b367-11da6f2733e0,72.61075,Pitching,25410021,,,,,,,,,,,,,,,,,,,,,,,,e1cc39bf-325c-45ea-be9a-75c0c1bed2ef,f5a94b2b-640c-4abb-8c8d-cca66d9c0691
292,2026-09-25,20:44:53.78,"Armento, Nick",1000616566,Right,,,,,,Fastball,Live,,88.03947,-1.725597942,-0.28813877,2255.126954,213.2880639,1:00,6.62704,0.1326,6.1413,-20.78624,15.0238,9.87858,3.29992,0.68957,80.0372,-5.652257282,1.587106174,0.4306989114,-5.47413,8.71468,-0.11578,50,6.48504,0.34342,-128.097,-4.49205,-9.01908,28.53968,-17.81589,9dcd0e35-e8fc-4927-8225-a3e69c8415aa,924b5b58-e6b0-4aff-b367-11da6f2733e0,87.51459,Pitching,25410021,,,,,,,,,,,,,,,,,,,,,,,,6c4f2310-fb00-49cd-93e7-c47cfc1f9cc0,f5a94b2b-640c-4abb-8c8d-cca66d9c0691
293,2026-09-25,20:45:13.42,"Armento, Nick",1000616566,Right,,,,,,Fastball,Live,,87.35048,-1.802072525,-0.7478382044,2231.477683,195.3288019,12:30,6.59221,0.09849,6.18408,-19.65677,16.5421,4.54025,3.28971,-0.21363,79.6474,-5.513735156,0.1132014048,0.4330309154,-2.69513,9.55112,-0.04448,50,6.44646,1.52283,-127.1208,-4.59073,-4.39005,27.1673,-16.61638,d3154e5e-3b1d-424c-8d3e-d6cbffc77417,924b5b58-e6b0-4aff-b367-11da6f2733e0,87.0433,Pitching,25410021,,,,,,,,,,,,,,,,,,,,,,,,6171b75d-469d-4b72-9351-0718bdf49c13,f5a94b2b-640c-4abb-8c8d-cca66d9c0691
294,2026-09-25,20:45:40.43,"Armento, Nick",1000616566,Right,,,,,,Fastball,Live,,88.57003,-0.8004329862,0.1222273214,2238.081234,201.1025198,12:45,6.65029,0.24711,6.13781,-17.25343,17.86138,6.90376,4.47281,0.93537,80.94481,-4.055565644,1.42763447,0.4264975871,-3.72307,9.94458,-0.26,50,6.58039,-0.48827,-128.9807,-2.33462,-6.26805,26.97482,-15.43164,98235224-b4f0-4a7d-b01e-f764c253eab0,924b5b58-e6b0-4aff-b367-11da6f2733e0,88.37668,Pitching,25410021,,,,,,,,,,,,,,,,,,,,,,,,22fb8ea8-29de-4a32-bc13-458507bb44b6,f5a94b2b-640c-4abb-8c8d-cca66d9c0691
295,2026-09-25,20:45:57.12,"Armento, Nick",1000616566,Right,,,,,,Fastball,Live,,87.79063,-3.361452949,0.2729325075,2282.262233,208.397103,1:00,6.59387,-0.00095,6.1816,-21.60009,14.34322,7.75851,1.68668,0.89759,80.24745,-7.41782684,1.744227317,0.4314995909,-4.1538,8.81275,-0.02356,50,6.32932,-0.84198,-127.60839,-8.14702,-6.81375,27.53048,-17.71791,4e842333-99cc-423d-93a7-0b983ab6bbfc,924b5b58-e6b0-4aff-b367-11da6f2733e0,87.3522,Pitching,25410021,,,,,,,,,,,,,,,,,,,,,,,,35634070-742b-4117-8f16-38c6a132bab6,f5a94b2b-640c-4abb-8c8d-cca66d9c0691
296,2026-09-25,20:46:13.47,"Armento, Nick",1000616566,Right,,,,,,Fastball,Live,,87.45307,-1.89665475,0.4659638107,2309.726854,214.2597232,1:15,6.59731,0.19511,6.06427,-22.21563,13.99756,9.55148,2.99027,1.42225,80.03167,-6.069485499,2.270407222,0.433116589,-5.05397,8.14115,-0.23629,50,6.43857,-1.32963,-127.26317,-4.89971,-8.26907,26.68983,-18.85388,d0fadff2-5b57-4671-b5a6-0755cb285fdb,924b5b58-e6b0-4aff-b367-11da6f2733e0,87.02608,Pitching,25410021,,,,,,,,,,,,,,,,,,,,,,,,62b3efa2-bb53-41af-9d99-ba374ca35cdd,f5a94b2b-640c-4abb-8c8d-cca66d9c0691
297,2026-09-25,20:46:33.80,"Armento, Nick",1000616566,Right,,,,,,Fastball,Live,,88.82005,-3.064808469,0.7287754367,2302.842983,211.2481979,1:00,6.53209,0.35229,6.27607,-19.47574,15.58867,9.46763,2.08154,1.81296,80.90853,-6.736698751,2.529005297,0.4261914294,-4.96786,9.46778,-0.41061,50,6.2965,-1.92559,-129.12891,-7.49664,-8.31889,28.95594,-16.31987,b165508c-f580-4eda-8dbb-04adea6561f6,924b5b58-e6b0-4aff-b367-11da6f2733e0,88.44016,Pitching,25410021,,,,,,,,,,,,,,,,,,,,,,,,e9a51c60-244f-4d57-88e1-153e8b56bd54,f5a94b2b-640c-4abb-8c8d-cca66d9c0691
298,2026-09-25,20:47:12.58,"Armento, Nick",1000616566,Right,,,,,,Fastball,Live,,85.94953,0.1379399359,1.334529541,2182.030221,197.2677545,12:30,6.69168,0.04384,6.04531,-18.3022,19.26847,6.00081,5.29422,1.77946,78.21573,-3.317689954,2.468493994,0.4411597212,-2.86948,10.42143,-0.15082,50,6.69254,-3.09642,-125.09137,-0.25467,-4.52594,26.3099,-15.73665,83bad953-ab3b-4696-8b9c-e5ede2b7495f,924b5b58-e6b0-4aff-b367-11da6f2733e0,85.43944,Pitching,25410021,,,,,,,,,,,,,,,,,,,,,,,,001ca3e4-0080-4550-bb45-c2739375d96a,f5a94b2b-640c-4abb-8c8d-cca66d9c0691
299,2026-09-25,20:47:59.76,"Tallent, Ryan",1000616567,Right,,,,,,,Warmup,,70.75508,-0.08814724141,-0.4055428243,2196.544895,81.3208698,8:45,6.01781,1.81594,5.63839,-58.74613,-2.40578,-15.45171,1.04007,0.15001,65.45045,-10.97078492,-3.3049438,0.5402330389,8.1505,-1.26167,-1.77178,50,5.97323,1.14351,-102.92784,-1.73604,8.69701,17.93389,-33.52032,32970b12-1db4-450c-8e5d-1860ed4529af,88ce7889-a296-47b9-b2c7-cb4c032da539,69.7707,Pitching,25410021,,,,,,,,,,,,,,,,,,,,,,,,b9af1fd6-90bd-4c25-8885-2d6ef1cc06ae,f5a94b2b-640c-4abb-8c8d-cca66d9c0691
300,2026-09-25,20:48:12.22,"Tallent, Ryan",1000616567,Right,,,,,,,Warmup,,80.07414,0.03881732117,-2.475564845,2055.512276,197.2055681,12:30,6.32952,1.4964,6.19375,-24.24854,18.31393,5.68741,4.34468,-0.31621,73.84617,-4.519126586,-1.405243352,0.4695532358,-3.71673,9.9539,-1.31319,50,6.32003,4.88263,-116.59592,-0.59558,-5.16419,20.00606,-18.34365,7b78d750-c4d9-403e-8284-6dd3c5f52bb3,88ce7889-a296-47b9-b2c7-cb4c032da539,80.27298,Pitching,25410021,,,,,,,,,,,,,,,,,,,,43.36683004,1494.300531,0.7269723213,,21355de4-3230-4b55-b648-58693493ea5c,f5a94b2b-640c-4abb-8c8d-cca66d9c0691
301,2026-09-25,20:48:24.82,"Tallent, Ryan",1000616567,Right,,,,,,,Warmup,,79.69243,-2.720718556,-4.71101892,1996.30499,244.3341667,2:15,5.871,2.00336,6.13522,-37.78088,6.30856,13.12774,0.19797,-1.26593,72.86194,-9.802188063,-2.227634486,0.4779018487,-8.59239,4.26973,-1.65056,50,5.64341,9.15585,-115.47906,-6.54414,-11.4994,23.29245,-26.45977,216f9a30-a503-466d-9915-91e4f9822853,88ce7889-a296-47b9-b2c7-cb4c032da539,78.87067,Pitching,25410021,,,,,,,,,,,,,,,,,,,,40.51506061,1517.661378,0.7602352273,,7243617c-a9b3-4632-a8ad-0e148967370c,f5a94b2b-640c-4abb-8c8d-cca66d9c0691
302,2026-09-25,20:48:36.28,"Tallent, Ryan",1000616567,Right,,,,,,,Warmup,,78.99705,-2.034247017,-2.213443877,1929.592476,204.9669565,12:45,6.24268,1.67142,5.98976,-29.12667,15.29184,7.13349,1.92825,0.2138,72.66897,-7.480665812,-0.870469402,0.4796819796,-4.46373,8.82908,-1.5011,50,6.06627,4.23832,-114.88409,-4.90873,-5.97614,20.93279,-20.3535,4a7f9688-c76e-4155-ae8f-7dd4b558ef96,88ce7889-a296-47b9-b2c7-cb4c032da539,78.57798,Pitching,25410021,,,,,,,,,,,,,,,,,,,189.5571243,35.51372548,1570.642708,0.8139763848,12:15,95bd08cf-6b60-4058-8d02-5b12fde1da75,f5a94b2b-640c-4abb-8c8d-cca66d9c0691
303,2026-09-25,20:48:41.42,"Tallent, Ryan",1000616567,Right,,,,,,,Warmup,,42.78945,,,1145.933559,,,7.14183,1.38014,,,,,7.01623,2.33233,38.03602,,,0.7907659659,-3.84839,29.78758,-1.35898,50,6.84464,-0.57805,-62.54351,8.84406,-1.45453,8.99289,-20.91559,8550c73d-1d37-46dd-a335-e6ba4de19593,88ce7889-a296-47b9-b2c7-cb4c032da539,,Pitching,25410021,,,,,,,,,,,,,,,,,,,,,,,,55b1a527-9ac0-4343-bf64-18ffbecbfe44,f5a94b2b-640c-4abb-8c8d-cca66d9c0691
304,2026-09-25,20:49:06.38,"Tallent, Ryan",1000616567,Right,,,,,,Slider,Live,,70.1942,4.439342972,-0.1738567222,2128.426529,74.00175137,8:30,6.09509,1.70576,5.61079,-61.87981,-4.4246,-15.23181,5.08978,0.27419,64.25327,-7.103872668,-3.026087089,0.5455519756,8.08709,-3.62015,-1.68118,50,6.43497,0.71679,-101.83066,6.24913,8.47809,16.96961,-35.96922,7f4487d9-0be6-4948-87fc-8121165ebd0b,88ce7889-a296-47b9-b2c7-cb4c032da539,69.09046,Pitching,25410021,,,,,,,,,,,,,,,,,,,,39.64863943,1638.8285,0.7699718444,,b8698d04-cd7c-4d5c-8c65-ff357b0bab61,f5a94b2b-640c-4abb-8c8d-cca66d9c0691
305,2026-09-25,20:49:21.26,"Tallent, Ryan",1000616567,Right,,,,,,Fastball,Live,,80.33436,1.608965712,-1.898514809,2036.450828,198.3124131,12:30,6.31292,1.45686,6.20332,-28.11438,14.36787,4.7691,5.45618,0.10149,73.61666,-3.69639431,-0.9979608151,0.4691104525,-3.10653,7.39959,-1.3169,50,6.41936,3.74381,-116.93336,2.50681,-4.31726,21.27956,-21.89056,bf429d8c-9342-46a2-a6d7-a2e682bae1a1,88ce7889-a296-47b9-b2c7-cb4c032da539,80.34875,Pitching,25410021,,,,,,,,,,,,,,,,,,,,46.09113575,1412.305727,0.6935132967,,bd13156a-53d2-4db3-88bc-f6baf2a7c94b,f5a94b2b-640c-4abb-8c8d-cca66d9c0691
306,2026-09-25,20:49:35.84,"Tallent, Ryan",1000616567,Right,,,,,,Fastball,Live,,81.62565,-2.203164827,-6.338178302,2098.035602,195.4097095,12:30,6.0712,1.57806,6.41221,-27.39203,13.84845,3.84267,1.74979,-3.95205,75.29957,-7.333459659,-5.617795425,0.4622035358,-3.78115,8.18409,-1.12593,50,5.90032,13.02134,-118.16014,-5.31051,-5.37414,21.39317,-20.542,20eb3d3b-8885-481d-916c-acc7f263f982,88ce7889-a296-47b9-b2c7-cb4c032da539,81.54944,Pitching,25410021,,,,,,,,,,,,,,,,,,,,,,,,0bd24c1e-1641-421c-a668-59ab9fe2be96,f5a94b2b-640c-4abb-8c8d-cca66d9c0691
307,2026-09-25,20:49:55.38,"Tallent, Ryan",1000616567,Right,,,,,,Fastball,Live,,80.87607,1.361975432,-2.667448212,1904.269586,200.6954389,12:45,6.26496,1.64978,6.03059,-29.28064,13.05348,4.95068,5.0876,-0.4093,73.94469,-4.149623262,-1.735116644,0.4682919264,-3.41617,6.69914,-1.44431,50,6.35536,5.33744,-117.62041,1.95715,-4.79103,22.07578,-22.7788,4d809657-b918-43d6-b511-79f12f6b8c4f,88ce7889-a296-47b9-b2c7-cb4c032da539,80.48919,Pitching,25410021,,,,,,,,,,,,,,,,,,,,37.72608796,1506.172526,0.7909450099,,2440af13-bb57-4c67-a5ca-c8568c42c4a5,f5a94b2b-640c-4abb-8c8d-cca66d9c0691
308,2026-09-25,20:50:25.79,"Tallent, Ryan",1000616567,Right,,,,,,Fastball,Live,,78.75295,0.3405460439,-3.029125522,1868.864054,205.8785767,12:45,6.20843,1.61946,6.00646,-32.22663,12.28064,5.98466,3.83878,-0.69045,72.48912,-5.698547279,-1.90557544,0.4801610251,-4.02878,6.55257,-1.38504,50,6.21737,5.8931,-114.55878,-0.22857,-5.38509,20.00875,-23.41554,b3a1b955-359a-4065-96ef-ab8540d49228,88ce7889-a296-47b9-b2c7-cb4c032da539,78.49958,Pitching,25410021,,,,,,,,,,,,,,,,,,,,36.19727484,1508.151617,0.8069884022,,8f6ba3d0-69dc-4af8-86c6-81b940935159,f5a94b2b-640c-4abb-8c8d-cca66d9c0691
309,2026-09-25,20:50:41.69,"Tallent, Ryan",1000616567,Right,,,,,,Fastball,Live,,80.6061,-3.998177947,-5.129818552,1923.614703,202.103288,12:45,6.19969,1.7035,5.89445,-28.59638,14.38805,5.85227,0.08417,-2.58358,74.77628,-9.275492492,-4.039952603,0.4718750367,-4.44864,8.75945,-1.29355,50,5.86003,10.30151,-116.67075,-9.02932,-6.1865,20.11812,-19.99272,3796bec5-6819-41f5-b3a3-04487d43ab0e,88ce7889-a296-47b9-b2c7-cb4c032da539,79.87801,Pitching,25410021,,,,,,,,,,,,,,,,,,,,,,,,c2279e06-56de-4dc3-9591-4682aa08292b,f5a94b2b-640c-4abb-8c8d-cca66d9c0691
310,2026-09-25,20:51:01.34,"Tallent, Ryan",1000616567,Right,,,,,,Fastball,Live,,79.83331,-1.262899438,-2.249898249,1964.405467,202.5289764,12:45,6.15567,1.92108,5.84684,-29.53784,14.08434,5.85835,2.5197,0.31775,73.48757,-6.776070415,-1.151112775,0.4753626933,-3.75224,7.91428,-1.74176,50,6.03569,4.39023,-116.13348,-3.4317,-5.14432,20.95841,-21.32359,5c15e57a-84d3-4444-a757-50419e0ea04f,88ce7889-a296-47b9-b2c7-cb4c032da539,79.29196,Pitching,25410021,,,,,,,,,,,,,,,,,,,,,,,,a34dc185-3133-4aea-9571-1bc6ef6d0b69,f5a94b2b-640c-4abb-8c8d-cca66d9c0691
311,2026-09-25,20:51:11.90,"Tallent, Ryan",1000616567,Right,,,,,,,Warmup,,39.53055,,,1078.925583,,,6.87159,2.94187,5.86713,,,,5.51173,-0.12759,37.81983,-12.93593283,-3.558593774,0.9583365803,0.93696,27.12344,-2.69282,50,7.57456,3.07618,-56.83315,7.71325,0.31853,3.2794,-22.95307,9624b081-d8e8-40ff-b7e2-8816edc6e1bb,88ce7889-a296-47b9-b2c7-cb4c032da539,39.33111,Pitching,25410021,,,,,,,,,,,,,,,,,,,,,,,,b12c798e-3a97-4ce8-b4bc-9b3d9f43b048,f5a94b2b-640c-4abb-8c8d-cca66d9c0691
312,2026-09-25,20:51:32.84,"Tallent, Ryan",1000616567,Right,,,,,,Slider,Live,,70.31665,3.290559182,-0.967245243,2156.291845,81.89284429,8:45,6.01241,1.90295,5.38924,-60.00035,-2.55598,-17.70078,4.09985,-0.47862,64.81002,-7.819106597,-4.259014214,0.5455004817,9.10874,-2.25396,-1.80437,50,6.26449,2.21816,-102.12082,4.19757,9.63439,16.56368,-34.55808,5a420b18-36cc-4438-b75e-9fb136abc80f,88ce7889-a296-47b9-b2c7-cb4c032da539,69.09699,Pitching,25410021,,,,,,,,,,,,,,,,,,,,40.9799653,1627.868678,0.7549389392,,2278880a-902c-4f89-ac43-51967a96b4a9,f5a94b2b-640c-4abb-8c8d-cca66d9c0691
313,2026-09-25,20:51:48.38,"Tallent, Ryan",1000616567,Right,,,,,,Fastball,Live,,80.64832,-0.6959950973,-3.095356617,1922.240463,222.1663769,1:30,6.13387,1.98344,5.79962,-32.67973,10.22109,9.29676,2.76234,-0.12317,74.14373,-6.795394291,-1.35359857,0.4714158914,-5.82816,5.67816,-1.73489,50,6.05716,6.06168,-117.24268,-2.40506,-8.13687,21.53686,-24.24659,fabbbfc5-0938-4309-a5c0-f3b5b1b56989,88ce7889-a296-47b9-b2c7-cb4c032da539,79.95581,Pitching,25410021,,,,,,,,,,,,,,,,,,,,21.19942331,1792.157532,0.932327441,,e49f80db-d189-41a4-a9f6-fa4fb141b4e9,f5a94b2b-640c-4abb-8c8d-cca66d9c0691
314,2026-09-25,20:52:12.08,"Tallent, Ryan",1000616567,Right,,,,,,Slider,Live,,69.9156,4.064197736,-1.289697786,2139.89002,58.61620961,8:00,5.98693,2.00621,5.26194,-67.56034,-8.93164,-14.5667,4.18194,-0.41935,64.29975,-8.42557787,-3.995712037,0.5510950475,7.32206,-5.85101,-1.87774,50,6.31008,2.69396,-101.40067,5.29997,7.61813,16.6893,-38.26165,40561c70-adc7-4201-8428-d662358a4d9d,88ce7889-a296-47b9-b2c7-cb4c032da539,68.39553,Pitching,25410021,,,,,,,,,,,,,,,,,,,,34.85924945,1755.905151,0.8205585964,,a9d87604-37f0-4dfc-9b2d-57fb91e6f3bb,f5a94b2b-640c-4abb-8c8d-cca66d9c0691
315,2026-09-25,20:52:28.45,"Tallent, Ryan",1000616567,Right,,,,,,Fastball,Live,,79.20879,-2.318402551,-4.459478835,1996.666787,203.5281063,12:45,6.14915,1.83486,6.02839,-30.69885,13.54623,5.91901,1.43647,-1.80955,73.05353,-8.041287257,-3.349930693,0.478744645,-4.39583,7.95516,-1.48945,50,5.95085,8.79668,-114.93145,-5.53252,-5.90325,20.50356,-21.4909,acafffaf-3c81-4ebc-8394-c1b1646500cf,88ce7889-a296-47b9-b2c7-cb4c032da539,78.73182,Pitching,25410021,,,,,,,,,,,,,,,,,,,,,,,,b822d60d-e756-4e8a-8835-de495192d9a6,f5a94b2b-640c-4abb-8c8d-cca66d9c0691
316,2026-09-25,20:52:46.26,"Tallent, Ryan",1000616567,Right,,,,,,Fastball,Live,,79.38149,-1.216260381,-4.61725572,1991.71889,197.4255802,12:30,6.07962,1.9231,5.99317,-32.05438,11.89075,3.75299,2.27763,-2.05167,73.37217,-7.188521979,-3.915984114,0.4771190511,-3.21535,6.73836,-1.56132,50,5.96584,9.20033,-115.24581,-3.36915,-4.35658,19.92122,-23.04402,27367634-fd43-400c-9b66-5a6cb4e6f112,88ce7889-a296-47b9-b2c7-cb4c032da539,79.00007,Pitching,25410021,,,,,,,,,,,,,,,,,,,,,,,,00e9f101-9054-4847-8c75-7ca3aab30552,f5a94b2b-640c-4abb-8c8d-cca66d9c0691
317,2026-09-25,20:53:16.63,"Tallent, Ryan",1000616567,Right,,,,,,Slider,Live,,71.60852,1.708441966,-1.3647278,2178.737339,66.08620171,8:15,6.00767,1.96327,5.18466,-63.2999,-7.418,-16.64767,2.34072,-0.70806,66.23685,-9.935775448,-4.453154561,0.5380306476,8.37279,-4.3868,-1.82428,50,6.11909,2.96618,-104.04676,1.25093,9.16214,17.74596,-36.97442,da2b698e-ae3a-46c9-8740-956b02cc04fc,88ce7889-a296-47b9-b2c7-cb4c032da539,70.0563,Pitching,25410021,,,,,,,,,,,,,,,,,,,,,,,,e8ea84d3-aec8-4f09-9c80-3da9f6812f5b,f5a94b2b-640c-4abb-8c8d-cca66d9c0691
318,2026-09-25,20:53:33.41,"Tallent, Ryan",1000616567,Right,,,,,,Slider,Live,,69.30617,1.623232019,-0.3504616418,2076.452029,58.28775334,8:00,6.05658,2.06575,5.57165,-68.82039,-9.74192,-15.68463,1.83797,0.43139,63.93506,-11.14850394,-3.294519788,0.5532049257,8.27454,-5.69551,-2.02549,50,6.15177,1.03221,-100.74735,1.02991,8.43395,17.63632,-37.97928,0ce4ca16-93b2-4e64-a59e-e7ae96f09bc1,88ce7889-a296-47b9-b2c7-cb4c032da539,68.13468,Pitching,25410021,,,,,,,,,,,,,,,,,,,,,,,,1197392b-6a7a-449b-960e-58c6bd6b1984,f5a94b2b-640c-4abb-8c8d-cca66d9c0691
319,2026-09-25,20:54:13.71,"Tallent, Ryan",1000616567,Right,,,,,,Fastball,Live,,81.28771,-2.194465232,-4.716728227,2051.41796,204.2539198,12:45,6.03734,1.86801,6.03057,-29.84537,12.06317,5.45755,1.51042,-2.05441,75.15366,-7.751334832,-3.696020897,0.4659321657,-4.1688,7.09399,-1.50234,50,5.84921,9.57303,-117.94158,-5.39995,-5.91467,20.90435,-22.10914,8a11c232-ae26-4a5f-a547-83a935b963d8,88ce7889-a296-47b9-b2c7-cb4c032da539,80.89684,Pitching,25410021,,,,,,,,,,,,,,,,,,,,,,,,678a3b42-3431-40ec-a3bc-5f588371bdab,f5a94b2b-640c-4abb-8c8d-cca66d9c0691
320,2026-09-25,20:55:03.69,"Tallent, Ryan",1000616567,Right,,,,,,Fastball,Live,,80.38574,-0.2880896855,-3.331835779,1996.263041,192.1397012,12:30,6.19928,1.76619,6.04002,-28.26543,14.38195,3.10631,3.57668,-1.06291,74.07407,-5.581523788,-2.749144027,0.4700213544,-2.54335,7.86018,-1.50831,50,6.16142,6.71733,-116.91406,-1.39936,-3.5444,20.62856,-21.22012,b1941ac6-115e-46bd-b3cb-f2cf3828b9f8,88ce7889-a296-47b9-b2c7-cb4c032da539,80.19304,Pitching,25410021,,,,,,,,,,,,,,,,,,,,,,,,af2c4f2e-05b2-472b-8991-acfa643a1e3a,f5a94b2b-640c-4abb-8c8d-cca66d9c0691
321,2026-09-25,20:55:22.28,"Tallent, Ryan",1000616567,Right,,,,,,Fastball,Live,,80.88795,-0.3551850776,-4.174577162,2042.400725,198.8054798,12:45,6.12846,1.90848,6.04246,-28.22041,13.84909,4.7398,3.44708,-1.56786,74.74413,-5.628772309,-3.288175453,0.4668260451,-3.60379,7.58023,-1.58581,50,6.08535,8.44347,-117.55745,-1.54619,-5.09495,20.14046,-21.45731,04be0ee6-57b5-4501-a2c0-eb4fe7cbfd02,88ce7889-a296-47b9-b2c7-cb4c032da539,80.74194,Pitching,25410021,,,,,,,,,,,,,,,,,,,,,,,,c8efb5b1-be2f-463a-9b62-070d68f4c353,f5a94b2b-640c-4abb-8c8d-cca66d9c0691
322,2026-09-25,20:55:47.63,"Tallent, Ryan",1000616567,Right,,,,,,Slider,Live,,69.77197,2.291036496,-0.8572681902,2079.929088,56.07175946,7:45,6.0573,1.90962,5.40006,-68.21637,-9.96988,-14.75173,2.52052,-0.12295,64.72649,-10.29644539,-3.603667036,0.549295786,7.57993,-5.91235,-1.82311,50,6.21407,1.92553,-101.41657,2.17113,7.90281,16.42146,-38.33824,a06f21fa-d3ff-415c-959a-c1daaec94eea,88ce7889-a296-47b9-b2c7-cb4c032da539,68.61957,Pitching,25410021,,,,,,,,,,,,,,,,,,,,31.10578292,1780.866372,0.856214946,,7c2aef0a-8c77-4850-a84f-a7070abc7538,f5a94b2b-640c-4abb-8c8d-cca66d9c0691
323,2026-09-25,20:56:02.20,"Tallent, Ryan",1000616567,Right,,,,,,Slider,Live,,70.08689,3.318553473,0.1054527659,2195.569748,79.90650697,8:45,5.99557,1.76229,5.91062,-59.86569,-3.06076,-16.8897,4.08989,0.45267,64.39679,-7.897034916,-3.074306673,0.5424558865,9.14877,-2.59032,-1.7611,50,6.22747,0.24181,-101.86005,4.38471,9.59747,16.9659,-34.89141,b9828903-999c-4de5-95b9-b00988b33792,88ce7889-a296-47b9-b2c7-cb4c032da539,69.4848,Pitching,25410021,,,,,,,,,,,,,,,,,,,,34.07513093,1818.598328,0.8283036004,,d839bbcd-1c8d-4109-bc4f-4b986a554252,f5a94b2b-640c-4abb-8c8d-cca66d9c0691
324,2026-09-25,20:56:17.25,"Tallent, Ryan",1000616567,Right,,,,,,Fastball,Live,,79.41577,1.806433399,-2.146752475,2072.931152,192.3528178,12:30,6.15649,1.83497,6.01743,-32.36445,11.18513,2.45865,5.13421,0.05071,73.26254,-4.257069921,-1.685762414,0.474966967,-1.86149,5.59628,-1.66835,50,6.28007,4.26259,-115.58588,2.72397,-2.54472,19.42867,-24.52376,1ee864f4-0c81-4d9b-a1cf-34ff2dd4787d,88ce7889-a296-47b9-b2c7-cb4c032da539,79.35802,Pitching,25410021,,,,,,,,,,,,,,,,,,,,,,,,400040a8-b2b5-442c-bf05-bf1deb8f3408,f5a94b2b-640c-4abb-8c8d-cca66d9c0691
325,2026-09-25,20:56:35.94,"Tallent, Ryan",1000616567,Right,,,,,,Slider,Live,,71.9889,1.511935054,-2.586768406,2269.156321,48.75197227,7:45,6.1303,1.7008,5.4556,-66.19803,-11.112,-12.64496,2.03068,-1.7757,66.40831,-10.73065528,-4.947165478,0.5341855237,5.94953,-6.36712,-1.46444,50,6.21893,5.07731,-104.53098,0.90456,6.53132,18.90769,-39.16379,1938b334-1836-46ac-9140-afa582a53251,88ce7889-a296-47b9-b2c7-cb4c032da539,70.56058,Pitching,25410021,,,,,,,,,,,,,,,,,,,,,,,,9304b0f7-346b-494c-9216-38dd6f5876fd,f5a94b2b-640c-4abb-8c8d-cca66d9c0691
326,2026-09-25,20:56:50.17,"Tallent, Ryan",1000616567,Right,,,,,,Fastball,Live,,80.85417,0.7906338467,-3.327822028,1990.21959,191.2219399,12:15,6.1515,1.66465,6.14744,-29.72475,12.33399,2.45837,4.40617,-1.20847,74.28898,-4.798643814,-2.865377463,0.4667663476,-2.21634,6.49704,-1.41292,50,6.19619,6.76811,-117.58967,0.78686,-3.11828,21.2855,-23.03305,7876815b-ab0e-48ff-8175-4ab5a2b2d9a7,88ce7889-a296-47b9-b2c7-cb4c032da539,80.75226,Pitching,25410021,,,,,,,,,,,,,,,,,,,,,,,,cf83cc7c-904b-46e2-83a4-a38dd1a98fdf,f5a94b2b-640c-4abb-8c8d-cca66d9c0691
327,2026-09-25,20:57:15.61,"Armento, Nick",1000616566,Right,,,,,,,Warmup,,74.2799,1.208294895,-0.9826037133,1940.488136,198.6865635,12:30,6.52217,0.65346,7.33694,-31.87654,15.69464,5.32191,4.95735,0.20945,68.14324,-4.937378016,0.04544995845,0.4964132371,-3.29612,8.58811,-0.60076,50,6.57973,1.7537,-108.35634,1.65828,-3.92179,18.79698,-21.95574,4d40f09c-6846-4eb4-943b-81e2968de767,88ce7889-a296-47b9-b2c7-cb4c032da539,75.92956,Pitching,25410021,,,,,,,,,,,,,,,,,,,205.1930284,35.49861161,1579.80881,0.8141295897,12:45,c0d1027f-c5ce-4230-9f4c-db047b995480,f5a94b2b-640c-4abb-8c8d-cca66d9c0691
328,2026-09-25,20:57:24.77,"Armento, Nick",1000616566,Right,,,,,,,Warmup,,82.8238,-2.944849359,-0.1052865021,2226.379709,201.2574318,12:45,6.60124,0.45363,5.99151,-22.21604,18.31056,7.1268,2.01879,0.94997,75.89205,-7.102094081,1.239586552,0.4581856526,-3.88904,10.74908,-0.44928,50,6.35712,0.01032,-120.42815,-6.85283,-5.70162,23.7585,-16.4151,6b8577a9-b712-4daa-98d5-6f54b3150739,88ce7889-a296-47b9-b2c7-cb4c032da539,82.26456,Pitching,25410021,,,,,,,,,,,,,,,,,,,,,,,,8b796cc4-4f94-4ddc-bdcb-ee2059e4c340,f5a94b2b-640c-4abb-8c8d-cca66d9c0691
329,2026-09-25,20:57:34.10,"Armento, Nick",1000616566,Right,,,,,,,Warmup,,84.59414,-1.767963965,-1.959686927,2160.210193,204.3783534,12:45,6.64371,0.39886,6.20061,-24.31536,14.01846,6.36481,2.98421,-0.88014,77.80073,-6.337919374,-0.7576446061,0.4456176743,-3.99388,8.11351,-0.25503,50,6.49861,4.02673,-123.11669,-4.51251,-6.15132,23.65118,-19.67772,60f8787e-2ef2-44d1-8e0a-b67bb0f8481c,88ce7889-a296-47b9-b2c7-cb4c032da539,84.5847,Pitching,25410021,,,,,,,,,,,,,,,,,,,,,,,,e1741c19-80fc-4093-9469-b22f8146b50f,f5a94b2b-640c-4abb-8c8d-cca66d9c0691
330,2026-09-25,20:57:43.74,"Armento, Nick",1000616566,Right,,,,,,,Warmup,,86.26479,-1.995074423,-2.532531988,2162.491484,205.7256291,12:45,6.59494,0.30257,6.0253,-22.86693,14.3156,6.9099,2.83935,-1.46829,79.21906,-6.280258277,-1.23185738,0.4388749887,-4.4273,8.29328,-0.10849,50,6.42647,5.33581,-125.44214,-5.07716,-7.07335,24.73936,-18.92413,25472342-b718-4082-925d-dd219efd3997,88ce7889-a296-47b9-b2c7-cb4c032da539,85.88423,Pitching,25410021,,,,,,,,,,,,,,,,,,,,,,,,5cf10c71-7d90-48f9-a35b-9797b92ac19c,f5a94b2b-640c-4abb-8c8d-cca66d9c0691
331,2026-09-25,20:57:56.44,"Armento, Nick",1000616566,Right,,,,,,,Warmup,,80.2735,-0.8919609009,-0.6978479353,1676.453059,246.2091442,2:15,6.55684,0.11516,6.10245,-35.46254,7.62731,17.37413,2.77673,0.91769,73.37019,-7.566278109,2.595744771,0.472453295,-9.66928,4.42075,-0.07073,50,6.46978,0.93666,-116.82668,-2.81166,-13.26022,23.59646,-26.11154,f3767264-ccf2-4689-9bc4-93d4ab1b670f,88ce7889-a296-47b9-b2c7-cb4c032da539,79.78024,Pitching,25410021,,,,,,,,,,,,,,,,,,,,,,,,f38c1ec5-9826-438b-b63f-b3cd4d1d80a1,f5a94b2b-640c-4abb-8c8d-cca66d9c0691
332,2026-09-25,20:58:07.70,"Armento, Nick",1000616566,Right,,,,,,,Warmup,,81.31196,-4.517724863,-2.413702751,1666.493816,230.7794945,1:45,6.59045,0.09617,6.08762,,,,,,,,,,-7.04883,6.4498,0.08348,50,6.22442,4.63524,-117.97571,-10.25243,-9.97336,21.62028,-23.04825,84a772fe-57d7-4330-a682-80c0226fb66c,88ce7889-a296-47b9-b2c7-cb4c032da539,,Pitching,25410021,,,,,,,,,,,,,,,,,,,,,,,,2c5b4ab0-1ef7-4e7d-8451-313e12347c27,f5a94b2b-640c-4abb-8c8d-cca66d9c0691
333,2026-09-25,20:58:26.76,"Armento, Nick",1000616566,Right,,,,,,,Warmup,,74.13679,-1.65317612,-1.562792686,1996.02229,87.63616422,9:00,6.61696,0.22779,5.54103,-51.57604,-0.32592,-6.73115,0.77312,-1.79388,69.00183,-11.13627464,-2.818760892,0.5152510003,3.15805,0.27654,-0.0881,50,6.43985,3.13481,-107.80605,-4.59579,3.7242,18.38191,-31.84793,e7186f8b-e492-44da-b646-5360c0ef2528,88ce7889-a296-47b9-b2c7-cb4c032da539,73.15355,Pitching,25410021,,,,,,,,,,,,,,,,,,,,,,,,448c1555-7228-42a0-822f-91c083216375,f5a94b2b-640c-4abb-8c8d-cca66d9c0691
334,2026-09-25,20:58:37.72,"Armento, Nick",1000616566,Right,,,,,,,Warmup,,74.72999,-1.23612353,-1.792498752,2071.812917,68.61978118,8:15,6.59607,0.38184,5.60748,-53.05487,-2.58811,-6.49375,1.02041,-1.8328,69.31475,-11.02724839,-3.007425102,0.5112980355,2.96178,-1.0329,-0.22461,50,6.45648,3.58611,-108.65851,-3.86228,3.53537,19.31884,-33.40698,673a0c71-dc9e-421b-b0eb-6a52b870dc30,88ce7889-a296-47b9-b2c7-cb4c032da539,73.71912,Pitching,25410021,,,,,,,,,,,,,,,,,,,,,,,,88ce878d-b20f-46dd-8c51-7cc88e3641eb,f5a94b2b-640c-4abb-8c8d-cca66d9c0691
335,2026-09-25,20:58:53.25,"Armento, Nick",1000616566,Right,,,,,,,Warmup,,85.91492,-0.0571364458,0.1502784576,2234.575634,189.1461594,12:15,6.66988,0.25467,6.10895,-19.8568,17.53271,2.8278,4.96232,0.62926,78.40159,-3.806761925,0.6850678361,0.4400948649,-1.49529,9.55052,-0.26767,50,6.65506,-0.41322,-125.11169,-0.72215,-2.36612,25.63299,-17.06141,d3165084-8cef-44d9-b665-0fee411062cc,88ce7889-a296-47b9-b2c7-cb4c032da539,85.64617,Pitching,25410021,,,,,,,,,,,,,,,,,,,,,,,,5c953116-cdad-4f45-bbac-09f7472dbe81,f5a94b2b-640c-4abb-8c8d-cca66d9c0691
336,2026-09-25,20:59:28.12,"Armento, Nick",1000616566,Right,,,,,,Fastball,Live,,88.64326,-3.297850804,0.6780595473,2370.920115,196.8464273,12:30,6.46649,0.42937,6.29659,-18.24879,16.86734,5.10927,1.90395,1.47985,80.86896,-6.737916333,1.64922557,0.4265055961,-2.60019,10.21766,-0.48157,50,6.21552,-1.67724,-128.86783,-7.96941,-4.34696,28.24321,-15.09233,5cfdbd04-eed7-4e8d-acda-5015347bc996,88ce7889-a296-47b9-b2c7-cb4c032da539,88.37502,Pitching,25410021,,,,,,,,,,,,,,,,,,,,,,,,6a263d38-44a3-47a7-8c07-364e86365d26,f5a94b2b-640c-4abb-8c8d-cca66d9c0691
337,2026-09-25,20:59:44.21,"Armento, Nick",1000616566,Right,,,,,,Fastball,Live,,87.10406,-2.890667325,-0.2613966274,2310.184938,198.6804952,12:30,6.56904,0.2812,6.18368,-18.39808,17.97041,6.07793,2.36477,0.54636,79.69723,-6.350913962,0.8897140192,0.4340442641,-3.38835,10.61895,-0.26461,50,6.34178,0.39553,-126.69474,-6.94985,-5.4971,26.33555,-14.94639,61c74657-3646-4ef9-ba19-0e04a50454da,88ce7889-a296-47b9-b2c7-cb4c032da539,86.84008,Pitching,25410021,,,,,,,,,,,,,,,,,,,,,,,,48627ffb-1ee8-4d7a-ba4c-67c80577975d,f5a94b2b-640c-4abb-8c8d-cca66d9c0691
338,2026-09-25,21:00:23.76,"Armento, Nick",1000616566,Right,,,,,,Slider,Live,,71.56887,2.07274748,2.994818874,1964.088518,57.25926665,8:00,6.56519,0.20033,5.73266,-61.79517,-6.99149,-10.77825,3.34906,2.09323,66.01534,-9.433070416,0.9747001902,0.5328147394,6.60986,-4.32418,-0.44308,50,6.70009,-5.15002,-103.96217,2.11092,7.23656,17.37246,-36.90821,62340a82-3813-41aa-9088-46de8c74bc93,88ce7889-a296-47b9-b2c7-cb4c032da539,70.74211,Pitching,25410021,,,,,,,,,,,,,,,,,,,,,,,,b31ec28c-f2ea-4658-a32e-d526e5a55840,f5a94b2b-640c-4abb-8c8d-cca66d9c0691
339,2026-09-25,21:00:41.12,"Armento, Nick",1000616566,Right,,,,,,Slider,Live,,73.19634,0.530149334,-0.05268538151,2033.825799,113.4511341,9:45,6.64532,0.21417,5.46006,-47.41687,4.9572,-11.5274,3.19009,-0.79575,67.93788,-8.228256656,-2.196194586,0.5208702868,6.09613,2.49236,-0.20168,50,6.65962,0.43159,-106.55335,-0.38634,7.06588,16.9062,-29.28521,d1ff07f3-d411-42ed-98d7-e2ab7fdbf62e,88ce7889-a296-47b9-b2c7-cb4c032da539,72.36435,Pitching,25410021,,,,,,,,,,,,,,,,,,,,,,,,3055a5e7-c6d2-4c30-96d1-8b8aab4ee348,f5a94b2b-640c-4abb-8c8d-cca66d9c0691
340,2026-09-25,21:00:57.82,"Armento, Nick",1000616566,Right,,,,,,Slider,Live,,73.91692,-2.208916226,0.4968355399,2001.853828,49.17590992,7:45,6.60541,0.06239,5.44693,,,,,,,,,,4.0688,-2.78522,-0.10118,50,6.3709,-0.71728,-107.4333,-5.83719,4.74262,19.07792,-35.42052,6aa8df84-151f-4d6d-a3e5-b1e2cc1fd2b7,88ce7889-a296-47b9-b2c7-cb4c032da539,,Pitching,25410021,,,,,,,,,,,,,,,,,,,,,,,,759e9c92-548f-4286-937f-d084112be5af,f5a94b2b-640c-4abb-8c8d-cca66d9c0691
341,2026-09-25,21:01:20.36,"Armento, Nick",1000616566,Right,,,,,,Fastball,Live,,88.22594,-2.767407798,-0.2548341745,2310.736121,208.3227064,1:00,6.61271,0.33166,6.13469,-19.27812,16.23414,8.7543,2.44681,0.82568,80.74157,-6.389291363,1.401569393,0.428904493,-4.8376,9.62216,-0.3168,50,6.39174,0.30202,-128.32954,-6.79509,-8.05163,27.03543,-16.15909,625aced5-4f39-4c34-938f-495370a9ba1a,88ce7889-a296-47b9-b2c7-cb4c032da539,87.88073,Pitching,25410021,,,,,,,,,,,,,,,,,,,,,,,,28299408-bc8d-40c0-ac16-27c540778b4c,f5a94b2b-640c-4abb-8c8d-cca66d9c0691
342,2026-09-25,21:01:50.69,"Armento, Nick",1000616566,Right,,,,,,Slider,Live,,75.36213,-0.4317152988,0.9005520124,1903.577516,99.86692697,9:15,6.63831,0.06775,5.42702,-48.51346,1.23779,-7.35073,2.19118,0.29859,69.71032,-9.393490145,-0.4701762552,0.5076605501,4.14209,0.77365,-0.14243,50,6.56679,-1.50438,-109.63863,-2.27174,5.05241,19.00267,-31.23037,d5462529-a685-4620-9215-709bb7ec5ab8,88ce7889-a296-47b9-b2c7-cb4c032da539,74.24733,Pitching,25410021,,,,,,,,,,,,,,,,,,,,,,,,3834898a-8502-48eb-8d8b-c1027f8facb1,f5a94b2b-640c-4abb-8c8d-cca66d9c0691
343,2026-09-25,21:02:05.92,"Armento, Nick",1000616566,Right,,,,,,Slider,Live,,75.56041,-0.4045941804,-0.04144380055,2019.84802,101.5663002,9:30,6.54457,0.21698,5.27517,-48.19984,1.77093,-8.85675,2.14795,-0.56,69.60071,-9.302146201,-1.691811845,0.5087792465,4.66384,1.05012,-0.20682,50,6.47291,0.34941,-109.877,-2.24495,5.68809,19.8994,-30.8933,33c1eb59-2c4e-49f8-bcaa-ab9e47d099ec,88ce7889-a296-47b9-b2c7-cb4c032da539,74.08407,Pitching,25410021,,,,,,,,,,,,,,,,,,,,,,,,b7bace78-03a9-4726-92b1-1eb871455aff,f5a94b2b-640c-4abb-8c8d-cca66d9c0691
344,2026-09-25,21:02:34.71,"Armento, Nick",1000616566,Right,,,,,,Slider,Live,,74.03011,-0.2546978853,-0.6809736834,1986.469081,103.0632186,9:30,6.64088,0.10953,5.28284,-49.75564,2.25959,-9.92813,2.25541,-1.35726,68.29601,-9.431557971,-2.529524718,0.519082798,5.04919,1.26501,-0.04039,50,6.58188,1.57582,-107.65293,-1.96341,5.91547,18.97885,-30.69201,10ca1ab4-5606-4b79-98f7-1717404e695a,88ce7889-a296-47b9-b2c7-cb4c032da539,72.61354,Pitching,25410021,,,,,,,,,,,,,,,,,,,,,,,,e9bb65bf-8204-439f-b710-5d2f877899a0,f5a94b2b-640c-4abb-8c8d-cca66d9c0691
345,2026-09-25,21:02:47.73,"Armento, Nick",1000616566,Right,,,,,,Fastball,Live,,87.80224,,,2252.78937,,,6.62201,0.20528,6.02141,,,,3.01506,-0.70873,80.08599,-5.635491535,-0.7126720899,0.4322203606,-1.85881,10.58799,-0.11019,50,6.4329,2.66867,-127.69269,-5.67145,-3.05762,27.20995,-14.75751,4d8f14ae-8d0b-48e5-8d87-16c3877bace6,88ce7889-a296-47b9-b2c7-cb4c032da539,87.20653,Pitching,25410021,,,,,,,,,,,,,,,,,,,,,,,,d49cea90-deb3-4d76-bcd0-753c5269956d,f5a94b2b-640c-4abb-8c8d-cca66d9c0691