PitchNo,Date,Time,Pitcher,PitcherId,PitcherThrows,PitcherTeam,PitcherSet,PitchCall,Balls,Strikes,TaggedPitchType,PitchSession,Flag,RelSpeed,VertRelAngle,HorzRelAngle,SpinRate,SpinAxis,Tilt,RelHeight,RelSide,Extension,VertBreak,InducedVertBreak,HorzBreak,PlateLocHeight,PlateLocSide,ZoneSpeed,VertApprAngle,HorzApprAngle,ZoneTime,pfxx,pfxz,x0,y0,z0,vx0,vy0,vz0,ax0,ay0,az0,PlayID,CalibrationId,EffVelocity,PracticeType,Device,Direction,BatterId,Batter,HitSpinRate,HitType,ExitSpeed,BatterSide,Angle,PositionAt110X,PositionAt110Y,PositionAt110Z,Distance,LastTrackedDistance,HangTime,Bearing,ContactPositionX,ContactPositionY,ContactPositionZ,SpinAxis3dTransverseAngle,SpinAxis3dLongitudinalAngle,SpinAxis3dActiveSpinRate,SpinAxis3dSpinEfficiency,SpinAxis3dTilt,PitchUID,SessionId
1,2026-09-22,19:00:57.00,"Hoggat, Kyle",1000514767,Right,,,,,,,Warmup,,78.08352,-2.146208211,-6.114414021,1569.220585,264.625471,2:45,5.6753,3.32717,5.8374,,,,,,,,,,-10.47224,1.46069,-2.83724,50,5.47331,11.63701,-112.90051,-5.53487,-13.43946,21.6518,-30.29948,9f3dac50-aafb-4b4d-9689-7e9257158dde,d0b2fe4e-8c0c-4500-b384-6a21ff9a212a,,Pitching,25410021,,,,,,,,,,,,,,,,,,,,29.89173433,1360.465057,0.8669686533,,cf4b4270-efbe-4784-9d79-f886632690de,c6dfbc40-7dce-4232-9b29-2e7fb5281d98
2,2026-09-22,19:01:14.17,"Hoggat, Kyle",1000514767,Right,,,,,,,Warmup,,83.94965,-1.887974479,-4.42249976,2204.777883,216.8608655,1:15,5.8378,3.30496,5.35895,-23.66048,17.78373,13.36642,2.08992,0.26384,74.95315,-6.330363102,-1.907934915,0.4633437639,-8.66101,10.12855,-2.91665,50,5.6516,8.95747,-121.46672,-4.78923,-12.62879,29.11975,-17.4054,7b42cd5f-f638-4e6d-bc30-1e7eec8f9738,d0b2fe4e-8c0c-4500-b384-6a21ff9a212a,81.34876,Pitching,25410021,,,,,,,,,,,,,,,,,,,216.3366077,26.23599162,1977.643542,0.8969808509,1:15,6db2faf7-57bb-4f4a-9d24-994dab60093a,c6dfbc40-7dce-4232-9b29-2e7fb5281d98
3,2026-09-22,19:01:49.70,"Hoggat, Kyle",1000514767,Right,,,,,,ChangeUp,Live,,79.05317,0.4629340149,-4.317394171,1612.521048,257.6417829,2:30,5.59562,3.6196,5.76188,-41.80852,3.88791,18.01942,2.54363,1.09578,71.22226,-7.415925515,-0.9107822692,0.4865332338,-11.14765,1.94296,-3.27273,50,5.60908,8.12919,-114.59333,-0.28287,-14.55531,24.74524,-29.63715,804fb09f-032f-44fb-b8b2-93a3b971a688,d0b2fe4e-8c0c-4500-b384-6a21ff9a212a,77.47146,Pitching,25410021,,,,,,,,,,,,,,,,,,,,25.00334007,1461.400653,0.9062831488,,f1a43cfc-3818-40b0-a21b-422e4a89092a,c6dfbc40-7dce-4232-9b29-2e7fb5281d98
4,2026-09-22,19:02:10.48,"Hoggat, Kyle",1000514767,Right,,,,,,ChangeUp,Live,,78.91472,0.04877572458,-4.504095053,1578.09499,249.2919624,2:15,5.63565,3.37875,5.80665,-39.44527,6.43759,17.1867,2.39404,0.61428,70.95092,-7.396751634,-1.250245066,0.4875247238,-10.80812,3.46227,-3.01919,50,5.61658,8.51634,-114.36066,-1.03213,-14.02508,25.05155,-27.68126,2cac8cca-a2da-4284-942a-edf955da4b6b,d0b2fe4e-8c0c-4500-b384-6a21ff9a212a,77.3139,Pitching,25410021,,,,,,,,,,,,,,,,,,,,26.57575612,1411.359186,0.8943436196,,7ff233a6-3b8a-4c24-94d0-a47c4ce44c6a,c6dfbc40-7dce-4232-9b29-2e7fb5281d98
5,2026-09-22,19:02:31.83,"Hoggat, Kyle",1000514767,Right,,,,,,Fastball,Live,,85.87387,-0.4676615107,-2.493103232,2180.989458,224.8213105,1:30,5.89033,3.2493,5.18767,-23.55557,16.08427,16.02609,3.48704,2.23823,76.67504,-4.886421768,0.5195346593,0.4531451838,-9.34268,8.67223,-3.02977,50,5.82973,4.87039,-124.5344,-1.82863,-14.33192,30.41306,-18.87062,afdac0d0-84f0-46fc-b207-91f649886fd4,d0b2fe4e-8c0c-4500-b384-6a21ff9a212a,83.17961,Pitching,25410021,,,,,,,,,,,,,,,,,,,,30.02719131,1888.274539,0.8657880173,,53025cfd-4178-41b2-a832-ac5152926bd3,c6dfbc40-7dce-4232-9b29-2e7fb5281d98
6,2026-09-22,19:02:52.46,"Hoggat, Kyle",1000514767,Right,,,,,,ChangeUp,Live,,79.65146,-0.4138387184,-3.512303958,1665.182134,246.9576836,2:15,5.88649,3.41864,5.76638,-37.01856,7.90288,18.6831,2.41579,1.70315,71.81137,-7.389393788,0.02424052513,0.4823899273,-11.24084,4.39963,-3.1393,50,5.83021,6.54814,-115.57263,-1.9172,-14.92745,25.18922,-26.33149,d471aba5-6b15-4ed1-86f5-578d64223caa,d0b2fe4e-8c0c-4500-b384-6a21ff9a212a,78.13687,Pitching,25410021,,,,,,,,,,,,,,,,,,,,24.67918314,1513.084295,0.9086599381,,f48838b5-a460-4848-979e-6ab1c3299b22,c6dfbc40-7dce-4232-9b29-2e7fb5281d98
7,2026-09-22,19:03:26.86,"Hoggat, Kyle",1000514767,Right,,,,,,Fastball,Live,,84.81007,-2.027110118,-4.34846656,2158.305597,221.7803669,1:30,5.74772,3.2769,5.30549,-25.47397,15.09547,13.5159,1.716,0.31399,76.02212,-6.793542724,-1.812028337,0.4584277697,-8.65261,8.70428,-2.8915,50,5.54547,8.88133,-122.73146,-5.20717,-12.92364,28.99365,-19.17324,44ceadf4-e374-4ef9-a378-c3d62ec89670,d0b2fe4e-8c0c-4500-b384-6a21ff9a212a,82.22111,Pitching,25410021,,,,,,,,,,,,,,,,,,,,24.2149859,1968.402478,0.9120128683,,d355f5d7-e723-4b2d-a817-1e2174717f7f,c6dfbc40-7dce-4232-9b29-2e7fb5281d98
8,2026-09-22,19:03:44.71,"Hoggat, Kyle",1000514767,Right,,,,,,ChangeUp,Live,,81.24217,-0.4648809448,-3.650572823,1616.166191,263.6123212,2:45,5.55244,3.42128,5.60176,-40.99387,2.17119,19.66429,1.70147,1.64788,73.89263,-8.127104914,0.0458611226,0.4728654492,-11.64922,1.30538,-3.12138,50,5.48649,6.91546,-117.89279,-2.22226,-16.22532,24.57799,-30.35588,4da040f9-2eda-4a2a-99d6-16afb655ebff,d0b2fe4e-8c0c-4500-b384-6a21ff9a212a,79.71071,Pitching,25410021,,,,,,,,,,,,,,,,,,,,25.88816374,1453.980673,0.899647995,,230bca28-a2f5-46af-87b5-ea73860eb069,c6dfbc40-7dce-4232-9b29-2e7fb5281d98
9,2026-09-22,19:04:03.51,"Hoggat, Kyle",1000514767,Right,,,,,,Fastball,Live,,85.03788,-2.513209213,-4.096356131,2086.443668,217.9043924,1:15,5.89878,3.20701,5.30306,-22.77113,17.4165,13.57512,1.63468,0.48679,76.55057,-6.763310646,-1.553729951,0.4562654605,-8.53301,10.0557,-2.84451,50,5.65407,8.35971,-123.1024,-6.1828,-12.88234,28.12407,-16.99289,99956f83-e94c-41c1-84da-08c681d8ab2e,d0b2fe4e-8c0c-4500-b384-6a21ff9a212a,82.61077,Pitching,25410021,,,,,,,,,,,,,,,,,,,,29.7840471,1810.832373,0.8679037925,,56254b00-3a9f-44a7-a752-65a92314f01a,c6dfbc40-7dce-4232-9b29-2e7fb5281d98
10,2026-09-22,19:04:22.37,"Hoggat, Kyle",1000514767,Right,,,,,,ChangeUp,Live,,80.37201,1.124933174,-3.2293458,1532.298061,252.0748722,2:30,5.76441,3.513,5.58077,-38.45351,5.56787,17.40998,3.61219,1.94516,72.95883,-6.076987021,0.03916830305,0.477532809,-10.2777,2.63643,-3.24673,50,5.83638,6.04925,-116.67886,1.1152,-14.05539,23.58815,-28.56856,6eed6cb8-e99e-4941-9b13-771519549c78,d0b2fe4e-8c0c-4500-b384-6a21ff9a212a,78.93162,Pitching,25410021,,,,,,,,,,,,,,,,,,,,28.00926097,1352.822591,0.8828716986,,0cd47d01-70cb-4160-a61c-6f718196885c,c6dfbc40-7dce-4232-9b29-2e7fb5281d98
11,2026-09-22,19:04:41.42,"Hoggat, Kyle",1000514767,Right,,,,,,ChangeUp,Live,,80.03252,-0.6878802017,-3.545762847,1612.486978,251.4418195,2:30,5.70592,3.40994,5.7033,-38.37673,5.81637,17.42815,1.86575,1.55471,72.94509,-7.866618489,-0.2681464615,0.478463308,-10.42093,3.32894,-3.12351,50,5.62463,6.678,-116.18815,-2.54607,-14.13483,23.34494,-27.65871,53608946-102a-4d08-aba8-40771a90a6a6,d0b2fe4e-8c0c-4500-b384-6a21ff9a212a,78.77812,Pitching,25410021,,,,,,,,,,,,,,,,,,,,26.25898291,1446.083784,0.8968033879,,7dbdd2f3-01ae-45ec-b8ff-c9449461cc3f,c6dfbc40-7dce-4232-9b29-2e7fb5281d98
12,2026-09-22,19:05:00.77,"Hoggat, Kyle",1000514767,Right,,,,,,Fastball,Live,,85.65833,-2.390163828,-4.796748876,2064.13506,229.8874013,1:45,5.81939,3.21359,5.37011,-24.24658,15.11146,17.94932,1.54901,0.20212,77.51477,-6.908939586,-1.443196287,0.4515316074,-11.0055,8.75863,-2.79567,50,5.58776,9.79825,-123.96516,-6.00888,-16.95082,27.1438,-18.6839,31aa2ef8-3622-4c15-856f-50184cea2a91,d0b2fe4e-8c0c-4500-b384-6a21ff9a212a,83.47686,Pitching,25410021,,,,,,,,,,,,,,,,,,,,27.13236839,1836.987956,0.8899553093,,b9e8a6b9-f58c-437c-b5fc-35bce1af9433,c6dfbc40-7dce-4232-9b29-2e7fb5281d98
13,2026-09-22,19:05:32.30,"Hoggat, Kyle",1000514767,Right,,,,,,Fastball,Live,,85.18143,-2.573203888,-5.722796634,2056.897254,220.1245247,1:15,5.89814,3.30124,5.26634,-22.61296,17.59465,14.86022,1.58307,-0.85355,76.7662,-6.78458818,-2.954446193,0.4563788655,-9.68454,10.13199,-2.78754,50,5.6456,11.82531,-123.0222,-6.32243,-14.64285,27.45821,-16.85467,97f89327-c0e0-41b1-b03a-969f9b744270,d0b2fe4e-8c0c-4500-b384-6a21ff9a212a,82.59024,Pitching,25410021,,,,,,,,,,,,,,,,,,,218.5700821,32.82141517,1728.542554,0.8403640731,1:15,754218fe-8d9d-40ab-992a-343c0e1eec3f,c6dfbc40-7dce-4232-9b29-2e7fb5281d98
14,2026-09-22,19:06:06.50,"Hoggat, Kyle",1000514767,Right,,,,,,Fastball,Live,,84.17948,-1.684193669,-4.669623419,2104.621762,217.8077704,1:15,5.9118,3.25553,5.38475,-22.9469,18.09689,14.0824,2.41543,0.04301,75.39666,-5.988426075,-2.025653856,0.4610999913,-9.07154,10.20262,-2.84746,50,5.74524,9.48872,-121.81398,-4.34515,-13.35807,28.39006,-17.15044,16feb6c4-0a58-4444-a421-8f27550dda05,d0b2fe4e-8c0c-4500-b384-6a21ff9a212a,81.74461,Pitching,25410021,,,,,,,,,,,,,,,,,,,,25.54877119,1898.828687,0.9022184986,,d0418521-5572-4280-bd7d-99c66c66bc35,c6dfbc40-7dce-4232-9b29-2e7fb5281d98
15,2026-09-22,19:06:53.93,"Johnson, Tate",1000512540,Right,,,,,,,Warmup,,83.1058,-0.8423596185,-1.297467609,2205.523028,189.4540125,12:15,5.99983,1.55581,6.17926,-26.35358,13.81021,2.30543,3.02567,0.54973,75.48079,-5.831980367,-0.8593257944,0.456130089,-1.65626,7.80129,-1.45914,50,5.92294,2.6732,-120.92924,-2.5297,-2.42898,25.70382,-20.73307,5dfc10dd-a1eb-430a-b3f8-f579c51a1f23,d0b2fe4e-8c0c-4500-b384-6a21ff9a212a,82.63528,Pitching,25410021,,,,,,,,,,,,,,,,,,,214.9397679,38.74340945,1720.211969,0.779956476,1:15,35395b0b-fe95-475d-ba57-1e21f266a778,c6dfbc40-7dce-4232-9b29-2e7fb5281d98
16,2026-09-22,19:07:07.51,"Johnson, Tate",1000512540,Right,,,,,,,Warmup,,79.52331,-3.266474035,-2.559733846,1742.483818,231.3520606,1:45,6.03535,1.56735,6.42355,-35.92996,7.73069,9.67609,0.03283,0.01956,72.79455,-10.03159881,-0.7131992276,0.4755722608,-6.1205,5.26722,-1.38957,50,5.78618,4.91281,-115.5001,-7.52932,-8.1836,23.55802,-25.13135,fa073b76-8833-47ed-9f4b-994af9845823,d0b2fe4e-8c0c-4500-b384-6a21ff9a212a,79.25702,Pitching,25410021,,,,,,,,,,,,,,,,,,,,39.5244088,1344.071053,0.7713535352,,3f897097-5e9d-4f51-8fdd-8eab341b1873,c6dfbc40-7dce-4232-9b29-2e7fb5281d98
17,2026-09-22,19:07:25.32,"Johnson, Tate",1000512540,Right,,,,,,,Warmup,,71.85161,0.9782062903,-1.004361873,2150.430971,70.85660217,8:15,6.0408,1.46208,5.39159,-58.77847,-2.93971,-8.34174,2.05948,-0.17432,65.35382,-9.975645244,-2.573244349,0.5378228841,4.10721,-1.88848,-1.36685,50,6.08784,2.06351,-104.35053,0.13237,4.44651,20.53252,-34.21854,75bf5898-6dba-4b26-b22c-cf3bb595d21e,d0b2fe4e-8c0c-4500-b384-6a21ff9a212a,70.08337,Pitching,25410021,,,,,,,,,,,,,,,,,,,,,,,,5c13c6b8-423e-4e75-927c-6edd5b729761,c6dfbc40-7dce-4232-9b29-2e7fb5281d98
18,2026-09-22,19:07:39.40,"Johnson, Tate",1000512540,Right,,,,,,,Warmup,,70.43516,2.264524091,-1.711834736,2146.127291,60.11500672,8:00,6.09105,1.10088,5.51034,-65.08531,-7.50394,-12.99647,2.78666,-1.58321,64.52691,-9.845486159,-4.148485464,0.5461505522,6.40229,-4.70749,-0.94323,50,6.24552,3.40918,-102.27314,2.28012,6.70499,18.63367,-37.10412,cbe3f9c5-5047-4cd8-8ddf-948064f68a7a,d0b2fe4e-8c0c-4500-b384-6a21ff9a212a,69.01474,Pitching,25410021,,,,,,,,,,,,,,,,,,,26.36744909,48.89418664,1410.975038,0.6574517007,7:00,792bfa82-6347-40fe-8908-3a24198e6944,c6dfbc40-7dce-4232-9b29-2e7fb5281d98
19,2026-09-22,19:07:55.36,"Johnson, Tate",1000512540,Right,,,,,,,Warmup,,84.08835,-3.579253011,-3.196971503,2234.352287,191.2288658,12:15,6.10852,1.40564,6.37765,-22.89531,16.28877,3.23676,0.89872,-1.26847,76.53122,-7.900204031,-2.580859467,0.4505326044,-2.76362,10.06439,-1.17696,50,5.8397,6.72571,-122.01361,-8.27665,-4.12432,26.25727,-17.15435,4027b080-d2a3-4f5f-af26-d8784bad11e9,d0b2fe4e-8c0c-4500-b384-6a21ff9a212a,83.66196,Pitching,25410021,,,,,,,,,,,,,,,,,,,,40.42027903,1701.032208,0.761308867,,f67ec040-137c-4aef-9f1e-6b45d221230c,c6dfbc40-7dce-4232-9b29-2e7fb5281d98
20,2026-09-22,19:08:01.24,"Johnson, Tate",1000512540,Right,,,,,,,Warmup,,51.72621,1.382580089,2.141073078,1275.329135,,,7.33101,0.34065,,,,,4.48916,1.10817,44.80135,,,0.7337013158,9.11258,31.09538,-0.45173,50,7.39254,-2.63558,-75.19272,1.19892,4.8723,14.70261,-15.54802,015a51b5-7781-437d-a542-f91beb1a314a,d0b2fe4e-8c0c-4500-b384-6a21ff9a212a,,Pitching,25410021,,,,,,,,,,,,,,,,,,,,,,,,8f35ffdd-ee34-4b19-94be-f4e7e08f4c00,c6dfbc40-7dce-4232-9b29-2e7fb5281d98
21,2026-09-22,19:08:22.73,"Johnson, Tate",1000512540,Right,,,,,,Fastball,Live,,83.37037,-1.045989474,-1.570017542,2258.575213,187.6424959,12:15,6.0131,1.27932,6.25029,-25.04227,14.67601,1.974,2.96128,-0.00424,75.90617,-5.786320588,-1.194955583,0.4535932774,-1.5487,8.34406,-1.16385,50,5.92316,3.26966,-121.32764,-2.92378,-2.29229,25.29258,-19.82368,975340a8-c4de-41b0-ab27-7c7237e0294c,d0b2fe4e-8c0c-4500-b384-6a21ff9a212a,83.09744,Pitching,25410021,,,,,,,,,,,,,,,,,,,,38.38782973,1770.328571,0.7838253785,,68068af0-9e7e-400d-9fb2-657b18c0d245,c6dfbc40-7dce-4232-9b29-2e7fb5281d98
22,2026-09-22,19:08:57.36,"Johnson, Tate",1000512540,Right,,,,,,Slider,Live,,72.41431,1.052664589,-0.7148515884,2168.970008,83.2349089,8:45,5.86563,1.4497,5.38579,-55.63293,-1.10384,-8.93838,2.21627,0.03486,66.29941,-9.281993173,-2.388468063,0.531478312,4.5278,-0.90642,-1.37974,50,5.92119,1.56823,-105.24407,0.34633,5.03217,19.37782,-33.18144,56ee9fcd-393f-4f4d-b54d-80a8a14c2ffa,d0b2fe4e-8c0c-4500-b384-6a21ff9a212a,70.91999,Pitching,25410021,,,,,,,,,,,,,,,,,,,57.56167025,65.05487459,914.7632284,0.4217500588,8:00,23013370-1b7a-436b-9333-5e6d3f8da1cf,c6dfbc40-7dce-4232-9b29-2e7fb5281d98
23,2026-09-22,19:09:30.57,"Johnson, Tate",1000512540,Right,,,,,,Fastball,Live,,84.87149,-1.307504323,-2.857809155,2339.363459,194.6213238,12:30,6.06168,1.21335,6.14335,-20.30584,18.15075,4.74676,3.15974,-1.03376,77.35155,-5.139665111,-1.960093889,0.4463306745,-3.41358,10.26704,-0.99839,50,5.95165,6.02018,-123.39536,-3.41737,-5.24233,25.46164,-16.40667,48cd0681-041d-4032-a7b4-4d7eba73492d,d0b2fe4e-8c0c-4500-b384-6a21ff9a212a,84.44958,Pitching,25410021,,,,,,,,,,,,,,,,,,,,37.78374668,1848.866424,0.7903288463,,e5b4143a-bfdc-4e4f-89e9-5ace0c60ab0c,c6dfbc40-7dce-4232-9b29-2e7fb5281d98
24,2026-09-22,19:09:47.73,"Johnson, Tate",1000512540,Right,,,,,,Fastball,Live,,84.33801,-3.481159917,-3.62011113,2309.369572,201.4924083,12:45,6.03847,1.07331,6.43265,-23.48304,15.2319,6.00221,0.87235,-1.75747,77.10834,-7.908798186,-2.47972592,0.4478274361,-4.3636,9.40701,-0.8188,50,5.77994,7.57777,-122.38477,-8.10603,-6.58589,25.2541,-17.97624,1ba98290-2e3f-4fa4-ade8-f74aa5be2c2d,d0b2fe4e-8c0c-4500-b384-6a21ff9a212a,84.16733,Pitching,25410021,,,,,,,,,,,,,,,,,,,,34.05327659,1913.352522,0.8285172476,,a1222bee-ebd6-406c-9c7e-5e40e792a71f,c6dfbc40-7dce-4232-9b29-2e7fb5281d98
25,2026-09-22,19:10:06.63,"Johnson, Tate",1000512540,Right,,,,,,Slider,Live,,72.89357,-0.4876668455,-0.7437837779,2172.943276,82.43931017,8:45,5.94287,1.38296,5.50367,-54.3901,-1.36894,-9.97273,0.95429,-0.14366,67.73087,-10.51443681,-2.604438566,0.5240780856,5.0995,-0.59505,-1.31146,50,5.86403,1.66081,-106.06257,-2.4511,5.82054,17.79877,-32.85323,4a8172e3-bff4-4e1a-8ab3-25dc9ca93d67,d0b2fe4e-8c0c-4500-b384-6a21ff9a212a,71.92142,Pitching,25410021,,,,,,,,,,,,,,,,,,,,,,,,10d4a467-a6da-4a80-be9e-271bca5e1af1,c6dfbc40-7dce-4232-9b29-2e7fb5281d98
26,2026-09-22,19:10:24.08,"Johnson, Tate",1000512540,Right,,,,,,Fastball,Live,,84.54559,-1.903676442,-1.279202825,2358.021513,200.8346916,12:45,5.99655,1.36196,6.27239,-21.12032,17.32808,6.60267,2.48082,0.73294,77.29265,-5.891670736,-0.02652988098,0.4462832149,-3.97677,10.02292,-1.27082,50,5.84569,2.55851,-123.0465,-4.69574,-6.08244,24.95529,-16.84405,2f57a4d7-6446-4ef5-b1f5-85980eb718ac,d0b2fe4e-8c0c-4500-b384-6a21ff9a212a,84.45856,Pitching,25410021,,,,,,,,,,,,,,,,,,,,36.5604216,1894.031592,0.8032291399,,e00c094d-1df1-4392-bad5-f18751439260,c6dfbc40-7dce-4232-9b29-2e7fb5281d98
27,2026-09-22,19:11:01.17,"Johnson, Tate",1000512540,Right,,,,,,Curveball,Live,,71.89241,1.383823281,-0.6258816936,2155.265321,65.70833792,8:15,6.1348,1.34449,5.66114,-60.15002,-5.1202,-11.24666,2.41286,-0.17631,65.61683,-9.865211264,-2.747763834,0.5339129609,5.83712,-3.19349,-1.28466,50,6.2143,1.44448,-104.48125,0.90298,6.35663,20.03913,-35.65176,b32d6aea-7668-4bbc-b700-abbc89187d4d,d0b2fe4e-8c0c-4500-b384-6a21ff9a212a,70.5966,Pitching,25410021,,,,,,,,,,,,,,,,,,,,52.11331244,1323.552406,0.614101843,,0b8d1e0b-e618-4eea-875c-df94e3d7602a,c6dfbc40-7dce-4232-9b29-2e7fb5281d98
28,2026-09-22,19:11:20.15,"Johnson, Tate",1000512540,Right,,,,,,Curveball,Live,,71.36726,-0.4412590072,-1.096997147,2075.299185,36.79220303,7:15,6.16277,1.19216,5.65725,-65.60198,-10.16462,-7.5677,0.28441,-0.46149,66.24333,-12.56292039,-2.51893051,0.5358863022,3.72751,-5.31422,-1.09471,50,6.0844,2.19146,-103.79041,-2.56815,4.03792,18.49382,-37.93081,04238a39-0324-4789-b7d7-8e9c94db24f4,d0b2fe4e-8c0c-4500-b384-6a21ff9a212a,70.33663,Pitching,25410021,,,,,,,,,,,,,,,,,,,,51.00917306,1305.769867,0.6291959619,,0ef608d4-e40e-4359-88ea-cd3fe8ba729d,c6dfbc40-7dce-4232-9b29-2e7fb5281d98
29,2026-09-22,19:11:41.60,"Johnson, Tate",1000512540,Right,,,,,,Fastball,Live,,83.20105,-1.267769109,-3.292267237,2234.421791,195.6067393,12:30,6.09758,1.32072,6.14775,-24.79767,15.28089,4.28228,2.85772,-1.36743,75.85481,-5.944046765,-2.482532303,0.455645864,-3.29768,8.69955,-1.07264,50,5.98834,6.83211,-120.91194,-3.39398,-4.85739,24.67983,-19.35986,dc4a2101-30fe-4880-b26a-1aece5b800ed,d0b2fe4e-8c0c-4500-b384-6a21ff9a212a,82.7231,Pitching,25410021,,,,,,,,,,,,,,,,,,,,45.84486758,1556.506008,0.6966034858,,61e9baec-0d8b-4edc-8cb9-2b678d168a1f,c6dfbc40-7dce-4232-9b29-2e7fb5281d98
30,2026-09-22,19:12:03.50,"Johnson, Tate",1000512540,Right,,,,,,Curveball,Live,,71.38831,1.009648249,-0.8619575265,2168.724034,49.35017722,7:45,6.13057,1.2869,5.72789,-64.11381,-8.31761,-9.63563,1.72815,-0.31879,65.22524,-10.98108034,-2.684513882,0.5376179001,4.90512,-4.81199,-1.2093,50,6.17592,1.81529,-103.74933,0.13614,5.25217,20.21081,-37.3265,3109b805-93ed-4dd6-ad70-51726f22285b,d0b2fe4e-8c0c-4500-b384-6a21ff9a212a,70.11009,Pitching,25410021,,,,,,,,,,,,,,,,,,,23.46039254,53.36853659,1294.003123,0.5966656443,6:45,57db44c9-53cf-4e22-a6d5-9165c4b27a55,c6dfbc40-7dce-4232-9b29-2e7fb5281d98
31,2026-09-22,19:12:28.72,"Hoggat, Kyle",1000514767,Right,,,,,,,Warmup,,76.36413,-0.5662411986,-5.497179369,2025.044896,217.383233,1:15,5.91033,3.11557,6.65521,-32.10926,15.32879,11.78798,2.71403,-0.94762,68.78873,-6.710225878,-3.240741425,0.4957181595,-8.38711,8.72322,-2.75046,50,5.85913,10.37527,-110.6814,-1.85245,-10.21624,23.08043,-21.5484,db7433a7-7a17-46df-b52d-8f84138b1474,d0b2fe4e-8c0c-4500-b384-6a21ff9a212a,76.03603,Pitching,25410021,,,,,,,,,,,,,,,,,,,,26.35211505,1814.608409,0.8960830512,,b3524a54-2bb9-4df9-b4a3-a5c61a3cf648,c6dfbc40-7dce-4232-9b29-2e7fb5281d98
32,2026-09-22,19:12:34.73,"Hoggat, Kyle",1000514767,Right,,,,,,,Warmup,,76.1919,-0.4878830732,-4.995776318,2031.308166,214.0312696,1:15,6.01105,3.44268,6.2287,-32.75166,15.53574,10.55295,2.82997,-0.29805,68.76958,-6.700974804,-2.991570844,0.5001362084,-7.40497,8.67222,-3.07463,50,5.95837,9.38421,-110.45065,-1.78446,-9.00353,22.55994,-21.6297,ba7763dd-587f-4132-a681-67eda6e69ebb,d0b2fe4e-8c0c-4500-b384-6a21ff9a212a,75.36435,Pitching,25410021,,,,,,,,,,,,,,,,,,,,28.4944845,1785.241673,0.8788630416,,faf6cc5c-f1bb-4244-9a3b-96d4ebec304e,c6dfbc40-7dce-4232-9b29-2e7fb5281d98
33,2026-09-22,19:12:49.80,"Hoggat, Kyle",1000514767,Right,,,,,,,Warmup,,82.05537,-1.090770503,-4.796522422,2230.444033,226.3275462,1:30,5.8711,3.38948,5.23173,-28.05804,15.53917,16.34159,2.50402,0.23263,73.24988,-6.348464681,-1.730452434,0.4752266462,-10.33215,8.61621,-2.95928,50,5.75028,9.42613,-118.68007,-3.18181,-14.38686,27.73204,-20.17652,0b57e99a-0d08-4f0c-a496-e0c669827e43,d0b2fe4e-8c0c-4500-b384-6a21ff9a212a,79.31466,Pitching,25410021,,,,,,,,,,,,,,,,,,,,28.26837809,1964.438761,0.8807388717,,67b3a5cf-8d1e-47f5-9919-019187b47472,c6dfbc40-7dce-4232-9b29-2e7fb5281d98
34,2026-09-22,19:13:03.38,"Hoggat, Kyle",1000514767,Right,,,,,,,Warmup,,81.19179,-1.014092101,-5.15116549,2202.018815,208.8679362,1:00,5.91731,3.37501,5.38052,-25.81599,18.3426,10.16313,2.81155,-0.61913,72.75526,-5.85197712,-3.246950283,0.4782764226,-7.14418,10.10474,-2.92059,50,5.80866,10.26571,-117.43895,-2.90301,-9.77989,26.34572,-18.34135,3fc7670b-691d-4a2a-9fee-4456cde7d731,d0b2fe4e-8c0c-4500-b384-6a21ff9a212a,78.8089,Pitching,25410021,,,,,,,,,,,,,,,,,,,208.4011272,29.0999808,1924.063234,0.873772386,1:00,81b60db9-6c9c-4265-bbcc-28bd25caaf98,c6dfbc40-7dce-4232-9b29-2e7fb5281d98
35,2026-09-22,19:13:18.27,"Hoggat, Kyle",1000514767,Right,,,,,,,Warmup,,77.96068,-2.165149132,-5.467259163,1687.371346,239.3208406,2:00,5.75242,3.14704,5.71271,-36.70913,10.04905,16.96639,0.66637,-0.5472,71.25653,-8.99990867,-2.290916572,0.4921530399,-10.71173,6.0302,-2.69938,50,5.5481,10.30609,-112.83076,-5.35242,-13.73603,21.53896,-24.44131,55c770cd-c347-44d1-889a-88c587b600fa,d0b2fe4e-8c0c-4500-b384-6a21ff9a212a,76.58683,Pitching,25410021,,,,,,,,,,,,,,,,,,,,31.94897487,1431.767799,0.8485196828,,3d54a568-5010-480f-8c8d-dd271a45fda2,c6dfbc40-7dce-4232-9b29-2e7fb5281d98
36,2026-09-22,19:13:34.10,"Hoggat, Kyle",1000514767,Right,,,,,,,Warmup,,78.17612,-1.521192039,-7.218142945,1635.465817,258.345877,2:30,5.76214,3.51742,5.71861,-43.06219,4.01691,19.49807,0.74518,-1.61627,70.94352,-9.556466389,-3.570259659,0.4938391192,-12.76394,2.64174,-2.92389,50,5.60796,13.7165,-112.74318,-4.26033,-16.22363,22.88628,-28.81625,e86826b0-9399-4622-9146-4ed64ea85438,d0b2fe4e-8c0c-4500-b384-6a21ff9a212a,76.32534,Pitching,25410021,,,,,,,,,,,,,,,,,,,,33.50307458,1363.743316,0.8338562031,,52764d7d-7490-4f9a-89a8-d236175a4d61,c6dfbc40-7dce-4232-9b29-2e7fb5281d98
37,2026-09-22,19:13:50.79,"Hoggat, Kyle",1000514767,Right,,,,,,,Warmup,,83.05437,-1.212459991,-5.367508804,2216.787753,222.9702912,1:30,5.84157,3.44487,5.30342,-24.07598,18.20028,17.02671,2.69202,-0.18905,74.45996,-5.719179767,-2.182496998,0.4679718132,-10.80526,10.05624,-2.96875,50,5.71415,10.7249,-120.08629,-3.34164,-15.50109,27.0663,-17.74748,380ad4a2-19f2-470a-8884-46a191d3748d,d0b2fe4e-8c0c-4500-b384-6a21ff9a212a,80.54425,Pitching,25410021,,,,,,,,,,,,,,,,,,,227.9818103,25.94644916,1993.343023,0.8992033722,1:30,a49dc6d0-c12d-42bc-a149-ba1e646b63ef,c6dfbc40-7dce-4232-9b29-2e7fb5281d98
38,2026-09-22,19:14:19.70,"Hoggat, Kyle",1000514767,Right,,,,,,Fastball,Live,,84.71118,-0.4423749124,-4.406152368,2129.255833,214.5692343,1:15,5.92326,3.19204,5.17083,-21.45242,19.28311,13.34425,3.71808,0.14999,75.8499,-4.455297691,-1.911629083,0.4593652042,-8.50771,10.33015,-2.79135,50,5.86618,8.99481,-122.6465,-1.68216,-12.72422,28.35113,-16.72417,d2c37549-fc3a-4134-91a1-2db3942919a1,d0b2fe4e-8c0c-4500-b384-6a21ff9a212a,82.05332,Pitching,25410021,,,,,,,,,,,,,,,,,,,,26.13901183,1911.492196,0.8977278197,,9fb9bb78-b1ad-4266-8f97-2e20d56670b2,c6dfbc40-7dce-4232-9b29-2e7fb5281d98
39,2026-09-22,19:14:42.17,"Hoggat, Kyle",1000514767,Right,,,,,,Fastball,Live,,85.30668,-1.326038736,-4.60262826,2253.477276,219.3373632,1:15,5.93883,3.03784,5.26566,-23.23666,16.5755,13.63173,2.75268,-0.15863,77.01333,-5.658245353,-2.059857507,0.4541290282,-8.64317,9.1807,-2.62635,50,5.80061,9.48039,-123.53273,-3.66059,-13.20568,27.19416,-18.1471,ef9fc656-2e89-4053-a59a-e80346aaeee3,d0b2fe4e-8c0c-4500-b384-6a21ff9a212a,82.9994,Pitching,25410021,,,,,,,,,,,,,,,,,,,,25.86671389,2027.704516,0.8998113881,,f41be93a-25a2-4ff4-bc6c-c2b4abe20561,c6dfbc40-7dce-4232-9b29-2e7fb5281d98
40,2026-09-22,19:15:06.89,"Hoggat, Kyle",1000514767,Right,,,,,,ChangeUp,Live,,80.39244,-3.117868017,-6.299879949,1644.637361,241.7487748,2:00,5.86261,3.35839,5.37882,,,,,,,,,,-9.97066,5.2885,-2.8037,50,5.55664,12.32686,-116.0007,-7.5127,-13.48052,23.26911,-25.0239,16290994-857d-4be5-98c0-6144588182e7,d0b2fe4e-8c0c-4500-b384-6a21ff9a212a,,Pitching,25410021,,,,,,,,,,,,,,,,,,,,30.75712056,1413.307378,0.8593428628,,ed50566c-ab08-4629-a073-e07b8caef22e,c6dfbc40-7dce-4232-9b29-2e7fb5281d98
41,2026-09-22,19:15:30.82,"Hoggat, Kyle",1000514767,Right,,,,,,ChangeUp,Live,,79.74827,-0.8559721098,-5.689050155,1659.489812,236.1672227,1:45,5.93513,3.13087,5.74504,-36.93077,8.1283,12.21478,2.05673,-1.16467,71.98701,-7.788534164,-3.391810014,0.48312836,-8.43918,4.65887,-2.66465,50,5.84156,11.13436,-115.35997,-2.81396,-11.1862,24.73731,-25.99868,687a85e1-f7ae-48d1-aec1-23214283973d,d0b2fe4e-8c0c-4500-b384-6a21ff9a212a,78.01744,Pitching,25410021,,,,,,,,,,,,,,,,,,,,26.88532926,1480.121114,0.8919133475,,a0a24d39-99d7-4eee-82cd-ee4f06558c98,c6dfbc40-7dce-4232-9b29-2e7fb5281d98
42,2026-09-22,19:16:01.05,"Hoggat, Kyle",1000514767,Right,,,,,,Fastball,Live,,85.73874,-0.4603309764,-4.630613052,2239.819603,204.5038098,12:45,5.80163,3.07052,5.30209,-21.42749,18.48554,8.46586,3.5825,-0.57994,76.16853,-4.492550728,-3.03921224,0.4547039746,-6.16117,9.99499,-2.65554,50,5.74474,9.7624,-124.04109,-1.71974,-9.33984,31.0568,-17.02244,959a056c-ce33-4ef2-a5c5-5d33184eda87,d0b2fe4e-8c0c-4500-b384-6a21ff9a212a,82.89446,Pitching,25410021,,,,,,,,,,,,,,,,,,,213.7090495,27.27325067,1990.821686,0.8888312627,1:00,94ebb91a-b48b-400b-b2df-2b61937b460c,c6dfbc40-7dce-4232-9b29-2e7fb5281d98
43,2026-09-22,19:16:18.07,"Hoggat, Kyle",1000514767,Right,,,,,,Fastball,Live,,83.94782,-1.193463098,-4.532368055,2191.004654,201.7107373,12:45,5.88603,3.03559,5.4093,-23.01335,18.20816,7.27997,2.84659,-0.61239,75.18167,-5.51147698,-3.165842158,0.4620971694,-5.4164,10.10824,-2.63709,50,5.76407,9.39675,-121.52812,-3.28831,-7.93324,28.39796,-17.36882,de94f554-a2f8-4e7a-bc77-e6e072b7b344,d0b2fe4e-8c0c-4500-b384-6a21ff9a212a,81.56821,Pitching,25410021,,,,,,,,,,,,,,,,,,,,26.76835844,1956.204938,0.8928346792,,7cb9c0b0-87db-4e70-981b-c8b2e4e96c01,c6dfbc40-7dce-4232-9b29-2e7fb5281d98
44,2026-09-22,19:16:38.35,"Hoggat, Kyle",1000514767,Right,,,,,,ChangeUp,Live,,80.16579,-1.19707133,-4.385821594,1562.815106,240.3628473,2:00,5.95139,3.21647,5.65752,-37.067,7.06529,12.48186,1.74284,0.15914,73.23138,-8.107599234,-2.047616139,0.4781339813,-7.97402,4.13613,-2.853,50,5.82669,8.53919,-116.25733,-3.55715,-10.85493,22.88478,-26.5436,436bc82f-6232-4e2d-be23-5200060d0c20,d0b2fe4e-8c0c-4500-b384-6a21ff9a212a,78.83238,Pitching,25410021,,,,,,,,,,,,,,,,,,,,28.66990468,1371.211295,0.877398286,,e5114a2e-41f6-40ce-9de0-a07878f0ca63,c6dfbc40-7dce-4232-9b29-2e7fb5281d98
45,2026-09-22,19:17:01.24,"Hoggat, Kyle",1000514767,Right,,,,,,Fastball,Live,,85.8221,0.04129080405,-4.741592471,2175.149308,220.1022313,1:15,5.95602,3.04087,5.24329,-24.22681,15.52058,13.14413,3.97605,-0.32948,76.56461,-4.503646978,-2.278353403,0.4537595075,-8.59127,8.21105,-2.61439,50,5.94243,9.8523,-124.18104,-0.73594,-13.12245,29.93224,-19.63235,33579c93-dc47-4ccc-b809-1d9a0431bc8f,d0b2fe4e-8c0c-4500-b384-6a21ff9a212a,83.067,Pitching,25410021,,,,,,,,,,,,,,,,,,,,23.34437075,1997.091127,0.9181397893,,bba767eb-6fb4-49d7-95b7-a0d3323b1e78,c6dfbc40-7dce-4232-9b29-2e7fb5281d98
46,2026-09-22,19:17:20.54,"Hoggat, Kyle",1000514767,Right,,,,,,ChangeUp,Live,,79.81804,-3.262166494,-5.176314088,1615.907154,252.3399094,2:30,6.05469,2.95835,5.63186,,,,,,,,,,-9.83589,3.64001,-2.5272,50,5.75092,9.99234,-115.42553,-7.80811,-13.15564,23.20694,-27.30548,35b6a34c-d5fd-48b4-828c-7bede351f248,d0b2fe4e-8c0c-4500-b384-6a21ff9a212a,,Pitching,25410021,,,,,,,,,,,,,,,,,,,,29.23143734,1410.128269,0.8726542646,,7d8b2b62-fec9-4f89-8957-4b1981edd57f,c6dfbc40-7dce-4232-9b29-2e7fb5281d98
47,2026-09-22,19:17:42.18,"Hoggat, Kyle",1000514767,Right,,,,,,Fastball,Live,,83.95966,-1.675467723,-5.036525029,2183.598546,208.3361728,1:00,5.90605,2.93511,5.17193,-24.00206,17.57535,9.51587,2.32286,-1.02305,75.3605,-6.150181696,-3.261348691,0.4640877512,-6.69726,9.83899,-2.47268,50,5.73193,10.37755,-121.39931,-4.37571,-9.81313,27.79283,-17.75752,fc7f76b8-b3d6-43f7-9cd2-7c2fe99f1100,d0b2fe4e-8c0c-4500-b384-6a21ff9a212a,81.21834,Pitching,25410021,,,,,,,,,,,,,,,,,,,,29.00403033,1909.743849,0.8745856022,,24c98de2-2d2e-420f-bd91-42e83cf90086,c6dfbc40-7dce-4232-9b29-2e7fb5281d98
48,2026-09-22,19:18:20.81,"Hoggat, Kyle",1000514767,Right,,,,,,Fastball,Live,,84.55266,-2.150123296,-5.582411307,2056.583161,225.2099272,1:30,5.83372,3.22562,5.33278,-25.18353,15.57138,15.72584,1.7075,-0.7174,76.04943,-6.852434849,-2.643840006,0.4594744113,-10.16594,8.96752,-2.73169,50,5.62124,11.41866,-122.17112,-5.44537,-15.11872,27.66417,-18.83761,5995f116-4517-4a65-b56c-ac81f2d2951e,d0b2fe4e-8c0c-4500-b384-6a21ff9a212a,82.03382,Pitching,25410021,,,,,,,,,,,,,,,,,,,,24.68586627,1868.634554,0.9086112294,,718e6699-03c1-47bb-9652-76a101dfbe59,c6dfbc40-7dce-4232-9b29-2e7fb5281d98
49,2026-09-22,19:18:38.27,"Hoggat, Kyle",1000514767,Right,,,,,,Fastball,Live,,84.29068,-2.883815593,-5.530700382,2069.446294,217.2344667,1:15,5.9426,2.99919,5.43177,-24.82422,16.23867,12.36358,1.15866,-1.16546,75.60341,-7.52718932,-3.212249297,0.4612072898,-8.47124,9.64171,-2.51687,50,5.66947,11.38428,-121.71462,-6.96581,-12.4456,28.48654,-18.00884,1ec46b07-0c8a-4a3a-b375-b9c3f8a502a7,d0b2fe4e-8c0c-4500-b384-6a21ff9a212a,81.72559,Pitching,25410021,,,,,,,,,,,,,,,,,,,,28.90148463,1811.700905,0.875452004,,569327fd-6ebf-42f4-86f6-06f3fb27762e,c6dfbc40-7dce-4232-9b29-2e7fb5281d98
50,2026-09-22,19:18:57.21,"Hoggat, Kyle",1000514767,Right,,,,,,Fastball,Live,,84.44475,-1.085565263,-5.211111568,2145.391588,220.0888651,1:15,5.93293,3.28435,5.31269,-25.29908,15.44703,13.06382,2.80158,-0.53091,75.99341,-5.811253506,-2.771670654,0.4594248716,-8.60222,8.5405,-2.82058,50,5.81642,10.70571,-122.16261,-3.16851,-12.80958,27.34668,-19.45638,b039c50f-9294-48f7-8f89-97f532c25290,d0b2fe4e-8c0c-4500-b384-6a21ff9a212a,82.04266,Pitching,25410021,,,,,,,,,,,,,,,,,,,,27.29349475,1906.543643,0.8886693011,,bf2fd356-3745-4b56-9cb1-0e97c0500ae6,c6dfbc40-7dce-4232-9b29-2e7fb5281d98
51,2026-09-22,19:19:17.50,"Hoggat, Kyle",1000514767,Right,,,,,,ChangeUp,Live,,79.35804,1.033788391,-4.78429241,1654.591594,245.1936857,2:15,5.83056,3.34697,5.64341,-37.76842,7.30744,15.99673,3.65086,0.20742,72.1692,-6.03124105,-1.790174561,0.483218353,-9.95812,3.60859,-2.95069,50,5.89466,9.14772,-115.03144,0.94975,-13.28116,22.26005,-27.36126,998e50b8-9ced-42c5-a7c9-d0bec67b7a50,d0b2fe4e-8c0c-4500-b384-6a21ff9a212a,78.00291,Pitching,25410021,,,,,,,,,,,,,,,,,,,,27.41700462,1468.745822,0.8876787649,,f11d38d3-388f-40d1-a178-b71412da4fda,c6dfbc40-7dce-4232-9b29-2e7fb5281d98
52,2026-09-22,19:19:41.05,"Hoggat, Kyle",1000514767,Right,,,,,,ChangeUp,Live,,79.94739,-1.3004963,-5.421954474,1709.028042,246.3932409,2:15,5.79369,3.36567,5.76002,-37.72727,6.63352,15.25278,1.4338,-0.42429,72.95764,-8.344412967,-2.563690802,0.4793702555,-9.8047,3.95173,-2.9251,50,5.66289,10.53737,-115.77127,-3.75555,-13.22779,22.81258,-26.84266,45f2ce6f-0037-497a-9da7-5aba39501ec8,d0b2fe4e-8c0c-4500-b384-6a21ff9a212a,78.62907,Pitching,25410021,,,,,,,,,,,,,,,,,,,,26.78067293,1525.714034,0.8927378581,,88a1224b-6f76-49ae-8501-9962077892f9,c6dfbc40-7dce-4232-9b29-2e7fb5281d98
53,2026-09-22,19:20:43.18,"Johnson, Tate",1000512540,Right,,,,,,,Warmup,,83.0604,-1.476298124,-1.009271465,2217.835657,191.5415519,12:30,6.15055,1.3745,6.35027,-24.35227,15.77865,3.22809,2.76199,0.71454,75.1189,-6.109349398,-0.3921936584,0.4559434553,-2.10032,9.15665,-1.30293,50,6.03221,2.04043,-120.84608,-3.78261,-3.06007,26.79384,-18.83324,71a05969-4d94-4366-8978-39c3ac7171dd,d0b2fe4e-8c0c-4500-b384-6a21ff9a212a,82.66911,Pitching,25410021,,,,,,,,,,,,,,,,,,,188.0605598,36.44305803,1784.1326,0.8044476132,12:15,b39934de-2172-47aa-8228-a4f50792c99a,c6dfbc40-7dce-4232-9b29-2e7fb5281d98
54,2026-09-22,19:20:57.86,"Johnson, Tate",1000512540,Right,,,,,,,Warmup,,78.47201,-0.3334240689,-1.148949434,1542.913983,216.5689015,1:15,6.19347,1.38284,6.15246,-33.2475,11.59626,8.63096,3.11476,1.04055,71.77671,-6.603272955,0.4861946811,0.4819726634,-5.035,6.41541,-1.30013,50,6.15103,2.05645,-114.24143,-1.5692,-6.62924,21.77879,-23.72732,efa6127a-86e9-4f62-b746-38ae3b916f8c,d0b2fe4e-8c0c-4500-b384-6a21ff9a212a,78.20452,Pitching,25410021,,,,,,,,,,,,,,,,,,,208.2413665,37.26031945,1227.994394,0.7958929711,1:00,41207f42-dcf2-4bc3-bebf-dde143426f63,c6dfbc40-7dce-4232-9b29-2e7fb5281d98
55,2026-09-22,19:21:19.41,"Johnson, Tate",1000512540,Right,,,,,,,Warmup,,74.13931,0.02489495669,-0.9392773393,2183.822586,71.04476837,8:15,5.98831,1.47901,5.74623,-54.76909,-3.04162,-8.73173,1.4474,-0.12308,67.51576,-10.23309492,-2.592264335,0.5176449713,4.39434,-1.64776,-1.39585,50,5.95754,2.00515,-107.75805,-1.44889,5.0708,21.97405,-34.07546,640bbd38-7bc5-4593-8fb5-a56a80ffc02f,d0b2fe4e-8c0c-4500-b384-6a21ff9a212a,72.81523,Pitching,25410021,,,,,,,,,,,,,,,,,,,,,,,,8530c9bb-a8cc-4f9c-8665-b295a16788f0,c6dfbc40-7dce-4232-9b29-2e7fb5281d98
56,2026-09-22,19:21:33.79,"Johnson, Tate",1000512540,Right,,,,,,,Warmup,,71.64553,2.105404957,-0.6056666315,2207.535836,56.51832384,8:00,6.1669,1.24026,5.53748,-62.93092,-7.20268,-10.81902,2.89122,-0.22736,65.2949,-9.650394391,-2.642693627,0.5372903756,5.58853,-4.52766,-1.18077,50,6.30838,1.39649,-104.05857,2.1013,6.03585,19.90177,-37.06412,8e82d782-3b02-468e-b582-64495666fa93,d0b2fe4e-8c0c-4500-b384-6a21ff9a212a,70.15283,Pitching,25410021,,,,,,,,,,,,,,,,,,,37.61404998,48.74745107,1455.60335,0.6593792617,7:15,8136bea3-aac5-442c-bd67-3e36a31c391b,c6dfbc40-7dce-4232-9b29-2e7fb5281d98
57,2026-09-22,19:21:46.76,"Johnson, Tate",1000512540,Right,,,,,,,Warmup,,82.93047,-1.504108224,-0.9539300327,2248.139128,188.7079337,12:15,6.13342,1.35942,6.20012,-23.46715,16.62807,2.55123,2.78907,0.6915,75.74784,-5.933164111,-0.4702251345,0.4557405818,-1.66785,9.51066,-1.28913,50,6.00868,1.93727,-120.71013,-3.8382,-2.45183,24.30021,-18.19285,6f93121e-2a41-4229-9f4e-8a7d5e31b4c6,d0b2fe4e-8c0c-4500-b384-6a21ff9a212a,82.70591,Pitching,25410021,,,,,,,,,,,,,,,,,,,193.5040788,43.76525383,1623.560745,0.7221798352,12:30,55260d99-65c4-4086-9231-abb509d01c8c,c6dfbc40-7dce-4232-9b29-2e7fb5281d98
58,2026-09-22,19:22:19.25,"Johnson, Tate",1000512540,Right,,,,,,Fastball,Live,,83.41778,-2.188373473,-1.390969372,2234.867712,192.5977541,12:30,6.03206,1.1383,6.45724,-22.11997,17.25756,3.86167,2.1772,0.18228,76.03302,-6.383548809,-0.6544184509,0.451643341,-2.5429,10.16638,-1.0419,50,5.86763,2.8427,-121.38279,-5.23944,-3.76837,25.2508,-17.10829,96eda171-2a17-44b8-bfbd-40a724bd16c5,d0b2fe4e-8c0c-4500-b384-6a21ff9a212a,83.4562,Pitching,25410021,,,,,,,,,,,,,,,,,,,,32.26580359,1889.760793,0.8455806054,,dddca20c-bbeb-4ccb-bec9-0da48ee2bf06,c6dfbc40-7dce-4232-9b29-2e7fb5281d98
59,2026-09-22,19:22:36.12,"Johnson, Tate",1000512540,Right,,,,,,Slider,Live,,74.17675,0.442863002,-2.515485376,2194.978869,77.07493574,8:30,5.97822,1.46471,5.77464,-54.1671,-2.79302,-12.01276,1.87674,-1.87824,68.00499,-9.663162211,-4.775436256,0.515873763,5.68651,-1.64237,-1.25,50,5.98246,5.06329,-107.77897,-0.64678,6.612,20.74208,-34.08371,301b1e00-f16a-4284-9e67-d4d8e68a29dd,d0b2fe4e-8c0c-4500-b384-6a21ff9a212a,73.06524,Pitching,25410021,,,,,,,,,,,,,,,,,,,,73.64231115,618.1783881,0.2816329564,,39fedb3a-3e84-4dbf-875a-a0b79f726624,c6dfbc40-7dce-4232-9b29-2e7fb5281d98
60,2026-09-22,19:22:55.40,"Johnson, Tate",1000512540,Right,,,,,,Fastball,Live,,84.92117,-2.014802457,-2.161554088,2347.134245,206.7935685,1:00,6.05563,1.2215,6.36073,-25.34572,12.75714,6.45462,2.08746,-0.23054,77.56985,-6.807112857,-0.9342149337,0.4442732887,-4.17663,7.59546,-1.06835,50,5.89803,4.48045,-123.52618,-5.06313,-6.42163,25.73492,-20.49594,4d634ded-9568-4247-a874-900f363b41be,d0b2fe4e-8c0c-4500-b384-6a21ff9a212a,84.84066,Pitching,25410021,,,,,,,,,,,,,,,,,,,,43.95641216,1689.626963,0.7198680544,,b3350e80-da18-464a-a7c0-3d10b6bffaa8,c6dfbc40-7dce-4232-9b29-2e7fb5281d98
61,2026-09-22,19:23:06.56,"Johnson, Tate",1000512540,Right,,,,,,,Live,,38.38014,9.4131459,10.53897493,1061.026996,,,6.8158,-2.09724,-0.8232,,,,,,,,,,28.50455,26.74507,0.11025,50,8.19044,-8.66379,-52.64618,3.81428,7.07285,9.23451,-25.53778,55ade966-d80e-4188-8e64-7f7c4642ea39,d0b2fe4e-8c0c-4500-b384-6a21ff9a212a,,Pitching,25410021,,,,,,,,,,,,,,,,,,,,,,,,147b145c-b432-4f69-b773-cde04ad7dce4,c6dfbc40-7dce-4232-9b29-2e7fb5281d98
62,2026-09-22,19:23:31.02,"Johnson, Tate",1000512540,Right,,,,,,Fastball,Live,,84.61612,-1.046511679,-0.8878255648,2318.005861,197.9739855,12:30,5.93046,1.32029,6.43142,-21.65754,16.44151,5.34349,3.16378,0.94967,77.3332,-5.153918604,0.1288928059,0.4442510648,-3.19269,9.34459,-1.2597,50,5.84626,1.76148,-123.24567,-2.85318,-4.89986,24.99681,-17.83278,98e03984-dc15-42c5-9b4d-9ff6e525db6c,d0b2fe4e-8c0c-4500-b384-6a21ff9a212a,84.8449,Pitching,25410021,,,,,,,,,,,,,,,,,,,,36.87353023,1854.316507,0.7999619581,,e69d4ea9-5f89-446a-9423-36fde4e5ed1a,c6dfbc40-7dce-4232-9b29-2e7fb5281d98
63,2026-09-22,19:23:48.89,"Johnson, Tate",1000512540,Right,,,,,,Fastball,Live,,83.78438,-1.173104741,-1.007923695,2297.027124,183.7002817,12:00,6.14712,1.22773,6.20653,-23.44131,15.71099,1.01809,3.11076,0.38232,76.72377,-5.593778779,-0.8151911882,0.4503498889,-0.83706,8.89931,-1.15274,50,6.04738,2.11695,-121.99345,-3.17391,-1.26081,24.11011,-18.7695,4f98ccb1-5bca-4b52-96b1-4aeb5be8559a,d0b2fe4e-8c0c-4500-b384-6a21ff9a212a,83.6959,Pitching,25410021,,,,,,,,,,,,,,,,,,,,41.48896382,1720.664748,0.7490833392,,f34732e8-08fc-4a3f-884b-c496399dd503,c6dfbc40-7dce-4232-9b29-2e7fb5281d98
64,2026-09-22,19:24:07.89,"Johnson, Tate",1000512540,Right,,,,,,ChangeUp,Live,,82.24899,-3.895199088,-3.248651747,1545.910218,224.5457757,1:30,6.04672,1.09383,6.45506,,,,,,,,,,-5.82932,6.09338,-0.86836,50,5.75674,6.53615,-119.38688,-8.98389,-8.41713,22.88783,-23.37563,db0334e4-0230-49ed-8527-e194e2eaf145,d0b2fe4e-8c0c-4500-b384-6a21ff9a212a,,Pitching,25410021,,,,,,,,,,,,,,,,,,,,39.35825394,1195.291345,0.773195837,,8eecdcad-22c6-4b50-8f38-ed4e2d18013b,c6dfbc40-7dce-4232-9b29-2e7fb5281d98
65,2026-09-22,19:24:31.38,"Johnson, Tate",1000512540,Right,,,,,,Fastball,Live,,84.95093,-1.615278361,-0.7759282251,2246.226537,192.5353375,12:30,5.99616,1.28558,6.37359,-20.34948,17.6573,3.93147,2.81389,0.89936,77.42963,-5.473230363,-0.02751214424,0.4437127795,-2.38799,10.1768,-1.23156,50,5.87031,1.56432,-123.67297,-4.06042,-3.67877,25.89073,-16.49637,b0228442-20f9-4023-ad6e-723eff8c1bed,d0b2fe4e-8c0c-4500-b384-6a21ff9a212a,84.94783,Pitching,25410021,,,,,,,,,,,,,,,,,,,,35.44598486,1829.916772,0.8146626096,,02425a58-4c5f-4163-b92e-9268d443eb7c,c6dfbc40-7dce-4232-9b29-2e7fb5281d98
66,2026-09-22,19:24:57.30,"Johnson, Tate",1000512540,Right,,,,,,Curveball,Live,,71.69047,2.831128246,-0.08012037767,2120.657847,71.95344509,8:30,6.10567,1.19564,5.3193,-60.45027,-4.58333,-13.9101,3.72687,-0.03872,65.45141,-8.408410996,-2.681150056,0.5379585677,7.34237,-3.28598,-1.17856,50,6.31908,0.5424,-104.08198,3.42248,7.98449,18.88249,-35.7474,d97a4626-0758-43e1-9b13-b839759b9481,d0b2fe4e-8c0c-4500-b384-6a21ff9a212a,70.06569,Pitching,25410021,,,,,,,,,,,,,,,,,,,,47.80574466,1424.332019,0.6716463105,,2d82544c-fbe4-4c3e-943a-8b1b5d1cace7,c6dfbc40-7dce-4232-9b29-2e7fb5281d98
67,2026-09-22,19:25:19.04,"Johnson, Tate",1000512540,Right,,,,,,Fastball,Live,,83.92839,-1.251989841,-0.3851011096,2298.564974,191.5037317,12:30,6.01815,1.30498,6.27155,-20.83948,18.28644,3.72738,3.12733,1.26064,76.37072,-5.200541451,0.3236707397,0.4501980915,-2.15585,10.38711,-1.27839,50,5.91558,0.71556,-122.18085,-3.26106,-3.23702,25.57822,-16.57771,b2743685-ccfb-4a7f-bd9e-98829f34b170,d0b2fe4e-8c0c-4500-b384-6a21ff9a212a,83.72412,Pitching,25410021,,,,,,,,,,,,,,,,,,,,40.55720601,1746.351188,0.7597571562,,ffa5a44f-30e9-404c-b2b4-f65fe555f800,c6dfbc40-7dce-4232-9b29-2e7fb5281d98
68,2026-09-22,19:25:47.41,"Johnson, Tate",1000512540,Right,,,,,,Fastball,Live,,83.82833,-2.230046071,-1.46449615,2238.727761,201.7027548,12:45,6.05778,1.56948,6.53756,-24.07888,14.7272,5.86951,2.00439,0.71526,76.61261,-6.796205211,-0.3443648297,0.4483542094,-3.67147,8.791,-1.47076,50,5.89303,2.96165,-122.00343,-5.39855,-5.5074,25.0725,-18.98708,d3eafa53-1e21-4b98-ba7e-95afacc41b9a,d0b2fe4e-8c0c-4500-b384-6a21ff9a212a,84.06844,Pitching,25410021,,,,,,,,,,,,,,,,,,,,30.61190073,1926.730325,0.860636277,,714ebbc2-7867-461a-96e5-80a6806210d8,c6dfbc40-7dce-4232-9b29-2e7fb5281d98
69,2026-09-22,19:26:12.69,"Johnson, Tate",1000512540,Right,,,,,,Fastball,Live,,84.70069,-1.021596021,-1.77396924,2277.468892,197.2751532,12:30,6.04667,1.29231,6.34351,-19.44187,18.894,5.88666,3.48562,0.14947,76.99997,-4.713029358,-0.6536675219,0.4456296455,-3.75996,10.67845,-1.1664,50,5.96333,3.65203,-123.27357,-2.74733,-5.74698,26.04019,-15.85236,9828cb5e-3b91-47d4-836f-3b43215cd4d6,d0b2fe4e-8c0c-4500-b384-6a21ff9a212a,84.58243,Pitching,25410021,,,,,,,,,,,,,,,,,,,,37.32904825,1810.966171,0.79516615,,9588dfd3-8d31-4675-987f-d5210f9ae1b4,c6dfbc40-7dce-4232-9b29-2e7fb5281d98
70,2026-09-22,19:26:49.07,"Johnson, Tate",1000512540,Right,,,,,,Slider,Live,,73.59243,-1.263374614,-1.506972265,2163.955478,81.70360171,8:45,6.00435,1.41316,5.69957,-53.18183,-1.12523,-7.3902,0.39485,-0.60706,67.99232,-11.11527504,-2.895465963,0.5192892132,3.5185,-0.22953,-1.28235,50,5.86569,3.01893,-106.9991,-3.82881,4.0536,19.53726,-32.43849,18b9b05c-cdf6-4d01-b632-15d19ec2b813,d0b2fe4e-8c0c-4500-b384-6a21ff9a212a,72.58468,Pitching,25410021,,,,,,,,,,,,,,,,,,,,,,,,ae783389-728e-470a-a89f-cb9f98fe2c64,c6dfbc40-7dce-4232-9b29-2e7fb5281d98
71,2026-09-22,19:27:20.21,"Johnson, Tate",1000512540,Right,,,,,,Curveball,Live,,72.75457,-0.1470668244,-0.7443251399,2125.498382,51.28277455,7:45,6.04827,1.18159,5.73752,-60.29248,-7.37037,-9.13937,0.88696,-0.27306,67.55701,-11.31546173,-2.460057657,0.5235883158,4.69349,-3.91343,-1.11416,50,5.99927,1.62437,-105.87333,-1.91378,5.31736,18.39091,-36.60767,98599f70-84bc-4a87-b851-45df3214fe41,d0b2fe4e-8c0c-4500-b384-6a21ff9a212a,71.98869,Pitching,25410021,,,,,,,,,,,,,,,,,,,,,,,,f1455abe-5496-4e3b-b11f-fdefe3b161b1,c6dfbc40-7dce-4232-9b29-2e7fb5281d98
72,2026-09-22,19:27:42.74,"Johnson, Tate",1000512540,Right,,,,,,Curveball,Live,,73.86741,-1.336747963,-2.608374695,2209.840177,48.74881565,7:30,6.20415,1.09776,5.67591,-57.83305,-6.10545,-6.90936,0.13722,-1.911,68.57187,-12.00177115,-3.902823761,0.5176456423,2.9402,-2.88076,-0.87375,50,6.05547,5.08179,-107.32797,-4.11695,3.41295,19.41793,-35.51799,67c1a25f-c4d8-4ed3-870e-d6e6e3644314,d0b2fe4e-8c0c-4500-b384-6a21ff9a212a,72.81514,Pitching,25410021,,,,,,,,,,,,,,,,,,,,59.42941164,1123.923618,0.5085995041,,d79a4180-c8bd-4e67-a94b-ea11b4dc103e,c6dfbc40-7dce-4232-9b29-2e7fb5281d98
73,2026-09-22,19:28:04.20,"Johnson, Tate",1000512540,Right,,,,,,Fastball,Live,,83.30645,0.5887788026,-1.370873249,2277.701747,189.5281003,12:15,6.15582,1.48027,6.35076,-20.51671,19.01495,3.19801,4.98814,0.48487,75.75478,-3.310584526,-0.7626323379,0.4525264066,-2.15629,10.26717,-1.38252,50,6.18876,2.814,-121.29552,0.67781,-3.19665,24.81534,-16.95324,a59e2b32-1062-419f-8f57-1c875200d44d,d0b2fe4e-8c0c-4500-b384-6a21ff9a212a,83.29335,Pitching,25410021,,,,,,,,,,,,,,,,,,,,40.48700471,1732.313461,0.7605532477,,97b469c9-eb4e-4c34-a2f3-530c2b053900,c6dfbc40-7dce-4232-9b29-2e7fb5281d98
74,2026-09-22,19:28:23.84,"Johnson, Tate",1000512540,Right,,,,,,Curveball,Live,,73.5185,-1.378793499,-2.561305607,2239.921511,40.71093863,7:15,6.09577,1.18763,5.85201,,,,,,,,,,2.92998,-3.90585,-0.9758,50,5.94898,4.9629,-106.83876,-4.18255,3.36298,19.60489,-36.65711,e33c4935-da3f-4a1f-abd0-d7c086ec0423,d0b2fe4e-8c0c-4500-b384-6a21ff9a212a,,Pitching,25410021,,,,,,,,,,,,,,,,,,,,,,,,2ed9ad38-3df6-4819-995f-46cf15973573,c6dfbc40-7dce-4232-9b29-2e7fb5281d98
75,2026-09-22,19:28:49.34,"Johnson, Tate",1000512540,Right,,,,,,Slider,Live,,72.23803,1.094781499,-0.8178605559,2167.995128,92.57369341,9:00,6.00142,1.42719,5.85474,-53.08277,0.46145,-11.19056,2.59513,-0.26519,66.47325,-8.826544798,-2.924280982,0.5266567815,5.79703,-0.0672,-1.35438,50,6.05928,1.7964,-105.10776,0.60493,6.46121,18.42735,-32.24895,47628650-cea6-4dac-a106-9bd927a2d4fa,d0b2fe4e-8c0c-4500-b384-6a21ff9a212a,71.56927,Pitching,25410021,,,,,,,,,,,,,,,,,,,,,,,,b81a4429-67a9-4d91-a710-772506615690,c6dfbc40-7dce-4232-9b29-2e7fb5281d98
76,2026-09-22,19:29:27.62,"Wells, Caden",1000511882,Right,,,,,,,Warmup,,78.09808,0.06369985438,-3.152145511,2031.576752,214.5582398,1:15,6.49985,1.64257,5.76646,-29.54862,16.58444,11.46733,4.09683,-0.33795,71.07808,-5.481735392,-0.9962617709,0.4888521429,-7.08637,8.89682,-1.38887,50,6.48734,5.91658,-113.46828,-0.72971,-9.19335,21.71427,-20.63193,79a861d2-c59c-42b7-9934-e81046a11c8c,d0b2fe4e-8c0c-4500-b384-6a21ff9a212a,77.10397,Pitching,25410021,,,,,,,,,,,,,,,,,,,,25.67470025,1830.995973,0.9012684217,,21876b15-7d7a-4762-94ca-efa7d2ae84d8,c6dfbc40-7dce-4232-9b29-2e7fb5281d98
77,2026-09-22,19:29:37.08,"Wells, Caden",1000511882,Right,,,,,,,Warmup,,79.47102,-0.8260229499,-2.789482219,2137.909919,212.4655464,1:00,6.4014,1.67334,5.81105,-25.0786,19.7129,12.57359,3.54255,0.12555,71.77701,-5.554538935,-0.4126476767,0.4816917548,-7.66778,10.89785,-1.45232,50,6.319,5.25903,-115.43062,-2.39471,-10.20824,24.14687,-17.66557,71be37d8-730c-47da-b689-a0f12bf4d890,d0b2fe4e-8c0c-4500-b384-6a21ff9a212a,78.25012,Pitching,25410021,,,,,,,,,,,,,,,,,,,,22.79826287,1970.885493,0.9218749001,,9d1bcd9c-f40b-4b75-8b38-0af5e6488807,c6dfbc40-7dce-4232-9b29-2e7fb5281d98
78,2026-09-22,19:29:47.29,"Wells, Caden",1000511882,Right,,,,,,,Warmup,,71.65401,0.4368235447,-2.763598861,1184.036561,252.3902798,2:30,6.40288,1.5469,5.6799,-50.15982,4.95716,15.79878,2.63052,0.28567,65.51025,-8.933941654,0.2089656522,0.5343355689,-9.30812,2.52686,-1.32409,50,6.40855,4.59991,-104.09992,-0.55517,-10.13048,18.81188,-29.42394,5d33d774-57f9-4319-b9ff-5e04e9d14bef,d0b2fe4e-8c0c-4500-b384-6a21ff9a212a,70.54076,Pitching,25410021,,,,,,,,,,,,,,,,,,,,18.34872598,1123.8379,0.9491581061,,58a01921-ce7b-4b07-8621-12e858c1af58,c6dfbc40-7dce-4232-9b29-2e7fb5281d98
79,2026-09-22,19:29:58.44,"Wells, Caden",1000511882,Right,,,,,,,Warmup,,61.89135,6.753101535,0.2572150116,1954.665275,25.27057591,6:45,6.53288,1.59709,4.71703,-97.30907,-18.76604,-8.76461,4.86136,1.11077,55.84228,-11.20503068,-1.376203988,0.6378598188,4.64779,-12.08008,-1.61558,50,7.13461,-0.16866,-89.14967,7.98574,3.65945,15.40408,-41.68535,f3b4d80d-70d6-4b3e-91bb-962eeeec55c7,d0b2fe4e-8c0c-4500-b384-6a21ff9a212a,59.09204,Pitching,25410021,,,,,,,,,,,,,,,,,,,,19.09849588,1847.075616,0.9449575019,,aa960bf0-b423-48da-8854-e613556e8bc3,c6dfbc40-7dce-4232-9b29-2e7fb5281d98
80,2026-09-22,19:30:11.24,"Wells, Caden",1000511882,Right,,,,,,,Warmup,,62.61028,5.116327526,-2.854184763,2072.879351,36.56482362,7:15,6.62413,1.36261,5.56124,-90.78042,-16.72421,-12.36559,3.85703,-2.3362,56.98716,-11.82259242,-5.18237449,0.6193728386,5.6471,-10.7273,-1.10852,50,7.0086,4.80289,-90.48304,5.96955,4.57737,15.94409,-40.86928,43511dec-2c51-4447-b972-96ed9f392d0f,d0b2fe4e-8c0c-4500-b384-6a21ff9a212a,60.85582,Pitching,25410021,,,,,,,,,,,,,,,,,,,,26.94228975,1847.895964,0.8914633468,,bea6ace0-63ef-4262-a3e2-ca50978c183e,c6dfbc40-7dce-4232-9b29-2e7fb5281d98
81,2026-09-22,19:30:22.61,"Wells, Caden",1000511882,Right,,,,,,,Warmup,,63.53673,4.414940468,-1.236638063,1580.386738,31.66558922,7:00,6.49408,1.42073,5.0103,-88.9531,-16.05611,-9.84875,3.25707,-0.56723,58.00832,-12.01369621,-3.075699833,0.6145060984,4.7626,-9.89598,-1.29459,50,6.84869,2.24289,-91.94242,4.76874,4.00285,15.93709,-40.49138,d437a869-4149-4b32-b527-824c0544ed15,d0b2fe4e-8c0c-4500-b384-6a21ff9a212a,61.33778,Pitching,25410021,,,,,,,,,,,,,,,,,,,32.07609383,20.45990031,1480.691296,0.93691706,7:00,6fccb362-7e23-4fa6-a15a-0ab356726409,c6dfbc40-7dce-4232-9b29-2e7fb5281d98
82,2026-09-22,19:30:34.34,"Wells, Caden",1000511882,Right,,,,,,,Warmup,,79.32137,-1.114040371,-3.604278518,2154.519293,213.8262252,1:15,6.34593,1.74658,5.87442,-26.08484,18.58862,12.49341,3.13546,-0.56383,72.09108,-6.018267545,-1.249737917,0.4810566033,-7.82151,10.36943,-1.4625,50,6.24081,6.89497,-115.17461,-2.99544,-10.43293,22.78343,-18.34251,6d444bf5-82fa-40c9-b10d-5f29402bf8d5,d0b2fe4e-8c0c-4500-b384-6a21ff9a212a,78.35344,Pitching,25410021,,,,,,,,,,,,,,,,,,,,24.92632507,1953.826833,0.9068504698,,75aeaee5-316c-44bd-8a5a-17e6aba938ee,c6dfbc40-7dce-4232-9b29-2e7fb5281d98
83,2026-09-22,19:30:40.87,"Wells, Caden",1000511882,Right,,,,,,,Warmup,,44.23235,6.745902621,1.183102424,1188.318053,180.1941658,12:00,6.6294,-1.49461,,-114.12223,79.01753,0.26652,4.37605,-0.20566,40.56496,-11.76021933,1.226777573,1.000246989,0.20488,30.62934,1.23033,50,7.75838,-1.31359,-63.17629,3.67368,0.08316,6.17664,-19.74173,57448c76-1868-409d-8c79-0ac28231337f,d0b2fe4e-8c0c-4500-b384-6a21ff9a212a,,Pitching,25410021,,,,,,,,,,,,,,,,,,,,,,,,858babf4-36fe-4bf9-b286-1beba970d4c5,c6dfbc40-7dce-4232-9b29-2e7fb5281d98
84,2026-09-22,19:31:02.56,"Wells, Caden",1000511882,Right,,,,,,Curveball,Live,,62.44805,2.255159638,-0.4343942219,1634.285505,22.57049502,6:45,6.45267,1.49901,5.66704,-86.00555,-13.15132,-5.43778,1.3891,0.64088,57.83271,-13.70008945,-1.46013152,0.6143258494,2.78162,-7.77055,-1.459,50,6.58955,0.81521,-90.72824,1.55906,2.2887,14.87096,-38.5676,0dab09f5-77c8-4be9-9347-8d81f420b747,d0b2fe4e-8c0c-4500-b384-6a21ff9a212a,61.35578,Pitching,25410021,,,,,,,,,,,,,,,,,,,,22.3376104,1511.649431,0.9249604345,,540ac9dd-d74a-495f-90c2-b877497ba019,c6dfbc40-7dce-4232-9b29-2e7fb5281d98
85,2026-09-22,19:31:15.63,"Wells, Caden",1000511882,Right,,,,,,Fastball,Live,,79.96808,-1.418182366,-4.317142503,2104.217012,214.5168712,1:15,6.12928,1.9444,6.29081,-27.62169,15.6437,10.79672,2.5168,-1.14115,72.8903,-6.638400264,-2.271637829,0.4734146832,-7.18558,8.98865,-1.63198,50,6.01141,8.47401,-116.09284,-3.62417,-9.75306,22.83901,-19.97367,d5464c88-556d-4375-b7fd-d7a6853ebc2e,d0b2fe4e-8c0c-4500-b384-6a21ff9a212a,79.61823,Pitching,25410021,,,,,,,,,,,,,,,,,,,,26.3510733,1885.570183,0.8960911218,,03b2ccbc-5414-423a-8b7f-ca244ef58d51,c6dfbc40-7dce-4232-9b29-2e7fb5281d98
86,2026-09-22,19:31:30.16,"Wells, Caden",1000511882,Right,,,,,,Fastball,Live,,80.45089,-2.417350758,-5.220978327,2221.037462,210.3972424,1:00,6.13264,1.8505,6.23613,-23.44782,19.32197,11.36727,1.93843,-2.03109,73.68057,-6.826298199,-3.080115846,0.4706954049,-7.65181,11.22038,-1.46668,50,5.94024,10.34354,-116.60648,-5.58575,-10.5423,21.79061,-16.71514,dea88c90-6008-4b5b-9d96-f9ab8d6dffb3,d0b2fe4e-8c0c-4500-b384-6a21ff9a212a,80.0782,Pitching,25410021,,,,,,,,,,,,,,,,,,,215.575584,37.71495147,1756.982616,0.7910639266,1:15,f6c2b152-cb0e-4c4f-a983-d04501c61ae8,c6dfbc40-7dce-4232-9b29-2e7fb5281d98
87,2026-09-22,19:31:47.25,"Wells, Caden",1000511882,Right,,,,,,Fastball,Live,,79.75131,-0.2023889352,-5.318029091,2254.240746,203.9296007,12:45,6.18522,1.73411,6.17422,-24.94653,18.68982,8.34455,3.91864,-2.49541,72.76199,-4.903229718,-3.748330832,0.4754398726,-6.04797,10.2435,-1.33584,50,6.15711,10.53615,-115.65188,-1.09566,-8.1819,21.80036,-18.31629,cf6f0fa7-3b11-4987-8436-bc1cbb07b6a4,d0b2fe4e-8c0c-4500-b384-6a21ff9a212a,79.27909,Pitching,25410021,,,,,,,,,,,,,,,,,,,,36.15531553,1820.120584,0.8074206748,,a2b1b155-044e-4cba-a092-b7c70a29f094,c6dfbc40-7dce-4232-9b29-2e7fb5281d98
88,2026-09-22,19:32:04.93,"Wells, Caden",1000511882,Right,,,,,,Fastball,Live,,79.25685,0.690830263,-2.314779828,2136.824503,204.1007522,12:45,6.06855,1.99934,6.16502,-26.69053,17.47395,7.84076,4.48292,0.51369,71.89424,-4.368421763,-0.8269457062,0.4783083123,-4.97612,9.32791,-1.82816,50,6.10721,4.44588,-115.27758,0.66289,-6.64271,23.02376,-19.72203,c9d79363-3780-4b44-b0ce-73535faf8e03,d0b2fe4e-8c0c-4500-b384-6a21ff9a212a,78.80365,Pitching,25410021,,,,,,,,,,,,,,,,,,,,32.89665183,1794.188122,0.8396516044,,5eadd54f-6795-4563-9e95-7c4f52b774df,c6dfbc40-7dce-4232-9b29-2e7fb5281d98
89,2026-09-22,19:32:21.87,"Wells, Caden",1000511882,Right,,,,,,Fastball,Live,,80.36818,-0.4435335294,-4.890959342,2206.234304,211.0035652,1:00,6.0338,1.93244,6.29614,-25.05886,17.70389,10.69488,3.53544,-1.69328,73.25488,-5.182027582,-2.869988007,0.470656676,-7.25585,9.82194,-1.57801,50,5.989,9.69156,-116.63373,-1.5832,-9.96905,22.46529,-18.67937,00d8cc85-0842-433d-8e58-cfc52770b852,d0b2fe4e-8c0c-4500-b384-6a21ff9a212a,80.08479,Pitching,25410021,,,,,,,,,,,,,,,,,,,,30.91615003,1892.772797,0.8579201192,,f250216e-462a-419d-abef-6fd0f481c990,c6dfbc40-7dce-4232-9b29-2e7fb5281d98
90,2026-09-22,19:32:49.71,"Wells, Caden",1000511882,Right,,,,,,ChangeUp,Live,,72.98683,0.7042067053,-2.847278175,1526.678133,258.0214488,2:30,6.23933,1.71873,5.94282,-49.77342,2.6385,12.69332,2.74551,0.13361,66.93639,-8.627019871,-0.4528685278,0.5210584537,-7.69434,1.22228,-1.49927,50,6.26745,4.94352,-106.0985,-0.00132,-8.73198,18.89906,-30.78694,23d81836-c9ea-4f24-9756-ba32095c594a,d0b2fe4e-8c0c-4500-b384-6a21ff9a212a,72.33822,Pitching,25410021,,,,,,,,,,,,,,,,,,,,35.26226011,1246.560236,0.8165180393,,d6453258-da30-46ae-b9c9-b160cb26619e,c6dfbc40-7dce-4232-9b29-2e7fb5281d98
91,2026-09-22,19:33:06.64,"Wells, Caden",1000511882,Right,,,,,,Fastball,Live,,80.18009,-0.539096473,-3.909036901,2276.352413,213.7271319,1:00,6.16806,1.98873,6.14527,-25.91035,17.06753,11.43945,3.50961,-0.67524,73.36194,-5.419370347,-1.752199594,0.4718390869,-7.30463,9.43709,-1.69719,50,6.11356,7.6424,-116.50942,-1.8211,-10.0485,21.72814,-19.19205,192bf9e4-03ee-40e3-920b-e8cff2145a47,d0b2fe4e-8c0c-4500-b384-6a21ff9a212a,79.8841,Pitching,25410021,,,,,,,,,,,,,,,,,,,,22.93188298,2096.449391,0.9209687299,,6903f565-6dcd-4417-bc6a-abbf99e60fd9,c6dfbc40-7dce-4232-9b29-2e7fb5281d98
92,2026-09-22,19:34:36.19,"Wells, Caden",1000511882,Right,,,,,,Fastball,Live,,79.62511,-0.9285047086,-4.153706235,2186.448736,208.1143998,1:00,6.14777,1.87145,6.15882,-25.77371,17.98872,9.64842,3.13998,-1.16797,72.59815,-5.790146518,-2.33148425,0.4761262084,-6.45914,10.0732,-1.56123,50,6.064,8.13194,-115.62748,-2.58755,-8.71261,22.29466,-18.5865,ec68ecda-98f8-4098-9c4f-4c13967424e0,d0b2fe4e-8c0c-4500-b384-6a21ff9a212a,79.16481,Pitching,25410021,,,,,,,,,,,,,,,,,,,,35.96662514,1769.622493,0.8093592427,,7864c5e7-a00a-41ac-a759-6434aaf1881f,c6dfbc40-7dce-4232-9b29-2e7fb5281d98
93,2026-09-22,19:34:50.75,"Wells, Caden",1000511882,Right,,,,,,Fastball,Live,,80.24007,-1.304641348,-3.740404787,2207.503727,214.2578586,1:15,6.3224,1.69426,6.05311,-26.09771,17.30936,11.82382,2.93732,-0.78721,72.9034,-6.226964805,-1.50450262,0.4741891486,-7.55351,9.80157,-1.40996,50,6.20697,7.28379,-116.5106,-3.39438,-10.30079,23.50706,-18.80756,0c385e86-e1c6-4b71-bcf2-67b7642a28ca,d0b2fe4e-8c0c-4500-b384-6a21ff9a212a,79.48819,Pitching,25410021,,,,,,,,,,,,,,,,,,,,28.38393427,1942.12183,0.8797819033,,57894c0b-7dd5-4f42-80ae-7a2913e0eeb7,c6dfbc40-7dce-4232-9b29-2e7fb5281d98
94,2026-09-22,19:35:07.00,"Wells, Caden",1000511882,Right,,,,,,ChangeUp,Live,,72.17285,-2.316797705,-3.414814654,1211.786699,253.2780554,2:30,6.19946,1.81811,5.64393,,,,,,,,,,-9.55156,3.21826,-1.53864,50,5.97149,5.80915,-104.77314,-5.59883,-10.63283,17.45909,-28.59146,a620489c-512d-4743-bce3-93040981ff1b,d0b2fe4e-8c0c-4500-b384-6a21ff9a212a,,Pitching,25410021,,,,,,,,,,,,,,,,,,,,27.12107836,1078.544881,0.8900451554,,af319c84-7046-4b1c-8dc3-986dd0a928df,c6dfbc40-7dce-4232-9b29-2e7fb5281d98
95,2026-09-22,19:35:27.29,"Wells, Caden",1000511882,Right,,,,,,Fastball,Live,,79.36148,-2.015322278,-3.900873356,2274.658457,215.0596944,1:15,6.18144,1.76422,6.09925,-24.41795,19.81715,13.93307,2.2779,-0.6875,72.3015,-6.615116698,-1.26738393,0.4786906032,-8.72565,11.37434,-1.47157,50,6.01341,7.4698,-115.20111,-4.73891,-11.66469,22.4464,-16.96851,8def236d-35ef-41d2-a976-c77bdf847b59,d0b2fe4e-8c0c-4500-b384-6a21ff9a212a,78.74071,Pitching,25410021,,,,,,,,,,,,,,,,,,,,28.26672222,2003.411256,0.8807525587,,d4ee1e03-8ff3-4e4f-98bf-6401dc39c079,c6dfbc40-7dce-4232-9b29-2e7fb5281d98
96,2026-09-22,19:35:46.13,"Wells, Caden",1000511882,Right,,,,,,Curveball,Live,,64.82351,1.980693377,-2.849019057,1974.004221,25.97034495,6:45,6.4316,1.59681,5.74058,-85.91444,-17.93244,-8.72001,1.11908,-1.78444,59.81819,-13.97708474,-4.495401985,0.593428447,3.74295,-10.33313,-1.35478,50,6.54479,4.88828,-94.04915,1.20872,3.28612,16.89564,-41.24602,6437d299-d80c-46ad-ba7c-1669caa75487,d0b2fe4e-8c0c-4500-b384-6a21ff9a212a,63.5164,Pitching,25410021,,,,,,,,,,,,,,,,,,,,21.34914065,1838.546742,0.9313793366,,27150a71-925d-4a65-a266-0f5a8b431d83,c6dfbc40-7dce-4232-9b29-2e7fb5281d98
97,2026-09-22,19:36:04.83,"Wells, Caden",1000511882,Right,,,,,,Fastball,Live,,80.62404,-0.7602235934,-4.029074617,2253.984084,223.0312232,1:30,6.18211,1.88474,6.14557,-28.14761,14.51516,13.6042,3.13232,-0.71025,73.57117,-6.067783071,-1.459147488,0.4701061365,-8.56592,8.12454,-1.58516,50,6.10965,7.86843,-117.10422,-2.34399,-11.85992,22.72016,-20.92525,5244ec4d-55e4-46f1-b5ab-135860f93be3,d0b2fe4e-8c0c-4500-b384-6a21ff9a212a,80.17857,Pitching,25410021,,,,,,,,,,,,,,,,,,,,30.09323685,1950.17095,0.8652106125,,73608284-399a-4f08-86c7-fe034cb9b639,c6dfbc40-7dce-4232-9b29-2e7fb5281d98
98,2026-09-22,19:36:29.86,"Wells, Caden",1000511882,Right,,,,,,Fastball,Live,,79.86871,-1.029986516,-3.009303184,2206.572397,215.9538673,1:15,6.22878,1.76874,6.1032,-28.09076,15.60911,11.35397,2.93409,-0.07023,72.54701,-6.336757696,-0.85690916,0.475785776,-7.10133,8.81594,-1.54361,50,6.13493,5.78654,-116.07052,-2.86988,-9.59908,23.58191,-20.25728,eb9214c9-2eb2-47bf-aaaa-c35c35f9f157,d0b2fe4e-8c0c-4500-b384-6a21ff9a212a,79.22145,Pitching,25410021,,,,,,,,,,,,,,,,,,,,25.34173687,1994.236148,0.9037710028,,4c2eb5c3-2ecd-461b-b679-a8bcf15a1cfc,c6dfbc40-7dce-4232-9b29-2e7fb5281d98
99,2026-09-22,19:37:13.93,"Wells, Caden",1000511882,Right,,,,,,Curveball,Live,,63.97084,2.487309908,-1.990486241,1423.995174,35.43945284,7:15,6.48673,1.46045,5.59319,-80.49538,-10.36661,-7.34168,2.10369,-1.01033,58.6336,-12.50200441,-3.375237746,0.602725458,3.27141,-6.38987,-1.2853,50,6.64884,3.40302,-92.81752,2.09156,2.79926,16.37181,-37.6417,a2f47d12-1d65-4402-8087-c2c404252e2f,d0b2fe4e-8c0c-4500-b384-6a21ff9a212a,62.53666,Pitching,25410021,,,,,,,,,,,,,,,,,,,,20.73183455,1331.787912,0.9352474896,,268d622a-0f76-4925-82f3-8f651727f535,c6dfbc40-7dce-4232-9b29-2e7fb5281d98
100,2026-09-22,19:37:30.62,"Wells, Caden",1000511882,Right,,,,,,Curveball,Live,,64.28366,2.588928145,-1.824264339,1475.557575,40.91370582,7:15,6.53347,1.48867,5.61383,-80.23515,-10.59991,-9.14274,2.26606,-0.9762,58.68883,-12.39010046,-3.552709644,0.6006008639,4.2799,-6.58857,-1.32734,50,6.70407,3.19029,-93.25071,2.28581,3.68188,17.02981,-37.84201,5f7a8daf-5dfe-4957-b6ef-2344d08d25a3,d0b2fe4e-8c0c-4500-b384-6a21ff9a212a,62.75788,Pitching,25410021,,,,,,,,,,,,,,,,,,,,20.9466735,1378.043233,0.9339135634,,abbd2366-fe87-4fb2-97fe-9f47fd4a389e,c6dfbc40-7dce-4232-9b29-2e7fb5281d98
101,2026-09-22,19:37:49.64,"Wells, Caden",1000511882,Right,,,,,,Curveball,Live,,63.56919,2.775496207,-2.462781108,1850.297059,23.94432085,6:45,6.4868,1.4313,5.6621,-85.79166,-14.59603,-6.45958,1.92966,-1.4046,58.17554,-13.22683209,-3.684620981,0.6072927096,2.61983,-8.8196,-1.21929,50,6.66861,4.11655,-92.16629,2.44736,2.20027,16.71428,-39.5812,1f4738e4-0038-4aca-a402-31a486992f2f,d0b2fe4e-8c0c-4500-b384-6a21ff9a212a,62.06635,Pitching,25410021,,,,,,,,,,,,,,,,,,,,17.91288878,1760.604352,0.9515252394,,8863392e-1a95-4224-a1f3-61a4872d9dbb,c6dfbc40-7dce-4232-9b29-2e7fb5281d98
102,2026-09-22,19:38:09.87,"Wells, Caden",1000511882,Right,,,,,,Fastball,Live,,79.50882,0.7368238928,-4.226685307,2291.774396,218.8925762,1:15,6.19473,1.83457,6.11983,-29.43235,14.7529,11.97138,4.42502,-1.08191,71.96976,-4.835438854,-1.960457444,0.4784208164,-7.81586,7.8153,-1.51719,50,6.23589,8.19925,-115.40362,0.67812,-10.44224,23.34291,-21.73257,38b8c10a-9e1a-4133-ae1c-d0079feb8839,d0b2fe4e-8c0c-4500-b384-6a21ff9a212a,78.78511,Pitching,25410021,,,,,,,,,,,,,,,,,,,213.8599402,28.76480862,2008.97496,0.8766024104,1:15,1ea0e1f9-a24d-41ba-bc1e-942c6aac0461,c6dfbc40-7dce-4232-9b29-2e7fb5281d98
103,2026-09-22,19:38:31.53,"Wells, Caden",1000511882,Right,,,,,,Curveball,Live,,64.08412,3.401399543,-0.9164204062,1359.393524,25.92304572,6:45,6.39861,1.5098,5.59718,-78.67666,-9.21125,-4.44394,3.02153,0.28393,58.77911,-11.2617388,-1.753051118,0.5998680095,2.09209,-5.996,-1.42856,50,6.6398,1.59561,-92.99853,3.61589,1.81022,15.50773,-37.36222,8b983811-af6a-494b-b21b-18ad3899ccfe,d0b2fe4e-8c0c-4500-b384-6a21ff9a212a,62.83455,Pitching,25410021,,,,,,,,,,,,,,,,,,,,16.75528057,1301.680194,0.9575447956,,5132cd70-3e7b-42aa-ab16-47a89f7b2312,c6dfbc40-7dce-4232-9b29-2e7fb5281d98
104,2026-09-22,19:38:54.23,"Wells, Caden",1000511882,Right,,,,,,Curveball,Live,,62.82766,4.974713743,-0.7636273295,1780.853351,30.77447586,7:00,6.33615,1.49567,4.86816,-88.89585,-14.10979,-8.34043,3.64757,0.07804,57.36791,-11.39929665,-2.315104162,0.6224174256,4.10985,-8.95668,-1.4138,50,6.75361,1.43229,-90.86276,5.55191,3.38732,15.06937,-39.5561,13d418cd-b9e1-4590-92af-1f8e88e02bd7,d0b2fe4e-8c0c-4500-b384-6a21ff9a212a,60.55814,Pitching,25410021,,,,,,,,,,,,,,,,,,,,20.31235555,1670.109379,0.9378140978,,e6a0396b-34cd-4f13-a188-f467aaf19764,c6dfbc40-7dce-4232-9b29-2e7fb5281d98
105,2026-09-22,19:39:11.25,"Wells, Caden",1000511882,Right,,,,,,Fastball,Live,,78.17098,0.07873053704,-4.70168448,2261.197511,221.8322958,1:30,6.08005,2.03103,6.23089,-31.99209,13.54813,12.20346,3.48692,-1.29874,70.92249,-5.979210823,-2.389654483,0.4857009525,-8.1064,7.38864,-1.68608,50,6.07006,9.00524,-113.42329,-0.69094,-10.4676,22.44395,-22.63327,c713250d-5abf-4d76-9127-fa19ba69a15c,d0b2fe4e-8c0c-4500-b384-6a21ff9a212a,77.60421,Pitching,25410021,,,,,,,,,,,,,,,,,,,,26.08195808,2030.930869,0.8981660641,,8a87ba75-f9a8-4220-b2e4-7488c318c346,c6dfbc40-7dce-4232-9b29-2e7fb5281d98
106,2026-09-22,19:39:28.52,"Wells, Caden",1000511882,Right,,,,,,Curveball,Live,,64.35407,3.646144276,-1.97911997,1749.788554,35.83806725,7:15,6.25613,1.7343,,-88.58136,-15.38848,-11.07175,2.37354,-1.08476,58.87529,-12.44812066,-4.014668371,0.6157519756,4.99923,-9.06229,-1.50571,50,6.56947,3.54261,-93.04328,3.31304,4.3043,16.28116,-39.97661,b6ec093f-d859-458d-b55a-99e913bab106,d0b2fe4e-8c0c-4500-b384-6a21ff9a212a,,Pitching,25410021,,,,,,,,,,,,,,,,,,,,10.78159295,1718.900234,0.9823473989,,32bde251-73e8-4b02-aa0e-1f1ac42b94d9,c6dfbc40-7dce-4232-9b29-2e7fb5281d98
107,2026-09-22,19:40:13.24,"Wells, Caden",1000511882,Right,,,,,,Fastball,Live,,77.79384,-0.5198874628,-4.666038144,2279.452425,207.6356776,1:00,6.17752,2.0384,6.1574,-28.85074,16.91954,8.90443,3.29146,-1.53918,71.16245,-5.949851305,-2.989171033,0.4869262077,-6.15388,9.35968,-1.68866,50,6.12311,8.97688,-112.92417,-1.80503,-7.94336,20.63287,-20.09268,026ce091-66e6-4df7-93ba-0bcdd91941ec,d0b2fe4e-8c0c-4500-b384-6a21ff9a212a,77.40893,Pitching,25410021,,,,,,,,,,,,,,,,,,,,28.9800869,1994.037969,0.8747881495,,11a279b5-1eb2-4a7e-b04b-8d4b2ce20fe9,c6dfbc40-7dce-4232-9b29-2e7fb5281d98
108,2026-09-22,19:40:28.50,"Wells, Caden",1000511882,Right,,,,,,Curveball,Live,,63.61987,3.392923831,-1.287528078,1654.489753,35.75206538,7:15,6.39337,1.65792,5.66558,-82.40919,-12.03295,-8.6162,2.69365,-0.26065,58.49078,-11.95998292,-2.911072507,0.603787918,4.21784,-7.53144,-1.54394,50,6.6288,2.28022,-92.31852,3.51083,3.59268,15.41283,-38.58919,c9591b72-fc43-4b63-a06d-5f63a5bd6799,d0b2fe4e-8c0c-4500-b384-6a21ff9a212a,62.42662,Pitching,25410021,,,,,,,,,,,,,,,,,,,,16.74145994,1584.363057,0.9576143064,,25bdd9a7-f4a4-4459-89eb-5f80f1d22069,c6dfbc40-7dce-4232-9b29-2e7fb5281d98
109,2026-09-22,19:40:45.46,"Wells, Caden",1000511882,Right,,,,,,Curveball,Live,,63.06252,4.21775504,-1.581448832,1390.256794,37.07822317,7:15,6.42067,1.59666,5.62034,-84.07185,-11.75812,-8.83297,3.35882,-0.61542,57.48982,-11.49824469,-3.248983052,0.6120428186,4.21208,-7.72271,-1.45643,50,6.72773,2.73126,-91.36246,4.75216,3.49186,15.86925,-38.57626,96be6f53-5393-4fa2-b2ea-f831e550378c,d0b2fe4e-8c0c-4500-b384-6a21ff9a212a,61.58464,Pitching,25410021,,,,,,,,,,,,,,,,,,,,13.30951963,1352.915382,0.9731406368,,47d6d9ca-d74d-46c8-8abf-783837af61ac,c6dfbc40-7dce-4232-9b29-2e7fb5281d98
110,2026-09-22,19:41:04.38,"Wells, Caden",1000511882,Right,,,,,,Fastball,Live,,79.10045,-0.8716067682,-5.561240279,2335.73781,207.5682634,1:00,6.12084,1.93775,6.23739,-27.08408,17.00293,8.93025,3.05607,-2.46343,72.62991,-5.960374227,-3.884641351,0.477888663,-6.35735,9.50972,-1.52731,50,6.04215,10.92666,-114.69889,-2.48515,-8.50369,20.40221,-19.45371,eeb09a7d-f581-4ace-9073-8cde71898ddb,d0b2fe4e-8c0c-4500-b384-6a21ff9a212a,78.87285,Pitching,25410021,,,,,,,,,,,,,,,,,,,,29.01262666,2042.632718,0.8745128451,,595e766d-4310-4720-8cdd-19b32a8ab7d2,c6dfbc40-7dce-4232-9b29-2e7fb5281d98
111,2026-09-22,19:41:22.71,"Wells, Caden",1000511882,Right,,,,,,Curveball,Live,,64.1217,3.170665424,-1.498783972,1583.493235,32.98026154,7:00,6.36941,1.58258,,-87.22559,-12.82285,-8.27864,2.15748,-0.55066,58.65934,-12.6020016,-3.015097986,0.6208202394,3.69133,-7.52859,-1.40149,50,6.64025,2.67876,-92.73003,2.47808,3.15747,16.14672,-38.6138,3ca2f28a-8593-4ee1-8176-b41ece1b63a9,d0b2fe4e-8c0c-4500-b384-6a21ff9a212a,,Pitching,25410021,,,,,,,,,,,,,,,,,,,,20.67550559,1481.508446,0.9355950587,,9a6ef4d5-458b-4489-8238-d5b713a2b41d,c6dfbc40-7dce-4232-9b29-2e7fb5281d98
112,2026-09-22,19:42:06.53,"Wells, Caden",1000511882,Right,,,,,,Curveball,Live,,63.66625,3.049678748,-2.424794983,1581.685583,30.62852405,7:00,6.38132,1.51522,,-86.02763,-11.67321,-6.88024,2.13196,-1.37661,58.3045,-12.60528181,-3.692329312,0.6206186158,2.72902,-6.99216,-1.24745,50,6.6277,4.09833,-92.10104,2.43273,2.30286,15.92369,-38.07432,2481611b-de91-4f52-bf0a-a36735aa4008,d0b2fe4e-8c0c-4500-b384-6a21ff9a212a,,Pitching,25410021,,,,,,,,,,,,,,,,,,,,27.63242601,1401.280485,0.8859412393,,d2cb29a1-b512-494c-8c85-ed62e4eeccdc,c6dfbc40-7dce-4232-9b29-2e7fb5281d98
113,2026-09-22,19:42:25.19,"Wells, Caden",1000511882,Right,,,,,,Fastball,Live,,79.31751,0.1152188222,-5.044454124,2324.603807,216.2890815,1:15,6.18487,1.8358,6.29146,-27.75969,16.22857,11.99123,3.97813,-1.82478,72.16931,-5.138233361,-2.777261733,0.4773531803,-8.03317,8.85515,-1.47025,50,6.17988,9.83807,-115.07365,-0.50744,-10.72752,22.16883,-20.34884,5b3b1cf4-d71c-4965-945b-5420d8f5048e,d0b2fe4e-8c0c-4500-b384-6a21ff9a212a,78.96132,Pitching,25410021,,,,,,,,,,,,,,,,,,,216.096474,28.56041268,2041.730925,0.878313508,1:15,d0d201ce-d5b6-472f-bd8a-c74a520699d8,c6dfbc40-7dce-4232-9b29-2e7fb5281d98
114,2026-09-22,19:42:42.64,"Wells, Caden",1000511882,Right,,,,,,Fastball,Live,,78.07118,-1.036122384,-3.614590595,2240.124543,212.3648887,1:00,6.07742,1.86862,6.25649,-28.45975,16.93065,10.76584,2.74849,-0.57123,71.12506,-6.417551242,-1.572996734,0.4849013387,-6.96158,9.57272,-1.60594,50,5.98654,6.88173,-113.4406,-2.80743,-9.01647,21.93003,-19.7757,3c602ab6-c034-4f67-9bc0-29a5f18f3845,d0b2fe4e-8c0c-4500-b384-6a21ff9a212a,77.73218,Pitching,25410021,,,,,,,,,,,,,,,,,,,,26.86736712,1998.314455,0.8920550697,,b1714f94-b5e6-4466-ac52-9fc3bf559ee3,c6dfbc40-7dce-4232-9b29-2e7fb5281d98
115,2026-09-22,19:43:03.53,"Wells, Caden",1000511882,Right,,,,,,ChangeUp,Live,,71.33417,1.058784733,-3.366793481,1063.8748,277.439206,3:15,6.25023,1.53063,5.85023,-56.51856,-1.12231,8.18612,2.52585,-0.91879,65.23971,-9.527780748,-1.822855503,0.5356875839,-5.45083,-0.93054,-1.26191,50,6.3035,5.88113,-103.58152,0.45047,-5.86452,18.86882,-33.17521,3b4b0417-224b-4bcf-bed2-71cb6bc063b3,d0b2fe4e-8c0c-4500-b384-6a21ff9a212a,70.36273,Pitching,25410021,,,,,,,,,,,,,,,,,,,,20.26757473,998.0051243,0.9380851249,,e67c3e07-a3d6-4c93-8ff3-2deb40d6f18c,c6dfbc40-7dce-4232-9b29-2e7fb5281d98
116,2026-09-22,19:43:26.24,"Wells, Caden",1000511882,Right,,,,,,Curveball,Live,,64.09334,4.227364376,-2.14412067,1578.031143,33.41259157,7:00,6.46738,1.42984,5.62172,-82.15126,-12.76665,-8.38222,3.57577,-1.27021,58.93953,-11.05502021,-3.716925366,0.5995190128,3.83681,-8.11886,-1.24193,50,6.77606,3.68115,-92.89548,4.87975,3.32359,15.04555,-39.2069,2ec47bdb-7a4e-4c6a-bd71-911ca2536faf,d0b2fe4e-8c0c-4500-b384-6a21ff9a212a,62.87113,Pitching,25410021,,,,,,,,,,,,,,,,,,,,17.22505073,1507.25484,0.955148982,,c1f6e22a-e472-4ec6-8f2b-5f932ae26e52,c6dfbc40-7dce-4232-9b29-2e7fb5281d98
117,2026-09-22,19:43:47.10,"Wells, Caden",1000511882,Right,,,,,,Fastball,Live,,78.93608,1.805660869,-3.705031176,2209.73267,211.2619833,1:00,6.12717,2.08969,6.21752,-27.05233,17.44532,10.64374,5.54286,-0.44659,71.56864,-3.32168848,-1.688601306,0.48010909,-6.91022,9.00002,-1.81779,50,6.24887,7.13731,-114.64196,2.89386,-9.14292,22.34508,-20.26611,35bcf91e-b18b-4e7d-a4d0-abcfd026c5b8,d0b2fe4e-8c0c-4500-b384-6a21ff9a212a,78.50807,Pitching,25410021,,,,,,,,,,,,,,,,,,,,31.30027512,1888.12008,0.8544563355,,d464267c-a4e7-48a8-872b-2757e2c35997,c6dfbc40-7dce-4232-9b29-2e7fb5281d98
118,2026-09-22,19:44:06.03,"Wells, Caden",1000511882,Right,,,,,,Fastball,Live,,78.11226,1.155286474,-2.947737376,2205.397906,210.9827161,1:00,6.10476,1.90009,6.35565,-26.77167,18.25019,11.00005,4.93849,0.10171,71.0645,-3.927970532,-0.858240453,0.4829287977,-6.89203,9.68413,-1.69195,50,6.17578,5.56422,-113.60557,1.59872,-8.97186,21.57325,-19.56751,4562d76c-31c8-4d66-8c51-d088d33c35dc,d0b2fe4e-8c0c-4500-b384-6a21ff9a212a,78.04968,Pitching,25410021,,,,,,,,,,,,,,,,,,,,26.11656983,1980.227461,0.8979003086,,27d17c46-88b0-4bb6-af2a-540362ab85ae,c6dfbc40-7dce-4232-9b29-2e7fb5281d98
119,2026-09-22,19:44:31.25,"Wells, Caden",1000511882,Right,,,,,,,Live,,78.07505,-0.3484982639,-3.325632907,2243.714842,211.9538197,1:00,6.20885,1.72221,6.25507,-27.7652,17.38073,10.88043,3.57322,-0.44079,71.37664,-5.593488282,-1.266501946,0.4835937561,-6.88305,9.59853,-1.481,50,6.16926,6.30839,-113.53287,-1.4288,-8.97415,20.9955,-19.65944,ed484a7c-4c21-48c4-b025-296de009dc70,d0b2fe4e-8c0c-4500-b384-6a21ff9a212a,77.94236,Pitching,25410021,,,,,,,,,,,,,,,,,,,,26.09529708,2014.998816,0.8980636836,,e1243b50-bdea-4930-ab8b-95959390bccf,c6dfbc40-7dce-4232-9b29-2e7fb5281d98
120,2026-09-22,19:44:50.68,"Wells, Caden",1000511882,Right,,,,,,,Live,,63.50053,3.756039996,0.4963317636,1442.08265,31.25189921,7:00,6.52815,1.46312,5.92903,-76.51772,-6.99113,-4.19712,3.64127,1.57381,58.40698,-10.57548678,-0.2967509738,0.6001321225,2.4175,-4.8971,-1.50034,50,6.78502,-0.70295,-92.2129,4.30602,2.06817,14.53548,-36.36354,67328d8f-416e-45af-bdc2-9dec40ba2223,d0b2fe4e-8c0c-4500-b384-6a21ff9a212a,62.8069,Pitching,25410021,,,,,,,,,,,,,,,,,,,,2.325915689,1440.894577,0.9991761407,,0e0a71f5-e041-4715-a566-78b5fa0a6791,c6dfbc40-7dce-4232-9b29-2e7fb5281d98
121,2026-09-22,19:45:07.75,"Wells, Caden",1000511882,Right,,,,,,,Live,,78.0646,0.04188078506,-2.839452402,2129.117377,206.0160677,12:45,6.09011,1.86281,6.29712,-27.08367,17.9245,8.77784,3.87177,-0.02375,71.3973,-5.079934602,-1.17693678,0.4828553799,-5.59651,9.79901,-1.65868,50,6.08003,5.40231,-113.58502,-0.63062,-7.30935,20.85803,-19.376,64a4c9fe-682e-431f-bda8-2dc8011badd9,d0b2fe4e-8c0c-4500-b384-6a21ff9a212a,78.06155,Pitching,25410021,,,,,,,,,,,,,,,,,,,,24.39194366,1939.076061,0.9107417383,,4f2f0965-677c-40e7-92c8-3fd0ce6cc106,c6dfbc40-7dce-4232-9b29-2e7fb5281d98
122,2026-09-22,19:45:28.17,"Wells, Caden",1000511882,Right,,,,,,Curveball,Live,,62.89959,4.619350506,-0.1456836147,1714.870057,38.11021606,7:15,6.46809,1.33626,5.64588,-83.74798,-11.70993,-9.10981,3.80665,0.44124,57.67866,-11.00112998,-1.860829137,0.6108750404,4.83767,-7.69739,-1.31821,50,6.80766,0.44746,-91.17563,5.38446,4.0314,14.66053,-38.58855,a94fc111-0166-4bf0-bb20-15f4e25779f9,d0b2fe4e-8c0c-4500-b384-6a21ff9a212a,61.70237,Pitching,25410021,,,,,,,,,,,,,,,,,,,,17.16098115,1638.523219,0.95547952,,9b77c043-4605-420e-86a4-5d9b05ef6d25,c6dfbc40-7dce-4232-9b29-2e7fb5281d98
123,2026-09-22,19:45:45.72,"Wells, Caden",1000511882,Right,,,,,,,Live,,78.5561,-0.3216065983,-3.689148139,2277.124717,218.52574,1:15,6.17785,1.68716,6.14984,-29.281,15.3199,12.24852,3.44003,-0.70503,72.1691,-5.826367662,-1.382424885,0.4806658096,-7.64255,8.4171,-1.41313,50,6.13818,7.0285,-114.20866,-1.44402,-10.13757,20.18966,-21.00907,72dead47-966c-4f0e-bda0-df06cb3c162f,d0b2fe4e-8c0c-4500-b384-6a21ff9a212a,78.41714,Pitching,25410021,,,,,,,,,,,,,,,,,,,,27.86836517,2013.032569,0.8840238543,,a6068e75-3485-4ecd-944c-f7f03b793c6b,c6dfbc40-7dce-4232-9b29-2e7fb5281d98
124,2026-09-22,19:46:09.55,"Wells, Caden",1000511882,Right,,,,,,,Live,,71.7594,-2.200028755,-2.505100076,1128.367457,249.0494891,2:15,6.24815,1.70994,5.61306,,,,,,,,,,-4.09153,1.89803,-1.50024,50,6.02675,4.3869,-104.24041,-5.44489,-4.49575,17.74626,-30.0885,3d04ee74-a422-43f9-b742-e23a25221b14,d0b2fe4e-8c0c-4500-b384-6a21ff9a212a,,Pitching,25410021,,,,,,,,,,,,,,,,,,,,37.86923203,890.7488916,0.7894138436,,7b79b2d6-e236-424b-ba26-9753e6f5e39a,c6dfbc40-7dce-4232-9b29-2e7fb5281d98
125,2026-09-22,19:46:29.29,"Wells, Caden",1000511882,Right,,,,,,,Live,,77.81637,-0.8903386629,-4.329641523,2194.706234,217.4386966,1:15,6.11498,1.82394,6.18111,-30.5324,14.93458,11.48444,2.74615,-1.22418,71.58625,-6.623163444,-2.168559374,0.4853102173,-7.40133,8.36714,-1.50295,50,6.03203,8.24896,-113.04009,-2.58424,-9.6203,19.72644,-21.29837,feef81b4-af6b-4921-99ec-e9129fc291ca,d0b2fe4e-8c0c-4500-b384-6a21ff9a212a,77.66669,Pitching,25410021,,,,,,,,,,,,,,,,,,,,29.8217924,1904.075262,0.867576367,,905b2d74-0fd4-404c-bafd-ea096b54ee95,c6dfbc40-7dce-4232-9b29-2e7fb5281d98
126,2026-09-22,19:47:13.49,"Teer, Max",1000616387,Right,,,,,,,Warmup,,83.07281,-2.86953789,-5.735798781,1476.814788,207.4744959,1:00,6.58887,2.18922,4.74883,-24.5305,17.78928,9.2795,1.80752,-2.49495,76.50346,-7.334511377,-4.043440756,0.4682126342,-6.26392,9.92996,-1.61971,50,6.278,11.72213,-120.05239,-6.9373,-9.21472,21.50326,-17.5663,23bdb69d-27ed-4bc7-9e24-34229eed8e8e,d0b2fe4e-8c0c-4500-b384-6a21ff9a212a,80.50282,Pitching,25410021,,,,,,,,,,,,,,,,,,,,14.44501735,1430.128931,0.9683874663,,999a8663-476f-427d-9463-2484f18d4f51,c6dfbc40-7dce-4232-9b29-2e7fb5281d98
127,2026-09-22,19:47:24.60,"Teer, Max",1000616387,Right,,,,,,,Warmup,,84.38205,-3.237121627,-4.378959715,1670.944472,239.7839634,2:00,6.60101,2.15299,4.9849,-30.70642,9.95985,17.05609,0.97352,-0.56823,77.66741,-8.854224366,-1.233764393,0.4589744638,-10.07291,6.06618,-1.7444,50,6.2637,8.74783,-122.15677,-8.02114,-15.27511,23.25515,-22.97496,5e5235cc-3454-40ca-ad4d-3a8901d31dd7,d0b2fe4e-8c0c-4500-b384-6a21ff9a212a,82.12317,Pitching,25410021,,,,,,,,,,,,,,,,,,,,24.06167411,1525.751278,0.9131071105,,c563b566-93dc-422d-8d5f-bb62989ee4c7,c6dfbc40-7dce-4232-9b29-2e7fb5281d98
128,2026-09-22,19:47:38.31,"Teer, Max",1000616387,Right,,,,,,,Warmup,,84.13693,-0.6267161423,-3.329532774,1641.134702,245.6509521,2:15,6.66294,2.1774,4.31111,-34.67153,7.18666,15.96115,3.17351,0.32109,76.96963,-6.938565708,-0.4123086029,0.4656521627,-9.06153,3.8385,-1.83305,50,6.56119,6.47707,-121.97889,-2.68176,-13.65848,23.8934,-26.38826,b38b6da9-2683-4293-98fd-ff54f6469bd5,d0b2fe4e-8c0c-4500-b384-6a21ff9a212a,80.94548,Pitching,25410021,,,,,,,,,,,,,,,,,,,,17.66966272,1563.709788,0.9528223288,,3ae6c48a-ae84-489c-9619-6e55556b7240,c6dfbc40-7dce-4232-9b29-2e7fb5281d98
129,2026-09-22,19:47:50.86,"Teer, Max",1000616387,Right,,,,,,,Warmup,,85.20936,-1.040789047,-3.283655643,1697.164071,247.6400315,2:15,6.57753,2.16979,4.88283,-33.22514,6.59763,16.10265,2.8225,0.40208,78.2776,-7.137575424,-0.3152561687,0.4541895965,-9.25149,3.70906,-1.86089,50,6.4479,6.50713,-123.66944,-3.46411,-14.37815,23.84951,-26.40963,ae3b10c4-7618-486f-bde6-5385aa294807,d0b2fe4e-8c0c-4500-b384-6a21ff9a212a,82.98834,Pitching,25410021,,,,,,,,,,,,,,,,,,,,23.51458223,1556.229122,0.9169585599,,bc03a24c-3352-480e-83da-04992f65ff6b,c6dfbc40-7dce-4232-9b29-2e7fb5281d98
130,2026-09-22,19:48:16.09,"Teer, Max",1000616387,Right,,,,,,,Warmup,,82.34769,-0.2815743771,-2.195180535,2013.691355,201.5126021,12:45,6.72412,2.10429,4.77485,-36.6773,6.14791,2.43895,3.40059,0.22584,75.54296,-7.00856002,-1.745845426,0.4710002845,-1.86849,3.2636,-1.88696,50,6.6647,4.49708,-119.59702,-1.90098,-2.70878,22.86429,-27.44275,47aac51b-7a67-46b1-8bef-58f3e43fae63,d0b2fe4e-8c0c-4500-b384-6a21ff9a212a,80.02636,Pitching,25410021,,,,,,,,,,,,,,,,,,,203.0593531,45.55307542,1410.083849,0.7002482506,12:45,051d653c-a997-4e37-9e9e-46be7d514c39,c6dfbc40-7dce-4232-9b29-2e7fb5281d98
131,2026-09-22,19:48:27.95,"Teer, Max",1000616387,Right,,,,,,,Warmup,,82.10809,-2.791061705,-3.206267656,1861.459478,240.8622155,2:00,6.6559,2.16879,5.23324,-38.9278,3.49361,6.30208,0.78258,-0.32256,75.94419,-9.922960849,-2.037947638,0.4687744965,-4.18407,2.59436,-1.87846,50,6.37019,6.46209,-119.11295,-7.11586,-6.02791,22.28131,-28.4364,56129a7b-c3f4-4c02-a0e2-420a1af592f8,d0b2fe4e-8c0c-4500-b384-6a21ff9a212a,80.40633,Pitching,25410021,,,,,,,,,,,,,,,,,,,,33.2608068,1556.520259,0.836182725,,c231d092-eeea-4df4-bf30-6af29c321f54,c6dfbc40-7dce-4232-9b29-2e7fb5281d98
132,2026-09-22,19:48:48.32,"Teer, Max",1000616387,Right,,,,,,,Warmup,,70.77583,-0.5767892879,-2.258436244,1694.68565,2.822941718,6:00,6.91487,1.85065,4.99031,-64.98597,-7.61562,-0.37343,0.9544,-0.31372,66.18206,-12.3871041,-2.327378198,0.5451488828,-0.41026,-3.81949,-1.63311,50,6.80753,4.06689,-102.839,-2.9799,-0.4409,16.49,-36.27885,a6033027-db36-4eab-b2ad-2ba53fbd7371,d0b2fe4e-8c0c-4500-b384-6a21ff9a212a,69.14155,Pitching,25410021,,,,,,,,,,,,,,,,,,,,44.44647117,1209.8445,0.7139049653,,3088fbce-3e23-4fe5-98b9-ed11cc172e31,c6dfbc40-7dce-4232-9b29-2e7fb5281d98
133,2026-09-22,19:48:59.94,"Teer, Max",1000616387,Right,,,,,,,Warmup,,72.37738,-4.605391141,-4.568242453,1613.435333,,,6.90891,1.75531,4.72321,,,,,,,,,,-2.47257,-4.26081,-1.29575,50,6.38416,8.27777,-104.46604,-10.55147,-2.72024,18.32781,-36.86164,74708c8d-86b5-4fcf-b317-5551a67c1682,d0b2fe4e-8c0c-4500-b384-6a21ff9a212a,,Pitching,25410021,,,,,,,,,,,,,,,,,,,,45.53610233,1130.146434,0.7004597028,,67e01f42-dea2-4ef4-9e33-f98d033a0236,c6dfbc40-7dce-4232-9b29-2e7fb5281d98
134,2026-09-22,19:49:17.71,"Teer, Max",1000616387,Right,,,,,,,Warmup,,76.27011,-1.613133073,-3.039489451,1435.56104,181.8218232,12:00,6.94565,1.70591,4.9828,-41.35447,8.5097,0.27226,1.97376,-1.14401,70.01441,-9.199109364,-2.989095552,0.5082363547,-1.02531,4.91735,-1.41324,50,6.75723,5.86627,-110.64242,-4.44445,-1.26557,20.52585,-26.10444,02dae96e-28e4-422e-8812-b23ae842206e,d0b2fe4e-8c0c-4500-b384-6a21ff9a212a,74.16321,Pitching,25410021,,,,,,,,,,,,,,,,,,,184.816258,64.30814078,622.3602881,0.4335310521,12:15,ed31b4e0-04bd-43b3-9b2a-2029da4ff3e2,c6dfbc40-7dce-4232-9b29-2e7fb5281d98
135,2026-09-22,19:49:29.50,"Teer, Max",1000616387,Right,,,,,,,Warmup,,76.93437,1.45343177,-1.204930713,1254.9968,233.7461128,1:45,6.93862,2.14064,4.51755,-42.71199,7.47568,10.2576,4.76403,1.84778,69.47622,-6.418835776,0.6921877182,0.509882264,-5.67055,3.39281,-2.02419,50,7.05148,1.99605,-111.57057,1.37146,-7.05124,22.60035,-27.95514,c7064d87-bdb3-4359-86b4-ae4ef640622e,d0b2fe4e-8c0c-4500-b384-6a21ff9a212a,73.92381,Pitching,25410021,,,,,,,,,,,,,,,,,,,,47.43168788,848.9661317,0.6764687619,,b5c827a9-2134-4908-a734-6cf2b21c0b7e,c6dfbc40-7dce-4232-9b29-2e7fb5281d98
136,2026-09-22,19:49:43.87,"Teer, Max",1000616387,Right,,,,,,,Warmup,,83.90062,2.029334912,-1.180936993,1588.465559,207.4480679,1:00,6.79384,2.47098,4.65755,-22.00114,19.52109,10.15718,6.88926,2.1955,76.2456,-2.022186743,0.6903599619,0.4637796916,-5.57661,9.50956,-2.35954,50,6.98143,2.13509,-121.79787,3.5029,-8.36833,24.15328,-17.90389,b9f73bb0-a677-43dc-aa60-847f3c3b679c,d0b2fe4e-8c0c-4500-b384-6a21ff9a212a,81.27229,Pitching,25410021,,,,,,,,,,,,,,,,,,,,16.99111084,1519.129203,0.9563501045,,b5ccdbdd-a5f0-4253-bc12-82b19172d007,c6dfbc40-7dce-4232-9b29-2e7fb5281d98
137,2026-09-22,19:49:53.79,"Teer, Max",1000616387,Right,,,,,,,Warmup,,43.674,7.753548145,1.891946479,1229.493203,163.8205037,11:30,6.88296,0.3913,7.82254,-85.08894,52.61087,-15.18582,6.77537,0.81905,39.98145,-8.726455503,-1.070124304,0.8445747063,9.32426,28.26989,-0.47653,50,7.22977,-1.93634,-63.16033,7.76386,3.76273,6.49372,-20.76598,2fd323df-eba6-45f9-8e5b-368fefa0e804,d0b2fe4e-8c0c-4500-b384-6a21ff9a212a,44.6289,Pitching,25410021,,,,,,,,,,,,,,,,,,,,,,,,be0ef4f5-e673-4703-a2bf-a49059ceb0cf,c6dfbc40-7dce-4232-9b29-2e7fb5281d98
138,2026-09-22,19:50:15.00,"Teer, Max",1000616387,Right,,,,,,Fastball,Live,,87.44645,-1.605914525,-2.997499166,1665.021621,226.5949824,1:30,6.58479,2.06962,4.92337,-24.62004,13.18581,13.96647,3.01265,0.39753,80.05282,-6.135823462,-0.4185265024,0.4425383155,-8.09191,7.30595,-1.78905,50,6.40822,6.12578,-126.91258,-4.4794,-13.22231,25.52077,-20.23601,3272719f-9978-4cd5-bb99-f28eb087a4ce,d0b2fe4e-8c0c-4500-b384-6a21ff9a212a,85.17328,Pitching,25410021,,,,,,,,,,,,,,,,,,,,12.42436278,1626.028284,0.9765808823,,e30647fb-2e9b-474a-b805-5b59379c907b,c6dfbc40-7dce-4232-9b29-2e7fb5281d98
139,2026-09-22,19:50:30.65,"Teer, Max",1000616387,Right,,,,,,Fastball,Live,,87.74713,-2.731910773,-4.939561875,1819.535699,234.584172,1:45,6.62101,2.11144,4.93171,-26.16986,11.48025,16.13739,1.84666,-1.22376,80.62365,-7.526018992,-1.972733302,0.4416259136,-9.70044,6.69644,-1.64345,50,6.33307,10.37354,-126.9933,-7.05853,-15.92578,24.70914,-21.18011,9edc7bc1-62f6-43c7-875d-d4573e3a722b,d0b2fe4e-8c0c-4500-b384-6a21ff9a212a,85.34925,Pitching,25410021,,,,,,,,,,,,,,,,,,,,14.07042408,1764.945333,0.9699976394,,a8d2ac9e-6d7c-492e-bed5-3fb763e77d50,c6dfbc40-7dce-4232-9b29-2e7fb5281d98
140,2026-09-22,19:50:51.39,"Teer, Max",1000616387,Right,,,,,,Splitter,Live,,78.0681,1.692243541,-0.1107899165,1430.445583,183.0763333,12:00,6.94971,1.77303,4.85366,-33.64113,13.99795,0.75411,5.7484,1.73101,71.04559,-4.523360013,0.02876372414,0.4967673827,-0.42398,6.79709,-1.76274,50,7.08859,0.19403,-113.3948,2.22429,-0.55047,21.2858,-23.3491,761100ca-bd1f-4ee4-a760-14ebc9f31161,d0b2fe4e-8c0c-4500-b384-6a21ff9a212a,75.87543,Pitching,25410021,,,,,,,,,,,,,,,,,,,,36.59362451,1148.481606,0.8028838141,,b18e9866-3e1b-45f4-ab12-ebf39383b0a4,c6dfbc40-7dce-4232-9b29-2e7fb5281d98
141,2026-09-22,19:51:19.38,"Teer, Max",1000616387,Right,,,,,,Fastball,Live,,87.46291,-0.7302479304,-2.010346592,1488.928774,212.2602452,1:00,6.59995,2.2319,4.84872,-25.01454,12.8195,8.11367,3.82373,1.00436,79.99997,-5.333895107,-0.5130015157,0.4427032892,-4.76584,6.85997,-2.04034,50,6.50705,4.15427,-127.05243,-2.56216,-7.8013,25.6809,-20.94482,f8edb79b-a905-4f99-9a13-a580da159f56,d0b2fe4e-8c0c-4500-b384-6a21ff9a212a,85.14154,Pitching,25410021,,,,,,,,,,,,,,,,,,,,18.47647484,1412.180239,0.9484538579,,96719335-86d1-4298-92d3-3d5ae399ea05,c6dfbc40-7dce-4232-9b29-2e7fb5281d98
142,2026-09-22,19:51:38.06,"Teer, Max",1000616387,Right,,,,,,Curveball,Live,,65.47347,4.59406956,-1.779866272,1841.42882,27.21629668,7:00,6.96108,1.94213,5.45415,-70.30104,-3.88007,-1.96413,5.41396,0.11199,60.13464,-8.454104907,-2.146219867,0.5865756184,0.54954,-3.33619,-1.78404,50,7.31891,2.99953,-94.90621,5.827,0.50138,14.48258,-35.21783,3895673b-4a8b-4cec-ade8-51994b2f1aa8,d0b2fe4e-8c0c-4500-b384-6a21ff9a212a,64.25845,Pitching,25410021,,,,,,,,,,,,,,,,,,,,52.80087134,1113.303929,0.6045870013,,3dca724b-9708-4046-ace6-54d94cfeb0f4,c6dfbc40-7dce-4232-9b29-2e7fb5281d98
143,2026-09-22,19:51:56.71,"Teer, Max",1000616387,Right,,,,,,Fastball,Live,,86.64138,-1.16754952,-2.977984915,1595.728666,215.9718346,1:15,6.54221,2.11886,5.04008,-21.97459,16.34157,11.88822,3.6081,0.29814,79.24238,-5.224232306,-0.778783381,0.445515068,-7.02756,8.86379,-1.8442,50,6.41358,6.11284,-125.79477,-3.36448,-11.2842,25.02134,-17.94141,a1d464b6-b60e-49be-9523-7073d4b02359,d0b2fe4e-8c0c-4500-b384-6a21ff9a212a,84.60418,Pitching,25410021,,,,,,,,,,,,,,,,,,,,18.876407,1509.90824,0.9462186599,,9f57d9ef-5717-4afc-a9f9-0633f38bfb89,c6dfbc40-7dce-4232-9b29-2e7fb5281d98
144,2026-09-22,19:52:15.25,"Teer, Max",1000616387,Right,,,,,,Fastball,Live,,87.98198,-2.447854945,-4.670007466,1562.814064,209.407583,1:00,6.60558,2.30531,5.17224,-21.42358,15.73443,8.89009,2.508,-1.35763,80.56328,-6.398447826,-3.027373592,0.4387302852,-5.93975,8.93273,-1.87688,50,6.36105,10.08895,-127.42835,-6.23775,-9.78952,25.60775,-17.4517,9e05bbf4-c110-4fdb-aacf-f9cc7f3db2b9,d0b2fe4e-8c0c-4500-b384-6a21ff9a212a,85.91255,Pitching,25410021,,,,,,,,,,,,,,,,,,,,10.2886649,1537.684626,0.983920392,,c947115d-9299-49a3-9f69-336e60ba2381,c6dfbc40-7dce-4232-9b29-2e7fb5281d98
145,2026-09-22,19:52:45.73,"Teer, Max",1000616387,Right,,,,,,Fastball,Live,,88.68072,-2.299688884,-3.73849936,1717.819518,237.0964448,2:00,6.48035,2.19817,5.19467,-25.56563,10.70809,16.55161,2.18122,0.05637,81.71408,-7.005191145,-0.6782848258,0.4334783432,-9.64912,6.21276,-1.86397,50,6.24778,7.80448,-128.66626,-6.10919,-16.29978,24.77492,-21.67914,ec11ce84-6212-45e5-8f7e-78be54547b7d,d0b2fe4e-8c0c-4500-b384-6a21ff9a212a,86.95345,Pitching,25410021,,,,,,,,,,,,,,,,,,,,17.97355338,1633.988296,0.9511990512,,755cd4f3-ea25-44b6-9c86-a3fc843afac6,c6dfbc40-7dce-4232-9b29-2e7fb5281d98
146,2026-09-22,19:53:24.28,"Teer, Max",1000616387,Right,,,,,,Fastball,Live,,87.06743,-2.502870491,-4.265961749,1819.206349,237.9999474,2:00,6.58558,2.03624,4.78678,-28.42898,10.54199,16.86559,1.8366,-0.60833,78.77557,-7.741166816,-1.14207821,0.4493057759,-10.10813,6.2682,-1.62435,50,6.31132,8.76606,-125.94174,-6.57944,-16.04276,28.40332,-22.2257,00e39e83-0cd7-49ea-b7f5-38cddc703be2,d0b2fe4e-8c0c-4500-b384-6a21ff9a212a,83.89039,Pitching,25410021,,,,,,,,,,,,,,,,,,,,,,,,e00fdfef-2945-47cd-9c27-7484a80d47fe,c6dfbc40-7dce-4232-9b29-2e7fb5281d98
147,2026-09-22,19:53:46.65,"Teer, Max",1000616387,Right,,,,,,Cutter,Live,,81.85905,-2.794260847,-4.813634865,1934.143159,185.6324329,12:15,6.67786,2.08133,5.04863,-34.96957,8.16497,0.81037,1.11715,-2.4014,75.61576,-9.170360265,-4.664637612,0.4726982594,-1.71914,5.02323,-1.623,50,6.38356,9.95052,-118.48912,-6.99835,-2.4521,21.94045,-25.00914,d917cef0-8847-4a90-93de-8d638107080a,d0b2fe4e-8c0c-4500-b384-6a21ff9a212a,79.7389,Pitching,25410021,,,,,,,,,,,,,,,,,,,,,,,,485b48c5-86b7-4823-93e2-fcc611ad86f8,c6dfbc40-7dce-4232-9b29-2e7fb5281d98
148,2026-09-22,19:54:06.28,"Teer, Max",1000616387,Right,,,,,,Fastball,Live,,86.69203,-1.141035829,-2.917038276,1676.402406,226.8694738,1:30,6.53352,2.13898,5.20538,-26.41513,11.98847,12.83187,3.25778,0.46296,78.59753,-6.053497339,-0.5228626131,0.4460230813,-7.65562,6.67096,-1.87868,50,6.40855,5.96,-125.80035,-3.43579,-12.15897,27.64331,-21.57896,82216120-c0e6-4cef-9cd6-ccf436cae89a,d0b2fe4e-8c0c-4500-b384-6a21ff9a212a,84.50782,Pitching,25410021,,,,,,,,,,,,,,,,,,,,,,,,ae137e96-1cae-4ebb-9ae2-9d4174d918ca,c6dfbc40-7dce-4232-9b29-2e7fb5281d98
149,2026-09-22,19:54:40.75,"Teer, Max",1000616387,Right,,,,,,Fastball,Live,,88.03191,-0.4352727076,-2.564572259,1912.480388,233.6704176,1:45,6.51878,2.27247,4.97039,-25.68559,11.72475,15.99464,3.96682,1.18169,80.00748,-5.189247565,0.4027159758,0.44021742,-9.10804,6.25452,-2.03761,50,6.45626,5.13162,-127.79472,-1.92304,-14.98904,27.53171,-21.88103,650891c4-9fd1-421d-9974-afac511da066,d0b2fe4e-8c0c-4500-b384-6a21ff9a212a,85.62232,Pitching,25410021,,,,,,,,,,,,,,,,,,,,,,,,6c5ee09a-5477-400a-aa50-4202e607838c,c6dfbc40-7dce-4232-9b29-2e7fb5281d98
150,2026-09-22,19:55:23.64,"Teer, Max",1000616387,Right,,,,,,Curveball,Live,,69.71953,2.04242991,-2.56101202,1788.943475,29.29828243,7:00,6.75249,1.78068,5.16737,-64.60721,-5.54092,-3.08544,3.29319,-0.88793,64.35068,-9.853892689,-3.133269185,0.5531478787,0.90113,-3.48859,-1.53991,50,6.8944,4.61515,-101.21214,1.76731,0.93363,16.70195,-35.78847,d5308575-c341-4867-8583-883ae8169e3d,d0b2fe4e-8c0c-4500-b384-6a21ff9a212a,68.1417,Pitching,25410021,,,,,,,,,,,,,,,,,,,,48.09195412,1194.901664,0.6679370704,,6bd2a6f9-ded7-4d51-929e-706660933bfb,c6dfbc40-7dce-4232-9b29-2e7fb5281d98
151,2026-09-22,19:55:44.39,"Teer, Max",1000616387,Right,,,,,,Cutter,Live,,81.14809,-2.111295666,-1.886059642,1982.850953,172.4656651,11:45,6.643,1.78402,5.25595,-34.91751,8.28962,-1.1012,1.7478,-0.08023,74.97633,-8.529396959,-2.090340301,0.4730958363,0.07806,4.92828,-1.61057,50,6.42413,3.91932,-117.91749,-5.50086,0.11036,21.55009,-25.20632,4529ebdf-73df-44f8-a8f0-d80961d20acb,d0b2fe4e-8c0c-4500-b384-6a21ff9a212a,79.67189,Pitching,25410021,,,,,,,,,,,,,,,,,,,,,,,,1199bc5b-8acf-472d-b175-b8dd22127b4c,c6dfbc40-7dce-4232-9b29-2e7fb5281d98
152,2026-09-22,19:56:28.29,"Teer, Max",1000616387,Right,,,,,,,Live,,87.85413,,,1838.091896,,,6.46551,2.02136,4.79739,,,,4.93748,2.16308,80.04915,,,0.4413678358,-7.24272,9.47132,-1.93027,50,6.45767,1.78348,-127.65516,-0.54425,-11.94241,26.46205,-16.55694,0b15f181-0026-4b80-becf-7183a5b776f6,d40bc223-c815-4e24-a916-78b87235215d,85.39915,Pitching,25410021,,,,,,,,,,,,,,,,,,,,16.52701365,1762.152455,0.9586857216,,c1a8702b-3875-4715-9a65-495ea18854b1,c6dfbc40-7dce-4232-9b29-2e7fb5281d98
153,2026-09-22,19:56:58.54,"Teer, Max",1000616387,Right,,,,,,Fastball,Live,,86.20453,-3.633635393,-4.972127846,1638.394885,220.3524388,1:15,6.60568,1.82445,5.05025,-24.28312,14.67317,12.45808,1.13789,-1.83806,79.1816,-8.083698755,-2.676915302,0.4492211686,-7.84476,8.6474,-1.36019,50,6.23938,10.39677,-124.65279,-8.81878,-12.39055,24.15445,-18.51576,03a4ac10-f8b2-4213-944f-248e97f45374,12413315-e4cd-4a28-88de-5c67e2c9bd52,83.9062,Pitching,25410021,,,,,,,,,,,,,,,,,,,,14.60798003,1585.43222,0.9676740534,,b02c86ea-add4-49ef-9c85-3a79c5e25a9e,c6dfbc40-7dce-4232-9b29-2e7fb5281d98
154,2026-09-22,19:57:29.84,"Teer, Max",1000616387,Right,,,,,,Fastball,Live,,88.04007,-2.501248716,-4.221308087,1861.619057,223.8451793,1:30,6.53047,2.20244,5.26822,-22.19136,14.73182,14.16041,2.32406,-0.58948,80.64078,-6.603477142,-1.595858522,0.4373417465,-8.60883,8.44476,-1.82667,50,6.28526,8.9148,-127.60594,-6.37872,-14.23088,25.631,-18.21439,5479b8fb-9535-4535-a22d-61082036403f,12413315-e4cd-4a28-88de-5c67e2c9bd52,86.18532,Pitching,25410021,,,,,,,,,,,,,,,,,,,,17.2402269,1777.977467,0.9550705125,,d799021c-e799-41d5-8464-7027df0a7f48,c6dfbc40-7dce-4232-9b29-2e7fb5281d98
155,2026-09-22,19:59:24.29,"Teer, Max",1000616387,Right,,,,,,,Warmup,,83.68706,0.6444082247,-2.546897946,2048.133371,199.573909,12:45,6.61963,2.1695,5.26313,-28.92599,11.53208,4.11701,4.81506,0.11866,77.00741,-4.704924227,-1.784704241,0.4577981471,-2.81646,5.90495,-1.93962,50,6.65744,5.27148,-121.66584,0.38374,-4.25567,22.06868,-23.25169,0821a2ba-ef83-48c2-b631-e6932d745e1a,12413315-e4cd-4a28-88de-5c67e2c9bd52,82.33419,Pitching,25410021,,,,,,,,,,,,,,,,,,,,45.82191641,1427.325352,0.6968908239,,7f7b83bd-71e6-4adf-a9cd-860df7e3f328,c6dfbc40-7dce-4232-9b29-2e7fb5281d98
156,2026-09-22,19:59:36.40,"Teer, Max",1000616387,Right,,,,,,,Warmup,,79.86174,-4.694001614,-5.111211438,1925.252065,205.8289194,12:45,6.59631,2.01025,5.12271,,,,,,,,,,-3.44871,5.62435,-1.53254,50,6.12494,10.18259,-115.35314,-10.72412,-4.68461,19.82301,-24.53411,598ba7ab-c1c1-4305-a1f5-22514625c7b7,12413315-e4cd-4a28-88de-5c67e2c9bd52,,Pitching,25410021,,,,,,,,,,,,,,,,,,,,47.68714672,1296.038143,0.6731784196,,eb348064-d1d1-4348-adcf-293fd325e1d1,c6dfbc40-7dce-4232-9b29-2e7fb5281d98
157,2026-09-22,19:59:51.76,"Teer, Max",1000616387,Right,,,,,,,Warmup,,69.17079,-0.07916235298,-1.933992545,1900.182211,34.08597263,7:15,6.78068,1.78753,4.23802,-71.96677,-10.05499,-6.77284,0.70764,-0.62881,64.67751,-12.98048643,-3.168882649,0.5663149798,2.91343,-5.09163,-1.56935,50,6.70002,3.6085,-100.3956,-2.4595,2.97723,16.06452,-37.37717,a80506cf-e865-47a9-af11-c5b429e6d65e,12413315-e4cd-4a28-88de-5c67e2c9bd52,66.55738,Pitching,25410021,,,,,,,,,,,,,,,,,,,,48.40997043,1261.33349,0.6637960731,,615a69a3-0400-42f6-86b3-05d3560adf7a,c6dfbc40-7dce-4232-9b29-2e7fb5281d98
158,2026-09-22,20:00:07.17,"Teer, Max",1000616387,Right,,,,,,,Warmup,,76.71847,-2.326198611,-2.474929316,1041.191477,176.8021065,12:00,6.82852,2.00431,4.70305,-41.0706,8.82687,-0.4956,1.19492,-0.38739,70.37031,-9.815501318,-2.566376736,0.5084060059,-0.47572,5.26027,-1.75338,50,6.55727,4.82416,-111.22876,-5.8957,-0.5923,21.09698,-25.62465,0975d6b0-9605-4bea-869d-4da2dd6397dd,12413315-e4cd-4a28-88de-5c67e2c9bd52,74.13846,Pitching,25410021,,,,,,,,,,,,,,,,,,,,54.51110699,604.4586366,0.5805451256,,f547513b-f041-4736-875e-26f61a545822,c6dfbc40-7dce-4232-9b29-2e7fb5281d98
159,2026-09-22,20:00:24.65,"Teer, Max",1000616387,Right,,,,,,,Warmup,,83.76961,-2.156677686,-3.088234807,1668.45751,210.97413,1:00,6.53675,2.25985,5.05101,-25.05382,15.88067,9.54829,2.41123,0.14045,76.96964,-6.763262456,-1.324227177,0.4604856675,-5.81237,8.87633,-1.9734,50,6.3117,6.22445,-121.57684,-5.4638,-8.73781,22.85295,-18.83015,44d42a60-fa4d-429a-8911-0968fafa1a28,12413315-e4cd-4a28-88de-5c67e2c9bd52,81.85366,Pitching,25410021,,,,,,,,,,,,,,,,,,,,11.90539538,1632.56826,0.9784895631,,431c08d6-9811-47f6-aa60-aaf1fbc6df6b,c6dfbc40-7dce-4232-9b29-2e7fb5281d98
160,2026-09-22,20:01:07.08,"Teer, Max",1000616387,Right,,,,,,Fastball,Live,,86.08272,-0.7597992207,-3.01706786,1778.682865,224.1427895,1:30,6.38225,2.21245,4.80717,-23.95125,15.35904,14.9473,3.66553,0.59742,78.37547,-5.174061544,-0.2568880888,0.4512575753,-8.61993,8.19145,-1.92506,50,6.2865,6.02836,-124.90372,-2.54786,-13.58722,25.67801,-19.26222,51606c87-a7e0-4383-a735-cdd5ab193a5a,12413315-e4cd-4a28-88de-5c67e2c9bd52,83.52755,Pitching,25410021,,,,,,,,,,,,,,,,,,,,17.97672502,1691.851069,0.9511819683,,e8ee4f05-f02b-49e2-aabb-83827ac5d6b9,c6dfbc40-7dce-4232-9b29-2e7fb5281d98
161,2026-09-22,20:01:32.28,"Teer, Max",1000616387,Right,,,,,,Fastball,Live,,84.37727,-2.89273224,-4.357622464,2092.670814,219.8113991,1:15,6.49615,2.13272,5.05668,-29.36032,11.59308,9.67606,1.31161,-1.17777,76.80354,-8.303162461,-2.562758244,0.4605919744,-6.38901,6.95486,-1.72551,50,6.19767,8.96649,-122.09334,-7.21066,-9.56812,25.80458,-21.75852,02f141a1-25d0-42e3-b91f-4d997a4424ae,12413315-e4cd-4a28-88de-5c67e2c9bd52,81.83477,Pitching,25410021,,,,,,,,,,,,,,,,,,,216.9483543,33.42006368,1746.658255,0.8346550462,1:15,2e7f9eac-4496-4634-8c83-06ad4b000cc9,c6dfbc40-7dce-4232-9b29-2e7fb5281d98
162,2026-09-22,20:01:55.57,"Teer, Max",1000616387,Right,,,,,,Fastball,Live,,85.27227,0.3402082236,-1.194190218,1605.343535,218.9320205,1:15,6.50752,1.97058,4.89731,-24.26561,15.53545,12.58045,4.8072,1.88944,77.6921,-4.142814049,1.133914598,0.4540656914,-6.88945,7.99488,-1.86411,50,6.52093,2.12524,-123.90578,-0.14684,-10.69342,25.12452,-19.76485,c37f8347-feb2-48ba-b337-abe1f5eaac25,12413315-e4cd-4a28-88de-5c67e2c9bd52,83.01098,Pitching,25410021,,,,,,,,,,,,,,,,,,,,12.47907907,1567.41725,0.9763749726,,61d004b7-75c3-473a-969a-459c7d976c88,c6dfbc40-7dce-4232-9b29-2e7fb5281d98
163,2026-09-22,20:02:11.92,"Teer, Max",1000616387,Right,,,,,,Fastball,Live,,85.73176,-1.040081151,-2.154275877,1513.20514,234.2762941,1:45,6.45455,2.13311,4.85599,-28.81319,10.4259,14.5361,3.06829,1.30463,78.83841,-6.325314424,0.5237985311,0.4508487198,-8.11155,5.68541,-1.93297,50,6.328,4.14788,-124.55867,-3.32862,-12.81241,23.7538,-23.19379,d17dca88-07cb-431d-9b5b-f2f2211d507e,12413315-e4cd-4a28-88de-5c67e2c9bd52,83.6033,Pitching,25410021,,,,,,,,,,,,,,,,,,,,11.48374813,1482.912612,0.9799812156,,11c7d20b-eff2-4a92-8531-15b53493cf4f,c6dfbc40-7dce-4232-9b29-2e7fb5281d98
164,2026-09-22,20:02:57.43,"Teer, Max",1000616387,Right,,,,,,Fastball,Live,,87.58971,-1.41941589,-5.202229398,1796.457985,218.7762978,1:15,6.35188,2.03537,5.1524,-21.14681,16.36408,13.19755,3.24782,-1.77493,80.06744,-5.326468011,-2.766408057,0.4408086142,-8.33136,8.97317,-1.55858,50,6.20288,11.07304,-126.83858,-3.91723,-13.61408,25.19817,-17.51121,54853cb7-0886-4b84-a737-15eb99fa027b,851e6098-986d-460e-ad5a-e4f3c91f38bb,85.50749,Pitching,25410021,,,,,,,,,,,,,,,,,,,,16.82846254,1719.526107,0.9571757985,,75405c73-1205-4868-a30f-2db1d46eb83b,c6dfbc40-7dce-4232-9b29-2e7fb5281d98
165,2026-09-22,20:03:20.95,"Teer, Max",1000616387,Right,,,,,,Fastball,Live,,86.43213,0.1016250043,-0.8660657098,1667.939422,230.2058679,1:45,6.35674,2.42498,5.32172,-24.77856,13.06331,15.7225,4.38722,2.92251,79.45081,-4.489612156,2.053909711,0.4427490979,-8.52221,6.8667,-2.35796,50,6.34821,1.35306,-125.76532,-0.64072,-13.7315,24.06956,-21.11001,1b903607-6409-4d74-952d-76e98d54d35c,851e6098-986d-460e-ad5a-e4f3c91f38bb,85.13273,Pitching,25410021,,,,,,,,,,,,,,,,,,,,27.03132016,1485.730754,0.8907582218,,667b0231-9116-40c5-a01c-5caf5a67391c,c6dfbc40-7dce-4232-9b29-2e7fb5281d98
166,2026-09-22,20:03:40.65,"Teer, Max",1000616387,Right,,,,,,Fastball,Live,,85.75353,-1.777994164,-0.3807705096,1596.116833,222.0696421,1:30,6.42479,2.06773,5.13133,-25.25938,13.45158,12.16278,2.64507,2.72274,79.11673,-6.421955489,1.869073672,0.4478044218,-6.47043,7.50492,-2.04134,50,6.23888,0.39543,-124.70698,-4.77118,-10.26416,23.35864,-20.26885,d73e8320-4e97-4a02-8a3f-b9ec14134b03,851e6098-986d-460e-ad5a-e4f3c91f38bb,84.17165,Pitching,25410021,,,,,,,,,,,,,,,,,,,,20.96095178,1490.492915,0.9338244446,,d70ea6ea-e679-4e07-bb6d-229c66ccbfe0,c6dfbc40-7dce-4232-9b29-2e7fb5281d98
167,2026-09-22,20:03:58.72,"Teer, Max",1000616387,Right,,,,,,Fastball,Live,,84.85195,-1.247967294,-2.309753419,1539.846818,220.5741009,1:15,6.41065,2.04839,5.16136,-23.57537,16.23397,13.92744,3.27045,1.03414,77.52594,-5.612163202,0.277161749,0.4541129425,-7.96374,8.87972,-1.84357,50,6.27658,4.48628,-123.25906,-3.50886,-12.2475,24.57657,-18.51787,23ec1a80-b059-4757-ab89-cad941a1db40,851e6098-986d-460e-ad5a-e4f3c91f38bb,83.00234,Pitching,25410021,,,,,,,,,,,,,,,,,,,,16.62602723,1475.469978,0.9581926986,,f359981e-03ed-4fbb-b0cd-a9af95d3e0ec,c6dfbc40-7dce-4232-9b29-2e7fb5281d98
168,2026-09-22,20:04:16.71,"Teer, Max",1000616387,Right,,,,,,Fastball,Live,,85.52262,-0.4121842469,-3.625975697,1463.688551,221.4598495,1:30,6.36067,2.29896,5.22817,-25.60559,13.40027,11.88628,3.83866,-0.12322,78.36412,-5.15099692,-1.423927252,0.4495068974,-7.22046,7.16077,-1.97373,50,6.3038,7.45404,-124.16818,-1.78794,-11.31911,23.90238,-20.94851,8038d0ab-dbe5-4013-a395-0113a2717c38,851e6098-986d-460e-ad5a-e4f3c91f38bb,83.85286,Pitching,25410021,,,,,,,,,,,,,,,,,,,,14.65246057,1416.086425,0.9674779677,,9d08fdb2-ba4e-46f3-97b6-27247923b8f5,c6dfbc40-7dce-4232-9b29-2e7fb5281d98
169,2026-09-22,20:04:51.19,"Teer, Max",1000616387,Right,,,,,,Fastball,Live,,87.0012,-1.290128059,-3.80015998,1601.229686,213.9239453,1:15,6.36548,2.22467,5.17005,-22.68453,15.0133,10.12831,3.25829,-0.51228,79.98425,-5.473535765,-1.929695461,0.4419056353,-6.29144,8.20898,-1.87837,50,6.22811,8.02472,-126.28249,-3.66395,-10.23448,23.94127,-18.82025,6c26b965-225c-40cb-ab78-8dd088fb8554,851e6098-986d-460e-ad5a-e4f3c91f38bb,85.29522,Pitching,25410021,,,,,,,,,,,,,,,,,,,,18.2077118,1521.056121,0.9499300038,,3acdd468-d824-4123-8724-5588cd15c03f,c6dfbc40-7dce-4232-9b29-2e7fb5281d98
170,2026-09-22,20:05:12.22,"Teer, Max",1000616387,Right,,,,,,Fastball,Live,,86.3565,-1.168142442,-2.507162773,1661.35942,221.3815702,1:30,6.27087,2.2661,5.02278,-27.015,11.65147,10.29353,2.91626,0.75685,78.91728,-6.154509106,-0.6000844797,0.4475469789,-6.08701,6.42177,-2.03443,50,6.13786,5.1183,-125.39746,-3.53669,-9.68408,25.55421,-21.95739,067778ec-4bfa-4e70-b5df-56ca99d3ee76,851e6098-986d-460e-ad5a-e4f3c91f38bb,84.22007,Pitching,25410021,,,,,,,,,,,,,,,,,,,,25.75246639,1496.352433,0.9006795371,,cc74a890-8ffc-4aaf-b491-0e9aa07d1c99,c6dfbc40-7dce-4232-9b29-2e7fb5281d98
171,2026-09-22,20:05:34.42,"Teer, Max",1000616387,Right,,,,,,Fastball,Live,,83.45198,-4.4336537,-4.615528972,2024.924719,233.2916355,1:45,6.38765,2.02611,5.49885,,,,,,,,,,-8.05716,6.27813,-1.63128,50,5.97793,9.32301,-120.76977,-10.40207,-12.03853,20.9508,-22.79364,4e6151fa-2205-4345-acf2-809f7b916510,851e6098-986d-460e-ad5a-e4f3c91f38bb,,Pitching,25410021,,,,,,,,,,,,,,,,,,,,,,,,71a1f13d-407e-4d2f-8af2-00d6fcc7a0e5,c6dfbc40-7dce-4232-9b29-2e7fb5281d98
172,2026-09-22,20:05:57.56,"Teer, Max",1000616387,Right,,,,,,Fastball,Live,,86.14886,-5.055515406,-6.192596762,1604.768975,239.3449259,2:00,6.27235,2.12911,5.28549,,,,,,,,,,-7.0527,4.56099,-1.57105,50,5.78487,13.11131,-124.18507,-12.17884,-11.12632,22.48777,-24.97864,cea5d0d7-5488-4b82-9e34-73c022279a14,851e6098-986d-460e-ad5a-e4f3c91f38bb,,Pitching,25410021,,,,,,,,,,,,,,,,,,,,20.43763832,1503.753271,0.9370528059,,32fab351-3593-4609-a64b-846599984896,c6dfbc40-7dce-4232-9b29-2e7fb5281d98
173,2026-09-22,20:06:28.15,"Teer, Max",1000616387,Right,,,,,,Fastball,Live,,86.29085,-5.251697216,-4.264774042,1823.132409,222.0037231,1:30,6.19051,2.13713,5.36948,,,,,,,,,,-8.3372,9.43585,-1.76435,50,5.7016,8.82838,-124.75162,-12.28664,-13.2754,22.65082,-17.14926,1bdc3f35-ab05-4d84-bf21-e02280a67110,851e6098-986d-460e-ad5a-e4f3c91f38bb,,Pitching,25410021,,,,,,,,,,,,,,,,,,,,23.79639038,1668.13897,0.9149850893,,0055c8e8-c6ff-4374-bd03-98ab26665704,c6dfbc40-7dce-4232-9b29-2e7fb5281d98
174,2026-09-22,20:06:57.81,"Teer, Max",1000616387,Right,,,,,,Fastball,Live,,84.5189,0.06928835768,-3.089521656,1561.059298,233.5740853,1:45,6.32191,2.06671,4.91776,-29.35919,10.81263,14.72009,3.94091,0.36989,77.85355,-5.320931575,-0.3821623524,0.456175695,-8.4244,5.60173,-1.77757,50,6.30457,6.09325,-122.77925,-0.9158,-12.98335,22.11896,-23.54089,393d43a4-7379-448f-a1f1-4c50d46f9bd3,851e6098-986d-460e-ad5a-e4f3c91f38bb,82.62702,Pitching,25410021,,,,,,,,,,,,,,,,,,,,13.78188036,1516.11588,0.9712096669,,0aea65c1-888a-4469-bf07-60590499b160,c6dfbc40-7dce-4232-9b29-2e7fb5281d98
175,2026-09-22,20:07:29.63,"Teer, Max",1000616387,Right,,,,,,Fastball,Live,,84.64841,-3.547255887,-3.148418828,1716.189334,227.4894655,1:30,6.38567,1.98311,5.10564,-26.7734,13.2074,14.38512,0.80347,0.21286,78.22815,-8.445488451,-0.4918049986,0.4550898663,-8.33395,7.82113,-1.69755,50,6.03021,6.24485,-122.74122,-8.56319,-12.81391,22.50068,-20.14862,a1715b32-9e84-4039-8893-370c4eb90332,851e6098-986d-460e-ad5a-e4f3c91f38bb,82.82417,Pitching,25410021,,,,,,,,,,,,,,,,,,,,30.37736753,1480.579691,0.8627134909,,94908985-608b-40c3-bddf-923b4aed26a8,c6dfbc40-7dce-4232-9b29-2e7fb5281d98
176,2026-09-22,20:07:46.83,"Teer, Max",1000616387,Right,,,,,,Fastball,Live,,82.32087,-3.240080943,-3.161839176,1622.396737,209.283908,1:00,6.36488,2.12255,5.10907,-25.49602,16.67722,9.35529,1.18013,-0.07934,76.14882,-7.905673863,-1.436414606,0.4674012423,-5.68684,9.53862,-1.83204,50,6.03966,6.27602,-119.42071,-7.64517,-8.2921,20.90723,-18.26559,f944a890-92e6-4817-a5bd-62bb399b2045,851e6098-986d-460e-ad5a-e4f3c91f38bb,80.64257,Pitching,25410021,,,,,,,,,,,,,,,,,,,,16.48537767,1555.703555,0.9588921866,,3404bf30-677d-4d38-81f7-0cd01fcdfccc,c6dfbc40-7dce-4232-9b29-2e7fb5281d98
177,2026-09-22,20:08:04.74,"Teer, Max",1000616387,Right,,,,,,Fastball,Live,,84.47874,0.6806239501,-1.932310681,1786.875761,229.9872294,1:45,6.36747,2.3334,5.23186,-25.25478,14.59446,17.44173,4.90299,1.97009,77.40741,-3.999451964,1.304438456,0.4543404922,-9.69082,7.49898,-2.16855,50,6.41147,3.5425,-122.82658,0.58915,-14.86932,23.3259,-20.66782,aca72b66-b1fb-4e50-b72d-14e319939223,851e6098-986d-460e-ad5a-e4f3c91f38bb,82.96077,Pitching,25410021,,,,,,,,,,,,,,,,,,,,17.48871828,1704.27947,0.9537761422,,b4bbaac3-2fa0-46e4-95d5-350070cbb056,c6dfbc40-7dce-4232-9b29-2e7fb5281d98
178,2026-09-22,20:08:53.92,"Teer, Max",1000616387,Right,,,,,,Fastball,Live,,79.68393,-4.32202125,-4.743083676,1425.317525,218.0013567,1:15,6.52025,2.14656,4.80845,,,,,,,,,,-6.43223,7.79335,-1.68296,50,6.0607,9.2082,-115.15625,-9.87201,-8.69889,19.95581,-21.6344,a773eed4-bd6c-4b21-bb9c-5f7c4ad530e0,851e6098-986d-460e-ad5a-e4f3c91f38bb,,Pitching,25410021,,,,,,,,,,,,,,,,,,,,24.39112458,1298.104575,0.910747642,,4f5a18b4-3591-4b39-a4d2-a8e9b2fc17f2,c6dfbc40-7dce-4232-9b29-2e7fb5281d98
179,2026-09-22,20:09:13.53,"Teer, Max",1000616387,Right,,,,,,Fastball,Live,,85.69215,-3.736044885,-5.055525455,1610.752893,209.2452233,1:00,6.31414,1.96206,5.12535,-23.70626,15.444,8.65307,0.80155,-2.09015,79.13196,-8.069871165,-3.464763758,0.45033815,-5.81082,9.03519,-1.49333,50,5.94374,10.65786,-123.94611,-8.96641,-9.11998,22.70722,-17.99348,837f552c-3d9f-4a9f-bd3d-994baebee613,851e6098-986d-460e-ad5a-e4f3c91f38bb,83.69808,Pitching,25410021,,,,,,,,,,,,,,,,,,,,21.81230667,1495.432713,0.9284060387,,44a1c41a-b68d-4cca-b656-e669e726e9b7,c6dfbc40-7dce-4232-9b29-2e7fb5281d98
180,2026-09-22,20:09:39.86,"Teer, Max",1000616387,Right,,,,,,Fastball,Live,,85.52528,-1.219403502,-4.17239831,1681.337767,224.7014626,1:30,6.57171,2.23789,4.7841,-26.27258,13.36324,13.26925,3.22349,-0.61743,78.59721,-6.029716465,-1.73878347,0.4531221812,-7.94465,7.23144,-1.83234,50,6.4273,8.55272,-124.01376,-3.62529,-12.4602,23.15248,-20.83242,66ab74aa-1481-464e-97a5-47df2bacdb9d,851e6098-986d-460e-ad5a-e4f3c91f38bb,83.18383,Pitching,25410021,,,,,,,,,,,,,,,,,,,,16.74318654,1610.058504,0.9576056256,,ee0c355a-b419-4167-84a8-824f394758cb,c6dfbc40-7dce-4232-9b29-2e7fb5281d98
181,2026-09-22,20:09:55.38,"Teer, Max",1000616387,Right,,,,,,Fastball,Live,,83.37922,-2.958565912,-5.06049825,1550.250055,216.6368183,1:15,6.50099,2.05209,5.15325,-24.98079,16.09848,11.98747,1.62117,-1.7245,77.23578,-7.530188087,-2.858895175,0.4612992477,-7.49352,9.14169,-1.58787,50,6.20461,10.27804,-120.74312,-7.12769,-11.21017,20.56806,-18.49825,d80075d8-39d0-4322-999e-aed0ffbc8758,851e6098-986d-460e-ad5a-e4f3c91f38bb,81.7093,Pitching,25410021,,,,,,,,,,,,,,,,,,,,19.07763419,1465.105008,0.945076572,,89e01277-ef4b-4813-8ee4-5f2a572aa01f,c6dfbc40-7dce-4232-9b29-2e7fb5281d98
182,2026-09-22,20:10:13.87,"Teer, Max",1000616387,Right,,,,,,Fastball,Live,,84.13286,-5.429912739,-6.561116473,1593.246088,226.4407054,1:30,6.50028,2.20069,5.22952,,,,,,,,,,-9.37297,8.76554,-1.60549,50,5.97629,13.42755,-121.09666,-12.50196,-14.04172,21.68108,-19.04231,ae7254c0-c0c7-428c-8476-1b652d900e5f,851e6098-986d-460e-ad5a-e4f3c91f38bb,,Pitching,25410021,,,,,,,,,,,,,,,,,,,,26.72031218,1423.106591,0.8932120421,,06e8730a-ecf5-49cb-90d6-266b5411e075,c6dfbc40-7dce-4232-9b29-2e7fb5281d98
183,2026-09-22,20:11:11.61,"Mcgrenera, Grady",1000616386,Left,,,,,,,Warmup,,86.80742,-1.773703386,2.322766319,2279.378915,142.0721181,10:45,6.3012,-2.4764,5.70168,-20.94899,16.15275,-12.60331,2.90107,-1.36145,79.73649,-5.678221382,-0.03500184004,0.4383979444,7.3592,9.11326,2.28966,50,6.1395,-4.70594,-126.22078,-4.59976,11.9267,24.58718,-17.40462,f5f037ba-bf6d-4f94-b600-3bb5a059e8c2,851e6098-986d-460e-ad5a-e4f3c91f38bb,85.97768,Pitching,25410021,,,,,,,,,,,,,,,,,,,141.1924252,-31.64549209,1940.459495,0.8513106278,10:45,698151dd-0526-43e3-ab02-445207027e67,c6dfbc40-7dce-4232-9b29-2e7fb5281d98
184,2026-09-22,20:11:23.06,"Mcgrenera, Grady",1000616386,Left,,,,,,Fastball,Warmup,,88.81421,-0.8095195624,3.51143741,2120.126552,126.7834504,10:15,6.32731,-2.2933,5.93121,-25.62416,9.4698,-12.71321,3.43955,-0.09124,81.75695,-5.6020433,1.129274768,0.4263709589,7.75939,5.31462,2.02027,50,6.24805,-7.51225,-129.1193,-2.65603,13.19378,25.06965,-23.13727,12e568da-abc7-4a20-92a4-e553560c0eec,851e6098-986d-460e-ad5a-e4f3c91f38bb,88.40292,Pitching,25410021,,,,,,,,,,,,,,,,,,,159.4444918,-35.36285662,1728.969897,0.8155031575,11:15,0dab9804-9ab8-4aa5-b5c0-9099e66695e8,c6dfbc40-7dce-4232-9b29-2e7fb5281d98
185,2026-09-22,20:11:35.15,"Mcgrenera, Grady",1000616386,Left,,,,,,,Warmup,,88.25699,-0.779387839,2.413684496,2140.184143,130.5825028,10:15,6.31245,-2.25099,5.82802,-24.04671,11.56162,-13.53389,3.58346,-1.13407,81.25791,-5.270505304,-0.1205475976,0.4294842205,7.89091,6.41109,2.06215,50,6.23458,-4.96984,-128.41844,-2.53601,13.27312,24.78,-21.3901,2f43f839-283c-4d04-8e64-0211465d1a6d,851e6098-986d-460e-ad5a-e4f3c91f38bb,87.7621,Pitching,25410021,,,,,,,,,,,,,,,,,,,128.4643886,-33.0234603,1794.432023,0.83844749,10:15,0a293720-1c20-4c96-ac9e-5694cdcfa321,c6dfbc40-7dce-4232-9b29-2e7fb5281d98
186,2026-09-22,20:11:46.85,"Mcgrenera, Grady",1000616386,Left,,,,,,,Warmup,,88.1625,-0.8993670786,2.975799635,2238.252346,113.5204332,9:45,6.2359,-2.34512,5.73109,-29.60551,6.26299,-14.44925,2.93013,-0.77581,81.25342,-6.41194171,0.2754753507,0.4310504052,8.50484,3.58557,2.10618,50,6.14272,-6.18385,-128.19552,-2.99925,14.25016,24.79956,-26.16631,7991249f-7e75-41d6-a6c2-fd64daaf32c3,851e6098-986d-460e-ad5a-e4f3c91f38bb,87.44323,Pitching,25410021,,,,,,,,,,,,,,,,,,,,-36.11695843,1808.094844,0.8078154579,,1d5b77f3-89fb-47d3-bb05-e65547160b2c,c6dfbc40-7dce-4232-9b29-2e7fb5281d98
187,2026-09-22,20:11:59.58,"Mcgrenera, Grady",1000616386,Left,,,,,,,Warmup,,78.87789,1.693107903,3.741454609,1590.87131,336.2143174,5:15,6.2337,-2.56335,4.98398,-51.04306,-4.6799,2.05086,3.58261,1.14522,72.69167,-7.674242152,4.118869107,0.4900697681,-0.06639,-2.89619,2.20109,50,6.35626,-7.55004,-114.41067,1.689,-0.08831,20.41331,-36.02638,9a910888-8e93-4fed-87f2-ead1b8f217ca,851e6098-986d-460e-ad5a-e4f3c91f38bb,76.91239,Pitching,25410021,,,,,,,,,,,,,,,,,,,,-53.24931175,951.8727527,0.5983342253,,88eb3014-0635-424b-b307-67f4bc194512,c6dfbc40-7dce-4232-9b29-2e7fb5281d98
188,2026-09-22,20:12:10.58,"Mcgrenera, Grady",1000616386,Left,,,,,,,Warmup,,78.40376,0.1024061919,3.993092034,1700.835991,13.92224525,6:30,6.15896,-2.49918,5.05776,-54.05326,-7.1774,-1.77374,1.75132,1.12421,72.49075,-9.798959011,3.665802699,0.4927719652,2.02569,-3.78472,2.12075,50,6.12662,-7.88105,-113.73066,-1.5635,2.65649,20.61505,-37.13732,65c1c727-cb68-484d-bead-3444ba77d480,851e6098-986d-460e-ad5a-e4f3c91f38bb,76.49063,Pitching,25410021,,,,,,,,,,,,,,,,,,,350.3866693,-56.52603224,938.109789,0.5515580537,5:45,d3cd7c7d-acae-4b76-bc35-59efb74c85c0,c6dfbc40-7dce-4232-9b29-2e7fb5281d98
189,2026-09-22,20:12:22.64,"Mcgrenera, Grady",1000616386,Left,,,,,,,Warmup,,80.59918,0.8089853341,1.156560354,965.9062662,141.0022045,10:45,5.91341,-2.68966,5.44236,-40.506,3.23222,-2.64762,3.29548,-1.82739,73.6067,-6.739292531,0.6612188243,0.4759945369,1.74293,1.48222,2.58938,50,5.95731,-2.28212,-117.1856,0.3748,2.413,23.05245,-30.12199,adefed7a-1ec7-4366-85b9-635c328c6eb2,851e6098-986d-460e-ad5a-e4f3c91f38bb,79.18671,Pitching,25410021,,,,,,,,,,,,,,,,,,,,-33.85166031,802.1683007,0.8304825517,,290a2ae8-9521-4cb0-a5ec-4b637f78dcf6,c6dfbc40-7dce-4232-9b29-2e7fb5281d98
190,2026-09-22,20:12:36.01,"Mcgrenera, Grady",1000616386,Left,,,,,,Fastball,Warmup,,87.07705,-0.4530810701,4.287363006,2200.137028,113.0603645,9:45,6.13288,-2.49421,6.02005,-29.08981,7.43183,-17.55288,3.28794,0.02103,79.96106,-5.908076962,0.9912718096,0.4349572246,10.63468,4.14229,2.16808,50,6.08141,-8.93651,-126.48207,-1.90734,17.31031,24.63642,-25.43155,419ff302-47c3-4ae4-bdc1-834ea216bf8d,851e6098-986d-460e-ad5a-e4f3c91f38bb,86.65781,Pitching,25410021,,,,,,,,,,,,,,,,,,,112.0599496,-38.59661666,1719.53318,0.7815573114,9:45,033168cd-6c60-44ad-abd9-298944e27567,c6dfbc40-7dce-4232-9b29-2e7fb5281d98
191,2026-09-22,20:12:41.74,"Mcgrenera, Grady",1000616386,Left,,,,,,,Warmup,,48.28458,3.138328576,2.148027123,1205.240404,,,8.06705,1.89939,,,,,4.55263,2.13272,42.28991,,,0.8691462724,11.86914,30.20468,-2.18251,50,8.40488,-1.98008,-69.27719,1.64817,5.48097,11.31892,-18.22604,94b370be-8133-4464-a7a4-2314cd2b2178,851e6098-986d-460e-ad5a-e4f3c91f38bb,,Pitching,25410021,,,,,,,,,,,,,,,,,,,,,,,,df28da96-3da7-4809-b384-79b9d55334ef,c6dfbc40-7dce-4232-9b29-2e7fb5281d98
192,2026-09-22,20:13:20.10,"Mcgrenera, Grady",1000616386,Left,,,,,,Fastball,Live,,90.3264,-1.192519342,2.253925287,2288.461667,129.9168861,10:15,6.32554,-2.26933,6.12313,-22.09437,11.67782,-13.98593,3.38107,-1.35043,82.7838,-5.35072733,-0.3863522912,0.4182645577,8.21886,6.67434,2.10445,50,6.2228,-4.73121,-131.43813,-3.43648,14.40278,27.40635,-20.47789,873af437-2b22-4763-ad18-d8a9a2e0404e,851e6098-986d-460e-ad5a-e4f3c91f38bb,90.11626,Pitching,25410021,,,,,,,,,,,,,,,,,,,,-33.96782794,1897.938963,0.8293514333,,198c0e5b-1513-4418-abb2-19731e920062,c6dfbc40-7dce-4232-9b29-2e7fb5281d98
193,2026-09-22,20:13:37.60,"Mcgrenera, Grady",1000616386,Left,,,,,,Fastball,Live,,89.34913,-1.319059633,3.929966058,2213.143426,112.3533767,9:45,6.15282,-2.42581,5.88169,-28.27048,6.77503,-16.51766,2.56907,-0.1475,81.7023,-6.615667196,0.8257022869,0.4260765029,10.01455,4.02555,2.11817,50,6.02994,-8.37461,-129.7302,-3.91445,17.04796,27.41954,-25.32128,0afed3ab-779d-406b-85b5-9b45e2fa90bb,851e6098-986d-460e-ad5a-e4f3c91f38bb,88.46402,Pitching,25410021,,,,,,,,,,,,,,,,,,,,-38.73634905,1726.326211,0.7800335898,,c3e4c4e9-48a1-4534-b0dd-54d9fc7c9feb,c6dfbc40-7dce-4232-9b29-2e7fb5281d98
194,2026-09-22,20:13:46.94,"Mcgrenera, Grady",1000616386,Left,,,,,,,Live,,43.06005,5.475174709,20.34065389,1502.051956,,,7.42886,-0.4421,,,,,2.16946,12.76986,37.55181,,,0.8463003087,44.58953,9.81668,1.20626,50,7.20329,-22.36227,-59.26927,7.02575,14.74897,9.34358,-28.92697,84233a6d-b8e8-4bfd-9c03-3d967ebe7286,851e6098-986d-460e-ad5a-e4f3c91f38bb,,Pitching,25410021,,,,,,,,,,,,,,,,,,,,,,,,26f46f56-5a9f-4b37-8609-e108754af599,c6dfbc40-7dce-4232-9b29-2e7fb5281d98
195,2026-09-22,20:14:14.36,"Mcgrenera, Grady",1000616386,Left,,,,,,Fastball,Live,,91.36144,-1.039155448,3.676355827,2401.919324,142.6498323,10:45,6.31866,-2.40341,6.14175,-19.08294,13.84556,-10.59828,3.76617,0.11496,83.9458,-4.626278127,1.683252276,0.4130069634,6.71348,7.7935,2.129,50,6.2295,-8.19583,-132.82546,-3.02386,12.07183,26.71288,-18.16018,a3c51bc7-3e52-4043-9f5c-9c40756ab89f,851e6098-986d-460e-ad5a-e4f3c91f38bb,91.26345,Pitching,25410021,,,,,,,,,,,,,,,,,,,,-34.57633878,1977.670232,0.8233707986,,e8f75d1a-abc3-4e63-9bbe-7f53d2fd16c4,c6dfbc40-7dce-4232-9b29-2e7fb5281d98
196,2026-09-22,20:14:36.84,"Mcgrenera, Grady",1000616386,Left,,,,,,Slider,Live,,79.548,-0.1070452522,1.67813007,1605.635005,1.655621341,6:00,6.09866,-2.56806,5.25587,-53.15193,-8.43882,-0.24294,1.56873,-1.01134,74.1216,-9.855200011,1.633143736,0.4812700638,0.55313,-4.4125,2.41463,50,6.04991,-3.3825,-115.72386,-1.94235,0.75654,19.85615,-38.20922,c54ad817-b634-40cd-bfdc-c3d09e148e38,851e6098-986d-460e-ad5a-e4f3c91f38bb,78.31869,Pitching,25410021,,,,,,,,,,,,,,,,,,,,-48.6039386,1061.742685,0.6612603,,4020a022-b146-4461-a619-afdaa2064673,c6dfbc40-7dce-4232-9b29-2e7fb5281d98
197,2026-09-22,20:14:57.33,"Mcgrenera, Grady",1000616386,Left,,,,,,Fastball,Live,,90.87121,0.3722475593,2.415075863,2356.547891,117.6921075,10:00,6.19543,-2.31958,6.06262,-25.70925,7.85267,-15.03635,4.39777,-1.33646,82.86274,-4.477920529,-0.4257749122,0.4169603656,8.85181,4.15782,2.14054,50,6.2105,-5.09347,-132.1942,0.03558,15.62825,28.77701,-24.83324,63e4ead0-d359-4353-a01f-68e4644ac919,851e6098-986d-460e-ad5a-e4f3c91f38bb,90.39813,Pitching,25410021,,,,,,,,,,,,,,,,,,,155.9561467,-41.94243085,1752.839849,0.7438167734,11:15,4370a637-264f-4159-9325-4b1586b95189,c6dfbc40-7dce-4232-9b29-2e7fb5281d98
198,2026-09-22,20:15:16.78,"Mcgrenera, Grady",1000616386,Left,,,,,,Fastball,Live,,89.76033,-0.3290566469,3.823187209,2303.868505,112.4760709,9:45,6.13524,-2.35107,6.23732,-26.78612,7.6711,-18.63496,3.59889,-0.37256,81.36899,-5.409529015,0.283657399,0.4224852593,11.36148,4.29838,2.07552,50,6.09746,-8.14666,-130.38625,-1.56492,19.3845,29.69359,-24.84033,765de78d-de21-42d9-b954-058b249aeb75,851e6098-986d-460e-ad5a-e4f3c91f38bb,89.21599,Pitching,25410021,,,,,,,,,,,,,,,,,,,122.2843044,-44.08737928,1654.821682,0.7182795712,10:00,0887917c-6ba2-49fe-897f-846f51b72df3,c6dfbc40-7dce-4232-9b29-2e7fb5281d98
199,2026-09-22,20:15:35.18,"Mcgrenera, Grady",1000616386,Left,,,,,,ChangeUp,Live,,84.64469,-2.934810896,3.844214594,1814.554573,137.0927151,10:30,5.96159,-2.41926,6.41623,-23.42959,14.63077,-13.59805,1.30302,-0.01355,78.05638,-7.340599357,1.273567477,0.444025413,8.46442,8.79569,2.15124,50,5.74097,-7.88071,-122.94405,-6.97283,13.03669,22.94322,-18.62715,22978b22-cc37-416b-9221-16a3b5a296ab,851e6098-986d-460e-ad5a-e4f3c91f38bb,84.88802,Pitching,25410021,,,,,,,,,,,,,,,,,,,,-26.63191998,1622.038766,0.8939046476,,e362c383-bf64-4807-8c68-89c48e39b921,c6dfbc40-7dce-4232-9b29-2e7fb5281d98
200,2026-09-22,20:15:53.50,"Mcgrenera, Grady",1000616386,Left,,,,,,Fastball,Live,,90.46081,-2.456887974,4.589862525,2236.660525,113.1906398,9:45,6.18876,-2.36263,6.19707,-26.5144,7.28364,-16.97033,1.70279,0.46878,82.9857,-7.43736949,1.389418177,0.4184245746,10.51224,4.64674,2.02591,50,5.99013,-10.00763,-131.23265,-6.47346,18.3567,27.42642,-24.05981,adb801a6-cf03-45bc-89d4-ace3f2d5fcb6,851e6098-986d-460e-ad5a-e4f3c91f38bb,90.0818,Pitching,25410021,,,,,,,,,,,,,,,,,,,,-42.87224187,1639.187219,0.7328726022,,39866f78-07f3-4165-b631-7a9f61aa9fe1,c6dfbc40-7dce-4232-9b29-2e7fb5281d98
201,2026-09-22,20:16:31.23,"Mcgrenera, Grady",1000616386,Left,,,,,,Slider,Live,,78.54217,0.9442638014,2.240054412,1641.7345,325.6563385,4:45,6.01202,-2.37597,5.44148,-52.47008,-6.84034,4.65278,2.5243,0.10998,72.93201,-8.735777918,3.103810974,0.4861780606,-1.88933,-3.86636,2.17496,50,6.05945,-4.61286,-114.22763,0.25233,-2.51474,19.58245,-37.32026,614155fa-43df-4440-8b8d-30d724bdea25,851e6098-986d-460e-ad5a-e4f3c91f38bb,77.52805,Pitching,25410021,,,,,,,,,,,,,,,,,,,,-51.40458249,1024.142037,0.6238170891,,35cf4676-d08a-4833-81b0-b6044395e7a9,c6dfbc40-7dce-4232-9b29-2e7fb5281d98
202,2026-09-22,20:17:14.30,"Mcgrenera, Grady",1000616386,Left,,,,,,Fastball,Live,,90.96132,-1.508433272,3.36282439,2302.82183,114.4824525,9:45,6.19364,-2.26068,6.12818,-25.46685,7.77785,-17.10719,2.67456,-0.57472,83.73651,-6.286543737,0.1419670559,0.4149852417,10.17157,4.61951,2.01285,50,6.06499,-7.22604,-132.25609,-4.30051,18.12221,26.65009,-23.94369,d38ba136-a21c-471b-8bdc-9b58c181aec0,851e6098-986d-460e-ad5a-e4f3c91f38bb,90.82838,Pitching,25410021,,,,,,,,,,,,,,,,,,,125.0622776,-39.67033653,1772.551411,0.7697301581,10:15,fc044740-17cb-4571-abce-35a0be8d3a25,c6dfbc40-7dce-4232-9b29-2e7fb5281d98
203,2026-09-22,20:17:38.84,"Mcgrenera, Grady",1000616386,Left,,,,,,ChangeUp,Live,,83.15601,-0.6545748431,3.076782093,1354.183739,119.2770142,10:00,5.97068,-2.4632,6.30633,-32.49336,7.26726,-13.02512,2.65907,-0.71185,76.08294,-6.793844331,0.6061654965,0.4538350066,8.01608,4.16869,2.24414,50,5.90703,-6.13676,-120.94244,-2.29206,11.84028,24.19339,-26.01661,2a68a6fe-92ce-40e1-86eb-a9e5327e4bca,851e6098-986d-460e-ad5a-e4f3c91f38bb,83.05318,Pitching,25410021,,,,,,,,,,,,,,,,,,,121.2281595,-25.50020236,1222.264256,0.9025837639,10:00,0cfe7feb-3401-4f9f-884e-d7d080e82a0e,c6dfbc40-7dce-4232-9b29-2e7fb5281d98
204,2026-09-22,20:18:24.22,"Mcgrenera, Grady",1000616386,Left,,,,,,Fastball,Live,,90.15614,-1.172724379,5.184687174,2320.45013,146.2778761,11:00,6.29259,-2.25235,6.30012,-21.23682,12.58636,-8.44227,3.43793,1.83343,82.68182,-5.172850097,3.596292927,0.4185801189,6.00311,7.19694,1.87549,50,6.19595,-11.61246,-130.80988,-3.33507,10.44236,26.57903,-19.65504,298e06c9-0f0c-4580-9927-fe152f5ec050,851e6098-986d-460e-ad5a-e4f3c91f38bb,90.04833,Pitching,25410021,,,,,,,,,,,,,,,,,,,135.2351901,-42.26435791,1717.248223,0.740049614,10:30,564905a5-6192-4fd1-8070-5706f53c1016,c6dfbc40-7dce-4232-9b29-2e7fb5281d98
205,2026-09-22,20:19:02.29,"Mcgrenera, Grady",1000616386,Left,,,,,,Fastball,Live,,90.99849,-0.6205500724,3.174037402,2215.146444,119.318261,10:00,6.20255,-2.33573,6.19179,-25.37166,8.03871,-14.36959,3.51451,-0.60021,82.88475,-5.417542078,0.4517175315,0.4160179036,8.76725,4.56835,2.10417,50,6.14298,-6.88759,-132.29774,-2.22767,15.46867,29.40824,-24.11379,5cc1ffee-cf8f-43d2-9628-893a759256bf,851e6098-986d-460e-ad5a-e4f3c91f38bb,90.60293,Pitching,25410021,,,,,,,,,,,,,,,,,,,,-33.34465765,1850.487234,0.8353791865,,9b45338a-9443-4958-891a-ee1685b63a31,c6dfbc40-7dce-4232-9b29-2e7fb5281d98
206,2026-09-22,20:19:40.77,"Mcgrenera, Grady",1000616386,Left,,,,,,,Live,,66.98937,1.276096186,-1.587583889,1618.873612,219.8671573,1:15,6.22081,2.43435,14.89923,-32.51908,9.72295,8.15491,4.49548,1.88937,62.19426,-6.018857002,0.2471538546,0.467782276,-6.72733,7.12706,-2.56251,50,6.09806,3.01851,-98.90236,3.31,-6.65412,15.97846,-25.12454,4a5ecf3c-07bf-4b94-820a-dbf1c1287f49,851e6098-986d-460e-ad5a-e4f3c91f38bb,80.57689,Pitching,25410021,,,,,,,,,,,,,,,,,,,,25.04953077,1466.605768,0.9059421055,,15a0135c-443a-4f3e-9267-e759ac4a1b61,c6dfbc40-7dce-4232-9b29-2e7fb5281d98
207,2026-09-22,20:21:04.78,"Jones, Gunnar",1000616588,Right,,,,,,,Warmup,,81.15617,0.1056368302,-3.52096012,2075.974031,215.4732847,1:15,6.31476,2.40629,5.33961,-27.69889,15.3499,10.98537,4.10579,0.01497,74.49892,-5.02731715,-1.483456982,0.4722281699,-6.72072,8.07752,-2.09665,50,6.30462,6.89528,-117.88118,-0.68473,-9.51274,21.16747,-20.74085,7737567d-1f84-4ab5-97ca-c9b00c27d888,851e6098-986d-460e-ad5a-e4f3c91f38bb,79.81828,Pitching,25410021,,,,,,,,,,,,,,,,,,,,22.28662216,1920.895224,0.9252982914,,5a0037eb-d52d-4017-8998-033ecf91cdec,c6dfbc40-7dce-4232-9b29-2e7fb5281d98
208,2026-09-22,20:21:15.09,"Jones, Gunnar",1000616588,Right,,,,,,,Warmup,,75.28867,-0.9548265111,-6.776175127,1617.412192,222.3459773,1:30,6.18013,2.69824,5.44997,-37.14573,13.68591,12.57551,2.18451,-2.62642,68.61701,-7.843014775,-4.44457988,0.5131430391,-8.67594,7.55619,-2.10686,50,6.07025,12.5494,-108.71383,-2.91188,-10.33078,19.95492,-23.17659,5018f873-679d-431f-a8e7-499c03b0f71b,851e6098-986d-460e-ad5a-e4f3c91f38bb,73.45406,Pitching,25410021,,,,,,,,,,,,,,,,,,,214.4661288,45.60289266,1131.585674,0.6996272684,1:15,837e9ae6-4729-4100-968c-ffae1498ce39,c6dfbc40-7dce-4232-9b29-2e7fb5281d98
209,2026-09-22,20:21:27.25,"Jones, Gunnar",1000616588,Right,,,,,,,Warmup,,74.90583,0.1945476512,-2.498201062,1591.684219,205.0269418,12:45,6.23482,2.66867,5.20235,-36.07785,15.49147,7.2601,3.41146,0.92293,67.77171,-6.526703876,-1.14107831,0.5168530954,-4.62033,8.11744,-2.44292,50,6.22637,4.52391,-108.72273,-0.72179,-5.45999,21.32541,-22.58141,847e0ea6-09fd-4e3f-a3f9-f3d4a0c661ff,851e6098-986d-460e-ad5a-e4f3c91f38bb,72.92679,Pitching,25410021,,,,,,,,,,,,,,,,,,,,45.0126306,1125.242568,0.7069508854,,70318559-1920-4ffc-a243-b0a19d28ecfc,c6dfbc40-7dce-4232-9b29-2e7fb5281d98
210,2026-09-22,20:21:37.72,"Jones, Gunnar",1000616588,Right,,,,,,,Warmup,,69.67352,2.222957759,-2.619486047,2046.288947,74.51230264,8:30,6.06504,2.66338,4.4408,-62.96632,-2.37506,-8.44551,2.9411,-0.54028,64.44622,-9.202238741,-4.160891042,0.5602429188,3.61888,-1.81385,-2.37825,50,6.24092,4.89074,-101.05134,1.93166,3.75407,15.9672,-34.05566,fca4b86e-494b-446f-b94c-87f5ce6d641f,851e6098-986d-460e-ad5a-e4f3c91f38bb,67.27874,Pitching,25410021,,,,,,,,,,,,,,,,,,,50.36535983,57.37367959,1103.272508,0.539157732,7:45,69b82456-5820-45e5-8fd0-6d496c1c1e05,c6dfbc40-7dce-4232-9b29-2e7fb5281d98
211,2026-09-22,20:21:47.97,"Jones, Gunnar",1000616588,Right,,,,,,,Warmup,,70.1064,2.798061755,-0.1653242203,2095.622708,62.79878883,8:00,6.22248,2.6572,4.31799,-63.27484,-3.88011,-7.44628,3.62614,1.87866,65.37199,-8.626370593,-1.517778032,0.5546836785,3.74427,-2.62728,-2.632,50,6.46196,0.53762,-101.83456,2.90558,3.99235,14.31205,-34.97539,9746299a-2576-43eb-8ff0-4d349f09a6a0,851e6098-986d-460e-ad5a-e4f3c91f38bb,67.95303,Pitching,25410021,,,,,,,,,,,,,,,,,,,,50.2521239,1339.963166,0.6394105013,,d57436fa-e26b-4dca-acf5-18326dcbd9c8,c6dfbc40-7dce-4232-9b29-2e7fb5281d98
212,2026-09-22,20:21:58.46,"Jones, Gunnar",1000616588,Right,,,,,,,Warmup,,79.03087,1.746255652,-1.276324345,1761.912883,214.4831515,1:15,6.37184,2.70505,5.39675,-31.95193,12.99544,8.95388,5.34631,2.25511,72.9362,-4.17226046,0.3843733811,0.4825291356,-5.04201,6.43925,-2.59764,50,6.50507,2.27865,-114.99162,2.49557,-6.83145,18.94634,-23.44947,56016ba0-eba1-4759-940d-65dd72cb3aa1,851e6098-986d-460e-ad5a-e4f3c91f38bb,78.11433,Pitching,25410021,,,,,,,,,,,,,,,,,,,,30.14970845,1523.554254,0.8647159963,,8e4d087c-b86a-4d16-8cf2-d44e75f9ac29,c6dfbc40-7dce-4232-9b29-2e7fb5281d98
213,2026-09-22,20:22:08.86,"Jones, Gunnar",1000616588,Right,,,,,,,Warmup,,79.75917,1.813244304,-2.552284971,1872.116603,200.267801,12:45,6.33323,2.68515,5.66059,-27.57198,16.38344,6.06963,5.72844,0.80968,73.17011,-3.331435897,-1.419562506,0.4771749328,-3.90268,8.27904,-2.47333,50,6.46911,4.98426,-115.96001,2.8357,-5.34925,20.33557,-20.82628,35f5d150-5008-4bfa-9bd8-93d183a79249,851e6098-986d-460e-ad5a-e4f3c91f38bb,78.99082,Pitching,25410021,,,,,,,,,,,,,,,,,,,,32.71222367,1575.190497,0.8413955062,,be4313f1-1da9-4af3-9b8e-9df6b4866a53,c6dfbc40-7dce-4232-9b29-2e7fb5281d98
214,2026-09-22,20:22:15.15,"Jones, Gunnar",1000616588,Right,,,,,,,Warmup,,36.28735,11.2249009,1.739396321,1017.119792,,,6.56215,-0.17427,-1.96821,,,,1.93623,0.85908,36.05626,,,1.198532676,4.224,29.59411,-0.1714,50,8.36551,-1.29517,-51.68177,4.6636,1.20543,2.07211,-23.72861,3da247f9-1cc9-40e2-8838-2073a72f2b69,851e6098-986d-460e-ad5a-e4f3c91f38bb,31.44882,Pitching,25410021,,,,,,,,,,,,,,,,,,,,,,,,572f2b6f-d3bf-445f-8434-b61f81993caf,c6dfbc40-7dce-4232-9b29-2e7fb5281d98
215,2026-09-22,20:22:39.75,"Jones, Gunnar",1000616588,Right,,,,,,Fastball,Live,,83.14949,0.9124007105,-1.877635447,1866.58013,207.2925898,1:00,6.2825,2.54255,5.79184,-23.58388,16.66037,8.6195,5.16632,1.51384,76.20502,-3.5040831,-0.2623367754,0.4565867383,-5.12436,8.70186,-2.39342,50,6.34334,3.69946,-120.99584,1.19717,-7.6316,22.59024,-19.21455,9e849e25-d8a7-4986-a852-f4fd56299ef5,851e6098-986d-460e-ad5a-e4f3c91f38bb,82.55264,Pitching,25410021,,,,,,,,,,,,,,,,,,,,31.44496461,1592.457264,0.8531416563,,9eeef5af-84fe-49e7-af6a-761dc81b0c67,c6dfbc40-7dce-4232-9b29-2e7fb5281d98
216,2026-09-22,20:22:56.39,"Jones, Gunnar",1000616588,Right,,,,,,Fastball,Live,,83.87886,-0.07875846408,-3.340727368,1957.550643,215.3941511,1:15,6.2176,2.46121,5.62793,-24.68298,15.20387,10.84392,4.08709,0.2446,76.89979,-4.681366873,-1.317156385,0.4545547709,-6.6736,8.13494,-2.18382,50,6.19512,6.76741,-121.8993,-0.96043,-10.08682,22.95156,-19.8785,ad9e6b9f-66d8-4917-959b-e678ada8097d,851e6098-986d-460e-ad5a-e4f3c91f38bb,82.92167,Pitching,25410021,,,,,,,,,,,,,,,,,,,,26.68261111,1749.086597,0.8935077125,,3826e6c9-fb8d-4103-8d84-c4e2687626c8,c6dfbc40-7dce-4232-9b29-2e7fb5281d98
217,2026-09-22,20:23:15.92,"Jones, Gunnar",1000616588,Right,,,,,,Fastball,Live,,83.86297,-0.2915565822,-3.929590203,2040.024519,215.915137,1:15,6.17512,2.52518,5.87127,-24.91303,14.67277,10.6734,3.82763,-0.24053,76.90125,-4.955087603,-1.930830527,0.4528361749,-6.79205,7.97737,-2.21352,50,6.13702,8.04103,-121.83849,-1.38776,-10.25337,22.97758,-20.1313,87030143-91db-4d71-a50d-2a57a3fa3de5,851e6098-986d-460e-ad5a-e4f3c91f38bb,83.23637,Pitching,25410021,,,,,,,,,,,,,,,,,,,,30.59469588,1756.030967,0.8607891475,,e1b57c82-dee4-4a69-9ea7-4cd1f8d83628,c6dfbc40-7dce-4232-9b29-2e7fb5281d98
218,2026-09-22,20:23:36.05,"Jones, Gunnar",1000616588,Right,,,,,,Fastball,Live,,84.91545,1.309014584,-2.798880145,1981.162318,218.2346696,1:15,6.46279,2.24648,5.70024,-26.21936,12.60877,9.97807,5.49911,0.46822,77.68196,-3.594320703,-0.9323464498,0.4484816194,-6.09143,6.39687,-2.01809,50,6.55628,5.71461,-123.44027,1.98264,-9.43093,23.78523,-22.27023,fedfbd80-25ed-4683-a60d-e7f3db1e0c2b,851e6098-986d-460e-ad5a-e4f3c91f38bb,84.04456,Pitching,25410021,,,,,,,,,,,,,,,,,,,,26.74920766,1769.148565,0.8929851677,,eb22e3ed-43b6-4001-a3d4-9b67a80ecda8,c6dfbc40-7dce-4232-9b29-2e7fb5281d98
219,2026-09-22,20:23:54.36,"Jones, Gunnar",1000616588,Right,,,,,,Slider,Live,,71.01913,3.540701638,-0.7582674754,2115.887836,72.7441415,8:30,6.0348,2.47937,4.86953,-61.71344,-3.86636,-12.30188,4.24675,0.73671,64.86552,-7.832891553,-3.035636722,0.5474092321,6.1844,-3.05502,-2.39474,50,6.33234,1.73515,-102.97558,4.50476,6.60436,17.97056,-35.43652,4c7bf726-33c1-4baf-8af2-92834f5f7216,851e6098-986d-460e-ad5a-e4f3c91f38bb,68.85605,Pitching,25410021,,,,,,,,,,,,,,,,,,,,46.98256121,1443.50296,0.6822209265,,6b2c23b8-a408-49f2-8ab1-f97bd89f8267,c6dfbc40-7dce-4232-9b29-2e7fb5281d98
220,2026-09-22,20:24:13.71,"Jones, Gunnar",1000616588,Right,,,,,,Fastball,Live,,85.68367,-1.302068038,-2.828340756,2059.579763,220.0388554,1:15,6.1755,2.29325,5.67736,-25.57939,12.46774,10.50294,2.82855,0.53009,78.93158,-6.06051707,-0.8678821471,0.4439482312,-6.34134,6.99755,-2.06166,50,6.0497,5.81238,-124.58229,-3.66922,-10.03655,23.37612,-21.0989,310e9df5-a52c-4af9-9cab-c000d9827d2d,851e6098-986d-460e-ad5a-e4f3c91f38bb,84.90278,Pitching,25410021,,,,,,,,,,,,,,,,,,,,25.38891662,1860.661945,0.9034182498,,d38aee4a-0830-41f8-a300-4851ec9a2c37,c6dfbc40-7dce-4232-9b29-2e7fb5281d98
221,2026-09-22,20:24:22.58,"Jones, Gunnar",1000616588,Right,,,,,,,Live,,44.54564,8.085142983,4.681646494,1064.294601,,,5.66227,3.9841,5.06068,,,,3.63694,4.95654,36.71611,,,0.9275082657,25.44281,21.33805,-4.40037,50,6.35548,-4.50301,-63.32595,7.10179,9.12342,13.42256,-24.52253,e4017b6e-0318-4a15-9087-1b4970d70975,851e6098-986d-460e-ad5a-e4f3c91f38bb,40.63839,Pitching,25410021,,,,,,,,,,,,,,,,,,,,,,,,8944f630-2016-4366-882a-e9f42cdaa519,c6dfbc40-7dce-4232-9b29-2e7fb5281d98
222,2026-09-22,20:24:48.88,"Jones, Gunnar",1000616588,Right,,,,,,Fastball,Live,,85.97358,-0.6699644697,-4.555582333,2051.939914,223.6214047,1:30,6.13223,2.56715,5.96911,-25.18512,12.36724,11.84194,3.41042,-0.67794,78.93158,-5.386771987,-2.337492111,0.4410521967,-7.59566,6.85682,-2.21288,50,6.06499,9.57882,-124.82418,-2.24459,-12.04793,23.87124,-21.29804,82394d57-a5e7-458c-915d-87621adcf368,851e6098-986d-460e-ad5a-e4f3c91f38bb,85.46027,Pitching,25410021,,,,,,,,,,,,,,,,,,,195.7713398,24.76427502,1863.241136,0.9080388382,12:30,6cdf04e6-99b0-4dbf-8c63-babdc7436a04,c6dfbc40-7dce-4232-9b29-2e7fb5281d98
223,2026-09-22,20:25:05.33,"Jones, Gunnar",1000616588,Right,,,,,,Slider,Live,,72.90984,1.574029786,-2.043431605,2138.094625,68.36734306,8:15,6.02972,2.67774,4.57395,-58.02662,-3.31711,-8.27165,2.69295,0.0436,67.74238,-8.959472764,-3.554467702,0.5323568073,3.72887,-2.10376,-2.4588,50,6.13969,4.04937,-105.89764,1.01093,4.26986,16.66489,-34.58303,ee5f36ce-c1ef-4fbe-b30c-52fe6ea635ad,851e6098-986d-460e-ad5a-e4f3c91f38bb,70.80296,Pitching,25410021,,,,,,,,,,,,,,,,,,,,,,,,2343213f-b53a-4e7d-a457-5444ae7d1d60,c6dfbc40-7dce-4232-9b29-2e7fb5281d98
224,2026-09-22,20:25:14.13,"Jones, Gunnar",1000616588,Right,,,,,,,Live,,39.42357,7.96982863,15.36412759,825.8225868,,,6.05871,-0.67153,8.89012,,,,0.12618,8.88561,34.45829,,,0.9895802555,40.22089,13.91299,0.23323,50,6.28075,-14.84644,-54.95084,7.19001,11.14434,9.08625,-28.31906,753b0fce-852b-48ba-93d4-f27208788e76,851e6098-986d-460e-ad5a-e4f3c91f38bb,38.08932,Pitching,25410021,,,,,,,,,,,,,,,,,,,,,,,,d5303edf-bf2e-41fc-8c5d-d097e6b53681,c6dfbc40-7dce-4232-9b29-2e7fb5281d98
225,2026-09-22,20:25:41.65,"Jones, Gunnar",1000616588,Right,,,,,,ChangeUp,Live,,79.52524,-0.8764868983,-4.449066039,1736.817019,206.6421771,1:00,6.13296,2.49825,5.7133,-30.07323,14.36173,7.2403,2.80791,-1.05086,72.98399,-6.478003513,-3.098092274,0.4797707909,-5.08553,7.93015,-2.13039,50,6.04094,8.76277,-115.40488,-2.67044,-6.87522,20.98426,-21.45314,65acead6-3e8b-4d4d-836c-aba5ca58bc94,851e6098-986d-460e-ad5a-e4f3c91f38bb,78.56343,Pitching,25410021,,,,,,,,,,,,,,,,,,,,,,,,5ea21b0d-6738-4342-874c-f2323f5fb3ee,c6dfbc40-7dce-4232-9b29-2e7fb5281d98
226,2026-09-22,20:26:20.34,"Jones, Gunnar",1000616588,Right,,,,,,Fastball,Live,,83.18665,-0.1892472461,-2.212861773,1890.209099,211.2813665,1:00,6.16711,2.65234,5.61453,-24.67536,15.73711,9.58814,3.93409,1.38532,76.49736,-4.78444888,-0.4240623232,0.4575400783,-5.68352,8.43864,-2.46979,50,6.13508,4.36965,-121.02649,-1.18995,-8.48762,22.10363,-19.57202,4eddc9e9-4072-4d4f-aa37-a66c18dcc0e7,851e6098-986d-460e-ad5a-e4f3c91f38bb,82.38063,Pitching,25410021,,,,,,,,,,,,,,,,,,,,35.59929792,1536.94394,0.813107894,,13cdb035-230a-4ec7-af6f-7c079d230544,c6dfbc40-7dce-4232-9b29-2e7fb5281d98
227,2026-09-22,20:26:39.62,"Jones, Gunnar",1000616588,Right,,,,,,Fastball,Live,,82.52487,0.4235756443,-3.28640796,1864.674217,211.0747174,1:00,6.11269,2.60309,5.73007,-26.24168,14.89562,9.01421,4.32096,0.29071,75.47507,-4.485637436,-1.599251207,0.4616249975,-5.72821,7.8682,-2.33479,50,6.1319,6.60738,-119.93126,0.0751,-8.35864,22.78774,-20.69272,f94c0845-b5d9-4931-bb7d-4a7ddd53f120,851e6098-986d-460e-ad5a-e4f3c91f38bb,81.65164,Pitching,25410021,,,,,,,,,,,,,,,,,,,,28.29555985,1641.871922,0.8805140904,,d51403c0-62c6-40c7-b30a-6c6b843307ce,c6dfbc40-7dce-4232-9b29-2e7fb5281d98
228,2026-09-22,20:26:58.82,"Jones, Gunnar",1000616588,Right,,,,,,Fastball,Live,,82.75072,-1.82554344,-4.224400258,1896.678974,222.7410433,1:30,6.13927,2.52377,5.8382,-29.18954,11.26311,10.43985,2.00517,-0.53902,76.79613,-7.240443919,-2.280252161,0.4577674555,-6.61725,6.48287,-2.18573,50,5.97298,8.55665,-120.18872,-4.73844,-9.80861,20.37899,-22.56462,92b75757-90c1-4f5f-aed4-4fd4978889a0,851e6098-986d-460e-ad5a-e4f3c91f38bb,82.33971,Pitching,25410021,,,,,,,,,,,,,,,,,,,,28.92509142,1660.073584,0.8752528002,,09fd2826-d340-4409-8884-547ce333b546,c6dfbc40-7dce-4232-9b29-2e7fb5281d98
229,2026-09-22,20:27:22.79,"Jones, Gunnar",1000616588,Right,,,,,,Fastball,Live,,83.12063,-2.546572858,-2.520449625,1876.599307,219.8019775,1:15,6.16306,2.52055,5.55557,-27.66504,12.9778,10.82384,1.47473,1.06638,76.80629,-7.661729958,-0.5042877091,0.4588422793,-6.40393,7.55697,-2.31009,50,5.9248,4.96718,-120.78026,-6.26996,-9.53095,21.86549,-20.92703,4f3e8938-7620-43b9-ae45-f59cba019868,851e6098-986d-460e-ad5a-e4f3c91f38bb,82.14683,Pitching,25410021,,,,,,,,,,,,,,,,,,,,22.15063885,1738.098315,0.9261957565,,f8402820-1956-4984-954c-4c6d0f02fcba,c6dfbc40-7dce-4232-9b29-2e7fb5281d98
230,2026-09-22,20:27:46.07,"Jones, Gunnar",1000616588,Right,,,,,,Fastball,Live,,83.01644,0.3995489422,-3.813742915,1968.246911,220.42488,1:15,6.24883,2.43945,5.42262,-25.86814,15.03283,12.86753,4.46818,-0.06524,76.3847,-4.395451661,-1.428498969,0.4602970742,-7.76457,7.85358,-2.10998,50,6.26641,7.61414,-120.59013,-0.01058,-11.5439,21.33009,-20.49781,53733803-942e-4840-8ae1-8503a50b637d,851e6098-986d-460e-ad5a-e4f3c91f38bb,81.8872,Pitching,25410021,,,,,,,,,,,,,,,,,,,,21.20449976,1834.987537,0.9322953979,,0deb856b-dafb-45ff-b9cb-fc97205c02d8,c6dfbc40-7dce-4232-9b29-2e7fb5281d98
231,2026-09-22,20:28:17.98,"Jones, Gunnar",1000616588,Right,,,,,,Fastball,Live,,83.33014,-0.1330755958,-2.239977043,1873.471684,207.9311948,1:00,6.18524,2.56412,5.83642,-25.38155,14.46141,7.69011,3.94635,1.12227,76.84067,-4.872466442,-0.8014419211,0.454304646,-4.69372,7.80027,-2.38631,50,6.15937,4.50651,-121.29372,-1.06708,-7.05734,21.66478,-20.44579,7b63e3e5-6db5-4611-b201-ab9108c14c3d,851e6098-986d-460e-ad5a-e4f3c91f38bb,82.96732,Pitching,25410021,,,,,,,,,,,,,,,,,,,,28.61271311,1644.677213,0.8778767389,,4d2939ef-3332-4ade-9c24-53ff009fd83f,c6dfbc40-7dce-4232-9b29-2e7fb5281d98
232,2026-09-22,20:28:36.23,"Jones, Gunnar",1000616588,Right,,,,,,Fastball,Live,,82.18935,-0.2379267976,-5.404331154,2040.553852,219.4747125,1:15,6.22681,2.61412,5.85906,-26.72784,14.52399,12.03976,3.77748,-1.41768,75.60738,-5.223927733,-3.161560786,0.4622671185,-7.84737,7.8688,-2.18225,50,6.19177,10.91153,-119.18949,-1.30585,-11.38473,21.08161,-20.75824,8908130c-fc84-41b9-9a15-d70bedec1210,851e6098-986d-460e-ad5a-e4f3c91f38bb,81.53822,Pitching,25410021,,,,,,,,,,,,,,,,,,,,30.53107022,1757.638829,0.8613538071,,7d82bc05-0cd8-49dd-920c-f8aa83f60d40,c6dfbc40-7dce-4232-9b29-2e7fb5281d98
233,2026-09-22,20:28:55.52,"Jones, Gunnar",1000616588,Right,,,,,,Fastball,Live,,83.39475,-0.513472621,-4.163649449,1970.458115,228.295287,1:30,6.26714,2.4245,5.91477,-31.21084,8.5705,9.67304,3.18849,-0.63986,77.07378,-6.332173913,-2.35702634,0.4539532706,-6.24732,4.74321,-2.09637,50,6.20801,8.52639,-121.17646,-2.04057,-9.38326,21.42891,-25.04991,6df45876-1fae-4552-aa1b-81bf9eb8344c,851e6098-986d-460e-ad5a-e4f3c91f38bb,83.03154,Pitching,25410021,,,,,,,,,,,,,,,,,,,,31.23629741,1684.812454,0.8550359136,,2143dd70-9428-4f93-9555-02b089db28dd,c6dfbc40-7dce-4232-9b29-2e7fb5281d98
234,2026-09-22,20:29:34.74,"Jones, Gunnar",1000616588,Right,,,,,,Fastball,Live,,84.54074,-1.538168855,-3.406063422,1893.927627,215.2805375,1:15,6.15723,2.47822,5.82444,-25.59324,12.79029,9.07468,2.59183,0.0647,79.01602,-6.273274089,-1.721777293,0.4459065702,-5.58768,7.1751,-2.20548,50,6.0161,7.03238,-122.99974,-4.12155,-8.75254,19.25344,-20.93498,304a37c8-e408-4872-8545-4940aea065cb,6599a5ef-0439-4756-bec4-e96f40c099b2,84.5299,Pitching,25410021,,,,,,,,,,,,,,,,,,,,30.83835361,1626.158353,0.8586169447,,3b0902e8-03a2-4eb2-b1a2-099624fd9ee2,c6dfbc40-7dce-4232-9b29-2e7fb5281d98
235,2026-09-22,20:30:44.00,"Mcgrenera, Grady",1000616386,Left,,,,,,,Warmup,,88.63608,-0.07741730741,1.311887048,2105.133171,134.0842702,10:30,6.36806,-2.10298,5.72693,-23.34119,11.91037,-12.33048,4.35085,-1.90864,81.90418,-4.423658829,-0.9887724365,0.4273271946,6.91289,6.38654,2.00134,50,6.34716,-2.54153,-129.08453,-0.95929,11.80144,23.90423,-21.27117,b9c72c3a-dad1-4443-8fa2-1c1bb87ffcbe,dcacd727-ef65-4382-aa4f-c8a6cd86a69d,88.2051,Pitching,25410021,,,,,,,,,,,,,,,,,,,,-33.00871385,1765.33884,0.8385877266,,3f89c3e0-1b5b-4379-ae6b-02b6b6d50046,c6dfbc40-7dce-4232-9b29-2e7fb5281d98
236,2026-09-22,20:30:56.72,"Mcgrenera, Grady",1000616386,Left,,,,,,,Warmup,,87.92699,-0.9168551364,1.750422211,2161.310519,123.2410337,10:00,6.24738,-2.4014,5.93819,-25.85667,9.5581,-14.62262,3.24177,-1.99587,81.74114,-5.730683077,-0.9823225859,0.4283153666,8.27544,5.35655,2.2704,50,6.15956,-3.4428,-128.0861,-2.88457,13.97039,22.44276,-23.13126,a4044a4e-8132-41ac-a8ae-20f5d12ef043,dcacd727-ef65-4382-aa4f-c8a6cd86a69d,88.0016,Pitching,25410021,,,,,,,,,,,,,,,,,,,,-27.90142056,1910.066878,0.8837540282,,9e6aca1d-a4e9-495a-b3f3-4ec553a3fa33,c6dfbc40-7dce-4232-9b29-2e7fb5281d98
237,2026-09-22,20:31:07.69,"Mcgrenera, Grady",1000616386,Left,,,,,,,Warmup,,78.28191,0.3606002803,3.166770638,1687.555652,266.1631752,2:45,6.09862,-2.45092,5.26322,-46.04104,0.17835,3.22227,2.60111,0.79523,72.70462,-8.096494553,3.761543438,0.4893093674,-0.90112,0.00336,2.1589,50,6.09794,-6.3971,-113.76502,-0.75221,-1.19233,18.99154,-32.16961,d468b178-dc89-4b18-a2c5-c3bb8fb41acb,dcacd727-ef65-4382-aa4f-c8a6cd86a69d,77.03192,Pitching,25410021,,,,,,,,,,,,,,,,,,,,-53.51507063,1003.439704,0.594611326,,cb1ff99c-1337-4dc1-b4d1-f50376faa473,c6dfbc40-7dce-4232-9b29-2e7fb5281d98
238,2026-09-22,20:31:25.83,"Mcgrenera, Grady",1000616386,Left,,,,,,,Warmup,,80.22121,-1.765779855,3.938852383,812.5533696,100.5436343,9:15,6.13646,-2.49742,5.45796,-43.27724,0.89772,-4.9739,0.87296,0.78034,74.03752,-9.745368679,3.013236683,0.4783651208,3.73816,0.96896,2.15371,50,5.95137,-7.85711,-116.38153,-4.95606,5.12689,21.84663,-30.84512,4ea3aaf5-b2c2-4fce-9c4f-ff306fa982e4,dcacd727-ef65-4382-aa4f-c8a6cd86a69d,78.79429,Pitching,25410021,,,,,,,,,,,,,,,,,,,,-16.22970847,780.1722214,0.9601488967,,e00450a4-fcaf-4c53-b8d2-b3a09db9852e,c6dfbc40-7dce-4232-9b29-2e7fb5281d98
239,2026-09-22,20:31:37.23,"Mcgrenera, Grady",1000616386,Left,,,,,,,Warmup,,89.02989,-1.341730323,2.54927958,2108.798979,157.8212968,11:15,6.31771,-2.34151,6.00092,-21.61496,12.9702,-5.30072,3.27198,-0.41992,82.48631,-5.375637293,1.55734535,0.4232688103,3.47168,7.32187,2.14421,50,6.20023,-5.59926,-129.59386,-3.73403,5.98398,23.64648,-19.55368,4df40fab-a8f2-45d9-8a04-f7df97b456d5,dcacd727-ef65-4382-aa4f-c8a6cd86a69d,89.05083,Pitching,25410021,,,,,,,,,,,,,,,,,,,134.497423,-38.5450858,1649.329767,0.7821180605,10:30,8d5e8b74-9041-457a-b904-1deb5c7673ab,c6dfbc40-7dce-4232-9b29-2e7fb5281d98
240,2026-09-22,20:32:07.50,"Mcgrenera, Grady",1000616386,Left,,,,,,Fastball,Live,,90.52972,-3.233832782,2.4031184,2302.222297,115.7203119,9:45,6.24469,-2.26053,6.09013,-26.47787,6.9164,-14.33527,1.04147,-1.23122,84.28735,-8.152423042,-0.2851030257,0.4159176846,8.3323,4.51442,2.08321,50,5.98117,-5.06339,-131.63969,-8.29604,14.82838,24.23133,-24.14007,f25a3340-55ad-4222-8065-a2cf9581909f,dcacd727-ef65-4382-aa4f-c8a6cd86a69d,90.62476,Pitching,25410021,,,,,,,,,,,,,,,,,,,,-34.42644163,1898.994236,0.8248526818,,a555bf4c-6209-4d46-bfb2-e6496c765997,c6dfbc40-7dce-4232-9b29-2e7fb5281d98
241,2026-09-22,20:32:30.63,"Mcgrenera, Grady",1000616386,Left,,,,,,Fastball,Live,,90.86654,-2.099796172,2.266989901,2163.442303,137.2576309,10:30,6.27318,-2.29812,6.04453,-23.11054,9.73253,-9.0085,2.40118,-0.94922,85.1417,-6.387088558,0.5874768453,0.4124708429,5.33179,5.68749,2.12676,50,6.09699,-4.943,-132.34593,-5.61609,9.68727,21.78167,-21.84053,cf3e9acf-517c-4e1c-acd1-dcf5bf978de3,dcacd727-ef65-4382-aa4f-c8a6cd86a69d,91.38207,Pitching,25410021,,,,,,,,,,,,,,,,,,,,-33.19197358,1810.457246,0.836841012,,d91109de-58ac-49bf-901f-ac7d23218514,c6dfbc40-7dce-4232-9b29-2e7fb5281d98
242,2026-09-22,20:32:48.74,"Mcgrenera, Grady",1000616386,Left,,,,,,Slider,Live,,79.63402,-0.2073835516,2.505515987,1674.390749,304.0733249,4:15,6.09953,-2.61488,5.39817,-49.0372,-4.58797,6.73321,1.8186,0.29529,74.11698,-9.221502736,3.753215026,0.479847841,-2.92044,-2.37342,2.387,50,6.04688,-5.28117,-115.80482,-1.977,-3.99703,20.03598,-35.42241,0fe083ff-3cbe-461d-9141-07aa98a4e1b2,dcacd727-ef65-4382-aa4f-c8a6cd86a69d,78.55082,Pitching,25410021,,,,,,,,,,,,,,,,,,,,,,,,42317590-da5d-45f8-a520-b1803926db81,c6dfbc40-7dce-4232-9b29-2e7fb5281d98
243,2026-09-22,20:33:23.52,"Mcgrenera, Grady",1000616386,Left,,,,,,Slider,Live,,79.8202,-0.421355292,3.290806469,1805.180669,313.7123357,4:30,6.17179,-2.36384,5.21412,-49.84004,-5.82491,6.06156,1.62165,1.23863,75.39634,-9.47171609,4.400425366,0.4774988905,-2.47237,-2.95902,2.05542,50,6.09538,-6.8767,-116.10166,-2.50801,-3.45293,17.0078,-36.30664,a1d7e1ab-0647-4460-a0ec-d3909ce3bd28,dcacd727-ef65-4382-aa4f-c8a6cd86a69d,78.93723,Pitching,25410021,,,,,,,,,,,,,,,,,,,,-49.13897776,1180.996963,0.6542264625,,1a4c2f6c-1422-46a2-8295-e52d6111046d,c6dfbc40-7dce-4232-9b29-2e7fb5281d98
244,2026-09-22,20:33:41.62,"Mcgrenera, Grady",1000616386,Left,,,,,,Fastball,Live,,91.04894,-1.667596729,2.35850028,2339.245812,126.3980439,10:15,6.2812,-2.24487,6.19614,-24.08597,8.49831,-11.55063,2.73305,-1.02921,85.09308,-6.157434849,0.19615917,0.4108425805,6.77791,4.97234,2.07362,50,6.14339,-5.09397,-132.6374,-4.63414,12.33616,22.60316,-23.12413,96ceb6bb-2e85-4b4c-9483-3a1345bacf86,dcacd727-ef65-4382-aa4f-c8a6cd86a69d,91.74424,Pitching,25410021,,,,,,,,,,,,,,,,,,,164.4955701,-40.51136354,1778.475127,0.7602771449,11:30,ef9a84fc-e87f-4321-be3e-427bba1039ef,c6dfbc40-7dce-4232-9b29-2e7fb5281d98
245,2026-09-22,20:33:59.40,"Mcgrenera, Grady",1000616386,Left,,,,,,ChangeUp,Live,,81.07882,-1.50885827,1.914529825,1114.40862,136.9987834,10:30,6.07676,-2.484,6.31316,-32.08064,8.76616,-8.2017,2.01263,-1.40355,76.07713,-7.487122508,0.3761350012,0.4599921491,4.87906,5.09955,2.34812,50,5.95068,-3.72223,-118.17954,-4.00724,7.05485,17.78706,-24.80037,6f32b539-9737-4834-b40a-d944122cbeff,dcacd727-ef65-4382-aa4f-c8a6cd86a69d,81.94148,Pitching,25410021,,,,,,,,,,,,,,,,,,,,-27.06483082,992.3722489,0.8904922585,,7532a33c-906d-4341-aa58-ed1b25ff836c,c6dfbc40-7dce-4232-9b29-2e7fb5281d98
246,2026-09-22,20:34:30.92,"Mcgrenera, Grady",1000616386,Left,,,,,,Fastball,Live,,90.68758,-2.498188897,2.791538356,2315.652228,143.1975695,10:45,6.27026,-2.2845,6.24958,-18.97933,14.06752,-10.53115,2.38087,-0.58598,84.10906,-6.050720979,0.8121372791,0.4137484865,6.39778,8.25432,2.0826,50,6.07513,-6.10435,-131.94312,-6.35673,11.43904,24.32381,-17.41558,2ce9e9b1-c59c-445f-ba26-aed93354a57d,dcacd727-ef65-4382-aa4f-c8a6cd86a69d,91.09988,Pitching,25410021,,,,,,,,,,,,,,,,,,,,-40.01178048,1773.586442,0.7659122645,,93526df2-b9b0-497c-8885-598ea55b1501,c6dfbc40-7dce-4232-9b29-2e7fb5281d98
247,2026-09-22,20:34:49.05,"Mcgrenera, Grady",1000616386,Left,,,,,,Fastball,Live,,90.08518,-0.6784386177,-0.2120928425,2263.638388,117.7600271,10:00,6.25475,-2.24186,5.90378,-27.83663,6.14128,-11.72177,3.30531,-3.41552,83.27958,-5.871982301,-2.408503048,0.4195365066,6.25807,3.47897,2.26563,50,6.18429,0.8731,-131.22288,-2.47375,11.00488,25.55101,-26.05624,0257670f-43a7-4ea9-91eb-2c7a207ac24b,dcacd727-ef65-4382-aa4f-c8a6cd86a69d,89.84305,Pitching,25410021,,,,,,,,,,,,,,,,,,,,-31.63939947,1927.185696,0.8513664137,,21502ce5-bd1c-4b9c-b175-20fdfc2fa0ae,c6dfbc40-7dce-4232-9b29-2e7fb5281d98
248,2026-09-22,20:35:06.56,"Mcgrenera, Grady",1000616386,Left,,,,,,Slider,Live,,80.49551,-0.6619477717,3.515822418,1723.74814,322.7596151,4:45,5.97272,-2.57068,5.41493,-49.63318,-6.93215,5.24912,1.2154,1.16405,76.5823,-9.669735026,4.476604731,0.4703169079,-2.08328,-3.52013,2.25463,50,5.87886,-7.36851,-117.14506,-2.97421,-2.98277,15.82531,-37.21404,ea89829a-7f2a-443e-a243-d08b8b051abf,dcacd727-ef65-4382-aa4f-c8a6cd86a69d,80.14264,Pitching,25410021,,,,,,,,,,,,,,,,,,,,,,,,7d98c2f4-6844-4a0e-b5d0-e9db001299f3,c6dfbc40-7dce-4232-9b29-2e7fb5281d98
249,2026-09-22,20:35:27.42,"Mcgrenera, Grady",1000616386,Left,,,,,,Fastball,Live,,90.82353,-2.578816363,2.807379259,2322.782555,117.2491063,10:00,6.3049,-2.29474,6.37225,-26.80483,5.88635,-11.43559,1.69431,-0.66296,84.78886,-7.584839355,0.6567250656,0.4115159453,6.88828,3.80423,2.09784,50,6.10605,-6.13151,-132.1828,-6.78185,12.4049,23.45565,-25.32312,b36fb44a-af18-4c3a-ba16-d689cc245dd4,dcacd727-ef65-4382-aa4f-c8a6cd86a69d,91.59412,Pitching,25410021,,,,,,,,,,,,,,,,,,,176.9651123,-42.1432792,1722.271752,0.7414692128,12:00,c7df5f99-cf53-49b1-9098-2df3e7183935,c6dfbc40-7dce-4232-9b29-2e7fb5281d98
250,2026-09-22,20:36:51.30,"Jones, Gunnar",1000616588,Right,,,,,,,Warmup,,83.26073,0.8641764796,-4.074882911,1974.374107,217.760288,1:15,6.11277,2.41814,5.72427,-29.9739,9.85241,7.68204,4.42182,-0.74291,77.49294,-4.687151483,-2.65255949,0.4542097608,-4.99224,5.06546,-2.08281,50,6.16624,8.37926,-121.04514,0.87829,-7.56087,19.01833,-24.50228,00d12e9a-b0d3-4a29-bda4-0f8b3c507dd7,dcacd727-ef65-4382-aa4f-c8a6cd86a69d,82.98465,Pitching,25410021,,,,,,,,,,,,,,,,,,,207.9700659,30.07087129,1708.635737,0.8654062727,1:00,fa6477ef-bc1f-49af-856c-4905f855d0a7,c6dfbc40-7dce-4232-9b29-2e7fb5281d98
251,2026-09-22,20:37:01.24,"Jones, Gunnar",1000616588,Right,,,,,,,Warmup,,82.9247,,,2062.237409,,,6.23231,2.42332,5.51537,,,,1.24581,-1.01379,78.43102,,,0.4562080163,-5.15699,4.84429,-2.04561,50,5.99393,8.9957,-120.4756,-6.2914,-7.82212,16.36787,-24.82623,95da2194-d977-4f4f-a9fd-5297d7d1497e,dcacd727-ef65-4382-aa4f-c8a6cd86a69d,82.62117,Pitching,25410021,,,,,,,,,,,,,,,,,,,210.0704695,31.81790552,1752.340812,0.8497279723,1:00,6e05a5e3-2406-45e7-b6dc-e63f72044558,c6dfbc40-7dce-4232-9b29-2e7fb5281d98
252,2026-09-22,20:37:46.80,"Jones, Gunnar",1000616588,Right,,,,,,,Warmup,,76.92895,-2.528047332,-3.127123541,1669.254634,196.0117665,12:30,6.2113,2.73694,5.59766,-34.34281,12.50395,3.59881,0.98447,0.11483,72.23259,-8.819923734,-2.461722032,0.4926190193,-2.59308,7.1909,-2.47154,50,5.97209,6.00247,-111.84549,-5.9758,-3.35439,16.15788,-22.87196,e25548e6-a9b0-46fe-bd4a-e3cb9ce2bb05,54841738-ad73-4e2f-8317-a0a2c1114b0a,76.51438,Pitching,25410021,,,,,,,,,,,,,,,,,,,,39.39867264,1289.913644,0.772748278,,3f4974c5-8802-425b-aba4-e15001bc8ab8,c6dfbc40-7dce-4232-9b29-2e7fb5281d98
253,2026-09-22,20:37:59.60,"Jones, Gunnar",1000616588,Right,,,,,,,Warmup,,81.8311,-2.39448394,-4.555439927,2037.956878,196.5092401,12:30,6.33975,2.71933,5.87591,-32.28897,8.59262,2.5602,1.41709,-1.30653,77.16624,-8.321497475,-4.08252906,0.4601880394,-2.29411,5.08777,-2.35253,50,6.12673,9.39327,-118.87498,-5.97209,-3.37123,17.02328,-24.6975,d1e85e8c-74f6-4413-b39b-c4344195b83b,54841738-ad73-4e2f-8317-a0a2c1114b0a,81.9066,Pitching,25410021,,,,,,,,,,,,,,,,,,,,30.77550148,1750.969258,0.8591787576,,ea34c24b-18b5-48d8-8251-0e60c8cbee75,c6dfbc40-7dce-4232-9b29-2e7fb5281d98
254,2026-09-22,20:38:09.31,"Jones, Gunnar",1000616588,Right,,,,,,,Warmup,,81.07288,0.3037699139,-2.204468169,2028.538136,214.8293794,1:15,6.28948,2.77079,5.77211,-26.2702,15.62095,10.9025,4.38314,1.62721,75.28281,-4.579102307,-0.1749368662,0.4658354633,-6.33396,8.28402,-2.59551,50,6.29849,4.21074,-118.067,-0.17873,-9.09704,18.79498,-20.27627,cf186f64-23c0-4f56-acaa-7dcde20cb3cc,54841738-ad73-4e2f-8317-a0a2c1114b0a,80.91363,Pitching,25410021,,,,,,,,,,,,,,,,,,,203.8014633,26.32296226,1818.196563,0.8963087901,12:45,6a11fcc2-daff-47f8-89f9-23c5e3937d28,c6dfbc40-7dce-4232-9b29-2e7fb5281d98
255,2026-09-22,20:38:16.01,"Jones, Gunnar",1000616588,Right,,,,,,,Warmup,,41.81422,4.510726775,-4.253170166,1103.720608,,,8.63886,3.6353,,,,,2.14516,0.00396,37.51134,,,1.050803339,-6.03262,33.01276,-2.84946,50,9.16851,4.16328,-59.46287,1.03883,-2.05252,8.33525,-20.94187,ffdc0b91-9b90-44a1-b7dc-9794d472725a,54841738-ad73-4e2f-8317-a0a2c1114b0a,,Pitching,25410021,,,,,,,,,,,,,,,,,,,,,,,,f04e596c-90f1-4783-bbbe-4f4ed0f3f860,c6dfbc40-7dce-4232-9b29-2e7fb5281d98
256,2026-09-22,20:38:40.12,"Jones, Gunnar",1000616588,Right,,,,,,Fastball,Live,,83.7883,0.3834479374,-3.324315598,1922.402368,219.156916,1:15,6.10253,2.63232,5.79866,-27.22683,11.856,9.70039,4.19083,0.3457,78.12385,-4.665468938,-1.524354042,0.4499501643,-5.9003,6.25617,-2.36521,50,6.11749,6.7768,-121.95231,-0.04371,-9.08529,18.93185,-22.54078,fb00a6a9-777a-430f-bfba-f1f5003e06c2,54841738-ad73-4e2f-8317-a0a2c1114b0a,83.77025,Pitching,25410021,,,,,,,,,,,,,,,,,,,,25.92251315,1728.981925,0.8993860776,,0165f590-2476-4e1d-a143-503c081f8afb,c6dfbc40-7dce-4232-9b29-2e7fb5281d98
257,2026-09-22,20:38:58.04,"Jones, Gunnar",1000616588,Right,,,,,,Fastball,Live,,84.15799,-1.529905752,-3.403971663,1950.846713,228.0791928,1:30,6.25175,2.74571,5.66986,-24.81404,14.25573,15.90726,2.75485,0.89434,78.36957,-6.118274491,-0.4534246983,0.4498749457,-9.23096,7.93344,-2.46862,50,6.10675,6.7648,-122.39298,-4.07834,-14.27457,19.75274,-19.90593,6a18c4c1-9629-4050-86a7-9285514fc880,54841738-ad73-4e2f-8317-a0a2c1114b0a,83.78426,Pitching,25410021,,,,,,,,,,,,,,,,,,,,23.69433858,1786.394833,0.9157023055,,bc75fc91-8d66-4855-aad2-ff363c76348b,c6dfbc40-7dce-4232-9b29-2e7fb5281d98
258,2026-09-22,20:40:00.47,"Jones, Gunnar",1000616588,Right,,,,,,Fastball,Live,,84.23624,-0.282528647,-3.378442292,1903.015676,216.5357257,1:15,6.04716,2.51585,5.64344,-29.87358,8.74058,6.50982,3.29373,-0.09633,79.30392,-5.775042038,-2.179340135,0.4472442027,-4.10017,4.69131,-2.23345,50,6.00378,7.02639,-122.65113,-1.58848,-6.43938,17.19837,-24.80628,18307021-a94e-4460-bfb0-ae10e35cc417,fa6f2d2c-f8c2-4cde-bd69-e5f60095b805,84.27709,Pitching,25410021,,,,,,,,,,,,,,,,,,,,28.33085927,1675.076044,0.8802218839,,e15bd867-3e71-45fe-98cf-47c1adb90286,c6dfbc40-7dce-4232-9b29-2e7fb5281d98
259,2026-09-22,20:40:17.61,"Jones, Gunnar",1000616588,Right,,,,,,Fastball,Live,,84.62907,-1.882043133,-3.225490381,2012.071346,218.5441507,1:15,6.18598,2.66029,5.50444,-26.58197,12.53227,10.00611,2.20748,0.47477,78.43228,-6.7900621,-1.369754939,0.4501309576,-6.08561,7.10062,-2.38558,50,6.00371,6.59806,-122.99017,-4.93259,-9.44066,21.47069,-21.15879,0f3894cd-9dd7-434e-b875-d2d737eb6fe6,fa6f2d2c-f8c2-4cde-bd69-e5f60095b805,83.73661,Pitching,25410021,,,,,,,,,,,,,,,,,,,,27.91953961,1777.878315,0.8836060004,,04647856-75e7-4cb8-b7f7-0baa5768d5f5,c6dfbc40-7dce-4232-9b29-2e7fb5281d98
260,2026-09-22,20:40:50.44,"Jones, Gunnar",1000616588,Right,,,,,,Slider,Live,,73.97731,0.333125708,-3.206976725,2213.581763,72.27344457,8:30,5.8855,2.66569,5.5259,-54.54056,-3.32282,-10.28792,1.65233,-1.19243,69.18058,-9.683837789,-5.1112716,0.5150881952,4.66238,-1.84767,-2.3802,50,5.8781,6.32382,-107.54936,-0.95214,5.51555,16.90377,-34.35982,4da15086-e8a5-4a63-885d-483c38e3d4e8,1922a98f-c8b9-4949-831a-c3418a09c68a,73.17667,Pitching,25410021,,,,,,,,,,,,,,,,,,,40.88694909,59.18606615,1133.911113,0.5122517415,7:15,92a4e529-3c67-4bd5-b207-fda4d1548870,c6dfbc40-7dce-4232-9b29-2e7fb5281d98
261,2026-09-22,20:41:07.81,"Jones, Gunnar",1000616588,Right,,,,,,Fastball,Live,,84.86907,-1.067716577,-2.670265253,1980.702622,218.7972421,1:15,5.8691,2.40668,5.7968,-27.69651,10.75546,8.6744,2.56688,0.6444,78.52109,-6.220488344,-1.050644077,0.4463039063,-5.30978,6.02972,-2.19262,50,5.76468,5.48351,-123.48006,-3.1833,-8.28758,22.07219,-22.76278,a7e3fedc-013f-4084-95f2-8c79ebc2cdb7,1922a98f-c8b9-4949-831a-c3418a09c68a,84.45465,Pitching,25410021,,,,,,,,,,,,,,,,,,,,30.66700127,1703.693772,0.8601461693,,4c2369ef-f4ba-4ea3-8ef9-77e5cd71f042,c6dfbc40-7dce-4232-9b29-2e7fb5281d98
262,2026-09-22,20:41:28.98,"Jones, Gunnar",1000616588,Right,,,,,,Fastball,Live,,85.05059,-1.168448406,-3.028867024,1951.587293,227.7772198,1:30,6.18555,2.61967,5.48912,-27.31722,11.43444,12.63599,2.8145,0.8369,78.66833,-6.221642511,-0.6834879053,0.4480397337,-7.441,6.34811,-2.36314,50,6.06475,6.11935,-123.65319,-3.44114,-11.65426,21.98067,-22.23151,99e4908f-eb19-4114-b9ec-382e5008a70c,1922a98f-c8b9-4949-831a-c3418a09c68a,84.12745,Pitching,25410021,,,,,,,,,,,,,,,,,,,214.3523064,26.99857118,1738.899105,0.8910178453,1:15,1b0dd756-bed5-4a2c-bc0f-5e0ad0af5bf4,c6dfbc40-7dce-4232-9b29-2e7fb5281d98
263,2026-09-22,20:41:49.71,"Jones, Gunnar",1000616588,Right,,,,,,Slider,Live,,74.511,-1.071050586,-3.704642551,2251.186361,64.11338799,8:15,5.9072,2.44496,5.54599,-58.83632,-7.86977,-16.11996,0.0012,-2.36474,69.6814,-11.82656323,-6.694705763,0.5138235598,7.55701,-3.89418,-2.1137,50,5.7758,7.46825,-108.17543,-3.72041,8.95542,18.85373,-36.78884,298cc91f-6ac7-48f1-82aa-c4bcbb0a0468,1922a98f-c8b9-4949-831a-c3418a09c68a,73.35677,Pitching,25410021,,,,,,,,,,,,,,,,,,,21.64256893,64.49792911,969.2341488,0.4305437194,6:45,b307d39a-5b99-4c95-b12e-d9aa5cd0b925,c6dfbc40-7dce-4232-9b29-2e7fb5281d98
264,2026-09-22,20:42:13.01,"Jones, Gunnar",1000616588,Right,,,,,,Slider,Live,,72.41754,1.065843348,-1.724350741,2107.483387,60.45403251,8:00,5.90166,2.78138,4.81927,-58.98975,-4.2252,-7.38284,1.99585,0.53258,67.60778,-9.661862382,-3.077962859,0.532624513,3.39686,-2.45014,-2.60414,50,5.95736,3.40259,-105.28482,0.0978,3.85497,16.02512,-34.95462,30ddfd97-682b-498a-b1b8-c5aa8591448d,1922a98f-c8b9-4949-831a-c3418a09c68a,70.76738,Pitching,25410021,,,,,,,,,,,,,,,,,,,,,,,,52f80e15-b0ef-41f8-a918-42de4f20d678,c6dfbc40-7dce-4232-9b29-2e7fb5281d98
265,2026-09-22,20:42:57.68,"Jones, Gunnar",1000616588,Right,,,,,,Fastball,Live,,83.83311,-1.312965201,-4.517263517,2002.810152,213.0012082,1:00,6.14882,2.53132,5.8818,-26.44303,12.57954,8.20448,2.72211,-0.98805,78.37046,-6.206089339,-2.996847469,0.4496031271,-5.36194,7.0249,-2.17139,50,6.02711,9.36977,-121.83263,-3.62486,-8.2455,18.74467,-21.37128,74e2c759-5049-4553-b78a-5f592c5474e4,f93d5473-5938-45c9-b431-ae056b055461,83.83491,Pitching,25410021,,,,,,,,,,,,,,,,,,,,28.976574,1752.094079,0.8748178537,,415ae08f-cd72-4de7-a1bb-13d9ad0eb822,c6dfbc40-7dce-4232-9b29-2e7fb5281d98
266,2026-09-22,20:44:23.12,"Jones, Gunnar",1000616588,Right,,,,,,Fastball,Live,,81.69684,-1.621342296,-4.403484178,1986.027846,215.1501509,1:15,6.11025,2.54208,5.72654,-28.46353,13.42023,9.48375,2.22358,-0.77635,75.40444,-6.906179245,-2.637541535,0.4657943602,-6.19692,7.59468,-2.18045,50,5.95719,8.83943,-118.58124,-4.24324,-8.89643,20.92347,-21.27097,2a0b6003-0cd8-47fa-ac64-8e66005d6781,f93d5473-5938-45c9-b431-ae056b055461,80.92077,Pitching,25410021,,,,,,,,,,,,,,,,,,,,36.71590258,1592.019267,0.8016097411,,f96accd4-58b7-4316-8b9d-b8949f6fb830,c6dfbc40-7dce-4232-9b29-2e7fb5281d98
267,2026-09-22,20:45:06.49,"Conte, Austin",1000462098,Right,,,,,,,Warmup,,86.59858,-1.078668353,-4.898928225,2125.173325,237.504314,2:00,5.86637,2.87416,5.7081,-27.85373,9.41408,14.84254,2.53659,-0.46371,79.9133,-6.252917374,-2.139233289,0.4393780545,-9.1519,5.30017,-2.47281,50,5.75849,10.28292,-125.65151,-3.28814,-14.78355,22.9805,-23.61241,27a493ce-467b-4064-851e-de1534bc1a1a,f93d5473-5938-45c9-b431-ae056b055461,85.78589,Pitching,25410021,,,,,,,,,,,,,,,,,,,230.5181657,31.84818411,1805.226861,0.8494492378,1:45,86087bcf-d8f5-44d2-9291-c5f2ec840775,c6dfbc40-7dce-4232-9b29-2e7fb5281d98
268,2026-09-22,20:45:16.39,"Mcgrenera, Grady",1000616386,Left,,,,,,,Warmup,,85.92245,-0.3671321263,-3.111088892,2093.320236,245.7168252,2:15,5.66259,3.03698,5.61735,-30.28998,7.54275,16.79984,2.79533,1.53105,79.32703,-5.992405897,0.01768420122,0.4426956542,-9.72914,4.11057,-2.7825,50,5.61174,6.23462,-124.94106,-1.8046,-15.52964,22.86154,-25.61276,3da6d017-aeb5-4f21-b102-5321737066ba,f93d5473-5938-45c9-b431-ae056b055461,85.14301,Pitching,25410021,,,,,,,,,,,,,,,,,,,240.0053919,35.27669445,1708.929223,0.8163725711,2:00,c6e04d53-94d4-46e2-8db9-e7296c7b6457,c6dfbc40-7dce-4232-9b29-2e7fb5281d98
269,2026-09-22,20:45:26.36,"Conte, Austin",1000462098,Right,,,,,,Fastball,Warmup,,86.40157,-2.482479389,-5.234295345,2038.084274,236.7950451,2:00,5.72174,2.83372,5.88151,-27.08032,10.29373,15.73095,1.14891,-0.72911,79.66508,-7.522592376,-2.297996454,0.4400038718,-9.81056,6.17876,-2.41988,50,5.50499,10.97313,-125.21232,-6.30795,-15.69342,23.4818,-22.29022,807e9d8f-51dd-4675-b674-a8a12914dc70,f93d5473-5938-45c9-b431-ae056b055461,85.66388,Pitching,25410021,,,,,,,,,,,,,,,,,,,,36.54881959,1637.294477,0.8033497427,,77254030-6112-4a23-81a7-d62af397c99f,c6dfbc40-7dce-4232-9b29-2e7fb5281d98
270,2026-09-22,20:45:37.03,"Conte, Austin",1000462098,Right,,,,,,Slider,Warmup,,74.78603,1.230129783,-3.175660543,2147.840087,72.90998228,8:30,5.84665,2.84545,4.60376,-55.48017,-3.16842,-10.21647,2.39492,-1.02852,69.14429,-8.858222014,-5.043479854,0.5205602751,4.39735,-1.96638,-2.50919,50,5.92352,6.35898,-108.48672,0.48753,5.25204,18.59229,-34.52262,6a087126-74ff-497c-a42d-4bc11b821949,f93d5473-5938-45c9-b431-ae056b055461,72.40744,Pitching,25410021,,,,,,,,,,,,,,,,,,,,53.79985473,1268.530923,0.5906077136,,00bd1f71-f8ab-4f65-a8fd-9e5dfc6114c8,c6dfbc40-7dce-4232-9b29-2e7fb5281d98
271,2026-09-22,20:45:47.62,"Conte, Austin",1000462098,Right,,,,,,,Warmup,,76.3749,0.4819518788,-3.902478146,2153.398664,76.20974157,8:30,5.80786,2.8043,5.36169,-50.79154,-2.5924,-10.44658,2.02817,-1.73087,71.61746,-8.800694791,-5.821681592,0.4996789368,4.59234,-1.47976,-2.44645,50,5.8151,7.89162,-110.96926,-0.62836,5.81483,16.98277,-34.04773,62205ee5-ab43-4f34-8332-ffd8d79f38b2,f93d5473-5938-45c9-b431-ae056b055461,75.43332,Pitching,25410021,,,,,,,,,,,,,,,,,,,39.73213491,52.94733597,1297.527874,0.6025488432,7:15,eed3f1c7-d7ce-4146-88cf-da194d092848,c6dfbc40-7dce-4232-9b29-2e7fb5281d98
272,2026-09-22,20:46:01.35,"Conte, Austin",1000462098,Right,,,,,,,Warmup,,78.65304,0.7722504305,-4.005776859,1936.168675,235.7150389,1:45,5.66728,2.92286,5.82644,-34.48739,10.46597,15.46392,3.51293,0.48213,72.40508,-5.665537756,-1.11584886,0.4825612849,-9.32968,5.42309,-2.60485,50,5.70992,7.5512,-114.27078,0.5383,-12.43343,19.50049,-24.94683,cfdb26a1-6271-42b0-a581-33717cd07eb9,f93d5473-5938-45c9-b431-ae056b055461,78.10912,Pitching,25410021,,,,,,,,,,,,,,,,,,,,30.40701155,1669.852037,0.8624517371,,4a1f8975-eb6b-4734-a5ed-0299a753fd10,c6dfbc40-7dce-4232-9b29-2e7fb5281d98
273,2026-09-22,20:46:10.10,"Conte, Austin",1000462098,Right,,,,,,,Warmup,,78.08623,-0.2502720062,-5.725204891,1875.051345,235.9782576,1:45,5.64881,2.88125,5.90797,-34.64711,10.72873,16.01845,2.52811,-1.11498,72.43969,-6.687841971,-2.748817339,0.4848235377,-9.95315,5.8268,-2.43027,50,5.60859,10.89426,-113.24093,-1.48992,-13.1268,17.64266,-24.48932,4393b42f-7258-4d62-a34c-38071c4c027f,f93d5473-5938-45c9-b431-ae056b055461,77.74466,Pitching,25410021,,,,,,,,,,,,,,,,,,,,24.02637172,1712.593429,0.9133581509,,02a860f1-f4b1-499e-9a80-1026bbc1bd1f,c6dfbc40-7dce-4232-9b29-2e7fb5281d98
274,2026-09-22,20:46:16.49,"Conte, Austin",1000462098,Right,,,,,,,Warmup,,42.30291,10.04266638,-17.84245707,,,,6.49107,-2.82578,,,,,0.3012,-15.17656,35.85071,,,1.09782394,-46.36499,7.46832,5.72404,50,7.86629,16.47827,-56.56614,5.88167,-13.60667,9.64839,-29.98233,a35a864a-c265-4d55-8746-55b6eb4413dd,f93d5473-5938-45c9-b431-ae056b055461,,Pitching,25410021,,,,,,,,,,,,,,,,,,,,,,,,775c823d-16dc-4cdf-9e0f-bf298d083f7e,c6dfbc40-7dce-4232-9b29-2e7fb5281d98
275,2026-09-22,20:46:48.31,"Conte, Austin",1000462098,Right,,,,,,Fastball,Live,,86.2302,-1.260824662,-4.62938402,2046.877916,245.9009729,2:15,5.61017,2.84584,5.81323,-30.50767,7.02587,15.76224,1.89163,-0.15405,79.42555,-6.943951456,-1.685733674,0.4409416887,-9.66483,4.10016,-2.47584,50,5.48851,9.62936,-125.14417,-3.739,-15.42899,23.68008,-25.62854,692639d0-4f98-4d6e-9c87-88c6aabe049a,f93d5473-5938-45c9-b431-ae056b055461,85.48169,Pitching,25410021,,,,,,,,,,,,,,,,,,,,31.97512894,1736.321596,0.8482780446,,3052b6a7-f1ac-44ce-b320-a8aa401bbda7,c6dfbc40-7dce-4232-9b29-2e7fb5281d98
276,2026-09-22,20:47:18.79,"Conte, Austin",1000462098,Right,,,,,,Slider,Live,,73.48085,1.9638533,-1.157558251,1867.558855,71.39728931,8:30,5.73776,2.83811,5.12988,-58.12564,-4.86934,-14.35878,2.74431,0.55139,67.58571,-8.757222943,-3.82261733,0.5252389087,7.21056,-3.12198,-2.71875,50,5.87786,2.59116,-106.73931,1.90228,8.29248,18.91412,-35.76448,aa504d25-814d-4bbe-a8bf-d707dc47f111,f93d5473-5938-45c9-b431-ae056b055461,71.76247,Pitching,25410021,,,,,,,,,,,,,,,,,,,37.88666042,47.14803771,1270.13883,0.6801064539,7:15,8a335e3e-8b12-45a0-b935-04c2095dd984,c6dfbc40-7dce-4232-9b29-2e7fb5281d98
277,2026-09-22,20:47:36.13,"Conte, Austin",1000462098,Right,,,,,,Slider,Live,,74.28411,2.24941499,-1.681306522,1882.088722,86.4216834,9:00,5.70081,2.67004,4.95138,-53.734,-1.05648,-16.49007,3.35014,-0.29301,67.94571,-7.655874033,-4.733583751,0.5223770258,8.11625,-1.22065,-2.494,50,5.87575,3.68008,-107.80026,2.55529,9.48785,19.8911,-33.60098,86c547d7-2c2b-4b2e-a2d1-0339ffacc608,f93d5473-5938-45c9-b431-ae056b055461,72.15562,Pitching,25410021,,,,,,,,,,,,,,,,,,,46.85349246,50.91966376,1186.486485,0.6304094332,7:30,6a326e44-0a3c-4597-b18b-43d2c1444c38,c6dfbc40-7dce-4232-9b29-2e7fb5281d98
278,2026-09-22,20:47:52.52,"Conte, Austin",1000462098,Right,,,,,,Fastball,Live,,86.52572,-2.617124522,-8.572220168,1915.909922,227.5843741,1:30,5.67,2.65985,6.14261,-24.01931,13.32884,14.66236,1.22123,-4.09837,79.67712,-7.094978938,-5.856865234,0.4398513342,-10.12064,7.89946,-2.01089,50,5.45606,18.33635,-124.56338,-6.47933,-16.05684,22.72631,-19.64121,78f8c01b-489c-4eaf-a270-0373025c407a,f93d5473-5938-45c9-b431-ae056b055461,85.69359,Pitching,25410021,,,,,,,,,,,,,,,,,,,,46.53922058,1317.873728,0.6878578752,,6258235f-97fa-4fe4-802d-eb6e1e730005,c6dfbc40-7dce-4232-9b29-2e7fb5281d98
279,2026-09-22,20:48:17.29,"Conte, Austin",1000462098,Right,,,,,,Fastball,Live,,86.88106,-0.7607515131,-4.146824761,2061.260474,243.3914478,2:00,5.6262,2.87882,5.80016,-28.04968,9.10606,18.25066,2.57937,0.53665,79.40999,-6.011705487,-0.7240816633,0.4387169161,-10.96692,5.10753,-2.54905,50,5.54692,8.55806,-126.12783,-2.58058,-17.66493,25.67149,-23.94712,ca6a2031-18dd-4687-9754-5dda3292b4b4,f93d5473-5938-45c9-b431-ae056b055461,85.91517,Pitching,25410021,,,,,,,,,,,,,,,,,,,,33.63438544,1716.182753,0.8325889788,,8dce4946-707a-4610-84ef-ca46fb9b02db,c6dfbc40-7dce-4232-9b29-2e7fb5281d98
280,2026-09-22,20:48:54.30,"Conte, Austin",1000462098,Right,,,,,,Fastball,Live,,86.41426,-0.2091497231,-6.086612898,1810.482227,225.0313469,1:30,5.52944,2.92861,6.03882,-25.58816,11.69035,11.79613,3.20237,-1.74453,79.15562,-5.00499245,-3.882121077,0.4394411341,-8.00927,6.38767,-2.45946,50,5.49915,12.98526,-125.16572,-1.2437,-12.76245,24.20963,-21.99555,02a324e8-23f4-4c41-9e30-5659c1ee6c66,f93d5473-5938-45c9-b431-ae056b055461,85.77358,Pitching,25410021,,,,,,,,,,,,,,,,,,,,40.09396306,1384.999467,0.7649892644,,1596ab9c-b432-4e4c-9981-e175b764b310,c6dfbc40-7dce-4232-9b29-2e7fb5281d98
281,2026-09-22,20:49:12.20,"Conte, Austin",1000462098,Right,,,,,,Slider,Live,,73.58187,3.085827565,-1.777043668,2067.866451,77.68157097,8:30,5.65463,2.82205,4.84661,-56.99876,-3.68398,-16.77873,3.82997,-0.25884,68.09012,-7.337178401,-4.855201823,0.5255272187,8.2455,-2.70653,-2.63263,50,5.91172,3.84728,-106.80721,3.94817,9.59305,17.1625,-35.32291,4b001c56-3b6c-4bd7-8e0c-9b27bdab371f,f93d5473-5938-45c9-b431-ae056b055461,71.7231,Pitching,25410021,,,,,,,,,,,,,,,,,,,,,,,,59e5b49b-1a60-4b00-8977-751a4ab041d2,c6dfbc40-7dce-4232-9b29-2e7fb5281d98
282,2026-09-22,20:49:31.59,"Conte, Austin",1000462098,Right,,,,,,Fastball,Live,,86.22272,,,2060.047947,,,5.51906,2.8802,5.89809,,,,1.0868,-2.88034,79.96597,-7.708386941,-4.757883867,0.4411248988,-9.72717,4.01969,-2.28383,50,5.34086,15.90643,-124.51399,-5.31307,-15.49924,21.49694,-25.76909,b4b3938d-9380-4ea6-907d-561fc8e0807f,f93d5473-5938-45c9-b431-ae056b055461,85.44618,Pitching,25410021,,,,,,,,,,,,,,,,,,,,42.50390541,1518.731796,0.7372312854,,05412158-0e3c-4f07-a8dd-a9bc576cc5cf,c6dfbc40-7dce-4232-9b29-2e7fb5281d98
283,2026-09-22,20:49:49.29,"Conte, Austin",1000462098,Right,,,,,,Fastball,Live,,86.50496,-1.056817994,-4.810189345,2073.741311,240.5774705,2:00,5.51385,2.87266,6.00083,-28.98574,8.26727,14.72263,2.11572,-0.36731,79.14608,-6.495140581,-2.044029269,0.4392907972,-9.30989,4.77076,-2.50227,50,5.41462,10.10689,-125.49953,-3.21726,-14.84999,25.3661,-24.56433,2810c680-56f4-4a50-8356-ad47964ba0bb,f93d5473-5938-45c9-b431-ae056b055461,85.80293,Pitching,25410021,,,,,,,,,,,,,,,,,,,,33.608158,1727.099769,0.8328424382,,794167d4-93dd-45bf-bd3b-091b700ab05d,c6dfbc40-7dce-4232-9b29-2e7fb5281d98
284,2026-09-22,20:50:20.37,"Conte, Austin",1000462098,Right,,,,,,Slider,Live,,74.29143,3.065215426,-1.271511488,1871.231655,79.76818858,8:45,5.73654,2.68882,4.7787,-54.95203,-2.08415,-11.36349,4.06582,0.53657,67.96215,-7.036964284,-3.367511504,0.5233200053,5.53252,-1.95552,-2.55221,50,5.99625,2.75729,-107.76619,4.00546,6.49047,19.15064,-34.46816,cf7365af-426b-42a0-9882-ef3edb3f525c,f93d5473-5938-45c9-b431-ae056b055461,72.0256,Pitching,25410021,,,,,,,,,,,,,,,,,,,44.26802401,53.01477244,1125.749978,0.6016090928,7:30,d4589980-19f5-433a-89ef-b8798f98ac23,c6dfbc40-7dce-4232-9b29-2e7fb5281d98
285,2026-09-22,20:50:35.03,"Conte, Austin",1000462098,Right,,,,,,Fastball,Live,,86.96952,-0.6452678402,-5.872778291,2057.166361,237.2630488,2:00,5.58708,2.76596,5.95921,-25.821,11.2986,17.68258,2.83388,-1.2247,79.13378,-5.498338871,-2.555275304,0.4385035068,-11.24412,6.29697,-2.30891,50,5.52125,12.40363,-125.93875,-2.22959,-18.01574,26.14294,-22.08481,2022a5ce-b986-43e7-9489-7ee9017df750,f93d5473-5938-45c9-b431-ae056b055461,85.95698,Pitching,25410021,,,,,,,,,,,,,,,,,,,,33.59161456,1713.624151,0.8330022226,,e91ee124-898c-4c7c-bdc6-0951815a1990,c6dfbc40-7dce-4232-9b29-2e7fb5281d98
286,2026-09-22,20:50:51.34,"Conte, Austin",1000462098,Right,,,,,,Fastball,Live,,87.6719,-0.0003141621068,-3.788693573,2118.677115,235.1385111,1:45,5.53951,2.78383,5.91482,-25.66937,10.51124,15.16557,3.4001,0.5268,80.28251,-4.81465262,-0.9427100754,0.4329217346,-9.19945,5.66962,-2.48895,50,5.52481,7.95274,-127.39422,-0.81912,-15.16695,25.38126,-22.82666,894525fa-9dc4-460d-894e-c6dc4a373896,f93d5473-5938-45c9-b431-ae056b055461,87.06525,Pitching,25410021,,,,,,,,,,,,,,,,,,,233.9825768,37.77989019,1674.539008,0.7903700833,1:45,980fd172-8290-4132-9114-d5e6b8219b07,c6dfbc40-7dce-4232-9b29-2e7fb5281d98
287,2026-09-22,20:51:07.57,"Conte, Austin",1000462098,Right,,,,,,Slider,Live,,75.10816,1.674960317,-2.718087493,2081.75449,68.20532817,8:15,5.78254,2.70476,4.85317,-57.66766,-6.29349,-15.69734,2.56444,-1.17788,69.51112,-8.856486939,-5.600604971,0.515874212,7.41258,-3.72817,-2.42367,50,5.89981,5.68233,-109.01465,1.32939,8.93491,18.86978,-36.66788,4fdcf0f9-b42c-4a78-9a62-ad1c187acb04,f93d5473-5938-45c9-b431-ae056b055461,73.06517,Pitching,25410021,,,,,,,,,,,,,,,,,,,,49.17174116,1361.038349,0.6537938819,,5f8265f5-f7db-4c0c-a270-fe9abc339d53,c6dfbc40-7dce-4232-9b29-2e7fb5281d98
288,2026-09-22,20:51:40.56,"Conte, Austin",1000462098,Right,,,,,,ChangeUp,Live,,79.35508,-0.4031105579,-4.917241153,1848.936865,237.2918644,2:00,5.42425,2.93199,6.07743,-36.559,7.7246,12.11897,2.00336,-0.61827,72.50927,-7.274521433,-2.634570345,0.4789529598,-8.00698,4.31448,-2.55806,50,5.37358,9.56643,-115.11095,-1.82935,-10.70487,22.08311,-26.40583,8bf7f098-5428-4e3f-ae6a-33b254636eac,f93d5473-5938-45c9-b431-ae056b055461,78.69758,Pitching,25410021,,,,,,,,,,,,,,,,,,,,29.3857037,1611.045757,0.8713362731,,111fde55-efd3-4072-be6b-0e106fd18438,c6dfbc40-7dce-4232-9b29-2e7fb5281d98
289,2026-09-22,20:51:55.82,"Conte, Austin",1000462098,Right,,,,,,Fastball,Live,,86.74172,-0.4528580541,-2.342049276,1982.00885,235.0400253,1:45,5.54722,2.89348,5.84973,-28.57945,8.64475,12.41301,2.7445,1.75074,79.04778,-5.82160862,-0.002958575586,0.4391209008,-7.37673,4.79331,-2.71058,50,5.49379,4.76455,-126.12644,-1.90471,-11.8254,26.80838,-24.49005,86da4f8d-5af7-4694-8707-49a9dc4b4f1c,f93d5473-5938-45c9-b431-ae056b055461,85.83613,Pitching,25410021,,,,,,,,,,,,,,,,,,,225.8383272,33.46734313,1653.392326,0.8342002741,1:30,26f1798e-860d-4a72-aebc-d3f39124d8f0,c6dfbc40-7dce-4232-9b29-2e7fb5281d98
290,2026-09-22,20:52:19.55,"Conte, Austin",1000462098,Right,,,,,,Fastball,Live,,86.50095,-1.677217954,-2.906157341,1825.699354,217.4280188,1:15,5.63208,2.85932,5.82665,-24.47603,12.72533,9.76014,2.03102,0.96913,79.56249,-6.244653236,-1.077901942,0.4389861172,-6.01239,7.28201,-2.62793,50,5.4806,6.07129,-125.75042,-4.47055,-9.6753,24.31024,-20.45564,de93cf31-164d-4b8b-9942-f282d0377a4e,f93d5473-5938-45c9-b431-ae056b055461,85.86249,Pitching,25410021,,,,,,,,,,,,,,,,,,,,32.77372035,1535.075363,0.8408149784,,c44e704c-ebe5-4434-9c0b-db07de7b7186,c6dfbc40-7dce-4232-9b29-2e7fb5281d98
291,2026-09-22,20:52:57.73,"Conte, Austin",1000462098,Right,,,,,,Fastball,Live,,85.92986,-1.443197553,-5.410643411,1980.517165,237.5784753,2:00,5.45683,2.80056,5.87348,-29.34208,8.42193,13.31472,1.66513,-1.12954,79.20545,-6.907661587,-2.928267531,0.4422933819,-8.54964,4.90127,-2.37025,50,5.32267,11.37903,-124.57101,-4.07747,-13.53988,23.1858,-24.41201,7cfa00f3-e9ec-4d69-b8e2-3bd7a5796e8f,f93d5473-5938-45c9-b431-ae056b055461,85.22045,Pitching,25410021,,,,,,,,,,,,,,,,,,,,34.57135417,1630.797775,0.8234201671,,d5f5f9d7-0739-4f7d-9b50-85297b8f5cdb,c6dfbc40-7dce-4232-9b29-2e7fb5281d98
292,2026-09-22,20:53:11.61,"Conte, Austin",1000462098,Right,,,,,,Fastball,Live,,86.83208,-2.251450317,-5.64080002,2040.889214,245.3308823,2:15,5.46553,2.77399,5.8055,-28.73217,8.48592,18.46337,0.9664,-0.94951,79.87227,-7.598438578,-2.197374099,0.4390848189,-11.39593,5.1493,-2.32148,50,5.26293,11.82576,-125.74053,-5.89137,-18.34713,24.15753,-23.88381,1b0b2759-f405-4e56-b97e-36fe2c75441a,f93d5473-5938-45c9-b431-ae056b055461,85.84318,Pitching,25410021,,,,,,,,,,,,,,,,,,,,36.66318182,1637.118696,0.8021595117,,45bceb60-7ac1-45c3-9ee4-20f443c7093d,c6dfbc40-7dce-4232-9b29-2e7fb5281d98
293,2026-09-22,20:53:24.87,"Conte, Austin",1000462098,Right,,,,,,Fastball,Live,,84.20965,0.111101413,-3.052923229,1710.318193,224.8799603,1:30,5.51096,2.86939,5.89974,-30.52705,8.52741,8.53717,3.07032,0.74439,77.53961,-5.597156747,-1.453589835,0.4497868216,-5.3879,4.56424,-2.62903,50,5.50229,6.26943,-122.48441,-0.70317,-8.24093,22.64591,-25.19293,8eeccaba-7a17-4682-8449-297652b7ac7a,f93d5473-5938-45c9-b431-ae056b055461,83.80067,Pitching,25410021,,,,,,,,,,,,,,,,,,,230.4507727,48.87373562,1124.911525,0.65772061,1:45,a4a642b0-d1c5-4605-a8e5-187455a7ddbd,c6dfbc40-7dce-4232-9b29-2e7fb5281d98
294,2026-09-22,20:53:48.35,"Conte, Austin",1000462098,Right,,,,,,Slider,Live,,72.55117,1.541913524,-2.983248468,1844.545298,54.82611194,7:45,5.78735,2.57961,5.87253,-60.09153,-6.83652,-9.66657,2.21396,-0.99893,66.89924,-9.663378705,-4.798053733,0.5252325491,4.34439,-4.14007,-2.33293,50,5.87735,5.74855,-105.40664,1.254,4.86392,18.73068,-36.80921,f0bd1b6a-8b10-447d-bb31-35f74cbef10d,f93d5473-5938-45c9-b431-ae056b055461,71.76333,Pitching,25410021,,,,,,,,,,,,,,,,,,,,41.21121911,1387.62545,0.7522859162,,18d102cd-07a2-4424-b6da-1393cf39c6ea,c6dfbc40-7dce-4232-9b29-2e7fb5281d98
295,2026-09-22,20:54:02.75,"Conte, Austin",1000462098,Right,,,,,,Fastball,Live,,87.05769,-1.14625552,-4.468445943,1928.26594,227.8187179,1:30,5.56079,2.53258,5.92106,-27.04304,9.69202,10.74166,2.24029,-0.72669,79.94602,-6.203021799,-2.456943443,0.4362262398,-6.98668,5.53411,-2.18097,50,5.45349,9.53643,-126.37634,-3.39123,-11.34462,24.78186,-23.18803,f633d077-6c43-4b69-ab9f-d081178a37ad,f93d5473-5938-45c9-b431-ae056b055461,86.40571,Pitching,25410021,,,,,,,,,,,,,,,,,,,,36.28273135,1554.388046,0.8061066753,,d09affa1-8e4a-4de5-9523-a1629597d040,c6dfbc40-7dce-4232-9b29-2e7fb5281d98