PitchNo,Date,Time,Pitcher,PitcherId,PitcherThrows,PitcherTeam,PitcherSet,PitchCall,Balls,Strikes,TaggedPitchType,PitchSession,Flag,RelSpeed,VertRelAngle,HorzRelAngle,SpinRate,SpinAxis,Tilt,RelHeight,RelSide,Extension,VertBreak,InducedVertBreak,HorzBreak,PlateLocHeight,PlateLocSide,ZoneSpeed,VertApprAngle,HorzApprAngle,ZoneTime,pfxx,pfxz,x0,y0,z0,vx0,vy0,vz0,ax0,ay0,az0,PlayID,CalibrationId,EffVelocity,PracticeType,Device,Direction,BatterId,Batter,HitSpinRate,HitType,ExitSpeed,BatterSide,Angle,PositionAt110X,PositionAt110Y,PositionAt110Z,Distance,LastTrackedDistance,HangTime,Bearing,ContactPositionX,ContactPositionY,ContactPositionZ,SpinAxis3dTransverseAngle,SpinAxis3dLongitudinalAngle,SpinAxis3dActiveSpinRate,SpinAxis3dSpinEfficiency,SpinAxis3dTilt,PitchUID,SessionId
1,2026-09-29,18:59:28.90,"Hoggat, Kyle",1000514767,Right,,,,,,,Warmup,,81.71295,-0.3061996456,-4.914546456,1947.351029,220.3818226,1:15,5.51637,3.33638,4.9513,-29.83468,14.11015,12.07164,2.7398,-0.31214,73.76071,-5.835136245,-2.677250729,0.4771174379,-7.84725,7.47701,-2.86901,50,5.46281,9.75425,-118.23882,-1.65403,-10.98264,24.93931,-21.70958,03193fe4-2c16-405e-b7cf-7fd01d462a38,63fe6c7c-f33d-4f16-999c-d30a591707a8,79.00034,Pitching,25410021,,,,,,,,,,,,,,,,,,,,22.79412985,1795.268462,0.9219028491,,6f71d4ae-5760-41cc-b68a-30e0d5148779,b0c57eca-416d-4464-9ed7-4bcc991eb377
2,2026-09-29,18:59:45.58,"Hoggat, Kyle",1000514767,Right,,,,,,,Warmup,,81.94095,-1.64171264,-5.35698697,2033.592562,216.280121,1:15,5.54906,3.25549,4.89588,-27.74608,15.81208,11.6566,1.67704,-0.85419,74.63761,-6.746351742,-3.210311106,0.4750136969,-7.61368,8.71084,-2.73965,50,5.36508,10.7075,-118.50953,-4.37598,-10.79461,23.29635,-19.8239,264325b0-081b-4dca-8c7b-e5316d707e30,63fe6c7c-f33d-4f16-999c-d30a591707a8,79.35022,Pitching,25410021,,,,,,,,,,,,,,,,,,,,23.42409351,1865.999195,0.9175875394,,d5ad2c24-fb4f-4ec6-a781-6862e9d1e938,b0c57eca-416d-4464-9ed7-4bcc991eb377
3,2026-09-29,19:00:02.37,"Hoggat, Kyle",1000514767,Right,,,,,,,Warmup,,74.67126,1.560873805,-3.785099125,1511.067312,232.6223843,1:45,5.6272,3.54909,4.61557,-44.09323,8.53937,11.28254,3.44017,0.88587,68.2332,-6.518010477,-1.713931533,0.5221542533,-6.86847,3.96708,-3.16997,50,5.7484,6.78632,-108.21706,1.49682,-8.14554,18.87254,-27.46936,b10db978-1b6d-486d-8330-f4355d69bec4,63fe6c7c-f33d-4f16-999c-d30a591707a8,72.18641,Pitching,25410021,,,,,,,,,,,,,,,,,,,,23.84025064,1382.136928,0.914675949,,b107de5b-6347-464c-b9b1-b96682d5f9fb,b0c57eca-416d-4464-9ed7-4bcc991eb377
4,2026-09-29,19:00:18.83,"Hoggat, Kyle",1000514767,Right,,,,,,,Warmup,,76.25261,-0.4429790531,-3.929177641,1592.316379,263.2979315,2:45,5.55653,3.488,,-49.67457,1.7538,15.25639,0.99153,0.98864,69.93078,-9.441119947,-1.144834389,0.5161462602,-8.87787,1.01817,-3.06966,50,5.45728,7.04128,-110.42261,-2.624,-10.93052,20.17891,-30.92047,79dae78e-ad95-470b-80e2-f464970cf416,63fe6c7c-f33d-4f16-999c-d30a591707a8,,Pitching,25410021,,,,,,,,,,,,,,,,,,,,33.87070566,1322.096057,0.830297342,,7b98d7d0-1547-43af-9b33-a8d48a2bc795,b0c57eca-416d-4464-9ed7-4bcc991eb377
5,2026-09-29,19:00:36.26,"Hoggat, Kyle",1000514767,Right,,,,,,,Warmup,,83.16086,-2.089008188,-5.28199822,2040.384828,231.4456398,1:45,5.52332,3.51653,4.87065,-31.07008,11.47579,14.43442,0.94829,-0.29246,75.4924,-7.809312175,-2.615804303,0.4694616021,-9.12402,6.61568,-3.00807,50,5.29165,10.60394,-120.20028,-5.49795,-13.23731,25.113,-22.57589,9d8f15f8-8020-46ac-9925-c5d27f6c03b5,63fe6c7c-f33d-4f16-999c-d30a591707a8,80.28865,Pitching,25410021,,,,,,,,,,,,,,,,,,,,22.37136528,1886.818051,0.9247363657,,fb765460-4be8-47c6-9f53-2f0d45264ad4,b0c57eca-416d-4464-9ed7-4bcc991eb377
6,2026-09-29,19:00:41.96,"Hoggat, Kyle",1000514767,Right,,,,,,,Warmup,,51.46698,4.812067289,4.344785959,1261.483108,158.45262,11:15,6.34047,-0.91394,,-60.42393,59.1676,-23.44639,5.97644,1.33592,44.99369,-6.313827253,0.01617322336,0.7870849461,13.5634,28.02077,0.4273,50,6.8433,-5.04465,-73.91916,4.76803,7.2164,11.95827,-17.26562,bba11915-aa17-4c56-93b4-c26f77525925,63fe6c7c-f33d-4f16-999c-d30a591707a8,,Pitching,25410021,,,,,,,,,,,,,,,,,,,,,,,,a4bfff9e-379c-49e9-8d64-a94e71570f92,b0c57eca-416d-4464-9ed7-4bcc991eb377
7,2026-09-29,19:01:07.81,"Hoggat, Kyle",1000514767,Right,,,,,,ChangeUp,Live,,78.09187,1.634941676,-4.627999625,1493.625472,278.8101787,3:15,5.41738,3.27796,4.69021,-50.98923,-2.78097,17.47371,2.72586,0.33108,71.28444,-7.717423467,-1.413896053,0.4997262325,-10.36016,-1.90637,-2.82301,50,5.53921,8.55382,-113.03569,1.49654,-13.36972,21.0972,-34.6342,d88f0ec4-c817-4868-95fa-bb90c85843b2,63fe6c7c-f33d-4f16-999c-d30a591707a8,75.42618,Pitching,25410021,,,,,,,,,,,,,,,,,,,,21.93810647,1385.469036,0.9275879807,,74ee19dd-3ae1-469f-b7f2-f24866ae2c0d,b0c57eca-416d-4464-9ed7-4bcc991eb377
8,2026-09-29,19:01:26.38,"Hoggat, Kyle",1000514767,Right,,,,,,Fastball,Live,,85.37337,-1.303506157,-4.79987991,2068.27765,225.8733671,1:30,5.54507,3.13408,4.82269,-25.55018,14.48355,14.98566,2.17691,-0.17328,77.90015,-6.000627238,-2.04297526,0.4553909946,-9.11298,7.88203,-2.67005,50,5.39401,9.8299,-123.61977,-3.76135,-14.10647,24.5669,-19.97303,4df71edc-32f3-47e8-b452-47e1c9f7d2b0,63fe6c7c-f33d-4f16-999c-d30a591707a8,82.7694,Pitching,25410021,,,,,,,,,,,,,,,,,,,,25.06925308,1873.438261,0.9057963089,,47e3f5ea-af3d-4a18-b2d1-24200e566f4d,b0c57eca-416d-4464-9ed7-4bcc991eb377
9,2026-09-29,19:02:00.72,"Hoggat, Kyle",1000514767,Right,,,,,,ChangeUp,Live,,78.27638,-0.9653126515,-4.121932692,1574.528546,271.2236064,3:00,5.45918,3.28115,5.26125,-47.1177,-0.29611,12.79188,0.6235,0.46851,72.01246,-9.649446204,-1.745307063,0.492486638,-7.91924,0.11811,-2.91299,50,5.33654,7.7771,-113.52029,-3.40514,-10.31435,21.15076,-32.02022,d345585b-4482-41af-8f13-677401f5f705,63fe6c7c-f33d-4f16-999c-d30a591707a8,76.53495,Pitching,25410021,,,,,,,,,,,,,,,,,,,,34.88448755,1291.596396,0.8203067505,,e5455ca6-0097-4af6-ad5b-1c7232d5a9ab,b0c57eca-416d-4464-9ed7-4bcc991eb377
10,2026-09-29,19:02:19.29,"Hoggat, Kyle",1000514767,Right,,,,,,Fastball,Live,,84.66736,-1.567803317,-4.289868171,2108.434291,227.7346682,1:30,5.42307,3.41297,4.92896,-29.225,11.10647,12.25986,1.50131,0.37246,77.77635,-6.929476951,-2.033744822,0.4570812845,-7.51881,6.19747,-3.00515,50,5.24639,8.76471,-122.73473,-4.42219,-11.52259,23.22807,-22.67642,8178c205-ef7c-4e77-aad3-1e2dd563346a,63fe6c7c-f33d-4f16-999c-d30a591707a8,82.46332,Pitching,25410021,,,,,,,,,,,,,,,,,,,,30.3042242,1820.334354,0.8633583513,,ff7d4f4f-0de3-4f6c-a1f4-86fb38b799bc,b0c57eca-416d-4464-9ed7-4bcc991eb377
11,2026-09-29,19:02:39.90,"Hoggat, Kyle",1000514767,Right,,,,,,Fastball,Live,,86.23476,-1.506028609,-4.238430126,2127.32418,226.0686134,1:30,5.52954,3.21224,4.91257,-26.52673,12.86124,13.38926,1.89089,0.31352,78.08665,-6.410316588,-1.75737058,0.4517032838,-8.28387,7.17508,-2.80909,50,5.36079,8.7674,-124.87272,-4.25669,-12.96007,27.29811,-20.94868,b7baddc2-0ad3-4904-9199-9216493412c1,63fe6c7c-f33d-4f16-999c-d30a591707a8,83.44513,Pitching,25410021,,,,,,,,,,,,,,,,,,,,23.94643364,1944.215432,0.9139253202,,d7b6d25b-e7de-4307-aa4d-8b93e1d5d0ec,b0c57eca-416d-4464-9ed7-4bcc991eb377
12,2026-09-29,19:03:00.35,"Hoggat, Kyle",1000514767,Right,,,,,,ChangeUp,Live,,80.50693,-0.159849567,-4.396092047,1616.994405,248.7390739,2:15,5.56419,3.14242,5.3784,-39.15131,4.7413,12.30882,2.15131,0.03957,73.97755,-7.405842442,-2.1112112,0.4768338533,-7.70126,2.55214,-2.75739,50,5.5225,8.58483,-116.79413,-1.57995,-10.66815,21.40517,-28.6387,38b02b59-d149-4ca9-83c8-2945e0af4bfc,63fe6c7c-f33d-4f16-999c-d30a591707a8,79.04732,Pitching,25410021,,,,,,,,,,,,,,,,,,,,32.5787123,1362.5644,0.842652514,,c76ec36a-7382-4388-86db-48cc2c7ff7ea,b0c57eca-416d-4464-9ed7-4bcc991eb377
13,2026-09-29,19:03:11.41,"Hoggat, Kyle",1000514767,Right,,,,,,,Live,,37.18136,4.458748042,2.836580841,1107.126319,,,8.23926,5.2069,,,,,,,,,,,17.51311,31.95772,-5.48086,50,8.56321,-2.19402,-53.22723,1.53622,4.42592,9.57136,-24.09768,1c590783-24dd-4496-8c2a-3ff50fde4c4c,63fe6c7c-f33d-4f16-999c-d30a591707a8,,Pitching,25410021,,,,,,,,,,,,,,,,,,,,,,,,0255679e-19d5-42fc-94a2-c19b97a5d0f4,b0c57eca-416d-4464-9ed7-4bcc991eb377
14,2026-09-29,19:03:33.73,"Hoggat, Kyle",1000514767,Right,,,,,,ChangeUp,Live,,79.89199,1.471179398,-3.429286219,1493.33398,262.5351769,2:45,5.29034,3.32651,4.72071,-44.16933,1.44216,11.44781,3.00821,1.02295,73.28981,-6.623349823,-1.326291343,0.486080892,-6.83702,0.35057,-2.99021,50,5.40062,6.54356,-115.88674,1.43511,-9.3303,20.94473,-31.69563,6739554a-1cb3-4d7c-b8c1-9ddad1dac599,63fe6c7c-f33d-4f16-999c-d30a591707a8,77.54355,Pitching,25410021,,,,,,,,,,,,,,,,,,,,33.70394079,1242.328368,0.8319159581,,1383af5f-a753-486c-8949-e3564553bc58,b0c57eca-416d-4464-9ed7-4bcc991eb377
15,2026-09-29,19:03:51.52,"Hoggat, Kyle",1000514767,Right,,,,,,Fastball,Live,,84.86193,-0.3747089111,-4.420242928,2015.512604,225.5449183,1:30,5.63162,3.08866,4.95068,-28.18098,12.59146,12.8994,2.92813,-0.02081,76.42304,-5.606917916,-2.023912962,0.459573314,-8.15877,6.71008,-2.67007,50,5.57278,9.03972,-122.85822,-1.80509,-12.30011,27.43853,-22.05798,5c39a589-7600-4621-b328-5d1c476531a7,63fe6c7c-f33d-4f16-999c-d30a591707a8,82.01616,Pitching,25410021,,,,,,,,,,,,,,,,,,,,29.76411072,1749.61929,0.8680765807,,f5890bb6-e563-4bd6-8ada-f627b1cba65c,b0c57eca-416d-4464-9ed7-4bcc991eb377
16,2026-09-29,19:04:18.07,"Hoggat, Kyle",1000514767,Right,,,,,,Fastball,Live,,85.09392,0.02660658765,-4.007483931,2110.186224,223.3307434,1:30,5.6328,3.13101,4.90067,-25.47897,14.8111,14.03874,3.53478,0.50506,77.12093,-4.68711876,-1.409919157,0.456846608,-8.50181,7.71504,-2.75026,50,5.61464,8.13395,-123.33209,-0.86176,-13.02047,25.83125,-20.35851,20dce0a7-61ba-4a98-93dc-ce496d8c0dec,63fe6c7c-f33d-4f16-999c-d30a591707a8,82.50568,Pitching,25410021,,,,,,,,,,,,,,,,,,,,23.92105119,1928.931862,0.9141050394,,dd95a05a-279e-49e0-a24b-53a16da94829,b0c57eca-416d-4464-9ed7-4bcc991eb377
17,2026-09-29,19:04:42.40,"Hoggat, Kyle",1000514767,Right,,,,,,ChangeUp,Live,,80.22598,0.1342932829,-4.3344396,1493.368076,271.0036589,3:00,5.46282,3.11412,4.52713,-46.49959,-0.20453,9.40297,1.7161,-0.23728,72.77,-8.392566668,-2.602580717,0.4897096998,-6.20813,-0.14764,-2.67006,50,5.43456,8.46463,-116.08956,-1.38063,-8.36901,24.19884,-32.37308,08f08542-4d4b-479b-bd7f-56eb2e53296a,63fe6c7c-f33d-4f16-999c-d30a591707a8,76.96895,Pitching,25410021,,,,,,,,,,,,,,,,,,,,30.73621307,1283.593793,0.8595294177,,7ed9495b-5b98-499b-820a-ddd1bb476981,b0c57eca-416d-4464-9ed7-4bcc991eb377
18,2026-09-29,19:05:21.27,"Hoggat, Kyle",1000514767,Right,,,,,,ChangeUp,Live,,80.40762,-0.09431335105,-4.828717458,1571.49647,256.7643045,2:30,5.53851,3.08171,4.6469,-43.08815,2.77897,12.01326,1.85791,-0.51571,72.94942,-8.009275422,-2.614712612,0.4874410704,-7.70885,1.46719,-2.59793,50,5.49098,9.40405,-116.31353,-1.70497,-10.45003,23.94939,-30.18514,0393b0e6-279b-49d2-8264-4010adfcbd3a,63fe6c7c-f33d-4f16-999c-d30a591707a8,77.32717,Pitching,25410021,,,,,,,,,,,,,,,,,,,236.6054525,36.17752785,1268.499211,0.8071918933,2:00,3d7ed28d-c8c8-43b0-a1fe-6195dd8db131,b0c57eca-416d-4464-9ed7-4bcc991eb377
19,2026-09-29,19:06:01.35,"Johnson, Tate",1000512540,Right,,,,,,,Warmup,,84.04959,-0.2170096494,-0.9897580009,2166.05545,217.4796397,1:15,5.84199,1.67973,4.97055,-29.97162,11.13544,8.56531,3.13938,1.45866,76.25817,-5.771107474,0.6030574304,0.4614552413,-4.78034,5.89073,-1.59103,50,5.79723,1.80702,-122.08318,-1.51964,-7.15253,25.96388,-23.36011,9ad78fe7-4c15-435e-a788-97c43696beaf,63fe6c7c-f33d-4f16-999c-d30a591707a8,81.68168,Pitching,25410021,,,,,,,,,,,,,,,,,,,210.355942,45.74866109,1511.489085,0.6978071984,1:00,12848b04-cf38-4cbe-a43b-eae18d0956c1,b0c57eca-416d-4464-9ed7-4bcc991eb377
20,2026-09-29,19:06:13.76,"Johnson, Tate",1000512540,Right,,,,,,,Warmup,,84.69342,-2.433695136,-2.734325852,2217.251791,196.0265305,12:30,5.7681,1.22975,5.40755,-26.73531,13.04336,3.75489,1.25631,-1.02079,77.4099,-7.390369566,-2.033542481,0.4539379688,-2.78207,7.62424,-0.98919,50,5.53308,5.74549,-122.9238,-6.12225,-4.24101,25.20873,-20.5516,12c8a0f5-16eb-46d6-b1fe-1fd6698eba50,63fe6c7c-f33d-4f16-999c-d30a591707a8,83.03434,Pitching,25410021,,,,,,,,,,,,,,,,,,,,43.84170929,1599.20656,0.7212561812,,3b55efe4-3ac8-43d7-ad23-6361051ffea8,b0c57eca-416d-4464-9ed7-4bcc991eb377
21,2026-09-29,19:06:27.42,"Johnson, Tate",1000512540,Right,,,,,,,Warmup,,78.10451,1.826631348,0.001365086263,1682.229658,225.7695082,1:30,5.84492,1.46406,5.16495,-37.7127,9.253,9.54032,4.42169,2.26037,71.32008,-5.16804024,1.77460779,0.4932440075,-5.01506,4.34999,-1.47134,50,5.98674,-0.30848,-113.5115,2.41133,-6.53513,21.01894,-26.50557,75f65e59-c6b2-4258-b93c-9024e66ffedb,63fe6c7c-f33d-4f16-999c-d30a591707a8,76.41743,Pitching,25410021,,,,,,,,,,,,,,,,,,,,39.43057431,1299.345368,0.7723947571,,1e01e7b1-019a-4725-a99a-212b1bc59149,b0c57eca-416d-4464-9ed7-4bcc991eb377
22,2026-09-29,19:06:44.86,"Johnson, Tate",1000512540,Right,,,,,,,Warmup,,72.77075,-1.09430939,-1.29787061,2244.727583,62.88498883,8:00,5.67875,1.33741,4.98029,,,,,,,,,,3.97634,-1.92263,-1.20578,50,5.52641,2.6468,-105.61045,-3.82213,4.41995,20.63875,-34.31117,22c1d76f-11eb-4cbd-96cf-53cbb053c3a8,63fe6c7c-f33d-4f16-999c-d30a591707a8,,Pitching,25410021,,,,,,,,,,,,,,,,,,,38.328342,66.22505886,904.9509069,0.4031450914,7:15,523dd7a6-1798-4786-bf5d-bbc006277d7a,b0c57eca-416d-4464-9ed7-4bcc991eb377
23,2026-09-29,19:07:01.20,"Johnson, Tate",1000512540,Right,,,,,,,Warmup,,67.83018,3.092189535,0.3809174443,2331.015521,51.9563589,7:45,5.94612,1.1742,4.70384,-74.49186,-9.87228,-12.52352,2.67611,0.4921,61.52933,-10.64518704,-1.950288609,0.5785667512,6.63834,-6.17477,-1.202,50,6.19537,-0.28747,-98.25243,3.13235,6.35839,18.49164,-38.08841,ee9a5632-e798-4e2c-a294-164a50da8b3e,63fe6c7c-f33d-4f16-999c-d30a591707a8,65.14795,Pitching,25410021,,,,,,,,,,,,,,,,,,,33.41030085,41.41288952,1748.173712,0.7499622789,7:00,42bb1309-c955-487a-b6a5-17a627c1013c,b0c57eca-416d-4464-9ed7-4bcc991eb377
24,2026-09-29,19:07:12.53,"Johnson, Tate",1000512540,Right,,,,,,,Warmup,,83.37871,-0.5452902912,-2.86792983,2280.305845,183.9538343,12:15,5.85769,1.23288,5.1377,-29.17278,12.48807,0.86656,2.91257,-1.39734,75.56923,-5.963697678,-2.706541803,0.4645532261,-1.33958,6.74201,-0.96496,50,5.78469,6.03163,-120.98897,-2.14655,-1.96523,25.87002,-22.28318,2fa6fd43-ba87-444f-9e4b-540cdf03fc56,63fe6c7c-f33d-4f16-999c-d30a591707a8,81.13697,Pitching,25410021,,,,,,,,,,,,,,,,,,,194.9596688,49.88340668,1469.303967,0.6443451302,12:30,54a85cb6-654b-429e-99a8-be22dcf0c257,b0c57eca-416d-4464-9ed7-4bcc991eb377
25,2026-09-29,19:07:25.61,"Johnson, Tate",1000512540,Right,,,,,,,Warmup,,37.0537,7.42545348,8.231892484,956.7163704,,,7.19452,-4.89898,,,,,,,,,,,19.89432,30.98547,3.31035,50,8.15027,-6.61888,-51.67454,1.60071,4.94941,7.48854,-24.46532,6de23337-d668-4120-8e85-5d0ca7bec08f,63fe6c7c-f33d-4f16-999c-d30a591707a8,,Pitching,25410021,,,,,,,,,,,,,,,,,,,,,,,,905a0afd-a25c-4eab-866f-080fabc9f35f,b0c57eca-416d-4464-9ed7-4bcc991eb377
26,2026-09-29,19:07:47.38,"Johnson, Tate",1000512540,Right,,,,,,Fastball,Live,,84.791,-0.3094946905,-1.493413438,2239.016755,199.6048845,12:45,5.6892,1.21327,5.35364,-24.98269,15.09392,5.38954,3.31699,0.26165,76.33126,-4.991652976,-0.4809061628,0.4556347859,-3.34726,8.11835,-1.08287,50,5.64406,3.03067,-123.14845,-1.49943,-5.05874,28.07524,-19.90473,19ff2802-25e1-4574-a276-8bc316281666,63fe6c7c-f33d-4f16-999c-d30a591707a8,82.72511,Pitching,25410021,,,,,,,,,,,,,,,,,,,,46.19597091,1549.8338,0.692193927,,7e0745bb-0e53-4bd0-8649-becf5329d91e,b0c57eca-416d-4464-9ed7-4bcc991eb377
27,2026-09-29,19:08:05.25,"Johnson, Tate",1000512540,Right,,,,,,ChangeUp,Live,,79.95479,0.7958452887,0.3131210167,1523.38949,224.5726745,1:30,5.73233,1.35853,5.39124,-34.0114,10.67919,10.55614,3.64388,2.53163,72.61954,-5.554864782,2.289801826,0.4811488205,-5.5098,5.4288,-1.39372,50,5.77985,-0.96766,-116.22352,0.54321,-7.47098,23.54802,-24.8129,3c4a7966-e380-414d-a5ad-5255e3b5b080,63fe6c7c-f33d-4f16-999c-d30a591707a8,78.33842,Pitching,25410021,,,,,,,,,,,,,,,,,,,,37.03457513,1216.079479,0.7982721995,,20e00a77-6794-42fd-84d1-35b4abe19fe4,b0c57eca-416d-4464-9ed7-4bcc991eb377
28,2026-09-29,19:08:21.85,"Johnson, Tate",1000512540,Right,,,,,,Fastball,Live,,85.08887,-1.041683234,-1.219951981,2261.472311,191.5496468,12:30,5.71555,1.1977,5.32767,-25.08177,14.38229,2.94576,2.64778,0.29846,77.45549,-5.709332359,-0.6696744539,0.4521393151,-1.91756,7.91877,-1.08966,50,5.60379,2.5336,-123.66895,-3.10047,-2.95351,25.9167,-19.97719,70f373ae-99ab-4ef9-8156-48f60f9d811f,63fe6c7c-f33d-4f16-999c-d30a591707a8,83.36466,Pitching,25410021,,,,,,,,,,,,,,,,,,,198.9036183,47.38935959,1531.045382,0.6770126587,12:45,a1f414bd-c1d7-4df9-b5be-5efa3e9dbd14,b0c57eca-416d-4464-9ed7-4bcc991eb377
29,2026-09-29,19:08:53.10,"Johnson, Tate",1000512540,Right,,,,,,Fastball,Live,,85.27196,-1.987581912,-1.450764229,2253.235712,181.6792276,12:00,5.66545,1.19037,5.51789,-25.52556,13.7491,0.40391,1.67885,-0.13254,77.30253,-6.756727191,-1.374837888,0.4510530323,-0.66898,7.96023,-1.06449,50,5.47578,3.12338,-123.84994,-5.13667,-1.02674,27.47577,-19.95688,5cae5425-3d24-43d9-99f6-9843401b06f5,63fe6c7c-f33d-4f16-999c-d30a591707a8,83.56543,Pitching,25410021,,,,,,,,,,,,,,,,,,,201.5415865,49.69671063,1457.468485,0.6468335634,12:45,7c8b640d-a7e0-4321-8f60-b099c4183c15,b0c57eca-416d-4464-9ed7-4bcc991eb377
30,2026-09-29,19:09:10.74,"Johnson, Tate",1000512540,Right,,,,,,Slider,Live,,73.76543,0.5402510718,-0.9938246864,2204.232128,85.89754125,8:45,5.57479,1.2147,4.96389,-55.13886,-1.03526,-13.83787,1.49027,-0.87725,66.72528,-9.677360623,-3.581689454,0.5294006576,6.92067,-0.73039,-1.1078,50,5.5836,2.27971,-107.0131,-0.67758,7.83957,22.45083,-33.00142,8bd70e98-62ba-4721-8d89-5ea1128443dd,63fe6c7c-f33d-4f16-999c-d30a591707a8,71.19832,Pitching,25410021,,,,,,,,,,,,,,,,,,,69.90699128,64.6703968,943.0254376,0.4278249217,8:15,483a38c7-ebaa-43b3-91b8-1e1993ed95a7,b0c57eca-416d-4464-9ed7-4bcc991eb377
31,2026-09-29,19:09:28.83,"Johnson, Tate",1000512540,Right,,,,,,Fastball,Live,,85.92061,-1.879826627,-1.64616206,2298.122018,195.362505,12:30,5.66834,1.13219,5.34224,-23.79867,15.28009,4.20542,1.9206,-0.06178,77.51618,-6.325279324,-0.8565715775,0.4499267136,-2.76464,8.72035,-0.98693,50,5.48244,3.44172,-124.71601,-4.90128,-4.28709,28.69668,-18.65151,8d28d955-6dca-4cea-9177-dc39ebee29da,63fe6c7c-f33d-4f16-999c-d30a591707a8,83.77462,Pitching,25410021,,,,,,,,,,,,,,,,,,,,42.18255469,1702.929296,0.7410090862,,92daa3fb-fd19-4b9e-b4ad-22822332df61,b0c57eca-416d-4464-9ed7-4bcc991eb377
32,2026-09-29,19:09:41.60,"Johnson, Tate",1000512540,Right,,,,,,,Live,,39.96562,1.985564963,4.077012494,1055.216047,,,7.22945,3.43351,,,,,,,,,,,17.12292,33.48785,-3.82463,50,7.32069,-3.66425,-57.31807,-0.20449,5.01127,11.15594,-22.37335,5030cb55-5808-4f5e-80bf-06b4526a7995,63fe6c7c-f33d-4f16-999c-d30a591707a8,,Pitching,25410021,,,,,,,,,,,,,,,,,,,,,,,,feffde13-f7bf-4c1c-82ce-ef726e43aed8,b0c57eca-416d-4464-9ed7-4bcc991eb377
33,2026-09-29,19:10:01.97,"Johnson, Tate",1000512540,Right,,,,,,Curveball,Live,,70.27376,2.147261429,1.161648453,2264.287482,52.3649294,7:45,5.71615,0.99869,4.90822,-70.2927,-10.22751,-13.17938,1.89006,0.99891,63.38586,-10.9004555,-1.310150765,0.5578055434,7.33001,-6.13572,-1.10153,50,5.86969,-1.6794,-101.8284,1.76319,7.48524,20.99283,-38.43971,bae00a7e-7ac6-45af-ae0c-2b5b8d99a9f3,63fe6c7c-f33d-4f16-999c-d30a591707a8,67.57272,Pitching,25410021,,,,,,,,,,,,,,,,,,,,40.35003769,1725.620697,0.7621031829,,dacbaa32-18c9-4678-994e-86056d703b46,b0c57eca-416d-4464-9ed7-4bcc991eb377
34,2026-09-29,19:10:17.92,"Johnson, Tate",1000512540,Right,,,,,,Fastball,Live,,86.06008,-1.729871683,-2.167485887,2331.128757,198.685102,12:30,5.75059,1.06359,5.38667,-22.88815,15.5895,5.28242,2.22042,-0.52846,78.49138,-5.985301032,-1.181296371,0.4464529183,-3.42419,8.76277,-0.87377,50,5.58022,4.55169,-125.01503,-4.5576,-5.40082,25.99345,-18.35291,1e7f01b6-0751-4a23-ba54-64f13ea06a31,63fe6c7c-f33d-4f16-999c-d30a591707a8,84.42646,Pitching,25410021,,,,,,,,,,,,,,,,,,,,47.65581817,1570.207901,0.6735826565,,aa9c34c1-efb4-4109-8afd-f1389b3f4664,b0c57eca-416d-4464-9ed7-4bcc991eb377
35,2026-09-29,19:10:35.08,"Johnson, Tate",1000512540,Right,,,,,,Slider,Live,,75.45873,-1.32372974,-1.91620617,2243.918452,85.60283332,8:45,5.59014,1.10198,5.26516,-52.10414,-1.06726,-13.19696,0.00385,-1.79829,68.7817,-10.9557648,-4.390256386,0.5141779893,6.34919,-0.11843,-0.91748,50,5.43198,4.05875,-109.48684,-4.09368,7.54966,23.0091,-32.31488,321b00bf-6e80-490d-b1d9-1131781ce55a,63fe6c7c-f33d-4f16-999c-d30a591707a8,73.30621,Pitching,25410021,,,,,,,,,,,,,,,,,,,,58.94072078,1157.692818,0.5159246394,,12c485a1-e80c-4e2f-aa7c-f6357adca5fe,b0c57eca-416d-4464-9ed7-4bcc991eb377
36,2026-09-29,19:10:52.77,"Johnson, Tate",1000512540,Right,,,,,,Fastball,Live,,84.92497,-0.7210580318,-0.6319134907,2248.186304,181.7195033,12:00,5.66972,1.01863,5.29081,-26.42521,13.62389,0.40998,2.79059,0.45951,76.5074,-5.664085409,-0.5549412437,0.4554784047,-0.42315,7.45684,-0.96148,50,5.58544,1.34665,-123.35068,-2.44452,-0.64129,28.28106,-20.87314,99580a90-18ae-474b-bc75-629718138ab3,63fe6c7c-f33d-4f16-999c-d30a591707a8,82.75352,Pitching,25410021,,,,,,,,,,,,,,,,,,,204.7319931,46.72942844,1541.006851,0.6854444616,12:45,56fd78c4-4323-4f07-9cdd-86df3c8d2ee9,b0c57eca-416d-4464-9ed7-4bcc991eb377
37,2026-09-29,19:11:11.69,"Johnson, Tate",1000512540,Right,,,,,,Fastball,Live,,86.54331,-1.629546912,-3.041058303,2252.449009,193.3467746,12:30,5.71626,0.98006,5.41319,-24.41141,13.87938,3.30262,2.15302,-1.59595,78.46419,-6.181566961,-2.422987394,0.4453675346,-2.6905,7.87889,-0.71214,50,5.55471,6.55964,-125.57831,-4.40454,-4.2531,27.82142,-19.71922,122de179-04af-4bad-8f13-503b6bd51770,63fe6c7c-f33d-4f16-999c-d30a591707a8,84.63221,Pitching,25410021,,,,,,,,,,,,,,,,,,,191.2490723,40.89279726,1702.70678,0.7559357717,12:15,19ed5acc-6c1b-4c77-b329-f689edad5964,b0c57eca-416d-4464-9ed7-4bcc991eb377
38,2026-09-29,19:11:30.10,"Johnson, Tate",1000512540,Right,,,,,,Fastball,Live,,86.06694,-1.249706994,-1.648942629,2291.370532,190.8436538,12:15,5.73493,1.04184,5.32487,-21.17609,17.64962,3.38718,2.79706,-0.22343,77.77936,-5.204899498,-1.01433361,0.4484676444,-2.3115,9.7478,-0.89528,50,5.60712,3.48264,-124.99501,-3.45091,-3.61318,28.00871,-16.93692,70afe052-60c3-43d3-bd88-3e1d1ac27d33,63fe6c7c-f33d-4f16-999c-d30a591707a8,84.04718,Pitching,25410021,,,,,,,,,,,,,,,,,,,,44.91376701,1622.680353,0.7081702108,,1d45f938-eae8-4726-8c20-b0247fe42d2c,b0c57eca-416d-4464-9ed7-4bcc991eb377
39,2026-09-29,19:11:58.43,"Hoggat, Kyle",1000514767,Right,,,,,,,Warmup,,70.40925,0.9272848567,-2.752682585,1815.481583,215.850797,1:15,5.91832,3.22693,5.2468,-40.02234,18.12374,13.15158,3.45549,1.73448,63.85837,-6.526913855,-0.2955725153,0.5488221371,-7.79256,9.2919,-2.98394,50,5.97445,4.54126,-102.19418,0.5231,-8.16057,18.37311,-22.44334,fb704263-4302-4440-b2e7-1599465401c6,63fe6c7c-f33d-4f16-999c-d30a591707a8,68.67879,Pitching,25410021,,,,,,,,,,,,,,,,,,,,7.328494372,1800.651147,0.9918311281,,7f157d59-0514-429b-a08f-a8c2134e24d3,b0c57eca-416d-4464-9ed7-4bcc991eb377
40,2026-09-29,19:12:05.25,"Hoggat, Kyle",1000514767,Right,,,,,,,Warmup,,76.97836,2.602571812,-4.407462197,2009.530541,205.9670583,12:45,5.65448,3.1979,5.87883,-29.05038,18.41826,9.0221,5.65912,-0.15099,69.79957,-2.85995718,-2.712972382,0.4958779156,-6.14565,9.18333,-2.84701,50,5.84835,8.34905,-111.59306,4.27544,-7.71939,20.81358,-20.63911,bc248934-52bf-467d-841c-95a76df33f5c,63fe6c7c-f33d-4f16-999c-d30a591707a8,76.01153,Pitching,25410021,,,,,,,,,,,,,,,,,,,,21.82325066,1865.517634,0.9283350492,,f1faf67a-e3f5-4518-bbe2-c6819a973299,b0c57eca-416d-4464-9ed7-4bcc991eb377
41,2026-09-29,19:12:22.32,"Hoggat, Kyle",1000514767,Right,,,,,,,Warmup,,80.42536,-1.754943181,-6.318337516,2076.987809,221.447543,1:30,5.59505,3.17254,5.1171,-28.67727,16.08473,14.27485,1.54173,-1.61316,73.62795,-7.033287434,-3.69212701,0.4815331023,-9.20082,8.91122,-2.58757,50,5.40723,12.39367,-116.20549,-4.53278,-12.6135,21.25099,-19.95757,88ba2143-a9a2-4ed7-9d51-2067e3b687e0,63fe6c7c-f33d-4f16-999c-d30a591707a8,78.2759,Pitching,25410021,,,,,,,,,,,,,,,,,,,,24.22336733,1894.11497,0.9119528586,,d5af7c37-8831-406f-8837-f6c2963660fe,b0c57eca-416d-4464-9ed7-4bcc991eb377
42,2026-09-29,19:12:39.19,"Hoggat, Kyle",1000514767,Right,,,,,,,Warmup,,81.66316,-2.081109066,-4.117822378,2213.783663,218.1194459,1:15,5.6407,3.19901,4.92668,-26.78325,16.60876,13.05881,1.43577,0.3884,74.9556,-6.995398341,-1.712830781,0.4741068908,-7.89846,9.20326,-2.80849,50,5.41589,8.06762,-118.36447,-5.24314,-11.24939,21.76065,-19.0663,b44e7fca-102f-4d9c-90c1-58a847680789,63fe6c7c-f33d-4f16-999c-d30a591707a8,79.50199,Pitching,25410021,,,,,,,,,,,,,,,,,,,,23.28443414,2033.479413,0.9185538075,,272673d5-0e5a-4e07-9f59-b583a0b6d8d4,b0c57eca-416d-4464-9ed7-4bcc991eb377
43,2026-09-29,19:12:55.36,"Hoggat, Kyle",1000514767,Right,,,,,,,Warmup,,75.9823,0.5474245886,-4.715151616,1547.440166,245.3334534,2:15,5.69845,3.36376,5.28996,-42.43448,7.09491,15.61801,2.67795,0.22842,69.69365,-7.301597018,-1.819684832,0.5065273711,-9.52585,3.59388,-2.94539,50,5.71782,8.60791,-110.15453,-0.24205,-11.72834,19.19174,-27.74922,a07200e8-8dea-462e-b54d-d838809156a5,63fe6c7c-f33d-4f16-999c-d30a591707a8,74.41343,Pitching,25410021,,,,,,,,,,,,,,,,,,,,19.93393824,1454.727368,0.9400863437,,a477d190-1d54-4045-bdbf-ee42d9ef7732,b0c57eca-416d-4464-9ed7-4bcc991eb377
44,2026-09-29,19:13:10.31,"Hoggat, Kyle",1000514767,Right,,,,,,,Warmup,,76.00689,-1.262033084,-5.461692176,1604.26852,250.4806024,2:15,5.56224,3.45961,5.26391,-44.22744,5.92451,16.80315,0.68559,-0.28591,69.33585,-9.440590897,-2.336193068,0.509700811,-10.5361,3.51434,-2.97119,50,5.41452,10.00162,-109.94748,-3.77802,-12.78917,21.01592,-27.90819,64a1d8f0-d360-43e6-818e-39d4490eb0f0,63fe6c7c-f33d-4f16-999c-d30a591707a8,73.95013,Pitching,25410021,,,,,,,,,,,,,,,,,,,,19.62572185,1511.071369,0.9419067632,,4e78357c-fdf8-411e-93c0-e95829100cae,b0c57eca-416d-4464-9ed7-4bcc991eb377
45,2026-09-29,19:13:27.20,"Hoggat, Kyle",1000514767,Right,,,,,,,Warmup,,81.15603,-1.55918148,-5.564604979,2116.717143,221.7281868,1:30,5.91163,3.23372,4.61378,-27.01544,17.48457,15.65788,2.17072,-0.76815,74.51624,-6.485456175,-2.709069851,0.4801218781,-9.49271,9.39863,-2.67447,50,5.72636,10.87184,-117.38905,-4.18531,-13.34078,20.73289,-18.96548,38268e6b-f7ec-4f58-8564-70292b2eab4d,63fe6c7c-f33d-4f16-999c-d30a591707a8,78.50598,Pitching,25410021,,,,,,,,,,,,,,,,,,,,23.3586716,1943.232819,0.9180408563,,1645e097-10dd-40c5-81d1-681606e68b22,b0c57eca-416d-4464-9ed7-4bcc991eb377
46,2026-09-29,19:14:01.54,"Hoggat, Kyle",1000514767,Right,,,,,,Fastball,Live,,84.38354,-0.8539900063,-5.290441002,2237.939623,225.1121093,1:30,5.64523,3.19617,4.88024,-23.54533,17.4198,17.57107,2.87173,-0.3586,76.7978,-5.194037492,-2.055435801,0.460657936,-10.62372,9.30357,-2.69039,50,5.54173,10.67572,-122.11584,-2.67504,-16.03552,24.13834,-18.13117,2712017c-7638-4d58-922e-0441f878367f,63fe6c7c-f33d-4f16-999c-d30a591707a8,81.82305,Pitching,25410021,,,,,,,,,,,,,,,,,,,,23.15776041,2057.618782,0.9194255113,,edad0c0d-6d7f-48c3-99e7-71c79ea0ca9d,b0c57eca-416d-4464-9ed7-4bcc991eb377
47,2026-09-29,19:14:37.18,"Hoggat, Kyle",1000514767,Right,,,,,,ChangeUp,Live,,78.25431,-1.855865137,-4.890050217,1590.180485,258.6271586,2:30,5.45628,3.30959,5.45374,-43.43639,3.30343,16.44264,0.09256,0.09163,71.79434,-9.889219752,-1.823628257,0.4920564618,-10.16521,2.29764,-2.88909,50,5.26285,9.19505,-113.33894,-5.01118,-13.16402,21.57062,-29.19859,13267fec-e749-405d-a0c5-43660101ce19,63fe6c7c-f33d-4f16-999c-d30a591707a8,76.60186,Pitching,25410021,,,,,,,,,,,,,,,,,,,,13.92607652,1543.440387,0.9706070482,,5a09cf2e-4788-483e-a3f9-0f973001011e,b0c57eca-416d-4464-9ed7-4bcc991eb377
48,2026-09-29,19:14:59.23,"Hoggat, Kyle",1000514767,Right,,,,,,ChangeUp,Live,,79.28571,-1.250095437,-6.039234998,1544.610723,248.2997729,2:15,5.59343,3.26206,5.39054,-38.7914,6.49237,16.40184,1.18264,-1.0515,73.22616,-8.393503164,-3.011024704,0.4843314798,-10.21787,3.75325,-2.73309,50,5.45424,11.62244,-114.74166,-3.74019,-13.73115,19.63834,-27.1303,6348960f-5e11-42e4-94f2-7dd43d8bb59d,63fe6c7c-f33d-4f16-999c-d30a591707a8,77.82364,Pitching,25410021,,,,,,,,,,,,,,,,,,,,18.67944684,1463.248704,0.9473252272,,2ef3aeed-11d2-4459-8b7c-4576c5aae10c,b0c57eca-416d-4464-9ed7-4bcc991eb377
49,2026-09-29,19:15:19.91,"Hoggat, Kyle",1000514767,Right,,,,,,Fastball,Live,,84.86117,-2.220319292,-6.027366693,2160.274237,222.2726977,1:30,5.56543,3.06775,5.15977,-22.99543,17.26054,15.73837,1.54689,-1.31422,77.2981,-6.471576572,-3.12066853,0.4566532816,-9.97554,9.70128,-2.51585,50,5.34002,12.40162,-122.6185,-5.57728,-15.16857,24.52838,-17.42251,3b99bfe6-cc67-4309-9d14-e9cdc29519b4,63fe6c7c-f33d-4f16-999c-d30a591707a8,82.54061,Pitching,25410021,,,,,,,,,,,,,,,,,,,,20.94339631,2017.55358,0.93393401,,f87a67e9-6ca2-4671-b1b0-431c3ec6baa1,b0c57eca-416d-4464-9ed7-4bcc991eb377
50,2026-09-29,19:15:41.79,"Hoggat, Kyle",1000514767,Right,,,,,,Fastball,Live,,83.37816,-1.36098634,-3.926242901,2147.399349,217.8083032,1:15,5.52697,3.08372,4.9428,-24.07357,18.41385,14.32652,2.23157,0.56184,74.61221,-5.845008416,-1.252802312,0.4691390224,-8.84014,10.11445,-2.71378,50,5.37555,7.78619,-120.68469,-3.7088,-12.76981,27.98793,-17.56346,53c0f018-821e-4a18-ab44-ee9ef4afc771,63fe6c7c-f33d-4f16-999c-d30a591707a8,80.34386,Pitching,25410021,,,,,,,,,,,,,,,,,,,212.0439215,21.97239501,1991.421347,0.9273642317,1:00,1492f3db-d467-44d0-bd9a-ac5d6b77d321,b0c57eca-416d-4464-9ed7-4bcc991eb377
51,2026-09-29,19:16:01.03,"Hoggat, Kyle",1000514767,Right,,,,,,Fastball,Live,,85.25938,-0.6034741857,-4.386018168,2306.988639,219.1234152,1:15,5.63133,3.0548,5.09377,-21.97909,17.64456,14.41016,3.22942,0.11473,77.78685,-4.66880189,-1.721732907,0.4530526395,-8.75502,9.41208,-2.65133,50,5.55732,8.97189,-123.6151,-2.08287,-13.56597,24.31606,-17.58995,06564ac3-936d-444a-978c-f3a8ceb2bf0d,63fe6c7c-f33d-4f16-999c-d30a591707a8,83.1966,Pitching,25410021,,,,,,,,,,,,,,,,,,,,16.47296233,2212.295185,0.9589536539,,b1da6022-9d01-4ceb-a086-4c4e3fa41076,b0c57eca-416d-4464-9ed7-4bcc991eb377
52,2026-09-29,19:16:41.66,"Hoggat, Kyle",1000514767,Right,,,,,,Fastball,Live,,83.27903,0.298275205,-2.832924554,2032.561947,215.9289129,1:15,5.74778,3.16213,4.93801,-25.11665,16.68126,12.13023,3.93694,1.49371,75.71803,-4.347860018,-0.5870094229,0.4653167444,-7.14071,8.61771,-2.89676,50,5.75649,5.55424,-120.883,-0.25522,-10.53514,24.20701,-19.45978,17c9157f-6cde-40c2-958e-a8773beceb6e,63fe6c7c-f33d-4f16-999c-d30a591707a8,81.00383,Pitching,25410021,,,,,,,,,,,,,,,,,,,,15.95803357,1954.233777,0.9614633293,,605f32c8-3ff2-48c4-b79c-d186f0703088,b0c57eca-416d-4464-9ed7-4bcc991eb377
53,2026-09-29,19:17:05.71,"Hoggat, Kyle",1000514767,Right,,,,,,Fastball,Live,,83.03937,-3.733633375,-6.446150543,2195.456708,213.9352665,1:15,5.57016,3.25171,4.95299,-22.37155,20.05487,13.50831,0.15112,-1.7383,75.99919,-7.83129812,-3.969338389,0.4688021441,-8.7987,11.47589,-2.63603,50,5.18792,13.05404,-119.72088,-8.64475,-12.79944,22.61764,-15.48011,54a5ef6c-8807-4091-ad38-1f7c246c1b7a,63fe6c7c-f33d-4f16-999c-d30a591707a8,80.40159,Pitching,25410021,,,,,,,,,,,,,,,,,,,,24.05012476,2004.867526,0.9131892778,,b920fa60-4f32-40be-ba47-9318b305995b,b0c57eca-416d-4464-9ed7-4bcc991eb377
54,2026-09-29,19:17:33.76,"Hoggat, Kyle",1000514767,Right,,,,,,Fastball,Live,,83.65288,-1.471606939,-5.481742006,2071.44814,218.3371021,1:15,5.61516,3.11608,5.02427,-24.00932,17.51342,13.90912,2.21926,-0.91261,76.20287,-5.902563094,-2.916564275,0.4637825644,-8.82074,9.57642,-2.60165,50,5.45501,11.12812,-121.0151,-3.96103,-13.06648,23.8513,-17.98816,fa6b4c7b-fda3-451b-9e95-2a931135bdf4,63fe6c7c-f33d-4f16-999c-d30a591707a8,81.27179,Pitching,25410021,,,,,,,,,,,,,,,,,,,,16.67732093,1984.315085,0.9579361641,,7ee8b6cc-255e-468e-98b1-ce7a4a5a9a5e,b0c57eca-416d-4464-9ed7-4bcc991eb377
55,2026-09-29,19:18:04.17,"Hoggat, Kyle",1000514767,Right,,,,,,Fastball,Live,,83.10277,-0.652801983,-5.323873871,2084.484145,223.155061,1:30,5.60345,3.21403,5.13562,-27.37412,14.68286,13.84446,2.70495,-0.6594,75.3298,-5.73018736,-2.757604245,0.4667565753,-8.865,7.9159,-2.72469,50,5.52144,10.73578,-120.25199,-2.30581,-12.89631,24.73674,-20.65843,002826bf-41c5-443d-8203-42a949956f6f,63fe6c7c-f33d-4f16-999c-d30a591707a8,80.75395,Pitching,25410021,,,,,,,,,,,,,,,,,,,,18.22998771,1979.860656,0.9498084503,,3377af0b-d995-4f70-8d59-7c3cfb41c5bc,b0c57eca-416d-4464-9ed7-4bcc991eb377
56,2026-09-29,19:18:31.51,"Hoggat, Kyle",1000514767,Right,,,,,,ChangeUp,Live,,78.536,-0.9738942427,-5.402744335,1596.51329,274.8179229,3:15,5.38817,3.27624,4.67445,-49.01976,-1.2213,14.35096,0.37418,-0.67351,72.08357,-9.910042684,-2.769113578,0.4975976791,-8.97068,-0.35108,-2.73799,50,5.24575,10.24768,-113.56687,-3.62328,-11.68112,21.37134,-32.63121,a0f7c257-053e-4946-a552-02a54550405d,63fe6c7c-f33d-4f16-999c-d30a591707a8,75.74882,Pitching,25410021,,,,,,,,,,,,,,,,,,,,25.18236111,1444.777615,0.9049580886,,3ad8d371-ffee-4935-9989-8259182e4fb9,b0c57eca-416d-4464-9ed7-4bcc991eb377
57,2026-09-29,19:18:52.03,"Hoggat, Kyle",1000514767,Right,,,,,,Fastball,Live,,84.62174,-2.362536368,-6.045389276,2055.69975,210.6105695,1:00,5.68142,3.03045,5.1043,-19.68779,21.01776,12.48196,1.80134,-1.64591,76.79787,-6.004882614,-3.74044495,0.4591961185,-8.32086,11.72745,-2.46868,50,5.4426,12.50944,-122.21262,-5.75416,-12.52655,25.12331,-14.51909,8bdc6871-391d-43d4-b44d-6dd1608dbb53,63fe6c7c-f33d-4f16-999c-d30a591707a8,82.08353,Pitching,25410021,,,,,,,,,,,,,,,,,,,,14.5509974,1989.761948,0.9679244005,,299d7e4d-b80e-4ce6-a584-e5ac0dbc3a94,b0c57eca-416d-4464-9ed7-4bcc991eb377
58,2026-09-29,19:19:24.67,"Hoggat, Kyle",1000514767,Right,,,,,,Fastball,Live,,83.55422,-2.253021874,-6.427321502,2131.086905,221.674702,1:30,5.64944,3.07433,5.19972,-23.84938,17.57582,15.70138,1.5287,-1.68711,76.30769,-6.656674151,-3.532708541,0.4632374588,-10.02597,9.86589,-2.48906,50,5.42193,13.06015,-120.66873,-5.58751,-14.80416,23.16212,-17.60626,3a6b338e-e1d1-402d-8cf9-f78ef295776e,63fe6c7c-f33d-4f16-999c-d30a591707a8,81.36742,Pitching,25410021,,,,,,,,,,,,,,,,,,,,24.55853655,1938.302652,0.9095371224,,c368c795-368b-46ee-b697-732d7642ff76,b0c57eca-416d-4464-9ed7-4bcc991eb377
59,2026-09-29,19:19:45.48,"Hoggat, Kyle",1000514767,Right,,,,,,Fastball,Live,,84.7468,-1.734777273,-5.325386905,2293.634657,214.5439933,1:15,5.61318,3.09015,5.22084,-20.53733,19.59862,13.54103,2.26338,-0.80205,77.18951,-5.540382661,-2.818762178,0.45597201,-8.63065,10.81174,-2.60814,50,5.43753,10.96794,-122.65356,-4.4363,-13.13547,24.46639,-15.71905,19ff76aa-c9f6-4e90-b01c-e5a655ae19d4,63fe6c7c-f33d-4f16-999c-d30a591707a8,82.66393,Pitching,25410021,,,,,,,,,,,,,,,,,,,,25.55367228,2069.274993,0.9021816037,,dd6c36b1-a3d2-4585-b993-69734c3b4a5f,b0c57eca-416d-4464-9ed7-4bcc991eb377
60,2026-09-29,19:20:32.03,"Hoggat, Kyle",1000514767,Right,,,,,,ChangeUp,Live,,77.26678,1.311616157,-5.529412951,1522.242637,239.8664734,2:00,5.57891,3.53608,4.8691,-39.3574,9.19037,16.03399,3.54619,-0.37596,70.97768,-5.900045912,-2.593282796,0.5014828043,-9.7305,4.43448,-3.00444,50,5.67563,10.29379,-111.83544,1.26502,-12.42624,18.59408,-26.51104,797ccab5-6ebf-4b9f-adc5-d1ed180b0384,63fe6c7c-f33d-4f16-999c-d30a591707a8,75.16198,Pitching,25410021,,,,,,,,,,,,,,,,,,,,18.24582654,1445.707223,0.9497219348,,674cddbc-4156-47ed-a9c4-f2adfcb5dd87,b0c57eca-416d-4464-9ed7-4bcc991eb377
61,2026-09-29,19:20:50.91,"Hoggat, Kyle",1000514767,Right,,,,,,Fastball,Live,,84.02463,-2.792492581,-5.052705506,2134.663531,221.3944962,1:30,5.65458,3.18229,4.99755,-24.74021,16.06696,14.17681,0.94454,-0.41823,77.51361,-7.319966802,-2.450667816,0.4597689439,-8.65303,9.07351,-2.70724,50,5.36542,10.25103,-121.63598,-6.83483,-13.09187,21.65107,-18.44601,9326371e-81af-4cb6-8af5-31efa92abcd6,63fe6c7c-f33d-4f16-999c-d30a591707a8,81.98126,Pitching,25410021,,,,,,,,,,,,,,,,,,,,17.27563581,2038.362812,0.9548871675,,a0aa99b2-9515-4a61-bbf9-95f0b6d1a5e5,b0c57eca-416d-4464-9ed7-4bcc991eb377
62,2026-09-29,19:21:12.51,"Hoggat, Kyle",1000514767,Right,,,,,,Fastball,Live,,83.72902,-0.6523504056,-3.894743634,2127.154444,220.9986646,1:15,5.61479,3.14073,5.27215,-23.58977,17.3657,15.14857,3.03488,0.73968,76.08398,-5.040462629,-1.074766538,0.4606036091,-9.12975,9.36005,-2.79583,50,5.53814,7.75874,-121.45293,-2.18011,-13.58142,24.68988,-18.25002,0a2f785f-e678-4a95-9b60-8570803870d6,63fe6c7c-f33d-4f16-999c-d30a591707a8,81.8327,Pitching,25410021,,,,,,,,,,,,,,,,,,,,,,,,be1c89f3-35c0-463f-8cd2-f12f2fd14ce8,b0c57eca-416d-4464-9ed7-4bcc991eb377
63,2026-09-29,19:21:35.27,"Hoggat, Kyle",1000514767,Right,,,,,,Fastball,Live,,83.30171,0.3764840051,-4.30706693,2059.151754,216.4797034,1:15,5.58806,3.00054,5.10499,-24.05705,17.86109,13.27462,3.93899,0.04151,75.12222,-4.101581061,-1.837950129,0.4659854662,-8.30713,9.27532,-2.6044,50,5.60533,8.636,-120.68366,-0.0261,-12.12635,25.72533,-18.63438,6615ae21-c98f-412c-872f-fed0188d0e59,63fe6c7c-f33d-4f16-999c-d30a591707a8,80.88758,Pitching,25410021,,,,,,,,,,,,,,,,,,,,-1.00506512,2058.83495,0.9998461484,,0dabb93d-2128-4631-b2c2-85c8fc9b00fd,b0c57eca-416d-4464-9ed7-4bcc991eb377
64,2026-09-29,19:21:57.10,"Hoggat, Kyle",1000514767,Right,,,,,,ChangeUp,Live,,78.35408,0.09017005478,-5.069132537,1563.829811,239.6364045,2:00,5.58428,3.24108,4.92933,-37.99242,9.15893,15.76629,2.50381,-0.24866,71.9397,-6.884197516,-2.17106513,0.4942178969,-9.54766,4.74355,-2.75989,50,5.56214,9.54243,-113.50124,-1.08735,-12.51611,19.81718,-25.9557,55fa7f6f-2d77-4d4d-83b6-9fd2aee0d9e6,63fe6c7c-f33d-4f16-999c-d30a591707a8,76.26684,Pitching,25410021,,,,,,,,,,,,,,,,,,,,-0.7918415008,1563.680468,0.999904502,,ebdf3c53-2169-49bc-97b1-f4b2e39c5165,b0c57eca-416d-4464-9ed7-4bcc991eb377
65,2026-09-29,19:22:28.55,"Hoggat, Kyle",1000514767,Right,,,,,,ChangeUp,Live,,79.73447,-2.508577559,-5.586273505,1674.220637,238.4286396,2:00,5.68974,3.16602,5.33442,-35.98255,9.02983,14.70906,0.32523,-0.86522,73.52368,-9.124490839,-2.866160509,0.4828779708,-9.256,5.43849,-2.67136,50,5.43684,10.81433,-115.3589,-6.22493,-12.52715,20.58474,-24.81354,1fae751e-5d12-4f81-8695-da72264a4fb1,63fe6c7c-f33d-4f16-999c-d30a591707a8,78.0579,Pitching,25410021,,,,,,,,,,,,,,,,,,,,5.58703773,1666.26717,0.9952494511,,16900d78-c8bd-4448-bb95-fd802160355b,b0c57eca-416d-4464-9ed7-4bcc991eb377
66,2026-09-29,19:22:50.84,"Hoggat, Kyle",1000514767,Right,,,,,,Fastball,Live,,83.65483,-0.3484800367,-3.971334965,2093.158763,211.4913411,1:00,5.70769,3.04598,5.0243,-23.57833,18.15466,11.16646,3.41325,0.22361,75.38829,-4.732962413,-1.894626215,0.4649552462,-7.10371,9.63293,-2.67462,50,5.65595,8.02806,-121.21113,-1.55599,-10.44006,26.37811,-18.01689,774cc04d-6610-463c-95c0-9306dec3868a,63fe6c7c-f33d-4f16-999c-d30a591707a8,81.06681,Pitching,25410021,,,,,,,,,,,,,,,,,,,,14.59455043,2025.619104,0.9677331412,,ec335139-e04a-4b89-a61b-fd8fcf921029,b0c57eca-416d-4464-9ed7-4bcc991eb377
67,2026-09-29,19:23:16.83,"Hoggat, Kyle",1000514767,Right,,,,,,ChangeUp,Live,,79.21745,0.1281589008,-4.925046256,1631.806795,241.1257048,2:00,5.5412,3.1171,5.41096,-36.39723,8.4294,15.41608,2.6286,-0.22309,73.4871,-6.578778533,-2.081207654,0.4818805976,-9.29289,4.42139,-2.68945,50,5.52721,9.41771,-114.95478,-0.89411,-12.63049,18.16961,-26.16469,00861371-9080-4677-846b-20fbe407360a,63fe6c7c-f33d-4f16-999c-d30a591707a8,78.21946,Pitching,25410021,,,,,,,,,,,,,,,,,,,,17.19513116,1558.870721,0.9553034871,,7d9274f5-bc9a-4948-8f17-42c101c9a443,b0c57eca-416d-4464-9ed7-4bcc991eb377
68,2026-09-29,19:24:40.15,"Johnson, Tate",1000512540,Right,,,,,,,Warmup,,85.07021,-0.9797319139,-2.103017371,2256.649489,187.7304576,12:15,5.78715,1.92857,8.12097,-18.97673,16.34215,2.22337,3.33367,0.2425,77.75956,-4.696820981,-1.666605378,0.4277350579,-1.91287,9.85922,-1.84162,50,5.7433,4.52108,-124.17344,-2.45531,-2.97414,25.83625,-16.84489,969c61f6-9dfd-44fa-8735-c7fd28ce6a6a,63fe6c7c-f33d-4f16-999c-d30a591707a8,88.121,Pitching,25410021,,,,,,,,,,,,,,,,,,,194.9196365,42.62574886,1660.426498,0.7357928231,12:30,418d522f-ef0e-4af4-90c1-af833204d1bb,b0c57eca-416d-4464-9ed7-4bcc991eb377
69,2026-09-29,19:24:50.94,"Johnson, Tate",1000512540,Right,,,,,,,Warmup,,78.40476,1.742856578,0.3366151919,1635.317056,226.9630218,1:30,5.87371,1.56327,5.41643,-35.41942,10.55154,11.33436,4.55505,2.82309,71.91707,-4.841218352,2.447356401,0.487992584,-5.91489,5.1218,-1.60094,50,6.00393,-1.02211,-114.03476,2.36947,-7.81308,20.35329,-25.40858,3cd1d5fa-70a8-4c52-aaa9-bc7213a14638,63fe6c7c-f33d-4f16-999c-d30a591707a8,77.23978,Pitching,25410021,,,,,,,,,,,,,,,,,,,,34.71703031,1344.189401,0.8219747949,,d2a92244-a3df-4064-aa67-6ba5915d2d5e,b0c57eca-416d-4464-9ed7-4bcc991eb377
70,2026-09-29,19:25:02.66,"Johnson, Tate",1000512540,Right,,,,,,,Warmup,,71.99762,0.7130342632,0.2077248372,2158.498096,76.2837421,8:30,5.70645,1.35181,5.24811,-56.6438,-2.07124,-8.29751,1.65613,0.85553,67.05169,-9.688242566,-1.329748574,0.5316900727,4.4171,-1.27057,-1.36475,50,5.73019,-0.13565,-104.77309,-0.36313,4.95106,16.31365,-33.59821,d9122fba-906d-45b6-b224-279f498f3a20,63fe6c7c-f33d-4f16-999c-d30a591707a8,70.89175,Pitching,25410021,,,,,,,,,,,,,,,,,,,,,,,,bf8fe275-60d3-4c25-92e6-e5afe87696e9,b0c57eca-416d-4464-9ed7-4bcc991eb377
71,2026-09-29,19:25:12.13,"Johnson, Tate",1000512540,Right,,,,,,,Warmup,,71.23233,1.227931563,-0.2157893414,2252.391295,37.46934667,7:15,5.78262,1.15777,4.85262,-68.32763,-11.04288,-8.42615,1.25106,0.25135,65.83683,-11.27317501,-1.775777279,0.5447420728,4.32204,-6.10368,-1.12953,50,5.84705,0.64673,-103.47243,0.13372,4.66482,17.98493,-38.7618,b61e1b9f-8b40-4e84-99b3-423dd3d48455,63fe6c7c-f33d-4f16-999c-d30a591707a8,69.19318,Pitching,25410021,,,,,,,,,,,,,,,,,,,,45.93944297,1566.35405,0.6954182666,,90f29f29-a095-4284-92a7-4467234577df,b0c57eca-416d-4464-9ed7-4bcc991eb377
72,2026-09-29,19:25:23.65,"Johnson, Tate",1000512540,Right,,,,,,,Warmup,,83.62543,-0.2080715796,-1.764330197,2272.943155,208.6662866,1:00,5.87642,1.24987,5.45725,-29.91352,10.1257,5.55643,3.18879,0.0611,77.37441,-5.743813336,-0.7329272699,0.4554222046,-3.37383,5.41235,-1.09838,50,5.83763,3.56488,-121.7135,-1.43428,-5.12022,21.27298,-23.96012,32e6f56c-d55a-4855-be57-84b6f7991bb4,63fe6c7c-f33d-4f16-999c-d30a591707a8,82.76373,Pitching,25410021,,,,,,,,,,,,,,,,,,,186.3299971,46.41767695,1566.958121,0.6893960887,12:15,95740259-9d4b-48fd-b6c6-9fffbc52ed32,b0c57eca-416d-4464-9ed7-4bcc991eb377
73,2026-09-29,19:25:47.01,"Johnson, Tate",1000512540,Right,,,,,,Fastball,Live,,84.77275,-1.704558255,-1.928739422,2261.955148,220.2561547,1:15,5.71379,1.11384,5.75516,-25.61319,13.23182,11.22331,1.99151,0.25331,77.91964,-6.480022016,0.1746044577,0.4485790451,-6.53681,7.55395,-0.96093,50,5.55696,3.79578,-123.29715,-4.48444,-10.09589,23.75597,-20.50721,88fe1f6c-e32d-4dfb-8ed7-2026eac3ca22,63fe6c7c-f33d-4f16-999c-d30a591707a8,84.0263,Pitching,25410021,,,,,,,,,,,,,,,,,,,,37.7994493,1787.308523,0.7901609033,,ff8650e1-0563-4778-b4fb-dabc2a99bba1,b0c57eca-416d-4464-9ed7-4bcc991eb377
74,2026-09-29,19:26:05.41,"Johnson, Tate",1000512540,Right,,,,,,Slider,Live,,73.38897,0.8193223185,-1.308532759,2221.493191,119.0991639,10:00,5.68802,1.20562,5.07009,-47.80789,5.42195,-9.81721,2.47665,-0.84623,67.65395,-7.9771852,-3.125172418,0.5251084252,4.78262,2.61498,-1.074,50,5.72858,2.73754,-106.68332,0.06192,5.52156,18.05072,-29.15503,c81e6496-0c6f-4501-9677-a239bd9f8de1,63fe6c7c-f33d-4f16-999c-d30a591707a8,71.7803,Pitching,25410021,,,,,,,,,,,,,,,,,,,,,,,,bea5b162-5073-45a6-9ae0-a7e043ddab8a,b0c57eca-416d-4464-9ed7-4bcc991eb377
75,2026-09-29,19:26:20.34,"Johnson, Tate",1000512540,Right,,,,,,Fastball,Live,,85.19438,-0.8717972687,-1.725597082,2270.530424,185.8741519,12:15,5.79333,1.0777,5.21398,-25.20083,13.82319,1.42595,2.87318,-0.42633,78.62176,-5.518140983,-1.461851011,0.4496115112,-1.18172,7.47851,-0.91955,50,5.69413,3.6834,-123.92232,-2.76921,-1.85511,22.55379,-20.43392,2ae417f6-225b-42e1-9307-6ed5d8258cdf,63fe6c7c-f33d-4f16-999c-d30a591707a8,83.83335,Pitching,25410021,,,,,,,,,,,,,,,,,,,,41.09521858,1711.113161,0.7536182486,,5ef8ca52-bce0-4b39-8635-f31782e1762f,b0c57eca-416d-4464-9ed7-4bcc991eb377
76,2026-09-29,19:26:38.66,"Johnson, Tate",1000512540,Right,,,,,,Slider,Live,,74.89586,-0.5050292301,-2.265750966,2208.895225,83.92510663,8:45,5.56963,1.28615,5.14873,-52.64019,-0.92967,-8.30913,0.70717,-1.54017,68.50177,-10.21746699,-3.815242365,0.5175601744,3.66055,-0.32972,-1.06827,50,5.48315,4.55423,-108.70649,-2.56311,4.32133,21.44726,-32.56329,7273fb72-7cd4-4aa6-90cc-a425bdc3e26c,63fe6c7c-f33d-4f16-999c-d30a591707a8,72.82716,Pitching,25410021,,,,,,,,,,,,,,,,,,,57.61890319,66.08958731,895.2823153,0.4053077326,8:00,cbf66b34-e47d-4d7b-9e60-48e264061a34,b0c57eca-416d-4464-9ed7-4bcc991eb377
77,2026-09-29,19:27:05.59,"Johnson, Tate",1000512540,Right,,,,,,Fastball,Live,,85.03565,-1.951369916,-2.228180072,2289.480585,191.0341839,12:15,5.76351,0.89515,5.3594,-21.93891,17.83543,3.48408,2.1035,-0.90479,76.92704,-6.043968068,-1.57538223,0.453913288,-2.54651,10.0778,-0.69761,50,5.57304,4.6853,-123.42024,-4.94384,-3.88086,27.30832,-16.81558,618834f0-55da-4f1c-939b-b440000149d0,63fe6c7c-f33d-4f16-999c-d30a591707a8,83.03885,Pitching,25410021,,,,,,,,,,,,,,,,,,,215.7268477,48.49210449,1517.292014,0.66272325,1:15,1111a104-5ee3-4c9f-897e-692de2470635,b0c57eca-416d-4464-9ed7-4bcc991eb377
78,2026-09-29,19:27:22.70,"Johnson, Tate",1000512540,Right,,,,,,Slider,Live,,74.90328,-0.2575843987,-1.894312022,2311.703963,105.2318068,9:30,5.67541,1.11002,5.10369,-48.54851,2.76312,-10.31602,1.3869,-1.53493,68.94367,-9.186048263,-3.80780947,0.5155601048,4.86745,1.52489,-0.92371,50,5.61407,3.91839,-108.82066,-1.99195,5.81434,19.77804,-30.35252,e0df82d5-f1f3-46ce-aca7-181b16d55f1e,63fe6c7c-f33d-4f16-999c-d30a591707a8,73.10969,Pitching,25410021,,,,,,,,,,,,,,,,,,,,,,,,e6f741a3-b69b-4f83-873c-1256844c9bae,b0c57eca-416d-4464-9ed7-4bcc991eb377
79,2026-09-29,19:27:41.25,"Johnson, Tate",1000512540,Right,,,,,,Slider,Live,,74.35696,-0.1734910467,-0.7479966417,2194.062803,118.5497233,10:00,5.63672,1.03874,5.09239,-48.4739,4.00235,-7.43776,1.43373,-0.28595,67.76436,-9.142872874,-2.136308736,0.5213781398,3.67575,2.15976,-0.9625,50,5.58347,1.63716,-107.99679,-1.80763,4.28501,21.07922,-29.65631,99690362-4775-4edc-8619-ae414c904ab5,63fe6c7c-f33d-4f16-999c-d30a591707a8,72.29386,Pitching,25410021,,,,,,,,,,,,,,,,,,,,64.16060019,956.282506,0.4358501064,,6258efe4-56ef-4dba-8865-1261740b8c23,b0c57eca-416d-4464-9ed7-4bcc991eb377
80,2026-09-29,19:27:48.49,"Johnson, Tate",1000512540,Right,,,,,,,Live,,43.52482,8.617624621,18.39141772,1068.13813,,,5.40338,-2.64353,,,,,3.39817,8.84373,37.03103,,,0.8176055896,42.03901,8.13821,3.64181,50,4.89656,-20.61992,-60.3851,11.01323,14.34318,10.01333,-29.39739,4920fdc7-e4c4-4626-a278-97f936aa0698,63fe6c7c-f33d-4f16-999c-d30a591707a8,,Pitching,25410021,,,,,,,,,,,,,,,,,,,,,,,,94d49699-4cba-40aa-8f51-7349f7c894a4,b0c57eca-416d-4464-9ed7-4bcc991eb377
81,2026-09-29,19:28:07.99,"Johnson, Tate",1000512540,Right,,,,,,Slider,Live,,74.2805,1.643988024,0.2696709942,2163.745082,92.47744544,9:00,5.58167,1.20089,5.12093,-52.04887,0.26154,-7.07235,2.79302,0.8655,67.77832,-8.002783524,-1.048378454,0.5205535829,3.79932,-0.35619,-1.22084,50,5.69663,-0.29205,-107.9002,1.50867,4.44463,20.12289,-32.59074,bb06bb7f-0d39-4558-a0d0-dd5b1166b5db,63fe6c7c-f33d-4f16-999c-d30a591707a8,72.40837,Pitching,25410021,,,,,,,,,,,,,,,,,,,,,,,,dd2aa442-ee97-49be-8197-e3364c3c0082,b0c57eca-416d-4464-9ed7-4bcc991eb377
82,2026-09-29,19:28:23.88,"Johnson, Tate",1000512540,Right,,,,,,Fastball,Live,,84.58436,-0.4878337178,-2.399935774,2372.751832,203.2738283,12:45,5.84843,0.99158,5.39161,-27.24064,12.25796,5.29028,3.12083,-0.8178,77.73727,-5.538363858,-1.416603703,0.4523371805,-3.43079,6.61415,-0.78122,50,5.78593,4.97615,-122.98372,-1.96592,-5.28177,23.20395,-21.99144,0e594c31-742d-4896-9e76-00e5bd1e6d26,63fe6c7c-f33d-4f16-999c-d30a591707a8,83.32819,Pitching,25410021,,,,,,,,,,,,,,,,,,,,52.44525516,1446.237757,0.6095191825,,11e06e70-6ae9-40c7-bf1d-c4266d65c2a1,b0c57eca-416d-4464-9ed7-4bcc991eb377
83,2026-09-29,19:28:57.78,"Johnson, Tate",1000512540,Right,,,,,,Fastball,Live,,85.04254,-3.167965586,-2.598671631,2264.205744,200.1352869,12:45,5.77074,1.13586,5.65892,-25.48379,13.81701,5.07077,0.6872,-0.86626,77.40125,-7.919075027,-1.645152794,0.4512031192,-3.5099,8.3733,-0.91937,50,5.48668,5.43715,-123.3697,-7.65027,-5.36008,26.63424,-19.38693,9ec65b6d-8917-4183-91b2-7534930d3a41,63fe6c7c-f33d-4f16-999c-d30a591707a8,83.53763,Pitching,25410021,,,,,,,,,,,,,,,,,,,,44.91261602,1603.475173,0.7081843939,,24cc9058-5649-4d70-91ab-95ea8591d511,b0c57eca-416d-4464-9ed7-4bcc991eb377
84,2026-09-29,19:29:12.05,"Johnson, Tate",1000512540,Right,,,,,,Fastball,Live,,84.70321,-1.818348841,-1.611113444,2277.627265,203.1596356,12:45,5.75957,1.17937,5.50077,-23.83879,16.30775,6.98681,2.0713,0.25454,76.05268,-6.296567355,-0.2919332022,0.4560321539,-4.28041,9.33393,-1.04338,50,5.58521,3.23146,-122.944,-4.67758,-6.41656,29.0552,-18.18199,0e0dc679-2429-4806-93db-4b81f4285f34,63fe6c7c-f33d-4f16-999c-d30a591707a8,82.65303,Pitching,25410021,,,,,,,,,,,,,,,,,,,,,,,,f510d5d5-f8ed-455f-a586-98d19ba0c68e,b0c57eca-416d-4464-9ed7-4bcc991eb377
85,2026-09-29,19:29:50.06,"Wells, Caden",1000511882,Right,,,,,,,Warmup,,78.07383,0.3279361228,-4.190967933,2015.063977,200.7390369,12:45,6.17681,1.53781,4.93704,-30.25976,18.34847,6.98261,3.9659,-1.84788,69.66419,-5.31662539,-2.88819289,0.501794937,-5.12015,9.51028,-1.13581,50,6.18471,8.05187,-112.97104,-0.33237,-6.46105,25.09958,-20.17314,f3e745ef-6d61-4769-9b24-2dbf43f8c71b,63fe6c7c-f33d-4f16-999c-d30a591707a8,75.11522,Pitching,25410021,,,,,,,,,,,,,,,,,,,,25.45592326,1819.433914,0.9029162026,,22eb1267-84d4-436d-9aa3-5d5fcb233af8,b0c57eca-416d-4464-9ed7-4bcc991eb377
86,2026-09-29,19:30:00.12,"Wells, Caden",1000511882,Right,,,,,,,Warmup,,77.46458,-0.9481026974,-3.133228125,2018.970238,195.3506103,12:30,6.07949,1.56748,4.94366,-30.37126,18.80353,5.17893,2.65127,-0.96446,69.4434,-6.599179532,-2.166143473,0.5047108506,-3.78734,10.18506,-1.26751,50,5.96333,5.97643,-112.22675,-2.83838,-4.72533,24.42216,-19.46652,8feb7099-c7a0-42cb-8ce8-4e9419c45bd5,63fe6c7c-f33d-4f16-999c-d30a591707a8,74.68125,Pitching,25410021,,,,,,,,,,,,,,,,,,,,34.27955373,1668.273773,0.8262993388,,13dbc32c-fe31-43d4-9739-2d323c93a48c,b0c57eca-416d-4464-9ed7-4bcc991eb377
87,2026-09-29,19:30:10.17,"Wells, Caden",1000511882,Right,,,,,,,Warmup,,72.28813,0.4435923988,-2.008653772,1206.896827,260.471449,2:45,6.08072,1.49582,5.22715,-52.62799,2.02161,12.34247,2.11227,0.63557,66.65421,-9.264184204,0.2864449384,0.5320652455,-7.05935,0.94142,-1.32001,50,6.08288,3.32178,-105.06473,-0.7341,-7.89073,17.80057,-31.12176,deaaa5ac-1250-40a8-ae3e-9020018855a6,63fe6c7c-f33d-4f16-999c-d30a591707a8,70.84176,Pitching,25410021,,,,,,,,,,,,,,,,,,,238.4089985,27.45695128,1070.948968,0.8873575139,2:00,dba336bb-85be-4528-9841-d78ca5bda874,b0c57eca-416d-4464-9ed7-4bcc991eb377
88,2026-09-29,19:30:20.81,"Wells, Caden",1000511882,Right,,,,,,,Warmup,,63.19733,6.303177386,-1.325491415,2009.578614,23.79985373,6:45,6.30223,1.45421,4.97929,-94.11039,-17.00511,-7.43689,4.43734,-0.41738,55.10097,-11.47545361,-2.744080324,0.6319947289,3.3387,-11.90379,-1.32085,50,6.84058,2.28966,-90.86367,7.67,2.62742,20.56342,-41.54183,16318bde-5d5c-4cc8-bc52-660f002301df,63fe6c7c-f33d-4f16-999c-d30a591707a8,59.64043,Pitching,25410021,,,,,,,,,,,,,,,,,,,,23.20171666,1847.051001,0.9191235358,,77cc4499-18e6-4032-a392-d738991d886d,b0c57eca-416d-4464-9ed7-4bcc991eb377
89,2026-09-29,19:30:31.67,"Wells, Caden",1000511882,Right,,,,,,Curveball,Warmup,,61.52591,4.224263154,-0.01843043866,1650.017338,17.23600087,6:30,6.25029,1.28996,4.81414,-91.74843,-13.79456,-4.24792,2.61289,0.91851,56.46442,-12.6210117,-0.8083598785,0.6354629632,2.20716,-8.53445,-1.28459,50,6.59384,0.13997,-89.07477,4.17494,1.7486,14.45793,-38.93538,2337911e-ccc5-475f-aef6-fefbccbe6d3d,63fe6c7c-f33d-4f16-999c-d30a591707a8,59.31493,Pitching,25410021,,,,,,,,,,,,,,,,,,,,22.58856318,1523.439406,0.923286908,,276fc59e-9b83-4c44-b72f-bed827d84b5f,b0c57eca-416d-4464-9ed7-4bcc991eb377
90,2026-09-29,19:30:42.52,"Wells, Caden",1000511882,Right,,,,,,Fastball,Warmup,,78.45487,-1.68197866,-3.482258249,2074.556648,220.4253562,1:15,6.06489,1.60092,5.07327,-33.92237,13.0881,11.18108,1.64916,-0.75385,71.67529,-7.93866072,-1.40753363,0.4934790251,-6.8766,7.35346,-1.2794,50,5.87913,6.56008,-113.77377,-4.4492,-8.97429,21.72392,-22.57744,a8d0e2db-71e7-4ce8-b9eb-c116feb83e78,63fe6c7c-f33d-4f16-999c-d30a591707a8,76.38104,Pitching,25410021,,,,,,,,,,,,,,,,,,,,31.38167781,1771.085032,0.8537173634,,d9e65d1a-3306-4a1a-a356-91a00bbba7e6,b0c57eca-416d-4464-9ed7-4bcc991eb377
91,2026-09-29,19:30:52.75,"Wells, Caden",1000511882,Right,,,,,,Fastball,Warmup,,78.36813,-1.46823623,-4.43235914,2087.698476,209.653481,1:00,6.07188,1.44606,4.79965,-31.04593,17.44478,9.9699,2.08923,-1.93075,70.21177,-7.223177946,-2.578161999,0.5011880046,-6.72302,9.60719,-1.01258,50,5.8996,8.45226,-113.31062,-3.94338,-8.54867,24.94453,-19.95799,bcc0b148-16bc-4067-810f-b430c19ec9a4,63fe6c7c-f33d-4f16-999c-d30a591707a8,75.20619,Pitching,25410021,,,,,,,,,,,,,,,,,,,,39.6726117,1606.911555,0.7697048084,,74e5b9a7-4ad8-4f84-97d2-f602643dab71,b0c57eca-416d-4464-9ed7-4bcc991eb377
92,2026-09-29,19:31:19.20,"Wells, Caden",1000511882,Right,,,,,,Fastball,Live,,79.25974,-0.1451703691,-4.205233887,2139.327568,208.3281644,1:00,5.91554,1.59166,5.06314,-31.37424,15.17377,8.22207,3.16378,-1.69502,71.43083,-5.979253261,-2.674625726,0.4910457439,-5.67129,8.02228,-1.19831,50,5.87766,8.17293,-114.79685,-1.3134,-7.45785,24.13728,-21.62459,bbe4b6b1-1789-4864-b0c8-54146122328b,63fe6c7c-f33d-4f16-999c-d30a591707a8,76.75953,Pitching,25410021,,,,,,,,,,,,,,,,,,,,40.17580082,1634.592962,0.7640685731,,e314636b-d4cb-4257-acea-40f8f4ac9932,b0c57eca-416d-4464-9ed7-4bcc991eb377
93,2026-09-29,19:31:35.43,"Wells, Caden",1000511882,Right,,,,,,Fastball,Live,,79.27363,-1.288390266,-4.124760666,2143.337003,213.8896292,1:15,6.00233,1.44543,5.33588,-27.69955,18.75416,12.63919,2.48212,-1.37723,70.84285,-6.486554085,-1.746993143,0.49054814,-8.16311,10.42677,-1.08188,50,5.8667,7.88519,-114.77428,-3.44665,-10.628,25.98683,-18.59886,5f7d16ca-2931-447a-a219-f2429fa2752f,63fe6c7c-f33d-4f16-999c-d30a591707a8,76.83739,Pitching,25410021,,,,,,,,,,,,,,,,,,,,28.67948813,1880.388192,0.8773180274,,092d8971-6ec9-4565-ae3d-1f5d3c63453d,b0c57eca-416d-4464-9ed7-4bcc991eb377
94,2026-09-29,19:31:44.49,"Wells, Caden",1000511882,Right,,,,,,,Warmup,,46.63554,7.232447221,20.97553673,1423.653331,,,5.92192,-1.28827,2.9771,,,,0.90746,14.28139,38.76158,,,0.9645301937,47.03227,9.85083,-1.50348,50,6.74875,-22.26354,-62.06729,5.17658,16.89444,10.76139,-28.63554,2b35a32a-1a82-4ff7-bd98-973d6637b7bd,63fe6c7c-f33d-4f16-999c-d30a591707a8,39.07855,Pitching,25410021,,,,,,,,,,,,,,,,,,,,,,,,82cbeb44-3bd6-4ee6-8ef3-4b062723e069,b0c57eca-416d-4464-9ed7-4bcc991eb377
95,2026-09-29,19:32:58.71,"Wells, Caden",1000511882,Right,,,,,,Fastball,Live,,78.80471,-0.964486193,-3.681482697,2217.043574,215.6298938,1:15,6.30153,1.5363,5.69558,-28.61079,17.65578,12.69646,3.01668,-0.84069,70.52657,-6.368737272,-1.276654276,0.4895590138,-8.11719,9.84598,-1.23498,50,6.20308,6.98186,-114.25252,-2.75994,-10.47867,25.6359,-19.46364,56cf2ac2-b1d4-4d29-9d2f-2b66a0db8afb,c7e799a6-2653-417e-8c41-0c4570ce56e6,76.99264,Pitching,25410021,,,,,,,,,,,,,,,,,,,,34.62763604,1824.32175,0.8228623791,,e0161a26-a3ab-420c-ba4a-88819a63be95,b0c57eca-416d-4464-9ed7-4bcc991eb377
96,2026-09-29,19:33:15.65,"Wells, Caden",1000511882,Right,,,,,,Curveball,Live,,63.95847,3.290955518,-1.274012636,1604.008418,29.65206931,7:00,6.50256,1.2308,5.50684,-81.96725,-11.33468,-6.41475,2.75337,-0.49524,58.26993,-12.00875724,-2.485270711,0.6048865114,2.99475,-7.19264,-1.11559,50,6.73609,2.21884,-92.73198,3.33329,2.55014,16.72087,-38.29885,ca01d56c-097c-46a7-9434-3919b733b990,c7e799a6-2653-417e-8c41-0c4570ce56e6,62.31324,Pitching,25410021,,,,,,,,,,,,,,,,,,,,24.03882492,1464.892181,0.913269634,,9806ccad-130c-4f09-85cb-38b56bbbb739,b0c57eca-416d-4464-9ed7-4bcc991eb377
97,2026-09-29,19:33:33.19,"Wells, Caden",1000511882,Right,,,,,,Curveball,Live,,65.1093,2.897018187,-3.098656287,1745.209495,33.15810819,7:00,6.5178,1.2501,5.6482,-78.30424,-10.62709,-6.91984,2.70047,-2.21917,59.54148,-11.70788359,-4.401995994,0.5920964161,2.6866,-6.67271,-0.98322,50,6.7149,5.277,-94.37015,2.87798,2.37784,16.84482,-38.07991,3f332840-954e-462e-a006-31955aead838,c7e799a6-2653-417e-8c41-0c4570ce56e6,63.65929,Pitching,25410021,,,,,,,,,,,,,,,,,,,,28.36219107,1535.718458,0.8799622412,,b126877c-0d6d-4f76-84db-022b7f59b741,b0c57eca-416d-4464-9ed7-4bcc991eb377
98,2026-09-29,19:33:49.07,"Wells, Caden",1000511882,Right,,,,,,Fastball,Live,,80.04291,-2.306186267,-4.014254027,2289.099215,211.0687922,1:00,6.21455,1.59175,5.62677,-29.22442,15.49228,9.356,1.62112,-1.3799,72.39405,-7.774972843,-2.253762142,0.4812893453,-6.30946,9.05107,-1.25574,50,5.99947,7.85757,-115.97982,-5.56162,-8.46583,24.71055,-20.02962,d2a6a89d-d9d4-4649-93e0-5faadb7cd7be,c7e799a6-2653-417e-8c41-0c4570ce56e6,78.31555,Pitching,25410021,,,,,,,,,,,,,,,,,,,,29.50924758,1992.148583,0.8702762071,,523ed827-1b00-4af8-8bed-f8daed0c0558,b0c57eca-416d-4464-9ed7-4bcc991eb377
99,2026-09-29,19:34:08.91,"Wells, Caden",1000511882,Right,,,,,,Curveball,Live,,63.30687,3.570110754,-1.220629795,1787.417911,21.37498818,6:45,6.48295,1.27413,5.61556,-83.6266,-11.45455,-4.45433,2.85066,-0.23628,57.38545,-12.11409393,-2.065836656,0.6114429252,1.95749,-7.44075,-1.1673,50,6.7354,2.06004,-91.74688,3.75097,1.62292,17.02731,-38.34304,ca152aef-1a29-43a2-9bb0-afd231b3e5d8,c7e799a6-2653-417e-8c41-0c4570ce56e6,61.64507,Pitching,25410021,,,,,,,,,,,,,,,,,,,,23.66542542,1637.104963,0.9159049781,,54f86438-3570-469d-a741-a0fee296d006,b0c57eca-416d-4464-9ed7-4bcc991eb377
100,2026-09-29,19:35:48.36,"Teer, Max",1000616387,Right,,,,,,,Warmup,,79.50577,,,1413.879537,,,6.30383,1.81886,,,,,,,,,,,-11.35989,-26.48798,-1.37186,50,4.55909,3.19426,-114.25288,-19.57577,-15.49402,14.75565,-68.30165,c9ee8d77-1fbf-449d-9427-855719b44fcc,c7e799a6-2653-417e-8c41-0c4570ce56e6,,Pitching,25410021,,,,,,,,,,,,,,,,,,,,34.99947786,1158.189704,0.8191572713,,3aafbd14-7cc2-4422-a231-0de8045ecc83,b0c57eca-416d-4464-9ed7-4bcc991eb377
101,2026-09-29,19:36:01.46,"Teer, Max",1000616387,Right,,,,,,,Warmup,,82.31999,-2.067394936,-3.688582608,1432.946054,212.5542674,1:00,6.65999,2.04355,5.10224,-29.14842,14.35812,9.18887,2.27832,-0.67063,73.63117,-7.504378385,-1.965553512,0.4747322027,-6.14865,8.3068,-1.70255,50,6.44291,7.37411,-119.1352,-5.28076,-8.61545,28.23279,-20.53462,ccaabb83-3c1a-4a6d-a088-c4511b278110,c7e799a6-2653-417e-8c41-0c4570ce56e6,79.39727,Pitching,25410021,,,,,,,,,,,,,,,,,,,,27.39432841,1272.256824,0.887860935,,ef15a97d-326d-411a-8fd3-e98a61377acf,b0c57eca-416d-4464-9ed7-4bcc991eb377
102,2026-09-29,19:36:12.92,"Teer, Max",1000616387,Right,,,,,,,Warmup,,82.99336,2.101983874,-2.089337596,2005.383619,198.4846316,12:30,6.80018,2.33028,4.92994,-28.44992,14.0289,4.70373,6.41822,0.74669,74.66891,-3.189448587,-1.214179112,0.4690915528,-3.11677,6.67401,-2.1309,50,6.98187,4.22693,-120.3593,3.42844,-4.51464,26.09425,-22.50674,5d85bb54-b1b9-4ef5-8100-291ef3d68476,c7e799a6-2653-417e-8c41-0c4570ce56e6,80.35199,Pitching,25410021,,,,,,,,,,,,,,,,,,,,41.77730905,1495.494598,0.7457399092,,199d67b1-2d0e-454a-8525-67db837be969,b0c57eca-416d-4464-9ed7-4bcc991eb377
103,2026-09-29,19:36:32.68,"Teer, Max",1000616387,Right,,,,,,,Warmup,,82.33691,0.7630442167,-2.343946031,1779.763351,196.5060309,12:30,6.78898,2.31978,5.07988,-32.24831,10.56643,3.14457,4.82145,0.37139,74.45073,-5.235492949,-1.758044762,0.470942727,-2.37926,5.31541,-2.10039,50,6.83654,4.78489,-119.50266,0.4993,-3.40269,25.39877,-24.57223,1b141ebe-80ae-4c49-a4da-66940c8290bd,c7e799a6-2653-417e-8c41-0c4570ce56e6,80.03614,Pitching,25410021,,,,,,,,,,,,,,,,,,,209.4545749,48.43351694,1180.852786,0.6634886514,1:00,78e710b6-45a9-4a9e-850e-7fe523fff3f5,b0c57eca-416d-4464-9ed7-4bcc991eb377
104,2026-09-29,19:36:42.95,"Teer, Max",1000616387,Right,,,,,,,Warmup,,81.97327,1.648634757,-0.7432125412,1883.378063,197.0687931,12:30,6.80756,2.09778,4.88533,-33.37702,10.12617,3.11965,5.58617,1.65469,73.98346,-4.548335476,-0.1630893939,0.4747138925,-1.85969,4.77169,-2.0275,50,6.94194,1.43513,-118.98064,2.26597,-2.63516,25.27974,-25.41261,e9c14576-726f-4022-acec-55734b73bdae,c7e799a6-2653-417e-8c41-0c4570ce56e6,79.40033,Pitching,25410021,,,,,,,,,,,,,,,,,,,189.1578467,53.48947941,1120.554162,0.5949703801,12:15,ffca6eb8-e9fb-4943-8589-af09b279f56f,b0c57eca-416d-4464-9ed7-4bcc991eb377
105,2026-09-29,19:36:55.01,"Teer, Max",1000616387,Right,,,,,,,Warmup,,73.47916,5.270139317,-1.322555979,1179.205708,241.4912174,2:00,6.90293,2.03266,4.63342,-48.35092,6.55912,12.15959,7.89746,1.7889,66.20918,-3.64252901,0.924002646,0.5333315379,-6.68088,1.80487,-1.90801,50,7.40134,2.06073,-106.215,8.24344,-7.57445,19.47613,-30.12778,7a7a313b-5067-412e-907f-13f3bd2b37b9,c7e799a6-2653-417e-8c41-0c4570ce56e6,70.67356,Pitching,25410021,,,,,,,,,,,,,,,,,,,222.6299593,68.99015567,422.7786748,0.3585283482,1:30,a62b362c-d0da-4f03-b45d-1561c54693f2,b0c57eca-416d-4464-9ed7-4bcc991eb377
106,2026-09-29,19:37:10.31,"Teer, Max",1000616387,Right,,,,,,,Warmup,,74.56412,3.880581744,0.4188048463,1098.654079,238.5964366,2:00,6.87643,2.01919,4.53515,-47.58302,6.12243,10.07106,6.61134,3.25716,66.93019,-4.912601577,2.283364118,0.5274491027,-5.06281,1.89921,-2.07189,50,7.23792,-1.12044,-107.92106,5.75417,-5.87568,21.57748,-29.9699,a1072dc8-f7eb-44d7-8139-1187d3dd3db1,c7e799a6-2653-417e-8c41-0c4570ce56e6,71.46176,Pitching,25410021,,,,,,,,,,,,,,,,,,,,61.77817133,519.5386729,0.4728864915,,62419610-18c6-45aa-9d3c-d7bc2a79ad73,b0c57eca-416d-4464-9ed7-4bcc991eb377
107,2026-09-29,19:37:28.24,"Teer, Max",1000616387,Right,,,,,,,Warmup,,82.90516,0.00968658674,-1.279417187,1493.254496,219.6870665,1:15,6.54917,2.33002,5.17883,-29.37462,13.02928,10.84424,4.1104,2.02984,74.29666,-5.491246091,0.7575152292,0.4686777023,-6.1681,6.88485,-2.21916,50,6.52851,2.3256,-120.33384,-0.95998,-8.85258,27.96166,-22.29278,e50ea37b-1d52-447d-bda2-c68a5f19becc,c7e799a6-2653-417e-8c41-0c4570ce56e6,80.42294,Pitching,25410021,,,,,,,,,,,,,,,,,,,,30.72443198,1283.653065,0.8596344885,,a7c88f16-fcea-40ed-a743-7de10dada135,b0c57eca-416d-4464-9ed7-4bcc991eb377
108,2026-09-29,19:37:54.59,"Teer, Max",1000616387,Right,,,,,,Fastball,Live,,87.10948,-2.708375985,-4.453186066,1641.108919,226.6557434,1:30,6.52637,2.19136,5.46626,-26.59402,11.61708,12.31797,1.76621,-0.95772,78.34113,-7.683175862,-2.137684709,0.444903854,-8.06689,7.10987,-1.80763,50,6.26991,9.40311,-126.03161,-6.8699,-12.725,30.21554,-20.95869,6496bf8b-df1e-4ff5-a3af-5829bf58bf58,c7e799a6-2653-417e-8c41-0c4570ce56e6,84.72041,Pitching,25410021,,,,,,,,,,,,,,,,,,,,28.88648274,1436.919716,0.8755785189,,7656aae1-4793-4613-8395-c849d1cc554f,b0c57eca-416d-4464-9ed7-4bcc991eb377
109,2026-09-29,19:38:11.01,"Teer, Max",1000616387,Right,,,,,,Fastball,Live,,86.88541,-0.6843749418,-2.316051447,1596.645976,220.4686254,1:15,6.55371,2.13737,5.31514,-23.62493,15.0028,12.83116,3.94218,1.03204,77.40748,-5.13136983,0.1050941593,0.4473227578,-7.64697,8.22275,-1.93667,50,6.47526,4.65931,-126.01555,-2.31178,-11.97519,31.84043,-19.29718,6c408593-9905-46e7-9478-9fb42f61fe53,c7e799a6-2653-417e-8c41-0c4570ce56e6,84.26229,Pitching,25410021,,,,,,,,,,,,,,,,,,,,30.41755139,1376.881413,0.8623586157,,9a6b1aca-559e-4cca-bd44-a11e88425d6f,b0c57eca-416d-4464-9ed7-4bcc991eb377
110,2026-09-29,19:38:24.80,"Teer, Max",1000616387,Right,,,,,,Fastball,Live,,85.90947,-0.3390492874,-1.800510206,1703.402921,212.3598112,1:00,6.71145,2.11405,5.29408,-22.40655,17.0422,10.82328,4.52579,1.32516,76.63134,-4.554287429,0.2396087116,0.4520516436,-6.37938,9.17216,-1.95806,50,6.66487,3.552,-124.65876,-1.49713,-9.79391,30.74723,-18.09254,9dbd7170-d525-4f92-b1ac-e84a53c7aeb5,c7e799a6-2653-417e-8c41-0c4570ce56e6,83.38083,Pitching,25410021,,,,,,,,,,,,,,,,,,,,30.1864098,1472.411419,0.8643940908,,877eb52d-580a-47af-9f3f-e0a85c1320a2,b0c57eca-416d-4464-9ed7-4bcc991eb377
111,2026-09-29,19:38:43.42,"Teer, Max",1000616387,Right,,,,,,Fastball,Live,,87.0934,-0.2808626747,-1.53460374,1606.500506,215.7958066,1:15,6.4887,2.2328,5.37637,-21.6072,16.74242,12.09926,4.42474,1.80228,77.48084,-4.358063469,0.7529444315,0.4457095152,-7.00064,9.02719,-2.10383,50,6.44885,2.97667,-126.3877,-1.3507,-11.01578,32.28425,-17.9694,ae73c1c3-e457-46d8-a195-631ea801191b,c7e799a6-2653-417e-8c41-0c4570ce56e6,84.56727,Pitching,25410021,,,,,,,,,,,,,,,,,,,,25.63773404,1448.336943,0.9015477664,,554b27fe-a90c-4764-9307-d209a0020a7b,b0c57eca-416d-4464-9ed7-4bcc991eb377
112,2026-09-29,19:39:08.02,"Teer, Max",1000616387,Right,,,,,,Fastball,Live,,86.19654,-0.1544467626,-1.774299467,1625.433149,221.6175588,1:30,6.46109,2.45966,5.40104,-22.20285,16.81341,14.97178,4.46608,2.04441,76.90517,-4.339384544,1.053045737,0.4495667459,-8.6031,9.01936,-2.31189,50,6.4323,3.37489,-125.106,-1.07971,-13.30457,30.93774,-18.22574,d7d159cc-1564-48a9-85e9-6777c1aa2a45,c7e799a6-2653-417e-8c41-0c4570ce56e6,83.8417,Pitching,25410021,,,,,,,,,,,,,,,,,,,,25.65184936,1465.232319,0.9014411447,,e4b9ca17-aa40-41b5-b554-ed8f99910b27,b0c57eca-416d-4464-9ed7-4bcc991eb377
113,2026-09-29,19:39:21.65,"Teer, Max",1000616387,Right,,,,,,Fastball,Live,,85.97457,-1.525452604,-2.29527605,1602.636638,222.5228778,1:30,6.45921,2.29003,5.54365,-22.8756,15.99698,14.69223,3.12602,1.36848,77.22052,-5.827341157,0.4785136229,0.4487382502,-8.63101,9.07229,-2.10093,50,6.31236,4.52074,-124.78008,-4.07397,-13.34687,29.59998,-18.14478,61fd572d-384e-4996-b406-f694571da533,c7e799a6-2653-417e-8c41-0c4570ce56e6,83.99649,Pitching,25410021,,,,,,,,,,,,,,,,,,,,29.56520455,1393.964914,0.8697947376,,c62d63e0-1138-4939-82e8-309310ad9ff8,b0c57eca-416d-4464-9ed7-4bcc991eb377
114,2026-09-29,19:39:36.82,"Teer, Max",1000616387,Right,,,,,,Fastball,Live,,86.2094,3.462825027,1.028747142,1715.703905,222.9484104,1:30,6.57878,2.2854,5.06929,-24.11858,15.26668,14.20326,7.83782,4.43891,77.19762,-1.043679943,3.681785711,0.4516876917,-7.13432,6.89157,-2.39374,50,6.88896,-2.74498,-124.92357,6.70852,-11.07722,29.26467,-21.47374,50371c23-243b-4f53-bf18-905a3bac120a,c7e799a6-2653-417e-8c41-0c4570ce56e6,83.44801,Pitching,25410021,,,,,,,,,,,,,,,,,,,,31.38509393,1464.672943,0.8536863142,,32d7bb54-8a2c-4718-bc9c-c60af1e83ab7,b0c57eca-416d-4464-9ed7-4bcc991eb377
115,2026-09-29,19:40:08.59,"Teer, Max",1000616387,Right,,,,,,Fastball,Live,,85.8546,-3.002728866,-3.553692178,1579.690491,222.3129615,1:30,6.323,2.11041,5.27873,-25.40612,13.47059,12.26284,1.37811,-0.20905,78.64564,-7.693448985,-1.274681693,0.4487620836,-7.46144,7.9465,-1.79508,50,6.03032,7.30555,-124.46051,-7.41938,-11.70203,25.0133,-19.71128,751a3340-f1bd-4607-b900-241a637a9d20,c7e799a6-2653-417e-8c41-0c4570ce56e6,83.99203,Pitching,25410021,,,,,,,,,,,,,,,,,,,,22.81368191,1456.112234,0.9217705888,,a2e1c617-ede0-41b4-bf35-22bcb2f68e61,b0c57eca-416d-4464-9ed7-4bcc991eb377
116,2026-09-29,19:40:32.56,"Teer, Max",1000616387,Right,,,,,,Curveball,Live,,67.43215,3.437480532,-2.246966441,1696.350695,22.72784423,6:45,6.80832,1.59475,5.30456,-66.21853,-3.05192,-1.25626,4.52287,-0.62001,61.73106,-8.844560494,-2.481208396,0.57202525,0.0043,-2.62542,-1.39006,50,7.07339,3.87082,-97.78964,4.09481,0.00414,16.20243,-34.70254,62b28559-69ae-4a50-b328-be114bdcd609,c7e799a6-2653-417e-8c41-0c4570ce56e6,65.89296,Pitching,25410021,,,,,,,,,,,,,,,,,,,,61.27501808,815.2761562,0.4806059022,,ea319d51-a962-4416-8b59-93f99c3342bd,b0c57eca-416d-4464-9ed7-4bcc991eb377
117,2026-09-29,19:40:48.69,"Teer, Max",1000616387,Right,,,,,,Fastball,Live,,85.96415,-6.644087723,-6.736257015,1529.87597,,,6.56865,2.36389,5.22096,,,,,,,,,,-10.04785,10.40494,-1.75195,50,5.93235,14.03004,-123.32871,-15.27555,-15.4827,24.41798,-16.14111,4a81706d-4e08-42f3-a57e-2ca023482d12,c7e799a6-2653-417e-8c41-0c4570ce56e6,,Pitching,25410021,,,,,,,,,,,,,,,,,,,,13.14875598,1489.766822,0.9737827452,,6b3876e0-8025-4271-a978-d2d4194afb65,b0c57eca-416d-4464-9ed7-4bcc991eb377
118,2026-09-29,19:41:10.34,"Teer, Max",1000616387,Right,,,,,,Fastball,Live,,85.65123,-3.250063412,-4.382857895,1695.432532,222.7322161,1:30,6.47696,2.46029,5.59633,-26.5595,12.52669,11.57132,1.21757,-0.67484,77.67764,-8.202749066,-2.210944576,0.4499695139,-7.56401,7.7232,-2.09193,50,6.18082,9.12663,-123.96993,-7.9211,-11.63293,27.50243,-20.29631,de3a0890-edf3-494b-9890-eaac73f78f30,c7e799a6-2653-417e-8c41-0c4570ce56e6,83.76665,Pitching,25410021,,,,,,,,,,,,,,,,,,,,21.25795173,1580.071165,0.9319575597,,89c2c4a6-9940-448e-972b-bee482d6dc95,b0c57eca-416d-4464-9ed7-4bcc991eb377
119,2026-09-29,19:41:57.83,"Teer, Max",1000616387,Right,,,,,,Fastball,Live,,86.64313,-0.7674107937,-2.222755495,1513.570676,221.3761433,1:30,6.58845,2.3787,5.26409,-24.97484,13.22099,11.67654,3.7858,1.26287,78.76713,-5.413737531,-0.04429515492,0.4448149391,-6.82129,7.20863,-2.18396,50,6.50024,4.47768,-125.85602,-2.5582,-10.87927,26.88713,-20.67701,a0565611-ff97-4cc6-82b7-15560f681219,c198a40b-08eb-429c-8485-f6b5d841ee17,84.73735,Pitching,25410021,,,,,,,,,,,,,,,,,,,,20.58696316,1416.913399,0.936139568,,b86bc5a2-264e-4bb5-89ad-679d854f6239,b0c57eca-416d-4464-9ed7-4bcc991eb377
120,2026-09-29,19:42:31.12,"Wells, Caden",1000511882,Right,,,,,,,Warmup,,75.38813,-0.7618729419,-3.010309098,1945.443286,217.9263807,1:15,6.66751,1.33861,5.24647,-35.29772,15.38382,12.02928,3.00914,-0.49007,68.56274,-7.318452469,-0.7650849177,0.5123848593,-7.26565,8.35668,-1.07112,50,6.57198,5.3888,-109.41103,-2.52777,-8.73228,20.83653,-22.13051,2e977bd2-d27f-4464-9137-18e49b7063a7,c198a40b-08eb-429c-8485-f6b5d841ee17,73.56275,Pitching,25410021,,,,,,,,,,,,,,,,,,,,22.95740152,1791.354648,0.9207951013,,fcf944cb-9c97-431a-ae56-bfa8045c99aa,b0c57eca-416d-4464-9ed7-4bcc991eb377
121,2026-09-29,19:42:39.71,"Wells, Caden",1000511882,Right,,,,,,,Warmup,,76.23697,0.1863820492,-2.374498765,2024.683724,206.3774971,1:00,6.62816,1.38205,5.10675,-30.04367,20.07002,9.98293,4.30025,-0.0242,68.59716,-5.419147134,-0.5077227864,0.509506319,-6.02924,10.50898,-1.16601,50,6.62302,4.27603,-110.61679,-0.57541,-7.35024,22.69267,-19.36255,b41db80a-2580-4722-b3be-b32679244019,c198a40b-08eb-429c-8485-f6b5d841ee17,73.97835,Pitching,25410021,,,,,,,,,,,,,,,,,,,,28.57470725,1778.065513,0.8781942045,,7ffab717-e136-4cdd-84bc-f5a4077e1f5f,b0c57eca-416d-4464-9ed7-4bcc991eb377
122,2026-09-29,19:42:49.40,"Wells, Caden",1000511882,Right,,,,,,,Warmup,,71.12431,-0.07673758627,-3.100802833,1189.152514,249.2377529,2:15,6.53462,1.23284,5.53374,-49.70337,6.17901,16.44256,2.32086,-0.29777,65.55753,-9.291274122,-0.02834635927,0.5380329424,-9.6191,3.31167,-0.97472,50,6.4952,5.145,-103.33787,-1.50804,-10.40042,17.23551,-28.59339,78c2d676-fbf2-4721-adc6-7cbf45455e8f,c198a40b-08eb-429c-8485-f6b5d841ee17,70.05601,Pitching,25410021,,,,,,,,,,,,,,,,,,,,25.15487481,1076.375797,0.9051621084,,39636798-0916-470e-a385-ab7aa33fd068,b0c57eca-416d-4464-9ed7-4bcc991eb377
123,2026-09-29,19:43:00.61,"Wells, Caden",1000511882,Right,,,,,,,Warmup,,63.30186,3.381807125,-3.186724739,1796.588359,35.99171802,7:15,6.61009,1.25726,5.28143,-85.4303,-12.54999,-9.0911,2.67503,-2.49575,57.87208,-12.44073569,-4.888970342,0.614435795,3.73949,-7.8108,-0.96034,50,6.85833,5.32845,-91.61973,3.28548,3.1115,16.199,-38.67314,6b0707df-3918-4bfa-931a-8b408449377f,c198a40b-08eb-429c-8485-f6b5d841ee17,61.3448,Pitching,25410021,,,,,,,,,,,,,,,,,,,,28.5964862,1577.426732,0.8780123307,,a873f91b-7201-4f18-b29a-2f444f4d5eab,b0c57eca-416d-4464-9ed7-4bcc991eb377
124,2026-09-29,19:43:14.18,"Wells, Caden",1000511882,Right,,,,,,,Warmup,,62.32243,4.38504767,-2.297614148,1750.62112,29.72668962,7:00,6.66657,1.13183,5.15523,-88.16179,-12.75556,-7.2449,3.45837,-1.63559,56.91233,-11.93019056,-3.652073825,0.6249928162,3.06437,-8.18468,-0.91206,50,7.01125,3.79985,-90.16297,4.70133,2.47733,15.30061,-38.79079,2aaeef12-811f-4ce5-a474-e7a46cdb3ef5,c198a40b-08eb-429c-8485-f6b5d841ee17,60.3086,Pitching,25410021,,,,,,,,,,,,,,,,,,,,22.87385055,1612.957358,0.9213629034,,8e18baa9-dd7e-4109-93b0-8281506ec2a7,b0c57eca-416d-4464-9ed7-4bcc991eb377
125,2026-09-29,19:43:29.65,"Wells, Caden",1000511882,Right,,,,,,,Warmup,,70.89544,0.02105607503,-2.402182688,1120.211459,247.0789005,2:15,6.45715,1.26468,5.59597,-50.79008,5.74348,13.7068,2.24432,0.16314,64.82347,-9.448741866,0.1754253004,0.5411585924,-8.06897,3.06611,-1.06777,50,6.42649,3.95135,-103.0035,-1.33205,-8.58403,18.67195,-28.91222,fb169cdd-d10d-4b2e-ac8d-b3ce5c5b14f3,c198a40b-08eb-429c-8485-f6b5d841ee17,69.65137,Pitching,25410021,,,,,,,,,,,,,,,,,,,,25.91601368,1007.558134,0.8994356614,,6ed022e7-eb26-4c95-ad20-4612fd03b4a6,b0c57eca-416d-4464-9ed7-4bcc991eb377
126,2026-09-29,19:43:40.13,"Wells, Caden",1000511882,Right,,,,,,,Warmup,,77.50645,0.7810343502,-2.999717671,2091.762553,209.1596593,1:00,6.49778,1.29781,5.52607,-28.62316,19.21638,10.76222,4.84362,-0.61183,69.54581,-4.608425617,-0.9715311948,0.4978114655,-6.74707,10.01725,-1.04424,50,6.54702,5.57476,-112.46167,0.68801,-8.48582,23.81154,-19.5753,3ead3135-9ee7-4eeb-ad99-251f958e9463,c198a40b-08eb-429c-8485-f6b5d841ee17,75.71629,Pitching,25410021,,,,,,,,,,,,,,,,,,,,29.10312824,1827.668471,0.8737456688,,9c11c079-0d4e-4fcb-96eb-6c8fd6013490,b0c57eca-416d-4464-9ed7-4bcc991eb377
127,2026-09-29,19:44:09.98,"Wells, Caden",1000511882,Right,,,,,,Fastball,Live,,79.53685,-1.367342564,-3.450907526,2134.95319,208.6581753,1:00,6.3354,1.45142,5.7266,-27.45745,17.40708,9.54113,2.77142,-0.97096,72.04885,-6.521685457,-1.653722289,0.4820842493,-6.20538,9.78588,-1.16945,50,6.2046,6.67906,-115.43011,-3.57084,-8.27646,23.78262,-19.12207,012056f2-5388-429e-85a5-cbefad46aff6,c198a40b-08eb-429c-8485-f6b5d841ee17,78.18641,Pitching,25410021,,,,,,,,,,,,,,,,,,,,26.8858717,1904.184106,0.8919090663,,d83f62aa-344a-4f66-a4bd-4cc3cc9d02a6,b0c57eca-416d-4464-9ed7-4bcc991eb377
128,2026-09-29,19:44:28.37,"Wells, Caden",1000511882,Right,,,,,,Fastball,Live,,79.8202,-0.8525464625,-4.183657572,2243.809837,212.2986834,1:00,6.25904,1.42791,5.67046,-26.95741,17.90501,11.36338,3.21566,-1.53212,71.91588,-5.923013685,-2.043344584,0.4820729092,-7.4557,9.89305,-1.08177,50,6.17032,8.12619,-115.71933,-2.52969,-9.95485,24.68072,-18.96484,491a4f0e-b2ee-4304-8853-fb423f93c0fc,c198a40b-08eb-429c-8485-f6b5d841ee17,78.18825,Pitching,25410021,,,,,,,,,,,,,,,,,,,,25.55767046,2024.256412,0.9021515008,,a2400937-ae41-49b2-9242-88b513a88a75,b0c57eca-416d-4464-9ed7-4bcc991eb377
129,2026-09-29,19:44:45.56,"Wells, Caden",1000511882,Right,,,,,,Fastball,Live,,79.0744,-1.718662803,-4.871835871,2194.856206,216.9390959,1:15,6.27083,1.5467,5.60856,-29.13275,16.72972,12.62341,2.2328,-1.95916,71.47584,-7.173558716,-2.501977546,0.4874164014,-8.31032,9.50891,-1.1379,50,6.10509,9.38226,-114.49318,-4.31694,-10.88307,23.78514,-19.72133,02df58bc-e46d-43d8-a7ed-638cf354fdcf,c198a40b-08eb-429c-8485-f6b5d841ee17,77.33108,Pitching,25410021,,,,,,,,,,,,,,,,,,,,29.61501364,1908.132193,0.8693654684,,aa61cdf5-354c-46a1-9967-460864962e7f,b0c57eca-416d-4464-9ed7-4bcc991eb377
130,2026-09-29,19:45:03.53,"Wells, Caden",1000511882,Right,,,,,,Fastball,Live,,79.5109,-1.557901939,-3.075822824,2190.353203,213.2935115,1:00,6.24948,1.66519,5.50932,-26.96255,18.38703,12.10125,2.54347,-0.20509,71.8418,-6.606222648,-0.8006386248,0.4846832471,-7.44044,10.31296,-1.40505,50,6.09586,5.82927,-115.36127,-3.96564,-9.88776,24.23601,-18.46895,1b65b3cc-d8e2-4f7a-b0eb-912a199b8a4d,c198a40b-08eb-429c-8485-f6b5d841ee17,77.76716,Pitching,25410021,,,,,,,,,,,,,,,,,,,,35.53353232,1782.455823,0.8137755229,,fbd2af21-29fa-4b16-8260-d0f8d50d36f7,b0c57eca-416d-4464-9ed7-4bcc991eb377
131,2026-09-29,19:45:29.57,"Wells, Caden",1000511882,Right,,,,,,Curveball,Live,,64.5629,3.819479442,0.03409357044,1610.893268,30.17974104,7:00,6.47205,1.25349,5.57979,-83.18265,-13.32796,-7.69955,3.11205,0.6437,58.11685,-11.83304758,-1.431152171,0.6015464778,4.15348,-8.60348,-1.25156,50,6.74798,0.12993,-93.5178,4.23852,3.55726,18.42125,-39.54254,7d46b748-fac9-4cb8-bb6e-a82ef643e2f3,c198a40b-08eb-429c-8485-f6b5d841ee17,62.65923,Pitching,25410021,,,,,,,,,,,,,,,,,,,,25.6793407,1451.790702,0.9012333284,,6af078bf-a099-4b29-b113-bec5adf76d96,b0c57eca-416d-4464-9ed7-4bcc991eb377
132,2026-09-29,19:46:09.06,"Wells, Caden",1000511882,Right,,,,,,Curveball,Live,,63.60527,4.180527164,-1.864609109,1716.198118,24.53419578,6:45,6.50239,1.20851,5.68147,-84.46004,-13.00285,-5.90171,3.36937,-1.02176,57.55524,-11.68721538,-2.984652717,0.6084072539,2.51218,-8.50975,-1.04808,50,6.80316,3.13655,-92.09706,4.75576,2.09875,17.15645,-39.28335,c43f823a-8202-4ea0-a794-918d50264654,c198a40b-08eb-429c-8485-f6b5d841ee17,61.95265,Pitching,25410021,,,,,,,,,,,,,,,,,,,,24.76827619,1558.324339,0.9080095837,,3f02d599-b00f-45f0-8762-cccb88cdc3d7,b0c57eca-416d-4464-9ed7-4bcc991eb377
133,2026-09-29,19:46:26.48,"Wells, Caden",1000511882,Right,,,,,,Fastball,Live,,80.51513,-2.928069072,-4.106286097,2230.873915,209.9233194,1:00,6.33033,1.40415,5.66534,-26.70883,17.16428,9.8919,1.36535,-1.60637,73.34343,-7.906571715,-2.251062913,0.4767279356,-6.53043,10.07692,-1.06334,50,6.0658,8.07625,-116.66536,-6.79079,-8.93572,23.42296,-18.3856,b75c708d-46d0-48ba-a5e2-9df443e3ef90,c198a40b-08eb-429c-8485-f6b5d841ee17,79.06488,Pitching,25410021,,,,,,,,,,,,,,,,,,,,38.55242581,1744.62868,0.7820382266,,a3443ccd-4afb-42d5-9c5a-97dc23b3eafd,b0c57eca-416d-4464-9ed7-4bcc991eb377
134,2026-09-29,19:46:43.67,"Wells, Caden",1000511882,Right,,,,,,Fastball,Live,,80.22359,-1.91641735,-3.728682401,2240.314316,205.9184395,12:45,6.35296,1.39423,5.75404,-25.23239,19.13053,9.31954,2.46211,-1.30451,72.21732,-6.667554425,-1.967486716,0.479381703,-6.25733,10.94737,-1.0906,50,6.17878,7.30556,-116.31227,-4.64328,-8.41834,25.46233,-17.44592,aafe0117-6da1-42e9-80cd-ae228acf8df4,c198a40b-08eb-429c-8485-f6b5d841ee17,78.6272,Pitching,25410021,,,,,,,,,,,,,,,,,,,,32.69549095,1885.343895,0.841553295,,d04d8f9c-c24a-4e82-92b3-a9c1d0ce1efa,b0c57eca-416d-4464-9ed7-4bcc991eb377
135,2026-09-29,19:47:07.36,"Wells, Caden",1000511882,Right,,,,,,Curveball,Live,,64.3048,2.983876638,-2.179922259,1837.316539,14.75011513,6:30,6.62702,1.12003,5.57832,-80.8098,-11.82574,-3.09799,2.6838,-1.17476,59.24592,-12.02424282,-2.761816957,0.5977860523,0.98286,-7.24715,-0.93074,50,6.83173,3.62761,-93.30693,2.88831,0.85723,15.43839,-38.49487,fed837eb-0592-4cde-a979-e61a578adf36,c198a40b-08eb-429c-8485-f6b5d841ee17,63.05339,Pitching,25410021,,,,,,,,,,,,,,,,,,,,25.61598736,1656.730234,0.9017119255,,fc241802-6969-48aa-ba69-c7369b3a70a3,b0c57eca-416d-4464-9ed7-4bcc991eb377
136,2026-09-29,19:47:37.58,"Wells, Caden",1000511882,Right,,,,,,Fastball,Live,,79.95032,-2.21642263,-4.439747343,2205.782849,206.0239604,12:45,6.36207,1.37188,5.66305,-26.74995,17.98407,8.80591,2.0592,-2.04194,72.33112,-7.22511801,-2.784675951,0.481382558,-6.13473,10.35648,-1.00189,50,6.15773,8.72864,-115.81033,-5.29556,-8.22095,24.30939,-18.29568,aba57d3b-dda5-47e9-8cb6-bf289ca742a6,c198a40b-08eb-429c-8485-f6b5d841ee17,78.30038,Pitching,25410021,,,,,,,,,,,,,,,,,,,,39.2846384,1707.297978,0.774009998,,8d40154f-2538-44c9-a9a9-f3f8f3c0b604,b0c57eca-416d-4464-9ed7-4bcc991eb377
137,2026-09-29,19:47:52.84,"Wells, Caden",1000511882,Right,,,,,,Fastball,Live,,78.48215,-0.6525142835,-3.196779405,2162.090833,207.0311136,1:00,6.25492,1.60597,5.49021,-27.24504,20.0527,10.26319,3.37319,-0.53199,69.65947,-5.804631869,-1.251461315,0.4949845265,-6.68148,10.98614,-1.33294,50,6.18,6.04698,-113.74321,-2.10932,-8.48237,26.87245,-18.22677,3d5acb1b-25a7-4b9c-a451-66b7f63d1940,c198a40b-08eb-429c-8485-f6b5d841ee17,76.14872,Pitching,25410021,,,,,,,,,,,,,,,,,,,,34.47443524,1782.381913,0.8243788309,,9944fdea-4fb0-4771-9274-e6557d5cb1c8,b0c57eca-416d-4464-9ed7-4bcc991eb377
138,2026-09-29,19:48:09.62,"Wells, Caden",1000511882,Right,,,,,,Fastball,Live,,79.21133,0.3058067481,-3.895774617,2188.34541,208.8726902,1:00,6.31337,1.43506,5.78859,-28.31252,16.71111,9.25846,4.2391,-1.42263,71.77944,-5.019030782,-2.153895907,0.4829382681,-6.16573,8.90583,-1.11981,50,6.32172,7.55925,-114.96787,-0.21047,-8.18243,23.00034,-20.35528,0c81b3f7-fa0a-4477-bd0b-f04025690bac,c198a40b-08eb-429c-8485-f6b5d841ee17,78.04815,Pitching,25410021,,,,,,,,,,,,,,,,,,,,33.19635575,1831.205555,0.836799139,,921a94c7-4639-4d1c-bfa9-732624899527,b0c57eca-416d-4464-9ed7-4bcc991eb377
139,2026-09-29,19:48:28.19,"Wells, Caden",1000511882,Right,,,,,,Curveball,Live,,63.98549,2.831528204,-2.412211973,1402.677197,36.67781799,7:15,6.54352,1.1559,5.69389,-82.01532,-11.03612,-8.18528,2.35182,-1.77524,57.73577,-12.5925986,-3.970815343,0.6063689285,3.49505,-7.05374,-0.94856,50,6.73194,4.09619,-92.69475,2.67155,2.93193,18.47714,-38.09128,60a909f9-6852-4c63-9b47-7350ca7b5688,c198a40b-08eb-429c-8485-f6b5d841ee17,62.1609,Pitching,25410021,,,,,,,,,,,,,,,,,,,,25.11111002,1270.105304,0.905486527,,04458c61-b489-4bfe-aad5-d4131ab3ad85,b0c57eca-416d-4464-9ed7-4bcc991eb377
140,2026-09-29,19:48:45.92,"Wells, Caden",1000511882,Right,,,,,,Fastball,Live,,78.99324,0.1265972054,-2.915620992,2118.416558,204.9671802,12:45,6.25699,1.40598,5.8101,-26.65677,19.29297,9.01297,4.15346,-0.55614,70.28237,-4.941470449,-1.199813388,0.4878798993,-5.93262,10.40153,-1.17241,50,6.2519,5.58074,-114.61886,-0.50632,-7.67126,26.71008,-18.72419,bcde45e2-199d-443c-8933-c5eec6f8b9be,c198a40b-08eb-429c-8485-f6b5d841ee17,77.25762,Pitching,25410021,,,,,,,,,,,,,,,,,,,,33.9848378,1756.560341,0.8291855229,,e7ae3dae-3457-4687-ba76-32356f6ae623,b0c57eca-416d-4464-9ed7-4bcc991eb377
141,2026-09-29,19:49:14.43,"Wells, Caden",1000511882,Right,,,,,,Fastball,Live,,78.12278,-0.747124729,-3.435741558,1992.342646,210.5672785,1:00,6.38834,1.40005,5.70813,-29.38655,17.3655,10.29245,3.24219,-0.94665,70.36642,-6.28159138,-1.49199596,0.4921208465,-6.66504,9.58912,-1.11871,50,6.30786,6.50742,-113.35411,-2.33174,-8.52446,24.00772,-19.90974,803a6142-455b-439b-9629-0c7342d38e3e,c198a40b-08eb-429c-8485-f6b5d841ee17,76.59184,Pitching,25410021,,,,,,,,,,,,,,,,,,,,32.02859906,1689.075187,0.8477834826,,46cc72d1-114c-40c1-9e09-c92041494f5b,b0c57eca-416d-4464-9ed7-4bcc991eb377
142,2026-09-29,19:49:50.17,"Teer, Max",1000616387,Right,,,,,,,Warmup,,84.1809,-0.342341116,-4.370900344,1581.470828,220.5352886,1:15,6.6448,2.50501,4.76166,-25.02072,16.73932,14.38032,4.23423,-0.4486,75.64548,-4.97841916,-1.706452845,0.4651058837,-8.87932,8.81546,-2.07866,50,6.58927,8.79323,-121.83226,-1.63312,-13.15408,27.14408,-19.11457,81cb39dd-8c05-4601-b5c5-79db5fd3f343,c198a40b-08eb-429c-8485-f6b5d841ee17,81.04056,Pitching,25410021,,,,,,,,,,,,,,,,,,,,24.26827733,1441.717798,0.9116309781,,c10e60bd-df43-42ca-afe0-15d14accac2f,b0c57eca-416d-4464-9ed7-4bcc991eb377
143,2026-09-29,19:50:04.66,"Teer, Max",1000616387,Right,,,,,,,Warmup,,84.80152,-1.16000576,-2.691063678,1419.871782,213.9487557,1:15,6.72972,2.40776,4.84097,-24.66866,16.89761,11.40189,3.57447,0.80845,75.09282,-5.774682886,-0.5515840245,0.4640256218,-6.97797,9.28658,-2.1511,50,6.59499,5.36602,-122.7672,-3.36344,-10.30855,31.55166,-18.455,8b82c73e-60d5-4051-91eb-fd874fb9dd21,c198a40b-08eb-429c-8485-f6b5d841ee17,81.22922,Pitching,25410021,,,,,,,,,,,,,,,,,,,230.4631881,30.62324353,1221.850003,0.8605354502,1:45,7dad3a45-1835-49e3-88ae-a9c7d7d3ed20,b0c57eca-416d-4464-9ed7-4bcc991eb377
144,2026-09-29,19:50:18.45,"Teer, Max",1000616387,Right,,,,,,,Warmup,,82.86265,-2.883948839,-5.054210595,1958.02134,212.3842988,1:00,6.49579,2.00811,5.42936,-27.95092,14.34124,9.11636,1.45314,-1.97735,74.74551,-8.092542323,-3.346972823,0.4680597626,-6.51875,8.5911,-1.56593,50,6.22055,10.30108,-119.7758,-6.95323,-9.30786,26.82575,-19.90718,8cd0089a-8fcb-4075-a18a-d8f854ea69ef,c198a40b-08eb-429c-8485-f6b5d841ee17,80.52912,Pitching,25410021,,,,,,,,,,,,,,,,,,,,,,,,45b4bceb-736c-42e2-b170-caa9d58f1d51,b0c57eca-416d-4464-9ed7-4bcc991eb377
145,2026-09-29,19:50:32.18,"Teer, Max",1000616387,Right,,,,,,,Warmup,,82.64601,0.04091222104,-4.007995166,2018.32544,213.9038347,1:15,6.62689,2.32009,5.08189,-35.96877,6.59424,4.46672,3.66815,-1.09131,74.99328,-6.624601488,-3.17856464,0.4695561964,-3.57297,3.45131,-1.94397,50,6.60323,8.24091,-119.78353,-1.13801,-5.14172,25.19389,-27.20739,120d9e56-2e57-4b0b-9e60-2c83ddb3286e,c198a40b-08eb-429c-8485-f6b5d841ee17,80.27248,Pitching,25410021,,,,,,,,,,,,,,,,,,,,52.33662615,1233.239487,0.611021128,,952aa1f7-13f8-4892-b86d-7959236c1a33,b0c57eca-416d-4464-9ed7-4bcc991eb377
146,2026-09-29,19:50:44.02,"Teer, Max",1000616387,Right,,,,,,,Warmup,,78.39953,0.05786721385,-2.565500118,1154.594032,229.4743364,1:45,6.77088,2.11302,4.57016,-37.24382,11.89044,13.97197,3.72234,0.83487,69.5207,-6.872762225,0.04526027737,0.5045028297,-8.21364,6.15102,-1.85972,50,6.74399,4.60893,-113.46657,-1.1517,-10.36049,27.03586,-24.41529,d46fca1a-b8c8-4430-9790-7da625034350,c198a40b-08eb-429c-8485-f6b5d841ee17,74.71205,Pitching,25410021,,,,,,,,,,,,,,,,,,,,41.92185809,859.0834445,0.7440567169,,85d72860-ed1f-4f28-b65a-de842e97f3c5,b0c57eca-416d-4464-9ed7-4bcc991eb377
147,2026-09-29,19:50:55.67,"Teer, Max",1000616387,Right,,,,,,,Warmup,,69.16323,0.3446286302,-5.219676049,1551.793609,5.511697932,6:15,6.80917,1.62499,,-66.24836,-2.68802,-0.25533,1.62052,-3.41836,63.32799,-11.61189917,-5.26618791,0.5738052418,-1.53627,-1.47656,-1.04091,50,6.77988,9.13088,-99.8612,-1.53062,-1.52981,18.16093,-33.64441,b5a4bc77-98a0-4f41-998a-87257edfadd4,c198a40b-08eb-429c-8485-f6b5d841ee17,,Pitching,25410021,,,,,,,,,,,,,,,,,,,,57.98410636,822.6903481,0.5301544894,,7e06f0aa-aadf-4de1-b56b-ea7ffc2e8425,b0c57eca-416d-4464-9ed7-4bcc991eb377
148,2026-09-29,19:51:10.86,"Teer, Max",1000616387,Right,,,,,,,Warmup,,83.94147,-0.6855631136,-4.249606696,1517.621004,216.3863375,1:15,6.58605,2.61949,5.12745,-24.35087,17.16533,12.70028,3.90942,-0.3313,75.30192,-5.231655719,-1.877637804,0.4637460515,-8.0955,9.27561,-2.22989,50,6.50336,8.59904,-121.54897,-2.28822,-11.90027,27.69444,-18.53903,2f315ed5-13e3-4450-9331-454df3e562a4,c198a40b-08eb-429c-8485-f6b5d841ee17,81.27819,Pitching,25410021,,,,,,,,,,,,,,,,,,,,23.58898717,1390.808083,0.9164396638,,971bffaa-3a85-466a-b211-af0455fe89b3,b0c57eca-416d-4464-9ed7-4bcc991eb377
149,2026-09-29,19:51:22.96,"Teer, Max",1000616387,Right,,,,,,,Warmup,,84.3641,-0.8777927704,-3.805158239,1479.729656,216.947953,1:15,6.68312,2.15921,5.02178,-25.09907,16.44411,12.4106,3.76141,-0.40214,75.12357,-5.573354924,-1.479990316,0.463896737,-7.87967,8.96684,-1.8045,50,6.57968,7.69332,-122.11738,-2.74225,-11.5935,29.79744,-18.98099,38099441-71e2-4fad-8e59-b317df42a9c7,c198a40b-08eb-429c-8485-f6b5d841ee17,81.25179,Pitching,25410021,,,,,,,,,,,,,,,,,,,,21.1038061,1380.483623,0.9329296186,,cff4e349-ef40-45d8-ba2b-b4f344b181c0,b0c57eca-416d-4464-9ed7-4bcc991eb377
150,2026-09-29,19:51:29.62,"Teer, Max",1000616387,Right,,,,,,,Warmup,,37.64394,,,1057.424213,,,9.11073,0.52302,,,,,3.81585,1.66096,35.75519,,,1.067800813,2.3567,31.34539,-0.70405,50,9.86335,-1.34673,-54.08031,4.29671,0.69591,4.84502,-22.91812,681ffa5d-8bea-4fa2-aaa2-a71d63670881,c198a40b-08eb-429c-8485-f6b5d841ee17,,Pitching,25410021,,,,,,,,,,,,,,,,,,,,,,,,72aa9a39-753c-4bc3-8085-15c16fd03526,b0c57eca-416d-4464-9ed7-4bcc991eb377
151,2026-09-29,19:51:50.30,"Teer, Max",1000616387,Right,,,,,,Fastball,Live,,84.99371,-1.737463542,-3.838301923,1464.113903,220.4274857,1:15,6.42575,1.80364,5.16427,-24.56863,16.0499,13.70242,2.73916,-0.67191,76.00481,-6.331980851,-1.268550851,0.4587050509,-8.56582,9.0832,-1.45584,50,6.24547,7.78721,-123.04602,-4.58018,-12.83618,29.54859,-18.56254,f4f70f2a-5b06-42cd-b266-66ad287d75d3,c198a40b-08eb-429c-8485-f6b5d841ee17,82.17141,Pitching,25410021,,,,,,,,,,,,,,,,,,,,24.94267985,1327.556192,0.9067301315,,71c02f55-8472-4dba-b098-c3381cbf78b2,b0c57eca-416d-4464-9ed7-4bcc991eb377
152,2026-09-29,19:52:03.76,"Teer, Max",1000616387,Right,,,,,,Fastball,Live,,87.2791,0.8130910417,-3.651243987,1633.198039,220.995095,1:15,6.53375,2.14838,4.89535,-24.22375,14.48064,12.64804,5.28569,-0.25541,78.11089,-3.699074574,-1.295943372,0.4477663844,-7.81964,7.3043,-1.80104,50,6.59386,7.60311,-126.41272,0.90979,-12.42967,30.01992,-20.56354,7b9244f0-dc67-4ea6-9b11-50dd279837d5,c198a40b-08eb-429c-8485-f6b5d841ee17,84.1788,Pitching,25410021,,,,,,,,,,,,,,,,,,,,27.6257347,1447.005946,0.885995398,,e0f5ecd8-0e22-4005-b427-0d5fb7002028,b0c57eca-416d-4464-9ed7-4bcc991eb377
153,2026-09-29,19:52:17.22,"Teer, Max",1000616387,Right,,,,,,Fastball,Live,,85.65333,-2.149934832,-3.115828767,1713.11027,218.935426,1:15,6.50821,1.97047,5.30198,-24.39949,14.78934,11.96455,2.45297,0.03999,77.83929,-6.684088496,-0.8821795959,0.450559943,-7.26259,8.46869,-1.6961,50,6.29546,6.35419,-124.24383,-5.50531,-11.2698,26.5802,-19.03267,3f231a85-1dce-4954-bd57-46ff72848f39,c198a40b-08eb-429c-8485-f6b5d841ee17,83.65688,Pitching,25410021,,,,,,,,,,,,,,,,,,,214.9908287,31.65986311,1458.163494,0.8511790045,1:15,ba1f8eaa-1e9c-4d0c-bd90-5e25e960202b,b0c57eca-416d-4464-9ed7-4bcc991eb377
154,2026-09-29,19:52:44.65,"Teer, Max",1000616387,Right,,,,,,Fastball,Live,,87.17392,-0.2741552064,-2.430497253,1730.726941,215.842692,1:15,6.42982,2.47356,5.42901,-21.94745,16.68664,12.08593,4.34391,1.20338,76.68097,-4.443656541,-0.1311238749,0.4473595768,-7.4269,9.04612,-2.26639,50,6.39099,4.96118,-126.34582,-1.33448,-11.54626,34.89703,-18.11046,35bdc2b3-3bce-477f-b9d7-bde1b9df17b6,c198a40b-08eb-429c-8485-f6b5d841ee17,84.25535,Pitching,25410021,,,,,,,,,,,,,,,,,,,,27.04001645,1541.539849,0.8906892314,,47abe23f-da80-43a2-9ab4-db24f6b5a5a4,b0c57eca-416d-4464-9ed7-4bcc991eb377
155,2026-09-29,19:52:58.81,"Teer, Max",1000616387,Right,,,,,,Fastball,Live,,84.09038,-2.787339363,-4.877185587,1621.666372,219.3196115,1:15,6.43055,1.84711,5.23892,-24.46801,16.95984,13.90626,1.76058,-1.58843,75.48615,-7.350318142,-2.275089547,0.4632523211,-8.99952,9.91748,-1.40831,50,6.15592,9.90492,-121.52968,-6.75672,-13.19895,28.1141,-17.6288,da527f7d-82ab-43e2-8ec5-3b1f28ec3a61,c198a40b-08eb-429c-8485-f6b5d841ee17,81.36481,Pitching,25410021,,,,,,,,,,,,,,,,,,,,26.53612243,1450.828484,0.8946528759,,bb9c8e7d-3554-4968-9f97-7c2668b76b03,b0c57eca-416d-4464-9ed7-4bcc991eb377
156,2026-09-29,19:53:14.42,"Teer, Max",1000616387,Right,,,,,,Fastball,Live,,84.9777,-3.54483974,-4.197450622,1419.307654,222.9602185,1:30,6.48351,2.03458,5.19485,-28.57714,11.96146,11.13178,0.75489,-0.99259,76.72941,-8.84092927,-2.11652118,0.4582534506,-7.26181,7.48826,-1.65348,50,6.13313,8.63638,-122.84866,-8.60512,-10.907,28.23389,-20.92692,90d08ac5-9e60-4fba-94ff-da6164d3566d,c198a40b-08eb-429c-8485-f6b5d841ee17,82.25238,Pitching,25410021,,,,,,,,,,,,,,,,,,,,30.48499871,1223.105425,0.8617620156,,93d60be9-866b-43be-aba9-309b751fe067,b0c57eca-416d-4464-9ed7-4bcc991eb377
157,2026-09-29,19:53:35.84,"Teer, Max",1000616387,Right,,,,,,Fastball,Live,,87.1131,-2.274142601,-3.984946273,1720.489792,222.4541399,1:30,6.55124,2.06671,5.1862,-23.79786,14.47646,13.26129,2.42258,-0.58271,78.7859,-6.69650701,-1.512031907,0.4452717389,-8.2348,8.34432,-1.70642,50,6.32219,8.32199,-126.16744,-5.86091,-13.12398,28.36968,-18.87554,a1068893-e8cb-494f-a1a0-550964fa07ba,c198a40b-08eb-429c-8485-f6b5d841ee17,84.65042,Pitching,25410021,,,,,,,,,,,,,,,,,,,,27.88738136,1520.687014,0.883868664,,187d5a8f-2a61-4812-ad25-905f5580bdb7,b0c57eca-416d-4464-9ed7-4bcc991eb377
158,2026-09-29,19:54:07.20,"Teer, Max",1000616387,Right,,,,,,Fastball,Live,,86.84549,-3.179138759,-4.749136715,1769.655641,225.4686793,1:30,6.46781,2.20015,5.31003,-23.21585,15.60639,15.85271,1.53618,-0.94609,77.80145,-7.518326191,-1.774076108,0.4484475995,-10.04289,9.37797,-1.7802,50,6.16233,9.8847,-125.48663,-7.78557,-15.66992,30.47651,-17.5416,0adb0f4b-7f58-432b-a54e-9745470f65ec,c198a40b-08eb-429c-8485-f6b5d841ee17,84.05093,Pitching,25410021,,,,,,,,,,,,,,,,,,,,33.07698997,1482.861645,0.837937964,,b5f548de-b595-4359-b45f-7015c4e8b5e8,b0c57eca-416d-4464-9ed7-4bcc991eb377
159,2026-09-29,19:54:20.75,"Teer, Max",1000616387,Right,,,,,,Fastball,Live,,87.25211,-2.350350935,-5.058216366,1605.358342,218.2385079,1:15,6.5967,2.25286,5.28111,-23.3204,15.38282,12.14975,2.43647,-1.49672,77.63448,-6.725244564,-2.775104536,0.4477596696,-8.27876,9.02322,-1.79961,50,6.36527,10.74003,-126.03809,-5.99171,-12.94991,32.19658,-18.05963,36aa2522-9435-4fb3-a071-d25110b2b2c8,c198a40b-08eb-429c-8485-f6b5d841ee17,84.18007,Pitching,25410021,,,,,,,,,,,,,,,,,,,208.6166559,26.24458984,1439.869175,0.8969145007,1:00,75d7831e-7ded-4e5b-a208-c2352ebeaf97,b0c57eca-416d-4464-9ed7-4bcc991eb377
160,2026-09-29,19:54:36.36,"Teer, Max",1000616387,Right,,,,,,Fastball,Live,,84.77166,-3.785698125,-4.572077866,1559.050337,219.4755438,1:15,6.686,2.23642,5.04828,-25.72045,15.54121,12.78566,0.95585,-1.01906,75.95759,-8.558766349,-2.181774924,0.4623221672,-8.31843,9.4998,-1.81035,50,6.30452,9.34342,-122.36389,-9.01118,-12.31892,29.37712,-18.10562,ec451a94-3449-4c2f-b788-bcb5d2288f27,c198a40b-08eb-429c-8485-f6b5d841ee17,81.52851,Pitching,25410021,,,,,,,,,,,,,,,,,,,,27.00910548,1389.011521,0.8909343645,,be8c1a52-09e2-453e-892c-f2bcd1797eb3,b0c57eca-416d-4464-9ed7-4bcc991eb377
161,2026-09-29,19:54:53.40,"Teer, Max",1000616387,Right,,,,,,Fastball,Live,,87.27105,-0.3988262601,-2.696957659,1735.392471,218.1917306,1:15,6.46714,2.37151,5.36653,-20.96172,16.91082,13.33942,4.34601,0.95283,78.42536,-4.331212355,-0.1915045362,0.4429284947,-7.96467,9.1168,-2.13898,50,6.4169,5.5091,-126.65439,-1.6008,-12.73165,29.70664,-17.6007,414e2729-3dd6-4177-9ee6-48e8e1d06332,c198a40b-08eb-429c-8485-f6b5d841ee17,85.09825,Pitching,25410021,,,,,,,,,,,,,,,,,,,,22.47502367,1603.582929,0.9240462637,,16420698-687b-493a-bbeb-a47b3ae11555,b0c57eca-416d-4464-9ed7-4bcc991eb377
162,2026-09-29,19:55:21.74,"Teer, Max",1000616387,Right,,,,,,Fastball,Live,,86.67161,-2.105270296,-4.59930178,1771.308819,220.3092495,1:15,6.44129,2.12386,5.30613,-22.0336,16.6991,14.19457,2.62195,-1.0193,77.87984,-6.223948747,-1.941946793,0.447930146,-9.03605,9.54856,-1.71615,50,6.23426,9.60325,-125.41472,-5.37935,-14.15053,29.33087,-17.22092,ccc82a84-4756-418f-ae45-a1d8b39b747b,c198a40b-08eb-429c-8485-f6b5d841ee17,84.14803,Pitching,25410021,,,,,,,,,,,,,,,,,,,,25.68671729,1596.263708,0.901177531,,9a62be37-5707-43e8-b2cb-da859007dff9,b0c57eca-416d-4464-9ed7-4bcc991eb377
163,2026-09-29,19:55:39.77,"Teer, Max",1000616387,Right,,,,,,Fastball,Live,,86.31476,-0.548955733,-4.79964684,1760.138996,215.8484247,1:15,6.47228,2.27747,5.30785,-21.43956,17.66888,12.82644,4.16861,-1.16887,77.22167,-4.569671352,-2.397026399,0.4500975781,-8.41441,9.56238,-1.85064,50,6.40729,10.05263,-124.919,-1.93046,-13.0418,29.65049,-17.35298,4dc7346c-c67f-49af-b559-d85ca77f619f,c198a40b-08eb-429c-8485-f6b5d841ee17,83.74282,Pitching,25410021,,,,,,,,,,,,,,,,,,,,17.10951556,1682.24258,0.955744168,,127ccb9d-d274-442c-9338-bd889f898350,b0c57eca-416d-4464-9ed7-4bcc991eb377
164,2026-09-29,19:55:55.69,"Teer, Max",1000616387,Right,,,,,,Fastball,Live,,86.6943,-5.728326808,-5.224505389,1611.439588,217.4338762,1:15,6.61217,2.04806,5.38654,,,,,,,,,,-8.86819,11.34166,-1.59031,50,6.08325,10.94986,-124.95317,-13.2724,-14.00327,25.4692,-14.26505,55a79955-ffd2-4138-82c1-848a64661e3e,c198a40b-08eb-429c-8485-f6b5d841ee17,,Pitching,25410021,,,,,,,,,,,,,,,,,,,,22.49247005,1488.857084,0.9239298177,,556eaf19-ce6e-4ac7-b990-7a4760e283de,b0c57eca-416d-4464-9ed7-4bcc991eb377
165,2026-09-29,19:56:14.16,"Teer, Max",1000616387,Right,,,,,,Fastball,Live,,87.09054,-2.998533126,-4.985417318,1667.998754,221.9051573,1:30,6.34248,2.19961,5.37765,-23.37089,14.48811,13.00844,1.57107,-1.4011,79.45458,-7.329578851,-2.566969615,0.4428493514,-8.31865,8.53627,-1.76195,50,6.05694,10.54512,-126.01418,-7.42971,-13.34203,26.2169,-18.48298,53b8dedb-a66e-4cd6-b093-a68293a8b2ac,c198a40b-08eb-429c-8485-f6b5d841ee17,85.11346,Pitching,25410021,,,,,,,,,,,,,,,,,,,,26.15773008,1497.168737,0.8975838461,,df220b90-6455-4465-a9f9-c698df397159,b0c57eca-416d-4464-9ed7-4bcc991eb377
166,2026-09-29,19:56:40.90,"Teer, Max",1000616387,Right,,,,,,Fastball,Live,,85.23641,-4.352498236,-4.380433569,1825.188982,234.3208028,1:45,6.28768,2.60827,5.66995,-25.9361,13.3719,18.51964,0.04914,0.06009,77.66944,-9.174514722,-0.9034819869,0.4512444839,-11.24517,8.48092,-2.24992,50,5.90293,8.85098,-123.26452,-10.23756,-17.16928,26.2492,-19.22527,1c0944af-0938-4168-885b-1c8e9b042aad,c198a40b-08eb-429c-8485-f6b5d841ee17,83.52997,Pitching,25410021,,,,,,,,,,,,,,,,,,,,25.41719234,1648.522633,0.9032065447,,6c871d3f-4b06-4aac-bb97-be25b672cf72,b0c57eca-416d-4464-9ed7-4bcc991eb377
167,2026-09-29,19:57:05.42,"Teer, Max",1000616387,Right,,,,,,Fastball,Live,,86.09308,-2.562768397,-3.39099085,1727.755803,231.7894063,1:45,6.45547,2.38081,5.4926,-26.52741,11.989,15.23054,1.84206,0.47468,78.41807,-7.499167837,-0.5393547848,0.4466777231,-9.11725,7.14616,-2.09432,50,6.21335,6.89036,-124.85904,-6.483,-14.30093,26.63734,-20.96489,25d08d20-c7a6-40c1-9130-715c4f1d1442,c198a40b-08eb-429c-8485-f6b5d841ee17,84.38397,Pitching,25410021,,,,,,,,,,,,,,,,,,,,29.81902418,1499.001614,0.867600393,,5e186a72-9ee5-4b31-a271-d5ad99e08b14,b0c57eca-416d-4464-9ed7-4bcc991eb377
168,2026-09-29,19:57:19.74,"Teer, Max",1000616387,Right,,,,,,Fastball,Live,,86.53851,-1.431076639,-3.648172754,1636.787044,217.6241776,1:15,6.43158,2.09875,5.3369,-21.53673,16.64132,12.85757,3.29145,-0.25652,78.83813,-5.435136796,-1.253824647,0.4447114005,-7.84154,9.21225,-1.77872,50,6.28715,7.56222,-125.56355,-3.8862,-12.49071,25.95971,-17.49995,cb276c91-8d8d-427a-bf71-78caeed95b0b,c198a40b-08eb-429c-8485-f6b5d841ee17,84.75708,Pitching,25410021,,,,,,,,,,,,,,,,,,,,22.09775729,1516.554162,0.9265433566,,d8fb918c-59d0-43e0-911b-c773ad12a441,b0c57eca-416d-4464-9ed7-4bcc991eb377
169,2026-09-29,19:57:45.19,"Teer, Max",1000616387,Right,,,,,,Fastball,Live,,87.27969,-2.592658376,-5.282961329,1606.37831,220.8293459,1:15,6.27451,2.34979,5.2319,-25.75501,12.23633,10.59646,1.67945,-1.74655,79.4946,-7.354912798,-3.318360541,0.4436225925,-7.13316,7.2132,-1.87053,50,6.01619,11.29857,-126.22165,-6.64598,-11.45369,26.81792,-20.59183,14ad1658-f505-4133-8443-014ed7d32c29,c198a40b-08eb-429c-8485-f6b5d841ee17,84.9651,Pitching,25410021,,,,,,,,,,,,,,,,,,,,24.49567709,1461.792305,0.9099925565,,9091164e-2219-4dc7-ae31-585718ab0e16,b0c57eca-416d-4464-9ed7-4bcc991eb377
170,2026-09-29,19:57:59.41,"Teer, Max",1000616387,Right,,,,,,Fastball,Live,,86.93874,-2.12534033,-4.279336355,1765.976498,209.7612354,1:00,6.30929,2.24657,5.4625,-22.31278,15.59633,8.94081,2.45445,-1.02058,78.91689,-6.283980459,-2.609129382,0.4431423063,-6.04265,8.93837,-1.87574,50,6.10687,9.12451,-125.97678,-5.44201,-9.63764,27.38874,-17.91793,9f3a04b9-fe07-400a-978e-9ff54dd1cf64,c198a40b-08eb-429c-8485-f6b5d841ee17,85.05719,Pitching,25410021,,,,,,,,,,,,,,,,,,,,27.24627074,1570.036004,0.8890469416,,272efdaa-914b-4116-848f-1a852d2f57e9,b0c57eca-416d-4464-9ed7-4bcc991eb377
171,2026-09-29,19:58:32.44,"Mcgrenera, Grady",1000616386,Left,,,,,,,Warmup,,80.1387,-2.671533804,4.713411368,1923.850696,130.4989632,10:15,6.16266,-2.54433,5.7309,-33.06181,11.11889,-13.0336,0.90965,0.76837,73.21752,-8.829180183,2.269195725,0.4783961404,8.39549,6.76399,2.15916,50,5.91929,-9.18196,-116.07264,-6.41942,11.38427,22.95575,-23.00209,02490aa4-8b75-472a-aabf-9cef1a39ae8f,c198a40b-08eb-429c-8485-f6b5d841ee17,78.78918,Pitching,25410021,,,,,,,,,,,,,,,,,,,,-34.21330585,1590.928369,0.8269500188,,33bcb720-c4ee-4406-b265-209e5051b24f,b0c57eca-416d-4464-9ed7-4bcc991eb377
172,2026-09-29,19:58:43.78,"Mcgrenera, Grady",1000616386,Left,,,,,,,Warmup,,87.22521,-0.8897956757,2.926123292,2023.317075,167.0583681,11:30,6.26048,-2.42558,5.69588,-18.60588,18.62782,-4.29202,3.87976,-0.05442,78.94732,-4.386021597,2.11880127,0.4391768859,3.19905,10.2724,2.18273,50,6.17433,-6.33542,-126.68395,-2.57709,5.14928,28.18161,-15.63928,ee8d6516-ebda-48d0-bc23-8c96deba80e9,c198a40b-08eb-429c-8485-f6b5d841ee17,85.82519,Pitching,25410021,,,,,,,,,,,,,,,,,,,,-35.09217826,1655.535102,0.8182282067,,0d34bed7-b445-433e-b32c-c49e3d81723d,b0c57eca-416d-4464-9ed7-4bcc991eb377
173,2026-09-29,19:58:54.99,"Mcgrenera, Grady",1000616386,Left,,,,,,,Warmup,,87.36621,0.02283560415,2.968783376,2012.177927,94.97863803,9:15,6.2998,-2.32487,5.73222,-35.75954,1.11391,-13.16073,3.34113,-0.6548,79.75181,-6.672160846,0.4961800216,0.4370471608,7.92573,0.59133,2.08571,50,6.27988,-6.15469,-126.95591,-1.11616,12.88275,26.98185,-31.21287,908689cd-0bfb-43e5-856e-43c69003b19f,c198a40b-08eb-429c-8485-f6b5d841ee17,86.24341,Pitching,25410021,,,,,,,,,,,,,,,,,,,,-38.52184945,1574.269068,0.7823707072,,05271197-489f-4211-8d74-fd66b4e7b820,b0c57eca-416d-4464-9ed7-4bcc991eb377
174,2026-09-29,19:59:05.23,"Mcgrenera, Grady",1000616386,Left,,,,,,,Warmup,,77.23971,3.567807787,0.4421392062,1467.520432,270.7449541,3:00,6.06906,-2.50305,5.11341,-48.07757,-0.10761,5.38863,5.42767,-1.63752,70.87226,-5.311882355,1.439528011,0.4984895291,-2.70687,-0.99377,2.45736,50,6.36796,-1.03824,-112.14123,5.45008,-3.46568,19.24822,-33.4464,388ef8f6-30fb-4464-b02b-ce781cfc17a4,c198a40b-08eb-429c-8485-f6b5d841ee17,75.6133,Pitching,25410021,,,,,,,,,,,,,,,,,,,,-50.7473101,928.5613488,0.6327416837,,cf175b37-2775-49db-a411-dbc0844f2db2,b0c57eca-416d-4464-9ed7-4bcc991eb377
175,2026-09-29,19:59:18.99,"Mcgrenera, Grady",1000616386,Left,,,,,,,Warmup,,77.43547,-0.08588279307,3.44600816,1257.583916,279.4626743,3:15,5.87367,-2.63592,5.5302,-48.04554,-0.73135,4.15647,1.78946,0.93518,71.27544,-8.986712926,4.221094257,0.4950705435,-1.22422,-0.36499,2.33399,50,5.83457,-6.89531,-112.44258,-1.60659,-1.56236,20.99203,-32.63985,527cd4f7-3e8b-4c0b-9098-d4fc7efbdad8,c198a40b-08eb-429c-8485-f6b5d841ee17,76.13549,Pitching,25410021,,,,,,,,,,,,,,,,,,,,-60.29801255,623.1187442,0.4954887988,,a7a2c61b-bafd-42a8-a119-7f60523e0202,b0c57eca-416d-4464-9ed7-4bcc991eb377
176,2026-09-29,19:59:30.03,"Mcgrenera, Grady",1000616386,Left,,,,,,,Warmup,,78.93668,0.9703649214,0.7836689239,927.7518126,148.7795019,11:00,6.02402,-2.74311,5.67172,-42.16953,3.24594,-1.99053,3.41462,-2.17841,71.76868,-6.940900445,0.4086452713,0.4850352466,1.30822,1.44347,2.67832,50,6.07958,-1.51087,-114.774,0.69308,1.7277,23.21418,-30.26774,4af365bc-260b-43ad-9388-921a60763dcb,c198a40b-08eb-429c-8485-f6b5d841ee17,77.71072,Pitching,25410021,,,,,,,,,,,,,,,,,,,,-29.1332565,810.3817356,0.8734897896,,c8a0d77b-1e32-4174-896b-91ad225c2caf,b0c57eca-416d-4464-9ed7-4bcc991eb377
177,2026-09-29,19:59:45.93,"Mcgrenera, Grady",1000616386,Left,,,,,,,Warmup,,88.61469,-0.06178370737,3.512266102,2069.709774,166.7130707,11:30,6.22381,-2.33715,5.75381,-18.36759,18.04504,-4.27645,4.63556,0.57963,79.23078,-3.5393357,2.703058385,0.4343075956,3.50405,9.75672,2.04847,50,6.20772,-7.75127,-128.55043,-0.7352,5.73874,31.93482,-16.19503,ecaa9a0f-b9ec-47d7-b4a2-85947eda10ce,c198a40b-08eb-429c-8485-f6b5d841ee17,86.78743,Pitching,25410021,,,,,,,,,,,,,,,,,,,116.2644008,-39.89165273,1588.002613,0.7672585948,10:00,6f97ecd4-4622-4c3b-95e1-eb947d2cc1f1,b0c57eca-416d-4464-9ed7-4bcc991eb377
178,2026-09-29,20:00:16.49,"Mcgrenera, Grady",1000616386,Left,,,,,,Fastball,Live,,89.07706,0.0955997745,0.8689619718,1999.251652,96.09861749,9:15,6.14136,-2.45476,5.79652,-33.79422,1.5228,-14.5332,3.4141,-2.85766,81.33948,-6.241726446,-1.867783093,0.4277237966,8.07444,0.79159,2.39208,50,6.1291,-1.48737,-129.60834,-0.89627,13.66905,28.29728,-30.83399,bee5877e-b908-46b1-9c3e-12d6d37b2c61,c198a40b-08eb-429c-8485-f6b5d841ee17,88.12332,Pitching,25410021,,,,,,,,,,,,,,,,,,,,-42.12234948,1482.873479,0.7417142699,,ab18deb4-794e-429b-9ff1-6544d6d0d51c,b0c57eca-416d-4464-9ed7-4bcc991eb377
179,2026-09-29,20:00:34.70,"Mcgrenera, Grady",1000616386,Left,,,,,,Fastball,Live,,89.84912,-1.189743564,3.011057043,2076.072071,100.1815988,9:15,6.10501,-2.33794,5.62238,-32.1933,2.77542,-15.53969,2.31045,-0.82087,82.224,-7.190623674,0.09974364751,0.4256094456,9.16101,1.82169,2.09134,50,5.98309,-6.3338,-130.52589,-3.81669,15.7712,28.01118,-29.0379,84094b28-52c6-4e99-890c-c5c8520b252d,c198a40b-08eb-429c-8485-f6b5d841ee17,88.5611,Pitching,25410021,,,,,,,,,,,,,,,,,,,,-41.9745687,1543.438659,0.7434417525,,7782ae61-bb01-49b5-9e4d-4dc425cb6e5d,b0c57eca-416d-4464-9ed7-4bcc991eb377
180,2026-09-29,20:01:10.32,"Mcgrenera, Grady",1000616386,Left,,,,,,Fastball,Live,,90.03209,-0.4002734582,3.264441314,2095.127795,105.03231,9:30,6.14597,-2.38586,5.75697,-30.81331,4.13324,-15.50107,3.20505,-0.63612,81.49962,-6.19626918,0.3402836137,0.4254745055,9.36274,2.34985,2.12472,50,6.09428,-6.94074,-130.726,-1.93943,16.01362,30.54752,-28.15497,c7965d16-34db-4dda-abb7-bff1ddd4b958,c198a40b-08eb-429c-8485-f6b5d841ee17,88.58918,Pitching,25410021,,,,,,,,,,,,,,,,,,,116.8735949,-38.88148735,1630.943866,0.778446007,10:00,07816b58-7750-4855-bad5-8122735b073c,b0c57eca-416d-4464-9ed7-4bcc991eb377
181,2026-09-29,20:01:34.42,"Mcgrenera, Grady",1000616386,Left,,,,,,Fastball,Live,,91.46157,-3.055150695,5.039092753,2190.924043,131.9904522,10:30,6.2823,-2.2518,6.16294,-22.86568,10.51908,-11.6852,1.54141,1.44063,83.33512,-7.356987358,2.833533566,0.4158584035,7.85622,6.63817,1.87548,50,6.03827,-11.31304,-132.46539,-7.81616,13.8832,29.73322,-20.44334,b9462a3f-3b79-414a-b326-5b40074f9ecc,c198a40b-08eb-429c-8485-f6b5d841ee17,90.63768,Pitching,25410021,,,,,,,,,,,,,,,,,,,,-28.25456321,1929.882101,0.8808530388,,bbc6c1dc-a2a0-4ea7-a124-e6030e88d1c4,b0c57eca-416d-4464-9ed7-4bcc991eb377
182,2026-09-29,20:02:04.03,"Mcgrenera, Grady",1000616386,Left,,,,,,Fastball,Live,,90.22222,-1.521061635,2.836534953,2188.796804,144.8304215,10:45,6.19853,-2.27299,5.93081,-20.91382,13.91881,-9.82753,3.04262,-0.45845,80.92924,-5.485459682,0.9686390865,0.4247804925,6.29278,8.06943,2.05213,50,6.06544,-6.17421,-130.97406,-4.15292,10.70827,32.91448,-18.44251,4eaa33ac-ddf2-4d3c-8719-8f9b716fee18,c198a40b-08eb-429c-8485-f6b5d841ee17,88.73392,Pitching,25410021,,,,,,,,,,,,,,,,,,,,-29.11950927,1912.147279,0.8736065747,,c5913564-1db0-4c2a-b24e-68a1059dde13,b0c57eca-416d-4464-9ed7-4bcc991eb377
183,2026-09-29,20:02:29.26,"Mcgrenera, Grady",1000616386,Left,,,,,,Slider,Live,,80.5892,-0.4201827988,3.150656975,1638.015937,332.9372932,5:00,6.00179,-2.66299,5.31249,-52.04385,-8.268,4.21089,1.26987,0.64765,74.81288,-9.975213074,3.93088495,0.4761992121,-1.37574,-4.25139,2.3745,50,5.92646,-6.58066,-117.07011,-2.54755,-1.9155,21.42601,-38.09343,56774ce9-b13d-41bb-95be-0a8f03082e34,c198a40b-08eb-429c-8485-f6b5d841ee17,79.15267,Pitching,25410021,,,,,,,,,,,,,,,,,,,339.1195712,-54.31304263,955.5469755,0.5833563361,5:15,e6af28fd-1872-4105-8bbb-f2db38ecca71,b0c57eca-416d-4464-9ed7-4bcc991eb377
184,2026-09-29,20:02:48.51,"Mcgrenera, Grady",1000616386,Left,,,,,,Fastball,Live,,91.91286,-0.304130198,2.034441118,2330.246214,137.1851406,10:30,6.25903,-2.34146,6.11714,-21.47324,11.27214,-10.47348,4.18827,-1.3328,83.75304,-4.360786508,0.05265761473,0.4118569566,6.28383,6.22132,2.1913,50,6.22452,-4.4152,-133.74865,-1.39909,11.34614,29.71057,-20.94077,17ad0ce5-e3d6-4d73-aea1-f7018882b7c9,c198a40b-08eb-429c-8485-f6b5d841ee17,91.51828,Pitching,25410021,,,,,,,,,,,,,,,,,,,,-45.37481447,1636.918669,0.7024659708,,0b055ab4-2ea1-491c-932e-61f32e9027fe,b0c57eca-416d-4464-9ed7-4bcc991eb377
185,2026-09-29,20:03:07.94,"Mcgrenera, Grady",1000616386,Left,,,,,,Fastball,Live,,90.37157,-2.092283832,2.300662439,2356.316092,139.0320896,10:45,6.0367,-2.39616,6.16612,-21.36879,12.45369,-10.8258,2.32121,-1.17237,82.6225,-6.117549806,0.2520932064,0.4185757594,6.55178,7.38026,2.22765,50,5.86732,-4.94153,-131.4187,-5.47283,11.43666,28.33749,-19.29122,86409298-4793-4355-b1d2-c2de40615772,c198a40b-08eb-429c-8485-f6b5d841ee17,90.04926,Pitching,25410021,,,,,,,,,,,,,,,,,,,,,,,,93d09dba-be38-40e0-9b31-f977a9a6a8a2,b0c57eca-416d-4464-9ed7-4bcc991eb377
186,2026-09-29,20:03:34.26,"Mcgrenera, Grady",1000616386,Left,,,,,,Fastball,Live,,91.24537,-2.154264768,2.348917061,2311.643851,134.3192141,10:30,6.22336,-2.32008,6.15975,-23.03104,10.01994,-10.27431,2.31167,-1.00544,83.84451,-6.479369851,0.4095695529,0.4137743789,6.22521,6.03469,2.14741,50,6.0481,-5.11816,-132.71885,-5.72714,11.13543,27.6388,-21.37941,2ac17ab7-6313-4cc6-a79d-4d947fcf0708,c198a40b-08eb-429c-8485-f6b5d841ee17,91.09418,Pitching,25410021,,,,,,,,,,,,,,,,,,,,,,,,31c4d11d-0c21-481e-9080-b1d37b2e02ec,b0c57eca-416d-4464-9ed7-4bcc991eb377
187,2026-09-29,20:04:34.89,"Mcgrenera, Grady",1000616386,Left,,,,,,Fastball,Live,,89.97782,-2.445230728,2.807543159,2296.028875,128.5639849,10:15,6.10119,-2.18659,5.91413,-23.73301,10.71415,-13.44336,1.85027,-0.69951,82.44055,-6.885673506,0.2781136339,0.422423489,8.03831,6.46491,1.96943,50,5.89164,-5.97205,-130.72521,-6.36364,13.9087,27.57834,-20.98781,4f90e380-d725-4b41-9e62-7d117a4468e5,c198a40b-08eb-429c-8485-f6b5d841ee17,89.22903,Pitching,25410021,,,,,,,,,,,,,,,,,,,,,,,,da7f79c9-6ea0-4b62-976b-d0a60b247aef,b0c57eca-416d-4464-9ed7-4bcc991eb377
188,2026-09-29,20:04:58.87,"Mcgrenera, Grady",1000616386,Left,,,,,,Fastball,Live,,90.61644,-1.990305778,3.448668302,2292.249613,135.7198757,10:30,6.08998,-2.39994,6.13867,-23.35083,9.99503,-9.76598,2.30089,-0.02323,83.85842,-6.356880732,1.616004661,0.4156160442,6.14785,5.9141,2.14232,50,5.92593,-7.62935,-131.75806,-5.3303,10.93017,25.01313,-21.65944,3796db62-3282-4e3c-97d4-0504ef92898c,c198a40b-08eb-429c-8485-f6b5d841ee17,90.69053,Pitching,25410021,,,,,,,,,,,,,,,,,,,,,,,,255e07e3-a379-454e-951a-5fd0adb4064d,b0c57eca-416d-4464-9ed7-4bcc991eb377
189,2026-09-29,20:05:42.10,"Mcgrenera, Grady",1000616386,Left,,,,,,Fastball,Live,,90.75766,-0.505179107,1.734631622,2081.914721,132.9640738,10:30,6.34457,-2.37689,6.12737,-23.46671,9.91723,-10.67962,3.92188,-1.66316,83.24096,-4.923437466,-0.2810168493,0.415853327,6.27407,5.52747,2.2501,50,6.29372,-3.66245,-132.14027,-1.91126,11.12351,27.43814,-22.3742,6d742b19-6393-4a9b-988c-63811572404a,c198a40b-08eb-429c-8485-f6b5d841ee17,90.63878,Pitching,25410021,,,,,,,,,,,,,,,,,,,,,,,,03ded4ab-9e88-4d3e-b537-af349939663c,b0c57eca-416d-4464-9ed7-4bcc991eb377
190,2026-09-29,20:06:02.23,"Mcgrenera, Grady",1000616386,Left,,,,,,Fastball,Live,,90.93196,-1.728670406,2.24081277,2324.373656,124.3694182,10:15,6.11571,-2.50756,5.98446,-22.63858,11.11925,-16.27599,2.62545,-1.78621,82.78669,-5.989445997,-0.8361514892,0.4181756253,9.48387,6.5379,2.3399,50,5.96688,-4.64483,-132.19043,-4.72659,16.67824,29.79468,-20.67657,878be94f-1e0c-4caa-a073-4296de440cac,c198a40b-08eb-429c-8485-f6b5d841ee17,90.13543,Pitching,25410021,,,,,,,,,,,,,,,,,,,,-17.86581553,2212.28681,0.9517776131,,0024ff20-7db1-42a0-a7f5-fb4cd005af9c,b0c57eca-416d-4464-9ed7-4bcc991eb377
191,2026-09-29,20:06:35.38,"Mcgrenera, Grady",1000616386,Left,,,,,,Fastball,Live,,91.18503,-1.899839242,4.103646955,2282.967028,114.6317441,9:45,6.28879,-2.31669,6.17712,-26.48405,6.84383,-14.93975,2.32239,0.23399,83.34883,-6.886862731,1.280621437,0.4155040479,9.31464,4.27335,2.01427,50,6.13155,-9.02865,-132.38302,-5.23419,16.4927,28.85458,-24.60757,7a75ede0-90e4-43cf-8a43-5578e9a93953,c198a40b-08eb-429c-8485-f6b5d841ee17,90.71497,Pitching,25410021,,,,,,,,,,,,,,,,,,,,,,,,5c4582e5-98aa-43c3-bc29-da7f7f87d96a,b0c57eca-416d-4464-9ed7-4bcc991eb377
192,2026-09-29,20:06:57.32,"Mcgrenera, Grady",1000616386,Left,,,,,,Fastball,Live,,90.94044,-1.105853541,3.831536642,2252.8285,125.5405705,10:15,6.18668,-2.18552,6.0888,-23.29302,10.28798,-14.44436,3.22037,0.15989,82.93758,-5.495854947,1.105308296,0.4170788821,8.94328,5.9072,1.89784,50,6.08902,-8.38674,-132.09946,-3.29798,15.7655,28.76266,-21.76065,d75289ae-7bb5-42c0-bd99-b5b81fd456b9,c198a40b-08eb-429c-8485-f6b5d841ee17,90.37245,Pitching,25410021,,,,,,,,,,,,,,,,,,,,,,,,415efd2d-c322-4998-9280-1b3567a8968f,b0c57eca-416d-4464-9ed7-4bcc991eb377
193,2026-09-29,20:07:24.61,"Mcgrenera, Grady",1000616386,Left,,,,,,Slider,Live,,80.53628,1.82842612,2.187050602,1796.021261,346.2696318,5:30,5.99802,-2.76192,5.38983,-51.74755,-7.77425,1.89154,3.40098,-0.5538,73.72186,-7.787887712,2.540075167,0.4772719309,-0.36801,-4.65418,2.5655,50,6.12542,-4.52747,-116.9757,2.09033,-0.50774,22.94473,-38.59525,edc66004-2f43-4e56-9054-02e9c312a17c,c198a40b-08eb-429c-8485-f6b5d841ee17,78.97477,Pitching,25410021,,,,,,,,,,,,,,,,,,,,,,,,cc1bdc1b-dee9-41f7-8081-9c8e9d91f493,b0c57eca-416d-4464-9ed7-4bcc991eb377
194,2026-09-29,20:07:45.86,"Mcgrenera, Grady",1000616386,Left,,,,,,Fastball,Live,,90.7574,-2.300360177,2.826015485,2270.826739,122.5705031,10:00,6.11083,-2.2155,6.02112,-24.13444,9.71521,-15.21177,1.96555,-0.86388,82.80745,-6.835909166,-0.0484316063,0.41874389,9.07662,5.9421,2.00275,50,5.91762,-6.01946,-131.85153,-6.07909,15.90336,29.26444,-21.76276,c68fc678-5c30-46d9-a00e-69c82d0da102,c198a40b-08eb-429c-8485-f6b5d841ee17,90.01311,Pitching,25410021,,,,,,,,,,,,,,,,,,,,,,,,5f7d8b88-12be-4fb9-8881-8be4ad7d056a,b0c57eca-416d-4464-9ed7-4bcc991eb377
195,2026-09-29,20:08:11.90,"Mcgrenera, Grady",1000616386,Left,,,,,,Fastball,Live,,90.31185,-3.024641396,2.815508283,2301.564626,138.553201,10:30,6.06322,-2.23221,5.57264,-22.61805,12.49181,-11.02968,1.34758,-0.51979,81.6806,-7.253534276,0.7393584759,0.4264674894,6.79554,7.64553,1.99704,50,5.78808,-6.06134,-130.94643,-7.70371,11.63924,31.14794,-19.07896,178fc72c-9874-4cc5-9ad4-de726c837c63,c198a40b-08eb-429c-8485-f6b5d841ee17,88.38291,Pitching,25410021,,,,,,,,,,,,,,,,,,,,,,,,3c64c2ae-20f7-4757-b3a9-79251c3149cc,b0c57eca-416d-4464-9ed7-4bcc991eb377
196,2026-09-29,20:09:00.89,"Mcgrenera, Grady",1000616386,Left,,,,,,Fastball,Live,,91.42384,-1.467222951,2.347177709,2329.095867,142.2466332,10:45,6.1696,-2.61869,5.97161,-19.22315,13.93665,-10.81038,3.20619,-1.34261,83.75613,-5.075175529,0.3128534204,0.4144549691,6.48194,7.93317,2.43916,50,6.04282,-5.09509,-132.98447,-4.04174,11.63356,27.92333,-17.93588,3ba2a27e-58a2-48d2-8606-0738f96f2917,d10b522d-51fa-4f63-a266-350d8bdd89c3,90.94459,Pitching,25410021,,,,,,,,,,,,,,,,,,,,,,,,49b3af78-8c4c-4429-bf2c-c65c622ce613,b0c57eca-416d-4464-9ed7-4bcc991eb377
197,2026-09-29,20:09:21.16,"Mcgrenera, Grady",1000616386,Left,,,,,,Fastball,Live,,90.59834,0.1424202267,1.957760558,2218.558849,150.3264196,11:00,6.31129,-2.3764,5.91721,-18.03589,16.12052,-9.20715,4.94053,-1.32635,81.94042,-3.266499394,0.2164365357,0.4206370047,5.58023,8.67921,2.225,50,6.31249,-4.20296,-131.74403,-0.26078,9.7143,30.46901,-17.06491,c5503f80-ca37-41ff-9e65-38a96ae13380,d10b522d-51fa-4f63-a266-350d8bdd89c3,89.608,Pitching,25410021,,,,,,,,,,,,,,,,,,,,,,,,cb931ac2-723e-4d96-94a0-62746309d91b,b0c57eca-416d-4464-9ed7-4bcc991eb377
198,2026-09-29,20:09:46.30,"Mcgrenera, Grady",1000616386,Left,,,,,,Fastball,Live,,91.37429,-1.617839596,4.395573774,2258.459621,134.2339695,10:30,6.27275,-2.42762,6.05083,-22.37242,11.08285,-11.41555,2.90615,0.69749,83.13537,-5.832326644,2.242670573,0.416297344,7.48888,6.49426,2.09186,50,6.13474,-9.82388,-132.57554,-4.47468,13.26068,29.69118,-20.67456,af51bc38-a653-437c-948d-40163c899c14,d10b522d-51fa-4f63-a266-350d8bdd89c3,90.54211,Pitching,25410021,,,,,,,,,,,,,,,,,,,,,,,,26e5c09a-12e2-4938-a9e7-df603ac8254c,b0c57eca-416d-4464-9ed7-4bcc991eb377
199,2026-09-29,20:10:15.95,"Mcgrenera, Grady",1000616386,Left,,,,,,Fastball,Live,,91.15915,-0.9897472206,0.8338999146,2299.57168,124.6893792,10:15,6.2394,-2.40421,6.03587,-23.56954,9.80955,-14.20685,3.35874,-2.81601,83.23847,-5.426732271,-1.851255394,0.4158231465,7.94917,5.60806,2.34694,50,6.14953,-1.47235,-132.68309,-3.05381,14.12078,29.32373,-22.21198,1283f262-ae2c-46fb-9840-b608341dd4ac,d10b522d-51fa-4f63-a266-350d8bdd89c3,90.64536,Pitching,25410021,,,,,,,,,,,,,,,,,,,,,,,,9f442d99-649b-4370-ab51-b9c7097df569,b0c57eca-416d-4464-9ed7-4bcc991eb377
200,2026-09-29,20:10:34.59,"Mcgrenera, Grady",1000616386,Left,,,,,,Fastball,Live,,91.39079,-2.420312673,2.662785744,2231.247723,142.3264914,10:45,6.31373,-2.29234,,-20.42989,14.31365,-11.05996,2.32066,-0.69634,83.28384,-6.186888105,0.6145263313,0.4242368798,6.53507,8.16443,2.04308,50,6.06243,-5.7383,-132.56259,-6.39772,11.59529,29.09793,-17.68775,011180a2-3fb2-4e22-bdeb-4cfa56f47a0f,d10b522d-51fa-4f63-a266-350d8bdd89c3,,Pitching,25410021,,,,,,,,,,,,,,,,,,,,,,,,5a3ff357-4c03-4908-ab14-c19cdc934115,b0c57eca-416d-4464-9ed7-4bcc991eb377
201,2026-09-29,20:11:07.38,"Jones, Gunnar",1000617064,Right,,,,,,,Warmup,,73.83654,-0.07059645265,-2.59553449,1556.65319,228.572234,1:30,6.49226,2.53867,4.78679,-43.85376,9.32778,10.63044,2.77082,0.96325,67.98318,-8.098817325,-0.6379051833,0.5248701166,-6.2095,4.85266,-2.28879,50,6.44791,4.51961,-107.22494,-1.53928,-7.24953,18.05073,-26.50861,2ded2686-7cc9-4f43-ba68-8a02a3239365,d10b522d-51fa-4f63-a266-350d8bdd89c3,71.81289,Pitching,25410021,,,,,,,,,,,,,,,,,,,,0.921596497,1556.451823,0.9998706409,,0a202a1b-191b-409b-b520-4d9cbe31ea2e,b0c57eca-416d-4464-9ed7-4bcc991eb377
202,2026-09-29,20:11:13.74,"Jones, Gunnar",1000617064,Right,,,,,,,Warmup,,73.36746,-0.7119019913,-2.799582169,1710.844799,226.8607588,1:30,6.48404,2.38162,4.84853,-41.1826,12.34332,13.2261,2.37746,0.83173,67.87447,-8.236054794,-0.3672290218,0.5265667662,-7.57698,6.58447,-2.1164,50,6.37925,4.79171,-106.57152,-2.63273,-8.78113,16.99385,-24.54316,6683b728-c366-441a-b09a-31f0d996e49c,d10b522d-51fa-4f63-a266-350d8bdd89c3,71.5815,Pitching,25410021,,,,,,,,,,,,,,,,,,,,-0.4634424988,1710.788833,0.9999672875,,a0c1bc6c-1ba9-40ee-9ea0-4a0b96332f75,b0c57eca-416d-4464-9ed7-4bcc991eb377
203,2026-09-29,20:11:20.43,"Wells, Caden",1000511882,Right,,,,,,,Warmup,,75.6208,-1.154945832,-2.937360244,1830.391799,227.553542,1:30,6.60804,2.18441,4.95792,-38.82358,11.55816,12.68291,2.28015,0.46413,69.69431,-8.272787869,-0.5961158316,0.5108671343,-7.39701,6.33374,-1.91033,50,6.46489,5.22697,-109.79856,-3.46226,-9.0629,18.77803,-24.41388,c91c554e-e149-421e-83bf-23d2e5497a83,d10b522d-51fa-4f63-a266-350d8bdd89c3,73.7813,Pitching,25410021,,,,,,,,,,,,,,,,,,,,0.1275873229,1830.387261,0.9999975206,,8055f2e5-4c04-4a47-a894-4257d88e97eb,b0c57eca-416d-4464-9ed7-4bcc991eb377
204,2026-09-29,20:11:43.97,"Teer, Max",1000616387,Right,,,,,,,Warmup,,78.20712,0.01384407197,-2.332471059,1780.839281,222.4578207,1:30,6.56393,2.31556,4.98407,-34.98674,12.00208,11.02673,3.66145,1.03094,71.83429,-6.42722216,-0.2951641801,0.4933653782,-6.37624,6.25768,-2.09975,50,6.5373,4.26382,-113.63741,-1.13012,-8.36879,20.09734,-23.96088,35e0c504-b23b-4db2-869e-134d6ad81a26,d10b522d-51fa-4f63-a266-350d8bdd89c3,76.39863,Pitching,25410021,,,,,,,,,,,,,,,,,,,,0.0703393167,1780.837939,0.9999992464,,4b24febd-fdcf-47ee-9446-624c0a1ea3c9,b0c57eca-416d-4464-9ed7-4bcc991eb377
205,2026-09-29,20:11:54.03,"Jones, Gunnar",1000617064,Right,,,,,,,Warmup,,79.27809,-1.822799581,-3.647884941,1837.415993,219.2894408,1:15,6.30755,2.42082,5.30935,-29.29822,15.95763,13.08536,2.15126,0.08306,72.96334,-7.23103647,-1.221109049,0.4841821594,-7.86506,8.89969,-2.09937,50,6.12105,6.91806,-115.06689,-4.60504,-10.59886,20.32815,-20.18093,3cdaab45-c68f-4932-b686-d22433deb0b2,d10b522d-51fa-4f63-a266-350d8bdd89c3,77.84764,Pitching,25410021,,,,,,,,,,,,,,,,,,,,,,,,ff8bdf80-0d5e-46e6-b9e6-a32095170416,b0c57eca-416d-4464-9ed7-4bcc991eb377
206,2026-09-29,20:12:04.65,"Jones, Gunnar",1000617064,Right,,,,,,,Warmup,,69.87329,1.325997514,-0.3625616486,2117.595305,73.37621037,8:30,6.18495,2.44934,4.94351,-61.44897,-2.18475,-7.1537,2.31738,1.51061,64.3856,-9.959353255,-1.688242416,0.5540738854,3.62923,-1.52098,-2.40842,50,6.26405,0.85396,-101.51894,0.53278,3.77538,17.11415,-33.75628,9bdcaaf5-cf20-4f37-b330-2d93e8c1e138,d10b522d-51fa-4f63-a266-350d8bdd89c3,68.02782,Pitching,25410021,,,,,,,,,,,,,,,,,,,,53.10113744,1271.413432,0.6004043498,,440ac424-310c-4b33-a74e-c5eee7ed3742,b0c57eca-416d-4464-9ed7-4bcc991eb377
207,2026-09-29,20:12:15.76,"Jones, Gunnar",1000617064,Right,,,,,,,Warmup,,70.35058,0.6862721394,-1.507325341,2182.535606,44.69218045,7:30,6.20347,2.36529,4.91201,-64.10539,-6.44172,-6.32901,1.51044,0.41245,66.10785,-10.94518374,-2.668647986,0.5465406985,2.92458,-3.50757,-2.21306,50,6.21753,2.88491,-102.33699,-0.71877,3.14393,14.72265,-35.94469,5add6ed5-121e-47d6-9edb-80d2f2b1a02d,d10b522d-51fa-4f63-a266-350d8bdd89c3,68.96548,Pitching,25410021,,,,,,,,,,,,,,,,,,,,,,,,5a7ea1f2-7129-4031-b3ed-00dfc2dd8110,b0c57eca-416d-4464-9ed7-4bcc991eb377
208,2026-09-29,20:12:27.28,"Jones, Gunnar",1000617064,Right,,,,,,,Warmup,,75.18873,-3.607475923,-4.252790006,1715.316085,222.9616524,1:30,6.28441,2.19944,5.87035,-35.0274,14.65347,13.63602,0.00143,-0.62114,69.3057,-10.1033192,-1.694042759,0.5073013357,-8.53591,8.90648,-1.86318,50,5.97148,7.72746,-108.94353,-7.84752,-10.25668,19.17379,-21.47209,c072ec2c-3ea3-441a-a77a-29abf6f83809,d10b522d-51fa-4f63-a266-350d8bdd89c3,74.2999,Pitching,25410021,,,,,,,,,,,,,,,,,,,,,,,,937dc6ee-bd7d-44b7-92ca-dc62db79355c,b0c57eca-416d-4464-9ed7-4bcc991eb377
209,2026-09-29,20:12:39.53,"Jones, Gunnar",1000617064,Right,,,,,,,Warmup,,49.16384,6.96858647,-16.11830323,,,,6.96654,-1.82666,6.25097,,,,4.2544,-12.0042,40.3881,,,0.8396308755,-43.6626,8.61316,3.02627,50,7.45526,18.72305,-67.89601,6.97459,-18.45833,13.90819,-28.53284,a1c12c9e-0589-4c5f-8289-1f1fe8319656,d10b522d-51fa-4f63-a266-350d8bdd89c3,44.89168,Pitching,25410021,,,,,,,,,,,,,,,,,,,,,,,,3bb72878-52d3-47e1-bddd-77363e794232,b0c57eca-416d-4464-9ed7-4bcc991eb377
210,2026-09-29,20:12:45.42,"Jones, Gunnar",1000617064,Right,,,,,,,Warmup,,76.88909,-1.249915236,-3.692228662,1828.67261,229.8698893,1:45,6.25291,2.23864,5.18884,-36.51547,11.90834,14.17687,2.03163,-0.05773,70.71991,-7.978485681,-1.065275985,0.5008421347,-8.45176,6.59824,-1.90657,50,6.10957,6.75406,-111.58149,-3.58938,-10.68332,19.58505,-23.83363,2b459c2a-589d-4970-9083-336e99b9829a,d10b522d-51fa-4f63-a266-350d8bdd89c3,75.25812,Pitching,25410021,,,,,,,,,,,,,,,,,,,,31.05628779,1566.552342,0.85666091,,b79b702e-7f22-445d-9a29-ddd54eaa728f,b0c57eca-416d-4464-9ed7-4bcc991eb377
211,2026-09-29,20:12:55.86,"Jones, Gunnar",1000617064,Right,,,,,,,Warmup,,78.62609,0.7041493522,-1.933356135,1966.417766,235.8914351,1:45,6.42994,2.45985,4.98259,-35.47352,11.32181,16.79305,4.1391,2.03308,71.65084,-5.856561387,1.182056669,0.4923485076,-9.33656,5.71405,-2.287,50,6.46958,3.29966,-114.19615,0.23157,-12.28148,21.78693,-24.65768,dd9b3726-1309-4dfe-b55f-1071449600ae,d10b522d-51fa-4f63-a266-350d8bdd89c3,76.55642,Pitching,25410021,,,,,,,,,,,,,,,,,,,,,,,,3a6ec2f0-a4b0-4e27-a914-35c68016b91f,b0c57eca-416d-4464-9ed7-4bcc991eb377
212,2026-09-29,20:13:09.42,"Jones, Gunnar",1000617064,Right,,,,,,,Warmup,,80.40546,0.317764757,-2.973310168,2020.90277,238.4953196,2:00,6.21635,2.48648,5.43035,-34.16557,9.42247,15.46039,3.66718,0.98814,74.0788,-6.014055355,-0.1005079467,0.475176595,-8.94828,4.90779,-2.23388,50,6.22097,5.57805,-116.88389,-0.44031,-12.47403,20.44854,-25.33252,0fafab5d-30a7-4cc1-af25-ceaa75aee6e0,d10b522d-51fa-4f63-a266-350d8bdd89c3,79.32301,Pitching,25410021,,,,,,,,,,,,,,,,,,,,,,,,313eb52b-a63e-4c3e-9e74-2b8a50ea050e,b0c57eca-416d-4464-9ed7-4bcc991eb377
213,2026-09-29,20:13:16.56,"Jones, Gunnar",1000617064,Right,,,,,,,Warmup,,39.33773,0.40168031,-2.977474546,1060.043305,,,9.1534,1.10165,,,,,,,,,,,-7.60137,37.49263,-0.61687,50,8.90321,2.62359,-55.93117,-3.30502,-2.16347,9.76619,-21.50307,9bab7a9f-d832-413b-8dce-0291b2d942fe,d10b522d-51fa-4f63-a266-350d8bdd89c3,,Pitching,25410021,,,,,,,,,,,,,,,,,,,,,,,,e3bb120e-1dab-409d-ae9a-095ac246237c,b0c57eca-416d-4464-9ed7-4bcc991eb377
214,2026-09-29,20:13:39.03,"Jones, Gunnar",1000617064,Right,,,,,,Fastball,Live,,82.73369,-0.4556705885,-4.314468111,2005.957037,228.9803029,1:45,6.16315,2.40577,5.82022,-29.77223,10.827,12.51178,3.25733,-0.56988,76.34157,-6.001989452,-1.980779505,0.4585960608,-7.79661,5.92516,-2.06027,50,6.10808,8.68171,-120.17356,-1.87387,-11.51235,21.16832,-23.42504,85669227-8059-4eb6-98a8-80321624668a,d10b522d-51fa-4f63-a266-350d8bdd89c3,82.19093,Pitching,25410021,,,,,,,,,,,,,,,,,,,,,,,,312dcab2-883f-4125-b410-fb033f010972,b0c57eca-416d-4464-9ed7-4bcc991eb377
215,2026-09-29,20:13:55.37,"Jones, Gunnar",1000617064,Right,,,,,,Slider,Live,,72.2979,-0.3650310796,-2.118874482,2249.209889,60.13371106,8:00,5.9851,2.50358,,-64.82207,-6.44724,-11.14541,0.23017,-0.47429,66.7077,-11.94828956,-4.139947235,0.5499006259,4.93688,-3.1162,-2.23919,50,5.86731,4.27136,-104.7303,-2.97389,5.43691,19.08295,-35.60587,62b61a16-ca92-4720-945c-ce46e886ae6d,d10b522d-51fa-4f63-a266-350d8bdd89c3,,Pitching,25410021,,,,,,,,,,,,,,,,,,,,,,,,1bb90f37-d1ed-4c17-88c9-20da0e4af1a9,b0c57eca-416d-4464-9ed7-4bcc991eb377
216,2026-09-29,20:14:19.09,"Jones, Gunnar",1000617064,Right,,,,,,Fastball,Live,,85.07108,0.09620820506,-2.36016062,2067.372347,210.48846,1:00,6.51454,2.1874,5.3001,-21.47038,17.733,10.46927,4.81573,0.84317,77.92562,-3.887682916,-0.415881292,0.4506435463,-6.14757,9.32797,-1.98066,50,6.50784,4.7377,-123.67621,-0.52987,-9.56522,23.61062,-17.66033,ba54e35a-0d51-45c2-ab08-2c02eb9b7cc5,d10b522d-51fa-4f63-a266-350d8bdd89c3,83.64136,Pitching,25410021,,,,,,,,,,,,,,,,,,,,-0.3281809318,2067.338434,0.999983596,,22110b39-4744-40dd-896c-9b221098fe57,b0c57eca-416d-4464-9ed7-4bcc991eb377
217,2026-09-29,20:14:34.34,"Jones, Gunnar",1000617064,Right,,,,,,Slider,Live,,72.23353,-1.679681806,-2.05100072,2186.181656,48.88698051,7:45,6.08104,2.436,5.01042,,,,,,,,,,2.16183,-1.94107,-2.23536,50,5.87276,3.91648,-104.96813,-4.89432,2.42991,16.53195,-34.35582,8d9ca415-92fc-485a-92ba-3548d90736cd,d10b522d-51fa-4f63-a266-350d8bdd89c3,,Pitching,25410021,,,,,,,,,,,,,,,,,,,,,,,,627ad1d1-9ce9-4a4c-a891-788527fb687d,b0c57eca-416d-4464-9ed7-4bcc991eb377
218,2026-09-29,20:14:54.52,"Jones, Gunnar",1000617064,Right,,,,,,Fastball,Live,,84.80732,-2.360186509,-2.917497752,2068.195834,209.8570057,1:00,6.20521,2.33789,5.43907,-21.606,17.71861,10.1821,2.19088,0.45254,77.93887,-6.361767783,-1.023330477,0.4513397801,-6.16704,10.01512,-2.08701,50,5.9816,5.93595,-123.1626,-5.80629,-9.51956,23.32861,-16.71452,bbe01352-63ed-4485-b893-99ad25d7b9a8,d10b522d-51fa-4f63-a266-350d8bdd89c3,83.51234,Pitching,25410021,,,,,,,,,,,,,,,,,,,,,,,,3e771c9c-c207-46b8-83bf-6c49dcf03406,b0c57eca-416d-4464-9ed7-4bcc991eb377
219,2026-09-29,20:15:23.40,"Jones, Gunnar",1000617064,Right,,,,,,Slider,Live,,72.11499,1.992066003,-0.5624450867,2151.59111,69.3944219,8:15,6.05749,2.43853,4.72222,-59.97931,-3.89012,-10.22562,2.95005,1.05275,66.32731,-8.993126295,-2.448072628,0.5390275695,5.13392,-2.57882,-2.37298,50,6.20655,1.34999,-104.71108,1.75316,5.68893,18.00114,-35.03166,91a6d6eb-cdb9-4c62-91d5-91a53d11ffff,d10b522d-51fa-4f63-a266-350d8bdd89c3,69.92674,Pitching,25410021,,,,,,,,,,,,,,,,,,,,,,,,03f54ad4-b679-4f8a-a038-830df54bb2cc,b0c57eca-416d-4464-9ed7-4bcc991eb377
220,2026-09-29,20:15:48.56,"Jones, Gunnar",1000617064,Right,,,,,,Fastball,Live,,84.94024,-0.758787103,-2.798278317,2059.704451,231.4513251,1:45,6.24836,2.36925,5.57176,-26.86789,12.25607,15.42663,3.29983,1.03933,77.64724,-5.770071631,0.08750799226,0.4501868604,-9.00908,6.7481,-2.13846,50,6.16557,5.52904,-123.43787,-2.51519,-13.89295,24.68765,-21.76777,e5c85eb3-94bc-4bcb-ba48-7cc82fa4ec53,d10b522d-51fa-4f63-a266-350d8bdd89c3,83.72621,Pitching,25410021,,,,,,,,,,,,,,,,,,,,,,,,d32dad29-2431-4a70-9161-1530e6503386,b0c57eca-416d-4464-9ed7-4bcc991eb377
221,2026-09-29,20:16:19.47,"Jones, Gunnar",1000617064,Right,,,,,,Fastball,Live,,83.67819,-0.6315281913,-2.629700581,2065.46138,232.9316907,1:45,6.16567,2.48727,5.37001,-28.81145,11.37939,15.11282,3.17205,1.27973,77.35511,-5.95425175,0.1713870005,0.4562837038,-8.62516,6.16261,-2.26238,50,6.08875,5.0813,-121.69391,-2.31127,-13.07969,21.36768,-22.8287,1234ed14-6d54-4728-bb0b-c10acba459a3,d10b522d-51fa-4f63-a266-350d8bdd89c3,82.60746,Pitching,25410021,,,,,,,,,,,,,,,,,,,,0.3862229839,2065.414454,0.9999772805,,dcd80a97-614b-4fce-b401-c4ace806dfe1,b0c57eca-416d-4464-9ed7-4bcc991eb377
222,2026-09-29,20:16:35.30,"Jones, Gunnar",1000617064,Right,,,,,,Fastball,Live,,82.39593,-2.746013357,-1.589079996,1992.874027,215.1360783,1:15,6.29963,2.2645,5.27162,-25.742,16.15477,11.37421,1.57252,1.71955,75.88904,-7.487608728,0.5232970029,0.4658666774,-6.41486,9.24134,-2.12775,50,6.03012,2.94077,-119.69925,-6.60322,-9.34873,22.13491,-18.70614,64f2beed-4694-438d-8c5f-e6bac77fc799,d10b522d-51fa-4f63-a266-350d8bdd89c3,80.90821,Pitching,25410021,,,,,,,,,,,,,,,,,,,,,,,,039366d7-b8f8-4a75-8653-c06b26b59a8d,b0c57eca-416d-4464-9ed7-4bcc991eb377
223,2026-09-29,20:16:55.93,"Jones, Gunnar",1000617064,Right,,,,,,Fastball,Live,,82.49644,-1.991216475,-3.834366697,2048.783737,243.0405572,2:00,6.10254,2.35379,5.55887,-33.48216,8.17899,16.10134,1.44734,0.10832,75.63059,-8.208560009,-0.8250574344,0.4645548499,-9.66743,4.92368,-2.03322,50,5.90857,7.51067,-119.68864,-5.23351,-14.00355,23.4073,-25.04195,20c7b78c-de27-4efa-a950-ea1a7fcf9a61,d10b522d-51fa-4f63-a266-350d8bdd89c3,81.13668,Pitching,25410021,,,,,,,,,,,,,,,,,,,,,,,,4bda307f-94dc-437b-9260-2adc6bfc216a,b0c57eca-416d-4464-9ed7-4bcc991eb377
224,2026-09-29,20:17:14.21,"Jones, Gunnar",1000617064,Right,,,,,,Fastball,Live,,82.28193,-0.2407458487,-2.969644154,1996.069309,243.3691385,2:00,6.26696,2.32175,5.36033,-34.1489,7.67209,15.38362,3.19518,0.81682,75.71677,-6.562772931,-0.1114605184,0.4654451732,-8.91055,4.11792,-2.06603,50,6.22127,5.6968,-119.57943,-1.62762,-12.97119,21.90087,-26.17955,b443dc13-e31b-47f4-801c-baf283e8a4bb,d10b522d-51fa-4f63-a266-350d8bdd89c3,80.98148,Pitching,25410021,,,,,,,,,,,,,,,,,,,,3.356781418,1992.644611,0.9982842791,,d72110f6-ec20-4433-abfa-cf1ec6623b48,b0c57eca-416d-4464-9ed7-4bcc991eb377
225,2026-09-29,20:17:30.10,"Jones, Gunnar",1000617064,Right,,,,,,Fastball,Live,,82.22535,-1.546554198,-2.921569422,2057.511839,214.3095803,1:15,6.20305,2.46972,5.42955,-25.54557,15.94795,10.90644,2.62381,0.64042,76.18265,-6.261072239,-0.9012068875,0.4636193263,-6.46788,8.80373,-2.21856,50,6.04833,5.74368,-119.54494,-4.06875,-9.48524,20.15057,-19.26326,3cf93ea6-f88a-4b08-8120-0f736b979300,d10b522d-51fa-4f63-a266-350d8bdd89c3,81.30041,Pitching,25410021,,,,,,,,,,,,,,,,,,,,-1.550401378,2056.758607,0.9996339111,,19419442-fdaf-4369-a07a-d2f437fb03e8,b0c57eca-416d-4464-9ed7-4bcc991eb377
226,2026-09-29,20:18:07.73,"Jones, Gunnar",1000617064,Right,,,,,,Fastball,Live,,84.21251,-2.22971071,-3.178174022,1937.658319,211.026446,1:00,6.32263,2.37419,5.48063,-22.30867,17.29978,10.42011,2.37336,0.26623,77.84214,-6.352437996,-1.244775569,0.4529656639,-6.30545,9.71859,-2.10263,50,6.11181,6.44748,-122.34508,-5.51149,-9.6641,21.60788,-17.27878,606bb57a-9f69-4f88-ab2a-4ee63239a60c,d10b522d-51fa-4f63-a266-350d8bdd89c3,83.21257,Pitching,25410021,,,,,,,,,,,,,,,,,,,,0.6536110119,1937.532242,0.9999349333,,a8e48e21-297b-4dd6-897b-6457eb0cfe4b,b0c57eca-416d-4464-9ed7-4bcc991eb377
227,2026-09-29,20:18:26.28,"Jones, Gunnar",1000617064,Right,,,,,,Slider,Live,,73.29978,0.9140375092,-3.143140362,2184.630116,48.33887203,7:30,6.05377,2.3997,5.14278,-58.45897,-5.43689,-6.07521,2.04406,-1.06855,68.34546,-9.773926769,-4.262104042,0.5240826713,2.38542,-3.08108,-2.10096,50,6.09484,6.03227,-106.48775,-0.07562,2.76241,16.82764,-35.74206,e9b8bdf6-73e2-4c96-8711-3b2b4db96c9f,d10b522d-51fa-4f63-a266-350d8bdd89c3,71.92079,Pitching,25410021,,,,,,,,,,,,,,,,,,,,56.25643538,1213.511434,0.5554768401,,c7d3df9d-668d-4a02-bf07-a066792bc041,b0c57eca-416d-4464-9ed7-4bcc991eb377
228,2026-09-29,20:18:46.59,"Jones, Gunnar",1000617064,Right,,,,,,Slider,Live,,72.59478,0.7455003381,-4.532308368,2235.436276,55.14831401,7:45,6.03018,2.53207,5.28167,-61.28003,-6.71446,-9.6204,1.62576,-2.53433,67.15558,-10.50280054,-6.311275249,0.531656054,3.76359,-3.76442,-2.11161,50,6.05424,8.62023,-105.21346,-0.41054,4.20057,18.56966,-36.37555,c26da38d-78a3-4e78-858c-0b14091ee87c,d10b522d-51fa-4f63-a266-350d8bdd89c3,70.89628,Pitching,25410021,,,,,,,,,,,,,,,,,,,,,,,,9721ffb1-7343-4da4-ae40-c6c58879a2c1,b0c57eca-416d-4464-9ed7-4bcc991eb377
229,2026-09-29,20:19:06.54,"Jones, Gunnar",1000617064,Right,,,,,,Fastball,Live,,83.694,-0.580360707,-2.611822822,2043.911075,229.332736,1:45,6.27208,2.3203,5.56674,-27.31844,12.69586,14.82289,3.45289,1.11436,77.05971,-5.65712988,0.1506884457,0.455280479,-8.5611,6.90585,-2.10504,50,6.20417,5.07117,-121.71742,-2.12099,-12.93525,22.28806,-21.73977,1d73d331-bc8f-41d5-9251-03aca3eca381,d10b522d-51fa-4f63-a266-350d8bdd89c3,82.78949,Pitching,25410021,,,,,,,,,,,,,,,,,,,,,,,,b10f7023-7dae-4632-a95f-6ca7b15955c8,b0c57eca-416d-4464-9ed7-4bcc991eb377
230,2026-09-29,20:19:37.28,"Jones, Gunnar",1000617064,Right,,,,,,Fastball,Live,,83.6661,-1.30460543,-3.209301861,1975.048889,206.7065934,1:00,6.15,2.53825,5.77703,-22.39969,17.7302,8.94273,3.0675,0.29459,76.29226,-5.501574441,-1.530071285,0.4559375702,-5.72573,9.90391,-2.27887,50,6.02885,6.53747,-121.53986,-3.46722,-8.54054,24.4461,-17.4013,ef477425-e062-42e8-a6aa-a0a5ebed14bf,d10b522d-51fa-4f63-a266-350d8bdd89c3,82.67018,Pitching,25410021,,,,,,,,,,,,,,,,,,,,-0.2879269285,1975.023951,0.9999873733,,4f883820-5284-4513-87ad-4a6329b7849a,b0c57eca-416d-4464-9ed7-4bcc991eb377
231,2026-09-29,20:19:55.06,"Jones, Gunnar",1000617064,Right,,,,,,Fastball,Live,,82.46037,0.02009253626,-3.641944748,2003.046393,216.5239717,1:15,6.19914,2.41214,5.62095,-26.3953,15.08199,11.21831,4.01832,-0.05578,75.28502,-4.910682345,-1.544942224,0.463528675,-7.00634,8.05043,-2.10884,50,6.184,7.26955,-119.75873,-0.7886,-10.17477,23.13748,-20.48304,b2cd875a-ce3e-41aa-94be-a9179d5417c4,d10b522d-51fa-4f63-a266-350d8bdd89c3,81.3163,Pitching,25410021,,,,,,,,,,,,,,,,,,,210.2275303,18.89239463,1895.138972,0.9461283469,1:00,ed7e0a69-3a39-46e5-9598-24852520ab41,b0c57eca-416d-4464-9ed7-4bcc991eb377
232,2026-09-29,20:20:15.48,"Jones, Gunnar",1000617064,Right,,,,,,Fastball,Live,,81.70936,-1.104700651,-4.716116525,1992.465533,236.9524853,2:00,6.46404,2.28041,5.45532,-31.2056,11.68568,18.0305,2.82597,-0.64116,74.28415,-6.919596887,-1.348301918,0.4713634713,-10.98976,6.54335,-1.8765,50,6.3454,9.19383,-118.3967,-3.28367,-15.50047,23.94301,-22.945,4a17bc8f-65f9-4143-93bb-fc0d188cc3b1,d10b522d-51fa-4f63-a266-350d8bdd89c3,79.9647,Pitching,25410021,,,,,,,,,,,,,,,,,,,,,,,,9f55d5fe-47e5-401e-8446-b15fb401de29,b0c57eca-416d-4464-9ed7-4bcc991eb377
233,2026-09-29,20:20:38.57,"Jones, Gunnar",1000617064,Right,,,,,,Slider,Live,,73.38812,1.300791408,-1.910382701,2231.064593,62.32651822,8:00,6.09604,2.40809,5.39417,-58.11862,-5.33731,-10.11118,2.47259,-0.22526,67.74764,-9.443350929,-3.793594652,0.5228913892,4.81898,-3.19738,-2.23083,50,6.17177,3.85137,-106.65983,0.73481,5.54178,18.63953,-35.85101,f5b39c8f-7552-48fc-84b3-b024bc7363dd,d10b522d-51fa-4f63-a266-350d8bdd89c3,72.08464,Pitching,25410021,,,,,,,,,,,,,,,,,,,,51.82380338,1378.980553,0.6180818599,,ce213e38-343f-4bc4-9832-ebed9687f726,b0c57eca-416d-4464-9ed7-4bcc991eb377
234,2026-09-29,20:21:25.88,"Jones, Gunnar",1000617064,Right,,,,,,Fastball,Live,,83.86461,-1.091082158,-2.693187489,2003.940094,209.6305973,1:00,6.29331,2.28725,5.68966,-20.17062,19.66475,11.20857,3.59443,0.70974,76.80079,-4.858591686,-0.5956995066,0.4542614282,-6.7258,10.81772,-2.06802,50,6.18904,5.37958,-121.92506,-2.96482,-10.15187,23.36304,-15.84587,ff12839e-63b3-4e6e-aaed-f22ce4beb79d,d10b522d-51fa-4f63-a266-350d8bdd89c3,82.97521,Pitching,25410021,,,,,,,,,,,,,,,,,,,,,,,,936d1a67-932c-4ebe-85ac-c5a3e0eeafa0,b0c57eca-416d-4464-9ed7-4bcc991eb377
235,2026-09-29,20:22:06.39,"Jones, Gunnar",1000617064,Right,,,,,,Slider,Live,,73.44165,1.56490757,-4.002077018,2215.138048,76.16293674,8:30,6.0206,2.3485,5.39558,-55.93019,-2.8153,-11.3615,2.83003,-2.35437,67.50188,-8.777044426,-6.111356397,0.5245411168,4.84607,-1.95703,-1.98363,50,6.12179,7.7788,-106.49057,1.29985,5.53178,19.30131,-34.40799,5f4a9806-23f1-4bae-a536-9f73289adfda,d10b522d-51fa-4f63-a266-350d8bdd89c3,71.85793,Pitching,25410021,,,,,,,,,,,,,,,,,,,,,,,,263faf18-4a50-43ed-902b-d39a91495640,b0c57eca-416d-4464-9ed7-4bcc991eb377
236,2026-09-29,20:22:22.85,"Jones, Gunnar",1000617064,Right,,,,,,Fastball,Live,,84.16506,-1.313323299,-4.799272089,2063.376772,241.4006013,2:00,6.14633,2.28642,5.86761,-30.16129,9.42417,17.34139,2.40862,-0.73633,76.99363,-6.957514132,-1.546540281,0.4528342513,-10.68922,5.44715,-1.90766,50,6.02228,9.71576,-122.06483,-3.73488,-16.1203,24.12659,-23.95925,2e115794-8d68-42e4-9268-e9399982b0a8,d10b522d-51fa-4f63-a266-350d8bdd89c3,83.23672,Pitching,25410021,,,,,,,,,,,,,,,,,,,,,,,,8c6e2a39-3a40-4b9c-93b5-2c77411f0abd,b0c57eca-416d-4464-9ed7-4bcc991eb377
237,2026-09-29,20:22:42.10,"Jones, Gunnar",1000617064,Right,,,,,,Slider,Live,,73.55841,-0.7807978717,-4.144410385,2244.054236,32.62092275,7:00,6.10448,2.39163,5.34451,-57.82403,-4.83214,-3.07029,0.55154,-1.75805,68.07091,-11.39613929,-4.714706407,0.5239334217,0.41292,-2.33018,-2.016,50,5.99342,7.819,-106.67001,-3.14661,0.47342,19.19272,-34.84563,25047d4c-7a62-456c-8fe5-e81db4353d91,d10b522d-51fa-4f63-a266-350d8bdd89c3,71.94128,Pitching,25410021,,,,,,,,,,,,,,,,,,,,,,,,02f46da5-5bc4-41b0-b7a3-85702d7ee050,b0c57eca-416d-4464-9ed7-4bcc991eb377
238,2026-09-29,20:23:03.65,"Jones, Gunnar",1000617064,Right,,,,,,Fastball,Live,,84.04146,-0.9227088233,-2.818611711,2006.693256,228.8166087,1:45,6.29238,2.25377,5.65034,-26.71779,13.13581,15.05431,3.2043,0.87765,76.83866,-5.912077463,0.001603668197,0.4543652705,-8.8404,7.2835,-2.02457,50,6.19733,5.53278,-122.13841,-2.82238,-13.3452,24.20615,-21.1791,bd35c819-fe21-4b8c-b112-8c6070be04bf,d10b522d-51fa-4f63-a266-350d8bdd89c3,82.95625,Pitching,25410021,,,,,,,,,,,,,,,,,,,,-0.3476196015,2006.656323,0.9999815952,,e6763094-8a77-4687-af51-b8e502c668c1,b0c57eca-416d-4464-9ed7-4bcc991eb377
239,2026-09-29,20:23:35.39,"Jones, Gunnar",1000617064,Right,,,,,,Slider,Live,,71.85964,4.240904356,-0.3731142785,2081.587031,59.81094462,8:00,6.10529,2.29098,4.93951,-62.27346,-5.89626,-10.03542,4.93076,1.10212,65.53301,-7.256666821,-2.233283114,0.5404096803,5.12966,-4.3113,-2.2467,50,6.46735,0.98248,-104.13656,5.83379,5.60868,18.19085,-36.88794,c1b0b225-bb49-4825-88e5-301a3d3fca01,d10b522d-51fa-4f63-a266-350d8bdd89c3,69.7479,Pitching,25410021,,,,,,,,,,,,,,,,,,,,,,,,88bab6fd-0cc9-405a-831a-22bd4e38c9fa,b0c57eca-416d-4464-9ed7-4bcc991eb377
240,2026-09-29,20:23:55.84,"Jones, Gunnar",1000617064,Right,,,,,,Fastball,Live,,84.55925,0.3365579314,-3.548377023,1870.651423,206.2174814,12:45,6.14166,2.35976,5.80063,-21.77786,17.42378,8.61418,4.64042,-0.22638,77.04504,-3.750398989,-1.932377749,0.4506335728,-5.63185,9.2747,-2.07356,50,6.15633,7.34814,-122.84277,0.042,-8.59558,24.6032,-18.01859,265ff9d6-8782-4b7c-bafa-e5782fb8f6e7,d10b522d-51fa-4f63-a266-350d8bdd89c3,83.64321,Pitching,25410021,,,,,,,,,,,,,,,,,,,,8.847250147,1848.394192,0.9881018825,,7a5bc67f-b375-4e36-bd8b-4482c7b4563c,b0c57eca-416d-4464-9ed7-4bcc991eb377
241,2026-09-29,20:24:38.19,"Mcgrenera, Grady",1000616386,Left,,,,,,,Warmup,,82.71637,-0.1882397843,2.585414079,1987.406357,132.813002,10:30,6.31869,-2.74459,6.07349,-29.23902,11.46369,-12.42126,3.70777,-1.38611,75.16295,-5.712856333,0.2322003032,0.4591801257,7.53462,6.29211,2.55136,50,6.28861,-5.07109,-120.27485,-1.24268,10.9497,25.05035,-23.03002,324cd3fc-3ed8-460c-8132-45e605b52764,d10b522d-51fa-4f63-a266-350d8bdd89c3,82.08639,Pitching,25410021,,,,,,,,,,,,,,,,,,,,,,,,4c7c0678-f46e-4cba-9176-d300ee12fbe8,b0c57eca-416d-4464-9ed7-4bcc991eb377
242,2026-09-29,20:24:49.45,"Mcgrenera, Grady",1000616386,Left,,,,,,,Warmup,,88.3767,0.0915467248,2.561229221,2191.538572,142.4754006,10:45,6.42144,-2.45701,5.98134,-23.01304,12.68548,-9.77572,4.58862,-0.89637,80.32365,-4.250367744,0.7149962983,0.4300277908,6.04758,6.8459,2.26034,50,6.41595,-5.43998,-128.51092,-0.52077,10.06034,27.93916,-20.78568,12337208-06b3-4481-bde6-2c061bbb982c,d10b522d-51fa-4f63-a266-350d8bdd89c3,87.65117,Pitching,25410021,,,,,,,,,,,,,,,,,,,,0.3322553496,2191.501724,0.9999831861,,bd26a801-94b1-4e19-8952-c6cd7bc90c38,b0c57eca-416d-4464-9ed7-4bcc991eb377
243,2026-09-29,20:25:01.30,"Mcgrenera, Grady",1000616386,Left,,,,,,,Warmup,,86.37705,-0.9300013308,2.399330353,2143.39893,130.1239348,10:15,6.1772,-2.52667,6.01832,-27.57005,9.3599,-11.14168,3.01755,-1.23174,79.59914,-6.093057436,0.3052276484,0.4373818491,6.65046,5.30509,2.34506,50,6.08925,-4.92245,-125.70775,-2.8956,10.71026,23.94781,-23.63045,4eeacd29-b0f0-4cd6-b2d9-f72d9407bb70,d10b522d-51fa-4f63-a266-350d8bdd89c3,86.17742,Pitching,25410021,,,,,,,,,,,,,,,,,,,,,,,,1b390485-20a4-4a28-acd8-7358b2c976bb,b0c57eca-416d-4464-9ed7-4bcc991eb377
244,2026-09-29,20:25:12.25,"Mcgrenera, Grady",1000616386,Left,,,,,,,Warmup,,78.17269,0.9198897474,3.0304736,1703.56192,279.1860029,3:15,6.11646,-2.60757,5.43272,-47.52242,-1.02883,6.16245,3.01888,0.74622,71.8873,-7.885134034,4.177097081,0.4907586183,-2.41695,-0.80529,2.33516,50,6.16545,-6.20062,-113.54381,0.36441,-3.15144,21.02409,-33.22406,389cc1d3-6d62-42bd-9888-c85ace15eb19,d10b522d-51fa-4f63-a266-350d8bdd89c3,76.80444,Pitching,25410021,,,,,,,,,,,,,,,,,,,,,,,,51879ee3-9be3-4f92-817f-ea5a87365c36,b0c57eca-416d-4464-9ed7-4bcc991eb377
245,2026-09-29,20:25:23.11,"Mcgrenera, Grady",1000616386,Left,,,,,,,Warmup,,79.04177,0.158399184,2.530835931,877.578327,131.2895987,10:30,6.15722,-2.50002,5.41296,-40.96775,4.64155,-5.33454,2.89176,-0.57238,72.23822,-7.460475654,1.534140519,0.4860692086,3.57074,2.41762,2.27889,50,6.14319,-4.90975,-114.83441,-0.95668,4.74518,22.21814,-28.96126,859e915f-d187-485b-b515-1c6b6b77a898,d10b522d-51fa-4f63-a266-350d8bdd89c3,77.54542,Pitching,25410021,,,,,,,,,,,,,,,,,,,,-12.09555328,858.0956513,0.9777995023,,839004df-5f96-4c72-b5b3-0085fb56ddc1,b0c57eca-416d-4464-9ed7-4bcc991eb377
246,2026-09-29,20:25:34.61,"Mcgrenera, Grady",1000616386,Left,,,,,,,Warmup,,87.84567,-1.001138665,2.899069941,2110.087157,139.3462288,10:45,6.19478,-2.33665,5.75669,-23.86908,12.29473,-10.58769,3.27264,-0.51848,80.66193,-5.457524307,0.9176879107,0.4328211857,6.44535,6.85743,2.10295,50,6.09728,-6.11968,-127.72372,-3.02038,10.69529,25.1905,-20.79496,c90e2964-e5ed-4f23-9694-f4bd6bbf21b2,d10b522d-51fa-4f63-a266-350d8bdd89c3,87.08548,Pitching,25410021,,,,,,,,,,,,,,,,,,,,,,,,e7822852-da1c-4513-9e5d-8349ec74c400,b0c57eca-416d-4464-9ed7-4bcc991eb377
247,2026-09-29,20:26:05.95,"Mcgrenera, Grady",1000616386,Left,,,,,,Fastball,Live,,90.27457,-0.5793130805,1.540172817,2255.123951,118.6509633,10:00,6.36652,-2.26941,5.96365,-25.44933,8.85636,-16.25872,3.70846,-2.19608,81.97932,-5.37934367,-1.536892296,0.4215552473,9.27814,4.97516,2.15649,50,6.30653,-3.00613,-131.3128,-2.14929,16.05748,30.08942,-23.56364,0d7f7029-7996-40ed-96cb-a873734f5bf2,d10b522d-51fa-4f63-a266-350d8bdd89c3,89.41281,Pitching,25410021,,,,,,,,,,,,,,,,,,,,,,,,0f7e0176-21d8-4564-b0e0-5de90383cc77,b0c57eca-416d-4464-9ed7-4bcc991eb377
248,2026-09-29,20:27:04.31,"Mcgrenera, Grady",1000616386,Left,,,,,,ChangeUp,Live,,81.5121,-0.3736093534,1.03206857,909.8416596,117.9343132,10:00,5.99022,-2.40204,6.20259,-36.42837,5.46147,-10.36505,2.60965,-2.31317,73.90473,-7.279594524,-0.9441933032,0.4658281576,6.00485,3.10938,2.32983,50,5.94398,-1.84928,-118.5976,-1.78304,8.42601,25.81169,-27.81095,94dcf21b-d8b6-406a-aa9b-2b0dbd768ec6,4cdd5f0d-582b-4ddd-86ef-fb2446c7a240,80.9149,Pitching,25410021,,,,,,,,,,,,,,,,,,,,,,,,11b2a0b9-00b1-41db-b7de-7045b6258464,b0c57eca-416d-4464-9ed7-4bcc991eb377
249,2026-09-29,20:27:23.95,"Mcgrenera, Grady",1000616386,Left,,,,,,Fastball,Live,,91.18056,-1.754814834,1.871457299,2285.590304,138.0796879,10:30,6.29797,-2.12412,5.92844,-19.72273,13.94865,-12.5391,3.02508,-1.43226,82.84302,-5.46804137,-0.4983979475,0.417639825,7.34458,8.07253,1.98185,50,6.14677,-3.91978,-132.55688,-4.71051,12.97133,30.29365,-17.91708,3616d46d-3789-4b90-9801-c945071cc743,4cdd5f0d-582b-4ddd-86ef-fb2446c7a240,90.25107,Pitching,25410021,,,,,,,,,,,,,,,,,,,,,,,,1d741954-c80c-45c1-9824-fdf856b0f45f,b0c57eca-416d-4464-9ed7-4bcc991eb377
250,2026-09-29,20:27:53.90,"Mcgrenera, Grady",1000616386,Left,,,,,,Fastball,Live,,89.59809,-1.865174201,2.774237267,2228.733439,127.8375269,10:15,6.1435,-2.18116,5.90469,-27.64893,6.89491,-8.9016,2.10568,-0.34612,82.61232,-7.022538834,1.104956874,0.4230159209,5.52256,4.20374,1.96367,50,5.97783,-6.02153,-130.27683,-5.15238,9.54568,25.89391,-24.90793,20ba043c-53ce-43f0-80d4-ffd9f74a3d20,4cdd5f0d-582b-4ddd-86ef-fb2446c7a240,89.10407,Pitching,25410021,,,,,,,,,,,,,,,,,,,,,,,,726884a9-baa6-463a-9456-7202a604fefa,b0c57eca-416d-4464-9ed7-4bcc991eb377
251,2026-09-29,20:28:11.97,"Mcgrenera, Grady",1000616386,Left,,,,,,Fastball,Live,,90.54998,-0.5791906505,2.882763792,2273.519435,130.0391613,10:15,6.32454,-2.09038,6.12989,-23.47333,10.24966,-12.23906,3.83245,-0.44383,82.65086,-5.008262831,0.5694431852,0.4179597402,7.47723,5.74224,1.87676,50,6.26808,-6.24552,-131.69205,-2.07328,13.10813,28.42209,-22.10748,8159dd00-dd93-4fae-9578-0aa182f656a7,4cdd5f0d-582b-4ddd-86ef-fb2446c7a240,90.18198,Pitching,25410021,,,,,,,,,,,,,,,,,,,,-5.338481268,2263.657898,0.9956624352,,f8c5a53c-6cc5-451e-8462-c706936abe07,b0c57eca-416d-4464-9ed7-4bcc991eb377
252,2026-09-29,20:28:30.22,"Mcgrenera, Grady",1000616386,Left,,,,,,Fastball,Live,,89.85695,-3.645798339,2.887099327,2275.569997,137.999515,10:30,6.16586,-2.16891,5.95097,-22.39799,12.21604,-10.9855,0.9097,-0.40486,82.31442,-7.829115557,0.8179259874,0.4234454266,6.75493,7.63631,1.94572,50,5.86315,-6.22105,-130.39076,-9.04214,11.61247,27.78688,-19.04638,6e411571-7415-43ed-b591-5428ffacc2f3,4cdd5f0d-582b-4ddd-86ef-fb2446c7a240,89.01369,Pitching,25410021,,,,,,,,,,,,,,,,,,,,,,,,c187fe0a-e8aa-4700-baab-271077970403,b0c57eca-416d-4464-9ed7-4bcc991eb377
253,2026-09-29,20:28:48.71,"Mcgrenera, Grady",1000616386,Left,,,,,,Fastball,Live,,91.7527,-1.121114304,2.880140336,2280.616208,136.1114992,10:30,6.24166,-2.14626,6.16988,-20.9514,11.54026,-11.12845,3.45893,-0.4116,84.58997,-5.055527657,0.7863200958,0.4102582959,6.77704,6.55684,1.93423,50,6.14601,-6.3615,-133.52365,-3.28678,12.34456,26.33437,-20.23059,85b9e6d9-91b0-4675-893b-260af18c4d8d,4cdd5f0d-582b-4ddd-86ef-fb2446c7a240,91.8749,Pitching,25410021,,,,,,,,,,,,,,,,,,,,,,,,e13aef04-0bbb-47ba-98f0-e33be3cc331d,b0c57eca-416d-4464-9ed7-4bcc991eb377
254,2026-09-29,20:29:12.92,"Mcgrenera, Grady",1000616386,Left,,,,,,Slider,Live,,78.55601,1.550465868,1.545939734,1576.725493,309.7788517,4:15,6.00519,-2.25949,5.14595,-50.50969,-4.46655,5.32349,3.25649,-0.36023,72.83393,-7.733093514,2.528999303,0.4883754618,-2.40046,-2.73032,2.11098,50,6.11169,-3.25662,-114.23446,1.44577,-3.20144,19.21236,-35.81541,73b49fca-371b-4666-a661-829ad1a2d14d,4cdd5f0d-582b-4ddd-86ef-fb2446c7a240,77.17922,Pitching,25410021,,,,,,,,,,,,,,,,,,,,,,,,37f7fe87-82e8-4517-8884-6e507f050438,b0c57eca-416d-4464-9ed7-4bcc991eb377
255,2026-09-29,20:29:43.35,"Mcgrenera, Grady",1000616386,Left,,,,,,Fastball,Live,,89.96672,-1.05532986,3.417498071,2215.004023,120.3105846,10:00,6.28621,-2.03859,6.21933,-24.30582,9.77208,-16.75992,3.2852,-0.27842,82.17753,-5.644741315,0.2456576929,0.420153287,10.11615,5.63364,1.79145,50,6.19504,-7.29399,-130.78186,-3.16171,17.49402,27.97235,-22.43171,685c6867-ed56-4429-a36a-95d9afcff459,4cdd5f0d-582b-4ddd-86ef-fb2446c7a240,89.71116,Pitching,25410021,,,,,,,,,,,,,,,,,,,,,,,,93cae879-45e3-413f-8235-0cbefb82e6a0,b0c57eca-416d-4464-9ed7-4bcc991eb377
256,2026-09-29,20:30:16.57,"Mcgrenera, Grady",1000616386,Left,,,,,,Slider,Live,,79.2742,0.1074558166,2.141876658,1683.868067,289.3379768,3:45,5.96962,-2.41274,5.30741,-48.29151,-2.85609,8.03765,2.04625,0.26824,72.93785,-8.814337743,3.637606263,0.4851417787,-3.63382,-1.54068,2.21286,50,5.94493,-4.56385,-115.19864,-1.31824,-4.86771,22.03112,-34.23787,54f8de9d-8b2e-4fc9-8df9-3b763581f9fb,4cdd5f0d-582b-4ddd-86ef-fb2446c7a240,77.69366,Pitching,25410021,,,,,,,,,,,,,,,,,,,,,,,,4d233cd2-a1fd-4567-8ac6-21b6f4ef0fa0,b0c57eca-416d-4464-9ed7-4bcc991eb377
257,2026-09-29,20:30:34.81,"Mcgrenera, Grady",1000616386,Left,,,,,,Fastball,Live,,91.55722,-1.741413834,2.177442684,2364.371505,142.6312189,10:45,6.28418,-2.13847,6.16887,-20.40535,12.41376,-9.49532,2.97387,-0.91789,83.94711,-5.582074754,0.3838193267,0.4123204099,5.76396,7.2345,1.97873,50,6.14195,-4.76353,-133.21432,-4.70099,10.37738,28.10716,-19.14913,4302ed92-bc80-4346-8e8d-b29250fcd078,4cdd5f0d-582b-4ddd-86ef-fb2446c7a240,91.41541,Pitching,25410021,,,,,,,,,,,,,,,,,,,,,,,,4dec5274-216b-4b07-810f-d3219ed98720,b0c57eca-416d-4464-9ed7-4bcc991eb377
258,2026-09-29,20:31:24.50,"Mcgrenera, Grady",1000616386,Left,,,,,,Fastball,Live,,88.72881,-0.8067822666,0.7626495528,2075.47381,143.5825176,10:45,6.29052,-2.05393,6.12204,-23.3234,11.93646,-8.82632,3.60106,-2.08447,80.61221,-5.218450726,-0.9124274865,0.4273775032,5.04011,6.74828,2.00026,50,6.21675,-1.44701,-129.13249,-2.53719,8.43963,28.97876,-20.87411,3362faa3-d065-467f-8ffe-4378cd2661b9,4cdd5f0d-582b-4ddd-86ef-fb2446c7a240,88.19472,Pitching,25410021,,,,,,,,,,,,,,,,,,,,,,,,26b777e3-cd9e-435e-a19c-f1a14725bda0,b0c57eca-416d-4464-9ed7-4bcc991eb377
259,2026-09-29,20:31:42.19,"Mcgrenera, Grady",1000616386,Left,,,,,,Fastball,Live,,89.62019,-1.463110874,2.508375514,2218.126442,107.5449991,9:30,6.21043,-2.02526,5.99535,-31.57269,2.97752,-9.48129,2.22215,-0.48978,82.29758,-7.377256503,0.7219370181,0.4230548995,5.82983,2.01871,1.83321,50,6.07787,-5.40551,-130.33161,-4.34432,10.0283,27.37166,-28.70152,df1ead8c-82ad-4ff7-8be7-13b8b606a214,4cdd5f0d-582b-4ddd-86ef-fb2446c7a240,89.09586,Pitching,25410021,,,,,,,,,,,,,,,,,,,,,,,,09abbcb4-9b34-43e0-8f8e-024178862fef,b0c57eca-416d-4464-9ed7-4bcc991eb377
260,2026-09-29,20:32:16.71,"Jones, Gunnar",1000617064,Right,,,,,,,Warmup,,70.82412,1.26552944,-0.477095042,1364.042555,169.5213741,11:45,6.63552,2.5634,4.80703,-41.802,15.94044,-2.95642,4.35106,1.86508,64.93864,-6.419068277,-1.022485607,0.5469139163,1.40301,7.92251,-2.51351,50,6.72596,0.9477,-102.91863,0.99135,1.50701,16.84956,-23.66429,e10a271f-09c0-4809-af23-d100cd8da7c1,4cdd5f0d-582b-4ddd-86ef-fb2446c7a240,68.91841,Pitching,25410021,,,,,,,,,,,,,,,,,,,,33.38971194,1138.902822,0.8349466944,,6bae7ae6-02a8-45b2-a96e-2a7e44f737e2,b0c57eca-416d-4464-9ed7-4bcc991eb377
261,2026-09-29,20:32:25.58,"Jones, Gunnar",1000617064,Right,,,,,,,Warmup,,75.88771,2.696282764,-2.977115822,1550.807182,217.641473,1:15,6.44654,2.49914,5.01422,-39.41285,10.83659,8.40803,5.71183,0.38789,69.05287,-4.596348798,-1.420140943,0.510195937,-5.23858,4.904,-2.22054,50,6.67411,5.45606,-110.04553,3.93736,-6.4139,19.81173,-26.16979,5f063bdc-61ec-498c-b6a7-41434615c0b0,4cdd5f0d-582b-4ddd-86ef-fb2446c7a240,73.87836,Pitching,25410021,,,,,,,,,,,,,,,,,,,,39.38287513,1198.654928,0.7729232507,,5d1a32b3-7670-45be-a059-21e465acc24e,b0c57eca-416d-4464-9ed7-4bcc991eb377
262,2026-09-29,20:32:35.93,"Jones, Gunnar",1000617064,Right,,,,,,,Warmup,,76.61127,1.35532011,-1.214499224,1631.094997,205.4641927,12:45,6.40684,2.6839,5.39754,-35.23399,12.81834,6.12441,4.7411,2.05615,70.44572,-5.183819578,-0.07547573851,0.4989173578,-3.55619,6.42922,-2.58002,50,6.50304,2.17571,-111.44648,1.56165,-4.50048,18.85844,-24.03764,c885ab2e-0902-4239-bc33-ffb95bc16a23,4cdd5f0d-582b-4ddd-86ef-fb2446c7a240,75.54846,Pitching,25410021,,,,,,,,,,,,,,,,,,,,37.02354973,1302.24681,0.7983880844,,a946cf13-c422-4a15-9a31-70e4bc120680,b0c57eca-416d-4464-9ed7-4bcc991eb377
263,2026-09-29,20:32:46.81,"Jones, Gunnar",1000617064,Right,,,,,,,Warmup,,77.20026,-0.8677173713,-3.038107093,1640.439421,201.8678232,12:45,6.43584,2.61675,5.42775,-37.16911,10.88419,4.38865,2.52464,0.13478,70.26333,-7.78766847,-2.216549074,0.4989224328,-3.26565,6.05432,-2.35059,50,6.33367,5.81511,-112.05886,-2.82079,-4.11166,22.10543,-24.55127,6c4ac2a6-46a8-462e-851e-76b3bb99ceeb,4cdd5f0d-582b-4ddd-86ef-fb2446c7a240,75.54769,Pitching,25410021,,,,,,,,,,,,,,,,,,,215.1024916,36.46898217,1319.206536,0.804178758,1:15,fb175059-75ce-4168-ab4c-28a4ebc9fb85,b0c57eca-416d-4464-9ed7-4bcc991eb377
264,2026-09-29,20:33:00.44,"Jones, Gunnar",1000617064,Right,,,,,,,Warmup,,80.40345,-0.01295185271,-1.456116626,1696.097077,214.668719,1:15,6.56933,2.48664,5.43085,-31.92891,11.43465,7.93604,3.89646,1.78419,74.38275,-5.920243561,0.0171053652,0.4739514293,-4.55711,6.05276,-2.36329,50,6.54613,2.72088,-117.03343,-1.04857,-6.39099,19.77867,-23.68552,c4dbe737-86dd-4bd6-ad1d-46e7c1a6486d,4cdd5f0d-582b-4ddd-86ef-fb2446c7a240,79.52806,Pitching,25410021,,,,,,,,,,,,,,,,,,,,33.5214273,1414.001112,0.8336793521,,bed79702-a432-4d9d-a85a-6b0e5269d35b,b0c57eca-416d-4464-9ed7-4bcc991eb377
265,2026-09-29,20:33:11.49,"Jones, Gunnar",1000617064,Right,,,,,,,Warmup,,70.00006,1.681171917,-2.346179964,2016.46916,56.31824894,8:00,6.36704,2.67657,5.26955,-62.66886,-4.52883,-6.73752,2.72538,-0.08967,64.88437,-9.852409116,-3.59561735,0.5487935825,2.91468,-2.84453,-2.45744,50,6.47518,4.35773,-101.70025,1.21159,3.05948,16.32825,-35.1599,c48112da-ff61-4ba8-835b-375b73d377e1,4cdd5f0d-582b-4ddd-86ef-fb2446c7a240,68.68236,Pitching,25410021,,,,,,,,,,,,,,,,,,,,,,,,34341964-8013-4072-bf26-1cf408058889,b0c57eca-416d-4464-9ed7-4bcc991eb377
266,2026-09-29,20:33:21.17,"Jones, Gunnar",1000617064,Right,,,,,,,Warmup,,71.51175,0.864103984,-1.381205087,2118.901709,73.74621769,8:30,6.13052,2.56082,5.19807,-57.96192,-2.44245,-8.2305,2.11331,0.57573,66.58009,-9.765678043,-2.903827527,0.5362830484,3.96702,-1.50535,-2.42687,50,6.16722,2.75003,-104.01512,-0.13568,4.37718,16.2773,-33.83505,06436335-4de9-4a47-a643-b7b582a39b7c,4cdd5f0d-582b-4ddd-86ef-fb2446c7a240,70.2846,Pitching,25410021,,,,,,,,,,,,,,,,,,,,,,,,0e417e54-f9fe-42a9-a2b5-37bc558ef241,b0c57eca-416d-4464-9ed7-4bcc991eb377
267,2026-09-29,20:33:31.85,"Jones, Gunnar",1000617064,Right,,,,,,,Warmup,,75.91429,-2.222403295,-4.433420446,1543.582409,178.892527,12:00,6.3055,2.48127,5.70371,-39.77949,9.64972,-0.18777,0.91284,-1.67294,69.39923,-9.612561657,-4.468624484,0.506014819,-1.27398,5.87372,-2.10939,50,6.09446,8.53322,-109.99136,-5.40534,-1.54375,21.48742,-25.05656,112f58ef-20b5-4bf7-8663-c04d1f5b064a,4cdd5f0d-582b-4ddd-86ef-fb2446c7a240,74.4888,Pitching,25410021,,,,,,,,,,,,,,,,,,,,37.85742679,1218.720529,0.789540307,,c6062f0c-42a2-45e2-9bd1-09f202fd139d,b0c57eca-416d-4464-9ed7-4bcc991eb377
268,2026-09-29,20:33:50.64,"Jones, Gunnar",1000617064,Right,,,,,,,Warmup,,80.08492,0.04430842268,-3.803957476,1788.358901,226.3432228,1:30,6.34921,2.62128,5.19354,-33.79205,11.11486,11.7143,3.57498,0.01446,72.90931,-6.224792511,-1.626444844,0.4823118747,-7.27823,5.84107,-2.27722,50,6.3283,7.34232,-116.16772,-1.01073,-9.9008,22.67973,-24.22826,36ba6029-fcb9-4a7f-bb5c-3b9dbc57d3fd,4cdd5f0d-582b-4ddd-86ef-fb2446c7a240,78.14951,Pitching,25410021,,,,,,,,,,,,,,,,,,,,36.1555508,1443.953618,0.8074182523,,3e03ce45-357c-41df-be96-6317eadbee84,b0c57eca-416d-4464-9ed7-4bcc991eb377
269,2026-09-29,20:33:56.70,"Jones, Gunnar",1000617064,Right,,,,,,,Warmup,,45.91424,5.19701779,0.3767863382,1023.489321,,,7.04223,1.33938,9.99141,,,,6.30033,1.22452,42.49891,,,0.7618742318,3.39945,29.77163,-1.34267,50,7.08786,-0.42926,-67.01029,5.95927,1.5535,6.90008,-18.56887,ce39d271-51ef-4d4c-a373-ce3195372ebc,4cdd5f0d-582b-4ddd-86ef-fb2446c7a240,49.47331,Pitching,25410021,,,,,,,,,,,,,,,,,,,,,,,,9014883a-53d7-465b-8982-b9fd9db6bc88,b0c57eca-416d-4464-9ed7-4bcc991eb377
270,2026-09-29,20:34:16.53,"Jones, Gunnar",1000617064,Right,,,,,,Fastball,Live,,82.91627,-1.759347597,-4.72656351,1849.110564,208.1635453,1:00,6.36327,2.51162,5.85217,-26.31454,14.43116,7.75652,2.5298,-1.24314,76.03742,-6.670664935,-3.275840315,0.4594225078,-5.47098,8.25216,-2.13198,50,6.20466,9.70713,-120.25525,-4.5063,-8.02422,22.97282,-20.07072,fddda594-a1fd-4202-aab2-0d8efd74fad5,4cdd5f0d-582b-4ddd-86ef-fb2446c7a240,82.04308,Pitching,25410021,,,,,,,,,,,,,,,,,,,,,,,,e3e5d85c-4547-44be-863d-807cabbe0ae8,b0c57eca-416d-4464-9ed7-4bcc991eb377
271,2026-09-29,20:34:35.63,"Jones, Gunnar",1000617064,Right,,,,,,Slider,Live,,73.08177,1.187477721,-1.722118551,2164.702595,82.1994884,8:45,6.07806,2.56687,5.31339,-55.38154,-1.77571,-12.69653,2.57798,-0.10777,67.11313,-9.063166822,-4.088714217,0.5269596981,6.20777,-1.29216,-2.40196,50,6.14631,3.56282,-106.17766,0.58572,7.0408,19.27825,-33.63961,d29fbc01-5eac-4816-99a7-16dda37528ce,4cdd5f0d-582b-4ddd-86ef-fb2446c7a240,71.52812,Pitching,25410021,,,,,,,,,,,,,,,,,,,57.16099681,56.05835995,1208.65775,0.5583481781,8:00,b302c696-2728-41ec-85c3-ca2c2213e446,b0c57eca-416d-4464-9ed7-4bcc991eb377
272,2026-09-29,20:34:56.20,"Jones, Gunnar",1000617064,Right,,,,,,Slider,Live,,70.98085,1.246988402,-1.440112219,2154.027873,61.18004196,8:00,6.20395,2.44915,5.26643,-62.77917,-6.44756,-11.64551,2.14416,0.12576,66.09726,-10.27776953,-3.598148674,0.540191148,5.75476,-3.72538,-2.30913,50,6.27218,2.93078,-103.22053,0.43724,6.23958,16.38048,-36.21328,a5f1cbdb-7f04-47b0-980b-c04400fb664b,4cdd5f0d-582b-4ddd-86ef-fb2446c7a240,69.77611,Pitching,25410021,,,,,,,,,,,,,,,,,,,,45.96045339,1497.382614,0.6951547067,,9d1b4034-5e21-4a9e-9338-466ea90613e5,b0c57eca-416d-4464-9ed7-4bcc991eb377
273,2026-09-29,20:35:22.05,"Jones, Gunnar",1000617064,Right,,,,,,Fastball,Live,,84.2911,0.09639703163,-4.318437401,1868.457938,221.0461712,1:15,6.39515,2.41903,5.71786,-25.63767,14.2052,12.43409,4.34872,-0.57454,76.43061,-4.716379272,-1.984985621,0.4543041273,-7.95997,7.59756,-2.06562,50,6.38752,8.84282,-122.27927,-0.59984,-11.97298,25.58674,-20.74619,1719cd64-1b79-4971-9596-43a47aa599c2,4cdd5f0d-582b-4ddd-86ef-fb2446c7a240,82.96741,Pitching,25410021,,,,,,,,,,,,,,,,,,,,30.17444629,1615.280133,0.8644990611,,47ae22fd-38cd-44d2-ba16-36abde56b2aa,b0c57eca-416d-4464-9ed7-4bcc991eb377
274,2026-09-29,20:35:35.57,"Jones, Gunnar",1000617064,Right,,,,,,Fastball,Live,,82.95755,-1.649719295,-4.110818305,1853.627767,218.0853225,1:15,6.23873,2.5027,5.72862,-27.33604,14.12124,11.09973,2.42014,-0.40687,74.8574,-6.788301371,-2.017769234,0.4634168706,-7.30315,8.13452,-2.16659,50,6.08445,8.30258,-120.2547,-4.31024,-10.53023,26.65881,-20.4451,15f3343f-3f41-4562-9363-ceab97d33e5d,4cdd5f0d-582b-4ddd-86ef-fb2446c7a240,81.33592,Pitching,25410021,,,,,,,,,,,,,,,,,,,,36.99634403,1480.444135,0.7986739095,,d0e66eca-e44a-4b33-95ca-6fa06aaddd8d,b0c57eca-416d-4464-9ed7-4bcc991eb377
275,2026-09-29,20:35:56.83,"Jones, Gunnar",1000617064,Right,,,,,,Slider,Live,,73.46012,2.58033437,-0.4282042011,2214.287199,97.23082936,9:15,6.10241,2.68358,5.27478,-51.01702,1.98084,-15.90284,4.27593,0.95621,67.25392,-6.883708895,-3.389079704,0.5239629172,8.27373,0.30733,-2.63307,50,6.30104,1.26812,-106.71065,3.29945,9.51351,18.84194,-31.82067,87038aeb-532a-4e26-8d7d-33907c77c0ba,4cdd5f0d-582b-4ddd-86ef-fb2446c7a240,71.93723,Pitching,25410021,,,,,,,,,,,,,,,,,,,,,,,,a02ee87b-a061-4e14-b3d4-fb47c12c0416,b0c57eca-416d-4464-9ed7-4bcc991eb377
276,2026-09-29,20:36:15.81,"Jones, Gunnar",1000617064,Right,,,,,,Fastball,Live,,81.96269,0.6438462756,-2.374108018,1928.488991,230.560251,1:45,6.28362,2.67187,5.64619,-31.13726,10.77994,13.16558,4.28986,1.55356,74.79257,-5.182215363,0.09417408522,0.4659802904,-7.71482,5.58331,-2.479,50,6.31853,4.53028,-119.15616,0.37075,-11.07111,23.29265,-24.16176,e49457fe-abce-46da-a30a-c1896a12ca41,4cdd5f0d-582b-4ddd-86ef-fb2446c7a240,80.88848,Pitching,25410021,,,,,,,,,,,,,,,,,,,,30.88215934,1655.07702,0.8582247697,,3a9e5c4b-8778-493d-99e0-debeb567dddc,b0c57eca-416d-4464-9ed7-4bcc991eb377
277,2026-09-29,20:36:30.74,"Jones, Gunnar",1000617064,Right,,,,,,Fastball,Live,,82.18991,-1.321274293,-4.440297708,1911.043676,219.7483499,1:15,6.28589,2.49182,6.12084,-23.97403,16.73532,13.96351,3.06285,-0.45717,75.77372,-5.813821774,-1.821008835,0.4592175714,-8.69667,9.41461,-2.15924,50,6.17196,8.86714,-119.38358,-3.45442,-12.66667,21.00117,-18.46169,9a251974-35c7-4af9-b55e-d4c5d3ca5993,4cdd5f0d-582b-4ddd-86ef-fb2446c7a240,82.0797,Pitching,25410021,,,,,,,,,,,,,,,,,,,,31.82834668,1623.683634,0.8496318813,,3619619c-90d3-4cb3-b756-182301a45dd2,b0c57eca-416d-4464-9ed7-4bcc991eb377
278,2026-09-29,20:37:04.98,"Jones, Gunnar",1000617064,Right,,,,,,Fastball,Live,,82.40658,-0.4007272074,-4.139745216,1988.283746,211.4368534,1:00,6.18358,2.6412,5.87039,-24.35259,17.06937,10.47923,3.78106,-0.3369,74.79234,-4.982842776,-2.167677922,0.4632193952,-6.88835,9.33346,-2.31226,50,6.13707,8.34273,-119.6007,-1.56781,-9.91182,24.48519,-18.7439,77bb8326-6558-4d27-98b4-4b1332943782,4cdd5f0d-582b-4ddd-86ef-fb2446c7a240,81.3706,Pitching,25410021,,,,,,,,,,,,,,,,,,,,34.22755506,1643.933198,0.8268101579,,6b379585-d854-4a61-9789-572e48309c01,b0c57eca-416d-4464-9ed7-4bcc991eb377
279,2026-09-29,20:37:20.87,"Jones, Gunnar",1000617064,Right,,,,,,Fastball,Live,,82.05062,-1.506721207,-3.134506064,2013.676493,218.8429915,1:15,6.18157,2.67771,5.62626,-26.89883,15.06354,12.15811,2.53183,0.76354,74.94241,-6.525868944,-0.8569732368,0.4662312653,-7.39439,8.48314,-2.41862,50,6.03611,6.14606,-119.16455,-3.97905,-10.60564,23.43936,-20.00684,6f08f311-7324-4033-b372-553ffe518e4e,4cdd5f0d-582b-4ddd-86ef-fb2446c7a240,80.84494,Pitching,25410021,,,,,,,,,,,,,,,,,,,,25.89948291,1811.426292,0.8995617211,,2192491d-9b04-443e-8822-453f9681aa65,b0c57eca-416d-4464-9ed7-4bcc991eb377
280,2026-09-29,20:37:39.29,"Jones, Gunnar",1000617064,Right,,,,,,Fastball,Live,,82.77724,-1.029564449,-4.071974715,1958.103626,214.0138745,1:15,6.28165,2.50634,5.7733,-25.1011,15.90293,10.77152,3.22945,-0.39104,75.60014,-5.726573026,-2.053723667,0.4608766081,-6.93102,8.83255,-2.17643,50,6.1814,8.22301,-120.16027,-2.93649,-10.12396,23.48697,-19.27257,05c76ad6-ae4e-4df9-b2e2-750e37763def,4cdd5f0d-582b-4ddd-86ef-fb2446c7a240,81.78423,Pitching,25410021,,,,,,,,,,,,,,,,,,,,,,,,e8ba274d-6954-4cc7-8c14-ce78edaad68e,b0c57eca-416d-4464-9ed7-4bcc991eb377
281,2026-09-29,20:38:00.05,"Jones, Gunnar",1000617064,Right,,,,,,Slider,Live,,72.74538,0.6811150734,-1.86621236,2175.453248,87.9962703,9:00,6.06371,2.83518,5.07985,-54.63509,-0.37667,-9.58349,2.15312,0.277,67.22657,-9.351183828,-3.639858979,0.530157566,4.50327,-0.38641,-2.65122,50,6.08597,3.73443,-105.71082,-0.39616,5.09668,17.98834,-32.61137,97361d5a-da86-42aa-bc8f-8ed9b0e3c324,4cdd5f0d-582b-4ddd-86ef-fb2446c7a240,71.09667,Pitching,25410021,,,,,,,,,,,,,,,,,,,,,,,,d7bdd3d4-b8e0-4191-9e06-99a25fde52b2,b0c57eca-416d-4464-9ed7-4bcc991eb377
282,2026-09-29,20:38:37.26,"Jones, Gunnar",1000617064,Right,,,,,,Fastball,Live,,83.05571,-1.833295659,-4.153770644,2012.749894,223.2500395,1:30,6.25251,2.64104,5.71103,-25.73657,14.89324,14.04114,2.395,-0.06489,76.38097,-6.622593979,-1.533291797,0.4587687273,-8.60459,8.4519,-2.30204,50,6.08291,8.31512,-120.55335,-4.67527,-12.7328,22.22206,-19.66719,26f754ac-b951-471b-9a39-1541c62f4eba,4cdd5f0d-582b-4ddd-86ef-fb2446c7a240,82.16,Pitching,25410021,,,,,,,,,,,,,,,,,,,,30.75883876,1729.611388,0.8593275264,,7c39619e-7177-484e-a8c4-d39dee2e9e7b,b0c57eca-416d-4464-9ed7-4bcc991eb377
283,2026-09-29,20:39:04.25,"Jones, Gunnar",1000617064,Right,,,,,,Slider,Live,,72.90778,0.4320661143,-2.263561495,2307.242666,65.17368238,8:15,6.03133,2.93942,5.13292,-60.91086,-6.4999,-13.97153,1.36258,-0.35733,67.14001,-10.76597033,-4.860193025,0.5309022875,6.65974,-3.55278,-2.71681,50,6.02598,4.60084,-105.85126,-1.0184,7.48325,19.69103,-36.16615,fd710ce5-e958-4b77-83bb-33fcdb6e41f7,4cdd5f0d-582b-4ddd-86ef-fb2446c7a240,70.99694,Pitching,25410021,,,,,,,,,,,,,,,,,,,,,,,,989f7055-459e-4b7f-8528-8439685516d6,b0c57eca-416d-4464-9ed7-4bcc991eb377
284,2026-09-29,20:39:21.05,"Jones, Gunnar",1000617064,Right,,,,,,Fastball,Live,,83.28824,-1.528661624,-2.87196203,1866.93764,224.1764719,1:30,6.25733,2.60516,5.53303,-27.22368,13.89887,13.53288,2.55786,1.0465,75.56262,-6.617826218,-0.3309171243,0.4615421637,-8.10399,7.8878,-2.3649,50,6.10684,5.6326,-120.90698,-4.10163,-11.87873,25.72746,-20.61221,5b19cd61-3c38-439f-b190-33037a9234a2,4cdd5f0d-582b-4ddd-86ef-fb2446c7a240,81.6663,Pitching,25410021,,,,,,,,,,,,,,,,,,,,36.61279758,1498.5615,0.8026842824,,5c628d70-0b27-45f1-9205-dca8a589304b,b0c57eca-416d-4464-9ed7-4bcc991eb377
285,2026-09-29,20:39:53.09,"Jones, Gunnar",1000617064,Right,,,,,,Slider,Live,,73.3462,-0.8653537241,-3.966958309,2251.521397,109.1769341,9:45,6.22452,2.41288,5.25158,-51.06288,2.07516,-6.12661,1.15425,-1.83067,68.09283,-10.21049136,-5.098848473,0.5246554346,2.14625,1.3296,-2.04453,50,6.1078,7.56236,-106.42404,-3.12941,2.46635,17.92701,-30.64615,7938245a-c18b-4221-a5e8-382b20bd7f8e,4cdd5f0d-582b-4ddd-86ef-fb2446c7a240,71.84227,Pitching,25410021,,,,,,,,,,,,,,,,,,,,59.11651191,1155.692306,0.5132939474,,bbea1831-3c9c-44a5-aeff-04e62bad8b1e,b0c57eca-416d-4464-9ed7-4bcc991eb377
286,2026-09-29,20:40:13.73,"Jones, Gunnar",1000617064,Right,,,,,,Fastball,Live,,83.85345,-2.01702095,-0.5640006108,1853.098944,204.0184633,12:45,6.26557,2.47515,5.79087,-21.13969,18.67061,8.32865,2.62702,2.6446,76.65422,-5.971475312,1.002410962,0.4541184516,-4.63824,10.61166,-2.43378,50,6.08713,0.94177,-121.96248,-4.95246,-6.97178,24.45144,-16.22358,3b325a37-3752-4809-b07c-085d3d8588e8,4cdd5f0d-582b-4ddd-86ef-fb2446c7a240,83.00134,Pitching,25410021,,,,,,,,,,,,,,,,,,,,37.83862789,1463.469363,0.7897416208,,51b2efd5-96ef-4362-986e-056ca4b7933c,b0c57eca-416d-4464-9ed7-4bcc991eb377
287,2026-09-29,20:40:32.31,"Jones, Gunnar",1000617064,Right,,,,,,Fastball,Live,,82.82525,-0.4011068345,-4.25831946,1846.644216,234.10399,1:45,6.26808,2.44301,5.66397,-31.64025,9.60868,13.35029,3.2564,-0.42191,75.48204,-6.316552599,-1.758023242,0.4622508552,-8.38242,5.26155,-2.09138,50,6.21433,8.53057,-120.1715,-1.83253,-12.21011,24.13318,-24.50989,3fa82c6c-a6b2-4fed-a58b-adcd82229cd1,4cdd5f0d-582b-4ddd-86ef-fb2446c7a240,81.54109,Pitching,25410021,,,,,,,,,,,,,,,,,,,,30.66121386,1588.479079,0.8601976845,,3ca8aa8a-5b6c-45e7-9396-e62678b58368,b0c57eca-416d-4464-9ed7-4bcc991eb377
288,2026-09-29,20:40:48.57,"Jones, Gunnar",1000617064,Right,,,,,,Fastball,Live,,83.51867,-0.6656883141,-4.019091184,1819.540209,220.7204934,1:15,6.18186,2.47349,5.56704,-27.82818,13.02739,11.2618,3.23952,-0.34808,75.75891,-5.872461709,-1.908852364,0.4600415267,-7.2298,7.16039,-2.13427,50,6.10641,8.15286,-121.15209,-2.29942,-10.65811,25.46707,-21.61826,2d69b9ba-0bca-4ba3-8c10-89b55e7781c4,4cdd5f0d-582b-4ddd-86ef-fb2446c7a240,81.93269,Pitching,25410021,,,,,,,,,,,,,,,,,,,,38.75561217,1418.919613,0.7798231696,,f023a55e-7ddf-4e52-9d1c-935a29259ab1,b0c57eca-416d-4464-9ed7-4bcc991eb377
289,2026-09-29,20:41:27.20,"Conte, Austin",1000462098,Right,,,,,,,Warmup,,84.50605,-1.588491351,-4.661521012,1974.505317,193.9800512,12:30,5.88941,3.09299,5.7954,-21.78171,17.73376,4.43365,2.59165,-0.88247,76.95912,-5.665094048,-3.831117315,0.4524337483,-3.74507,10.00613,-2.71213,50,5.74559,9.8521,-122.51994,-4.08708,-5.66694,25.22723,-17.03306,c99f32a8-226b-4a94-9b95-394bddacdb3a,4cdd5f0d-582b-4ddd-86ef-fb2446c7a240,83.31041,Pitching,25410021,,,,,,,,,,,,,,,,,,,,42.88189519,1446.834493,0.7327579622,,bffafda6-e27b-477b-a5d3-412b77452aef,b0c57eca-416d-4464-9ed7-4bcc991eb377
290,2026-09-29,20:41:36.78,"Conte, Austin",1000462098,Right,,,,,,,Warmup,,84.05632,-1.255923356,-5.949357304,1842.907456,243.7240193,2:00,5.6214,2.61671,5.65158,-33.13785,7.07699,14.41011,1.68219,-1.75047,76.81747,-7.424823902,-3.264300834,0.4564199378,-9.39534,4.14254,-2.12067,50,5.49367,12.21729,-121.62796,-3.73335,-14.05169,24.20891,-25.97845,8f824944-2089-4b4c-aaad-5cd406b729d5,4cdd5f0d-582b-4ddd-86ef-fb2446c7a240,82.58281,Pitching,25410021,,,,,,,,,,,,,,,,,,,240.4446959,39.85595907,1414.722617,0.7676579813,2:00,a66cfb7d-1284-45ea-b95a-a30086321d14,b0c57eca-416d-4464-9ed7-4bcc991eb377
291,2026-09-29,20:41:46.17,"Conte, Austin",1000462098,Right,,,,,,,Warmup,,84.47665,-0.8615601571,-5.002812371,1915.102021,217.9224363,1:15,5.69994,2.67646,5.54268,-24.56287,15.16793,11.87504,2.84482,-1.02069,77.22306,-5.433114919,-2.79379604,0.4536647829,-7.69216,8.31199,-2.25044,50,5.60896,10.33168,-122.4536,-2.65042,-11.69949,23.79616,-19.53182,cfcbcf4b-c757-4da5-b673-715f787b3691,4cdd5f0d-582b-4ddd-86ef-fb2446c7a240,83.08434,Pitching,25410021,,,,,,,,,,,,,,,,,,,223.6062218,36.51033961,1539.262303,0.8037495057,1:30,c89a8afb-72ab-465f-978c-daba599b6dad,b0c57eca-416d-4464-9ed7-4bcc991eb377
292,2026-09-29,20:41:55.97,"Conte, Austin",1000462098,Right,,,,,,,Warmup,,73.43999,0.174614604,-5.044783948,1935.760208,93.62763889,9:00,5.96663,2.67958,5.65473,-52.2429,0.75103,-12.53877,1.77651,-3.08168,67.37328,-9.508099587,-7.381283333,0.5239435189,5.14122,0.34794,-2.24415,50,5.94884,9.73537,-106.37285,-1.11269,5.81908,20.31741,-31.78024,23adb146-d448-4315-9386-85b478d8e6e0,4cdd5f0d-582b-4ddd-86ef-fb2446c7a240,71.93989,Pitching,25410021,,,,,,,,,,,,,,,,,,,,54.68802877,1118.92386,0.5780281334,,afa14b16-ecba-4fd3-bfc6-72adc0499a39,b0c57eca-416d-4464-9ed7-4bcc991eb377
293,2026-09-29,20:42:06.81,"Conte, Austin",1000462098,Right,,,,,,,Warmup,,75.19707,-0.7768479133,-5.25829337,2047.607921,76.2393607,8:30,6.00806,2.92521,5.29508,-54.9819,-3.19036,-12.83876,0.69384,-3.09486,68.56687,-10.90463275,-7.64586335,0.5179654932,5.00351,-1.42572,-2.43726,50,5.89847,10.38534,-108.71647,-3.10698,5.85352,23.05913,-33.84198,caa3ae8c-a644-461f-97f3-43e804948a09,4cdd5f0d-582b-4ddd-86ef-fb2446c7a240,72.77017,Pitching,25410021,,,,,,,,,,,,,,,,,,,29.72964824,59.90219741,1026.829417,0.5014775564,7:00,59dbad37-6b7b-4f4a-a081-6969dff41cfc,b0c57eca-416d-4464-9ed7-4bcc991eb377
294,2026-09-29,20:42:17.82,"Conte, Austin",1000462098,Right,,,,,,,Warmup,,74.21169,2.706208305,-1.734930339,1904.650796,75.92916283,8:30,5.85132,2.8426,5.25321,-56.60938,-3.89913,-15.4593,3.67939,-0.07613,67.22449,-7.841661324,-4.627270032,0.5225392883,7.61656,-2.953,-2.67261,50,6.05873,3.7175,-107.62194,3.41336,8.78027,21.65768,-35.57823,03eaa86c-1ffb-4086-8ad4-599c1cf634f1,4cdd5f0d-582b-4ddd-86ef-fb2446c7a240,72.13322,Pitching,25410021,,,,,,,,,,,,,,,,,,,37.15727292,53.46499552,1133.864878,0.5953137867,7:15,5c89419e-6013-4445-b6d2-c65d2ebc9c7c,b0c57eca-416d-4464-9ed7-4bcc991eb377
295,2026-09-29,20:42:29.83,"Conte, Austin",1000462098,Right,,,,,,,Warmup,,78.6959,-0.5558842129,-5.295751787,1701.365392,246.7766123,2:15,5.49181,3.08797,5.24497,-38.48292,7.66394,17.98927,1.76032,-0.40321,72.48511,-7.645626728,-1.973545746,0.4889252478,-10.84142,4.17713,-2.6142,50,5.41236,9.9931,-114.01948,-2.34241,-14.36585,19.67312,-26.63898,acdbcc89-5ff4-4a2b-8df8-83325ad56532,4cdd5f0d-582b-4ddd-86ef-fb2446c7a240,77.09244,Pitching,25410021,,,,,,,,,,,,,,,,,,,,33.5146372,1418.504536,0.833744793,,9c32c9e3-a49d-4cc2-b1ee-ca55ec03c286,b0c57eca-416d-4464-9ed7-4bcc991eb377
296,2026-09-29,20:42:39.29,"Conte, Austin",1000462098,Right,,,,,,,Warmup,,84.16423,0.3804128879,-2.456710027,1976.088635,215.5356107,1:15,5.59923,3.04683,5.45068,-23.99638,16.48759,11.81307,3.95595,1.73025,75.81195,-4.124018976,-0.2370434289,0.4579445957,-7.07316,8.66237,-2.83819,50,5.61666,4.85722,-122.20907,0.028,-10.55212,27.127,-19.25105,f7f70b7a-7519-454e-b076-def7648f6ea2,4cdd5f0d-582b-4ddd-86ef-fb2446c7a240,82.30786,Pitching,25410021,,,,,,,,,,,,,,,,,,,,34.43735785,1629.769132,0.8247449546,,36a0076e-e74c-4f02-b3ee-1ba8d22de18c,b0c57eca-416d-4464-9ed7-4bcc991eb377
297,2026-09-29,20:43:03.61,"Conte, Austin",1000462098,Right,,,,,,Fastball,Live,,86.71834,-1.39692374,-4.505255448,1912.010948,205.561928,12:45,5.60778,2.83798,5.66005,-22.49912,14.84085,7.1267,2.42608,-0.77746,79.71346,-5.580016864,-3.179399301,0.4398032507,-4.98061,8.29068,-2.46124,50,5.47519,9.67976,-125.8347,-3.82082,-8.03554,24.04769,-18.79817,17fcd5cd-36fe-48ee-ab52-f8ed341b8f79,4cdd5f0d-582b-4ddd-86ef-fb2446c7a240,85.70296,Pitching,25410021,,,,,,,,,,,,,,,,,,,,,,,,c46594b0-0e66-4678-ac93-622407a9c77b,b0c57eca-416d-4464-9ed7-4bcc991eb377
298,2026-09-29,20:43:19.76,"Conte, Austin",1000462098,Right,,,,,,Fastball,Live,,86.30971,-1.525461262,-4.800562683,1984.248427,250.4732859,2:15,5.52079,2.85309,5.7109,-31.3593,6.51363,18.3982,1.4812,-0.09595,79.01098,-7.372665204,-1.359181019,0.4429307806,-11.19981,3.91713,-2.46236,50,5.37349,9.91334,-125.13428,-4.35952,-17.75455,25.3006,-25.9644,a47b5ec5-8c8c-48a8-b2cc-adebadcdb7b0,4cdd5f0d-582b-4ddd-86ef-fb2446c7a240,85.09781,Pitching,25410021,,,,,,,,,,,,,,,,,,,,36.13205673,1602.598292,0.8076601047,,c6997639-d8b9-42fb-beb8-d6ae1616f302,b0c57eca-416d-4464-9ed7-4bcc991eb377
299,2026-09-29,20:43:49.38,"Conte, Austin",1000462098,Right,,,,,,Slider,Live,,73.79215,0.719061801,-4.989668257,1947.172085,52.8494192,7:45,5.87316,2.75581,5.06665,-56.98115,-3.89392,-5.10713,1.80524,-2.3857,68.28846,-9.698491405,-5.92814988,0.5244045224,1.29154,-2.23858,-2.27759,50,5.89738,9.48818,-106.88207,-0.40099,1.49481,18.33097,-34.76494,d9416d8c-c9f5-4266-b755-3dedcd61b8b9,4cdd5f0d-582b-4ddd-86ef-fb2446c7a240,71.87665,Pitching,25410021,,,,,,,,,,,,,,,,,,,,39.63699097,1499.520245,0.7701015522,,ccc719a6-d637-481e-bb65-d81faa0280a7,b0c57eca-416d-4464-9ed7-4bcc991eb377
300,2026-09-29,20:44:08.33,"Conte, Austin",1000462098,Right,,,,,,Slider,Live,,75.29908,1.063724818,-1.45454802,1880.175394,45.07528076,7:30,5.8615,2.85599,4.81095,-56.63785,-4.92854,-4.90132,2.14969,1.06949,68.70327,-9.363345856,-2.363882396,0.5175541319,2.09814,-2.89744,-2.70747,50,5.91988,2.93274,-109.27856,0.20472,2.50769,21.34342,-35.63706,d03cb39a-9763-4cbb-813f-eb12266e007c,4cdd5f0d-582b-4ddd-86ef-fb2446c7a240,72.82801,Pitching,25410021,,,,,,,,,,,,,,,,,,,,49.49522255,1221.195447,0.6495114505,,854d2d75-7284-419f-9883-daeacb4ad9ad,b0c57eca-416d-4464-9ed7-4bcc991eb377
301,2026-09-29,20:44:26.80,"Conte, Austin",1000462098,Right,,,,,,Slider,Live,,76.83181,-1.153217461,-4.828031776,1871.539521,27.34258278,7:00,5.99921,2.63107,5.63428,-50.14649,-2.21627,-1.12811,0.7406,-1.97741,71.16462,-10.39854184,-5.037877437,0.4982830138,-0.74671,-0.86167,-2.21948,50,5.8691,9.44158,-111.3909,-3.71456,-0.93788,20.06916,-33.25633,2688f315-a7db-450e-8971-219f69ac11d3,4cdd5f0d-582b-4ddd-86ef-fb2446c7a240,75.64464,Pitching,25410021,,,,,,,,,,,,,,,,,,,,53.00950387,1126.072657,0.6016825422,,82aae2f5-5e3d-470a-9a35-0b90bc4d275c,b0c57eca-416d-4464-9ed7-4bcc991eb377
302,2026-09-29,20:44:44.62,"Conte, Austin",1000462098,Right,,,,,,Fastball,Live,,86.55854,-0.04304744143,-2.869955241,1948.800844,229.767196,1:45,5.53596,2.85118,5.80419,-26.28929,11.0422,13.10416,3.30511,1.27226,79.05977,-4.972460114,-0.4089576881,0.4397532716,-7.84856,5.94965,-2.62363,50,5.51678,5.88889,-125.8399,-0.93672,-12.57952,25.64677,-22.63806,c26ffc86-73b6-4829-bc7a-f0cd008ca036,4cdd5f0d-582b-4ddd-86ef-fb2446c7a240,85.7127,Pitching,25410021,,,,,,,,,,,,,,,,,,,,,,,,a4f53fa4-079e-439b-bd8c-422c47ccc88d,b0c57eca-416d-4464-9ed7-4bcc991eb377
303,2026-09-29,20:45:09.80,"Conte, Austin",1000462098,Right,,,,,,Slider,Live,,75.82788,0.436887243,-5.226207512,1940.784969,77.02520923,8:30,5.86223,2.66594,5.95565,-52.68936,-3.48918,-15.07325,1.87824,-3.44955,69.5965,-9.377061188,-8.046627349,0.5048411891,6.51737,-2.031,-2.24203,50,5.86779,10.45367,-109.84864,-0.57806,7.85871,21.84709,-34.62305,6273b4c0-99b6-450d-a3eb-00c7d848f359,4cdd5f0d-582b-4ddd-86ef-fb2446c7a240,74.66197,Pitching,25410021,,,,,,,,,,,,,,,,,,,,50.85224301,1225.261094,0.631322436,,99934fc1-e522-429c-a856-8cfa94b8211f,b0c57eca-416d-4464-9ed7-4bcc991eb377
304,2026-09-29,20:45:38.48,"Conte, Austin",1000462098,Right,,,,,,Fastball,Live,,85.976,-0.9961166828,-3.675929581,1939.895642,196.630124,12:30,5.54708,3.11151,5.7827,-19.70063,18.76641,5.62369,2.97673,0.15593,77.37474,-4.712862032,-2.614361455,0.4463913867,-4.22438,10.44426,-2.81187,50,5.45324,7.83668,-124.73685,-2.79359,-6.55136,28.75979,-15.97663,186ccbc2-1cba-4032-b475-21ddc04aaf70,4cdd5f0d-582b-4ddd-86ef-fb2446c7a240,84.4381,Pitching,25410021,,,,,,,,,,,,,,,,,,,,,,,,2510523a-6b4e-4f15-a7bb-1e2cafad6c7f,b0c57eca-416d-4464-9ed7-4bcc991eb377
305,2026-09-29,20:46:01.65,"Conte, Austin",1000462098,Right,,,,,,Fastball,Live,,85.1634,-2.042623648,-4.022284342,1851.209585,241.6671332,2:00,5.55581,2.95164,5.75762,-31.78206,7.14809,13.28011,1.00076,0.30867,77.80434,-7.97622131,-1.528769895,0.4490704046,-8.3128,4.43937,-2.62628,50,5.36711,8.26722,-123.53607,-5.42093,-12.78408,25.72118,-25.34684,25c64971-8ba3-41b5-8578-e80637c6e436,4cdd5f0d-582b-4ddd-86ef-fb2446c7a240,83.93436,Pitching,25410021,,,,,,,,,,,,,,,,,,,,22.81825019,1706.333314,0.9217396711,,7ab83dc8-9b02-4648-8432-60e179a3681f,b0c57eca-416d-4464-9ed7-4bcc991eb377
306,2026-09-29,20:46:22.17,"Conte, Austin",1000462098,Right,,,,,,Fastball,Live,,85.99388,-1.523359081,-5.001007906,1946.38991,228.0861365,1:30,5.64761,2.96434,5.94362,-25.70674,12.56739,14.04758,2.08682,-0.51498,77.64444,-6.373145833,-2.348245415,0.4452706229,-9.20198,7.29689,-2.57357,50,5.51168,10.47116,-124.57569,-4.11253,-14.26919,28.1179,-20.85901,711127bc-db27-4dac-bc1e-046500d5c8ce,4cdd5f0d-582b-4ddd-86ef-fb2446c7a240,84.65063,Pitching,25410021,,,,,,,,,,,,,,,,,,,,42.3287839,1438.952237,0.7392928978,,f35e6862-3378-48f7-9b61-339b3074022a,b0c57eca-416d-4464-9ed7-4bcc991eb377
307,2026-09-29,20:46:37.24,"Conte, Austin",1000462098,Right,,,,,,,Live,,36.41955,,,924.7170558,,,8.53971,-0.016,,,,,4.6168,-0.08751,34.99814,,,0.9094022338,-2.01323,30.55228,0.00176,50,8.26713,0.36596,-53.21398,7.24911,-0.58056,4.32308,-23.36358,21d55e5e-7e3e-4ef5-9602-b2fbfa93caed,4cdd5f0d-582b-4ddd-86ef-fb2446c7a240,,Pitching,25410021,,,,,,,,,,,,,,,,,,,,,,,,b005bac6-b314-452a-9af7-c837e326a154,b0c57eca-416d-4464-9ed7-4bcc991eb377
308,2026-09-29,20:46:58.58,"Conte, Austin",1000462098,Right,,,,,,Slider,Live,,72.91649,2.250241261,-2.855487104,1855.826789,54.98218947,7:45,5.87612,2.72357,4.96117,-61.09894,-6.26129,-8.89992,2.91383,-0.71758,66.72497,-9.003461584,-4.503391443,0.5329798926,3.78902,-3.95642,-2.44027,50,6.04527,5.54515,-105.71455,2.29035,4.25124,19.45649,-36.61312,1705ae5a-aa1b-49ac-a398-1aa1fc7cfc3b,4cdd5f0d-582b-4ddd-86ef-fb2446c7a240,70.72019,Pitching,25410021,,,,,,,,,,,,,,,,,,,,50.02817388,1192.20326,0.6424108472,,6c1fba1a-5c90-4dbc-a472-af2fad8a21a2,b0c57eca-416d-4464-9ed7-4bcc991eb377
309,2026-09-29,20:47:25.57,"Conte, Austin",1000462098,Right,,,,,,Fastball,Live,,85.20818,-0.1616549718,-3.837111004,1899.858841,236.0493451,1:45,5.54667,2.98792,5.47168,-32.00936,6.85746,10.25373,2.72763,0.24673,78.39567,-6.097186355,-1.932358788,0.4487050327,-6.438,3.67978,-2.65771,50,5.51076,7.95653,-123.7508,-1.42224,-10.04657,23.23681,-26.43172,106df8c5-8234-40c7-bbd9-e1a5ecd82a5b,4cdd5f0d-582b-4ddd-86ef-fb2446c7a240,84.00271,Pitching,25410021,,,,,,,,,,,,,,,,,,,,47.0208323,1295.195328,0.6817324004,,3ef1c2b5-38fc-4f2f-ab63-ef98dfddcd65,b0c57eca-416d-4464-9ed7-4bcc991eb377
310,2026-09-29,20:47:54.47,"Conte, Austin",1000462098,Right,,,,,,Slider,Live,,74.40498,2.266587893,-3.154556255,1843.075928,38.98830931,7:15,5.61844,2.73374,4.94905,-61.13814,-7.97385,-6.43457,2.66944,-0.78591,67.45974,-9.045167952,-4.351135787,0.5247850055,2.33052,-4.92653,-2.42277,50,5.78987,6.13844,-107.75888,2.3759,2.69184,21.81409,-37.86439,a2eff981-a6a9-458e-91d9-b05afca14f13,4cdd5f0d-582b-4ddd-86ef-fb2446c7a240,71.82454,Pitching,25410021,,,,,,,,,,,,,,,,,,,,54.64873094,1066.381033,0.5785876843,,286b5b32-d3c7-4ed5-bb7b-ce8a92715811,b0c57eca-416d-4464-9ed7-4bcc991eb377
311,2026-09-29,20:49:08.86,"Conte, Austin",1000462098,Right,,,,,,,Warmup,,86.11632,-0.9510764815,-4.847180887,2050.33387,236.9072032,2:00,5.6834,3.02212,5.78599,-27.71738,10.21945,15.74972,2.48568,-0.18499,78.63981,-6.136957655,-1.898004596,0.4433042413,-9.82395,5.75913,-2.63192,50,5.58828,10.08815,-124.88316,-2.96433,-15.50366,25.31077,-23.08529,299e5b28-0f65-495d-9c03-7e6b529c723e,4cdd5f0d-582b-4ddd-86ef-fb2446c7a240,85.02612,Pitching,25410021,,,,,,,,,,,,,,,,,,,225.8606756,35.79221766,1663.114509,0.8111432648,1:30,076ada54-7407-4e26-b5da-93d8cbf6e661,b0c57eca-416d-4464-9ed7-4bcc991eb377
312,2026-09-29,20:49:17.47,"Conte, Austin",1000462098,Right,,,,,,,Warmup,,84.77713,0.3887262125,-3.136823186,1842.396049,242.8056,2:00,5.58307,3.10098,5.64764,-32.57882,6.47031,12.68415,3.23125,1.22964,77.75198,-5.687760562,-0.7663805198,0.449756101,-7.62059,3.35199,-2.84316,50,5.59539,6.34281,-123.21857,-0.21556,-11.75303,23.75946,-27.00436,40223d90-ffc3-4f3e-9731-f151f08eb03f,4cdd5f0d-582b-4ddd-86ef-fb2446c7a240,83.8064,Pitching,25410021,,,,,,,,,,,,,,,,,,,231.2926102,44.59397657,1311.969966,0.7120998585,1:45,33d19377-420a-4445-ab85-ad91beb5f0f0,b0c57eca-416d-4464-9ed7-4bcc991eb377
313,2026-09-29,20:49:26.17,"Conte, Austin",1000462098,Right,,,,,,,Warmup,,73.69117,,,1851.431789,,,6.38678,2.75195,4.63656,,,,2.83714,1.0774,66.49942,,,0.5325051049,-2.68757,3.82614,-2.54059,50,6.38602,3.78965,-106.82432,-0.77362,-3.047,21.63806,-27.83621,e652db0b-1b01-47f4-b9b4-cc6fc12e92ae,4cdd5f0d-582b-4ddd-86ef-fb2446c7a240,70.78324,Pitching,25410021,,,,,,,,,,,,,,,,,,,,50.10793341,1187.40356,0.6413434006,,88fb2676-e8b0-4087-95fd-138bcad3153a,b0c57eca-416d-4464-9ed7-4bcc991eb377
314,2026-09-29,20:50:03.84,"Conte, Austin",1000462098,Right,,,,,,,Warmup,,83.74534,-0.06178234121,-3.662858178,1916.825717,249.5979007,2:15,5.52706,2.94201,5.58183,-34.32074,5.53541,14.99982,2.60919,0.76712,77.48034,-6.422215781,-0.8758838632,0.4543798552,-8.87475,2.95917,-2.63706,50,5.4993,7.30458,-121.71919,-1.24677,-13.4702,21.2685,-27.68259,ecd4c551-5560-4421-a710-54d0d11856ae,bff671a3-da70-43ee-9db8-4843cc20c1e6,82.95359,Pitching,25410021,,,,,,,,,,,,,,,,,,,,38.00163618,1510.445577,0.7879931721,,5fb7f9b0-54d9-44de-bad4-d476ef352ab2,b0c57eca-416d-4464-9ed7-4bcc991eb377
315,2026-09-29,20:50:37.94,"Conte, Austin",1000462098,Right,,,,,,Fastball,Live,,85.92063,0.207304658,-2.827630853,1755.875068,260.6270403,2:45,5.73855,2.87979,5.35392,-36.12842,2.81437,17.28657,2.92249,1.66662,77.81589,-6.538306281,0.411527724,0.4491433432,-10.05395,1.42874,-2.63772,50,5.73203,5.57375,-124.72169,-0.77385,-15.65412,27.78157,-29.94949,16b15680-a7e4-4065-b206-db78712c68a5,3775fed6-8c16-4b2b-9c3f-5f7f88b8f153,83.92073,Pitching,25410021,,,,,,,,,,,,,,,,,,,,41.51833064,1314.700378,0.7487436904,,d684f634-2d6d-464a-b722-1a2ac4521690,b0c57eca-416d-4464-9ed7-4bcc991eb377
316,2026-09-29,20:50:51.83,"Conte, Austin",1000462098,Right,,,,,,Fastball,Live,,85.77672,-1.242593555,-6.685956648,2021.043277,245.1296006,2:15,5.5439,3.1162,5.90535,-30.48179,7.74631,16.79817,1.84241,-1.71757,78.50242,-6.937826718,-3.551940495,0.4450028169,-10.89161,4.5193,-2.58737,50,5.42612,14.0166,-124.02121,-3.65526,-16.99516,24.3742,-25.12218,153cc3e9-d095-438f-a653-55760aad38a7,3775fed6-8c16-4b2b-9c3f-5f7f88b8f153,84.70157,Pitching,25410021,,,,,,,,,,,,,,,,,,,245.7179219,50.12546853,1295.708136,0.6411085558,2:15,3e1eccae-5766-4737-9d45-95fcce700e65,b0c57eca-416d-4464-9ed7-4bcc991eb377
317,2026-09-29,20:51:05.39,"Conte, Austin",1000462098,Right,,,,,,Fastball,Live,,85.95949,-0.5192592509,-3.527075891,1793.880039,234.6176372,1:45,5.61254,2.81387,5.53034,-28.98746,9.4311,13.33886,2.71066,0.62468,78.33166,-5.928931905,-1.032348271,0.446109935,-8.1259,5.17566,-2.51642,50,5.54835,7.24946,-124.80091,-2.09568,-12.77026,25.9501,-24.04024,58c982d3-4422-40bd-9b1e-2d68c6c95664,3775fed6-8c16-4b2b-9c3f-5f7f88b8f153,84.49137,Pitching,25410021,,,,,,,,,,,,,,,,,,,,42.93398677,1313.369501,0.7321389793,,6fec1d5b-41f8-47db-86db-6ece3b8434b8,b0c57eca-416d-4464-9ed7-4bcc991eb377
318,2026-09-29,20:51:35.48,"Conte, Austin",1000462098,Right,,,,,,Fastball,Live,,86.49866,-0.9152314507,-4.025710296,1729.796956,254.8170455,2:30,5.4754,3.08741,5.81891,-34.59283,2.80381,10.42813,1.73967,0.20789,79.45437,-7.370227888,-2.072470348,0.4401368334,-6.71115,1.75884,-2.76424,50,5.37995,8.5067,-125.60416,-3.11629,-10.73722,25.08503,-29.36007,fc1fccb1-54f2-4bc5-8831-a92899ade501,3775fed6-8c16-4b2b-9c3f-5f7f88b8f153,85.638,Pitching,25410021,,,,,,,,,,,,,,,,,,,239.6362487,46.35397223,1193.907718,0.6902010745,2:00,f5002255-ad07-476f-8568-6ab7628b0bd9,b0c57eca-416d-4464-9ed7-4bcc991eb377
319,2026-09-29,20:51:58.59,"Conte, Austin",1000462098,Right,,,,,,ChangeUp,Live,,78.83429,-0.5350635361,-4.403049312,1490.822844,252.2984955,2:30,5.53772,3.02953,5.32968,-41.00543,5.52684,17.44943,1.61713,0.34475,71.43696,-8.170981656,-1.1384277,0.4909627247,-10.64875,3.10088,-2.64376,50,5.46054,8.2509,-114.214,-2.34701,-13.88241,23.60104,-28.13154,a8dc6cfc-dac9-4ee6-861e-1a79f6402b68,3775fed6-8c16-4b2b-9c3f-5f7f88b8f153,76.77251,Pitching,25410021,,,,,,,,,,,,,,,,,,,,36.14021894,1203.952893,0.8075760968,,343fe9bd-1dd0-48ce-b31a-d05744c35e2c,b0c57eca-416d-4464-9ed7-4bcc991eb377
320,2026-09-29,20:52:27.61,"Conte, Austin",1000462098,Right,,,,,,Fastball,Live,,86.15036,0.2571503641,-3.633942074,1807.174771,226.5435897,1:30,5.52451,2.96996,6.04455,-27.39607,9.76289,10.36017,3.48003,0.46493,79.19165,-4.883171519,-1.68897085,0.4387358984,-6.55333,5.21958,-2.69271,50,5.52965,7.63704,-125.2564,-0.27739,-10.47907,23.75602,-23.8277,dd04598b-940e-439a-b22e-5d18f374b7ef,3775fed6-8c16-4b2b-9c3f-5f7f88b8f153,85.91145,Pitching,25410021,,,,,,,,,,,,,,,,,,,,41.74001304,1348.465798,0.7461734304,,dc69c7ce-f5a4-49a1-b193-7ea742c8da16,b0c57eca-416d-4464-9ed7-4bcc991eb377
321,2026-09-29,20:52:41.26,"Conte, Austin",1000462098,Right,,,,,,Fastball,Live,,86.49245,-0.9690848586,-4.705157332,1869.319252,252.3816492,2:30,5.54538,3.03757,5.75113,-32.6915,4.94407,15.64935,1.91593,-0.04775,79.15665,-7.072538458,-1.77615959,0.4415406334,-9.71576,2.92501,-2.65633,50,5.44494,9.82079,-125.44905,-3.18281,-15.47587,25.48418,-27.51491,7c3e201b-f2ee-4925-85f9-87901ab887c2,3775fed6-8c16-4b2b-9c3f-5f7f88b8f153,85.36573,Pitching,25410021,,,,,,,,,,,,,,,,,,,239.9764467,44.12163999,1341.915888,0.7178634079,2:00,38862e09-54ab-4c18-8a4c-1adab68a72e6,b0c57eca-416d-4464-9ed7-4bcc991eb377