PitchNo,Date,Time,Pitcher,PitcherId,PitcherThrows,PitcherTeam,PitcherSet,PitchCall,Balls,Strikes,TaggedPitchType,PitchSession,Flag,RelSpeed,VertRelAngle,HorzRelAngle,SpinRate,SpinAxis,Tilt,RelHeight,RelSide,Extension,VertBreak,InducedVertBreak,HorzBreak,PlateLocHeight,PlateLocSide,ZoneSpeed,VertApprAngle,HorzApprAngle,ZoneTime,pfxx,pfxz,x0,y0,z0,vx0,vy0,vz0,ax0,ay0,az0,PlayID,CalibrationId,EffVelocity,PracticeType,Device,Direction,BatterId,Batter,HitSpinRate,HitType,ExitSpeed,BatterSide,Angle,PositionAt110X,PositionAt110Y,PositionAt110Z,Distance,LastTrackedDistance,HangTime,Bearing,ContactPositionX,ContactPositionY,ContactPositionZ,SpinAxis3dTransverseAngle,SpinAxis3dLongitudinalAngle,SpinAxis3dActiveSpinRate,SpinAxis3dSpinEfficiency,SpinAxis3dTilt,PitchUID,SessionId
1,2026-09-21,19:09:36.44,"Rodriguez, John",1000616296,Right,,,,,,,Live,,82.45343,,,1969.418163,,,5.19735,2.60768,11.04759,,,,3.90978,-0.2849,75.69285,,,0.4157467614,-12.4305,4.21643,-2.65688,50,5.18659,10.84061,-120.53732,2.42058,-18.27932,23.53534,-25.97369,14576d9d-a5b1-40d9-94b1-ec4b065bc75e,1ba7cfda-704c-4a99-b2db-42590f79c0dc,90.66201,Pitching,25410021,,,,,,,,,,,,,,,,,,,,20.0553225,1849.99647,0.9393619419,,155fdfa7-a4a8-4a05-9f36-9a64bdfa85e9,812b95f8-0936-47e4-9968-6b91dd79e813
2,2026-09-21,19:10:08.88,"Rodriguez, John",1000616296,Right,,,,,,Slider,Warmup,,72.04133,1.139408365,-4.865586968,1937.689529,100.3378828,9:15,5.37058,2.78307,4.50144,-56.19748,0.62465,-3.66274,1.77694,-2.16835,66.55173,-9.047049367,-5.531988395,0.5425379815,0.55521,0.01001,-2.26915,50,5.43816,8.99526,-104.27624,0.25995,0.61269,17.16575,-32.163,a883a265-38c0-4c22-acd4-540a6cbbac38,1ba7cfda-704c-4a99-b2db-42590f79c0dc,69.47429,Pitching,25410021,,,,,,,,,,,,,,,,,,,,,,,,496c7d56-a26a-4a48-9e0b-32cea01091e6,812b95f8-0936-47e4-9968-6b91dd79e813
3,2026-09-21,19:10:19.59,"Rodriguez, John",1000616296,Right,,,,,,Slider,Warmup,,71.2418,0.6062248552,-3.862505541,1992.961875,63.32918027,8:00,5.21408,2.65967,4.2696,-61.45173,-2.18458,-4.26617,0.6744,-1.39654,65.13163,-10.55088451,-4.643664227,0.5540875995,0.95952,-1.30818,-2.23493,50,5.21992,7.0994,-103.0906,-0.91122,1.01925,19.20591,-33.56366,7d721689-fdbf-4cbe-9e16-44b6e1217ec4,1ba7cfda-704c-4a99-b2db-42590f79c0dc,68.02614,Pitching,25410021,,,,,,,,,,,,,,,,,,,,,,,,7237a47a-48e0-4342-8fed-d7be46be0312,812b95f8-0936-47e4-9968-6b91dd79e813
4,2026-09-21,19:10:29.41,"Rodriguez, John",1000616296,Right,,,,,,,Warmup,,72.27028,0.5335301892,-5.931272128,1982.388501,54.53603206,7:45,5.2984,2.67615,4.81369,-57.06429,-0.64383,-0.84339,1.05111,-3.03216,66.35741,-9.880215234,-6.085814193,0.5406170113,-1.3284,-0.49399,-2.08482,50,5.30385,10.87375,-104.41353,-0.78569,-1.45692,18.65274,-32.71583,f6412f7a-109e-411e-bd0a-0b479eb983d2,1ba7cfda-704c-4a99-b2db-42590f79c0dc,69.72115,Pitching,25410021,,,,,,,,,,,,,,,,,,,,,,,,f960237a-e6d9-4b0b-bf1b-bf7b7184759a,812b95f8-0936-47e4-9968-6b91dd79e813
5,2026-09-21,19:10:56.71,"Rodriguez, John",1000616296,Right,,,,,,Slider,Warmup,,71.22629,1.412239999,-4.466031552,2019.480391,119.927631,10:00,5.23137,2.90348,4.56073,-56.82341,1.42445,-2.55729,1.84431,-1.56802,65.39427,-8.941335847,-4.933834589,0.5493022934,0.02822,0.32553,-2.43738,50,5.32666,8.13375,-103.10196,0.7507,0.03027,17.69769,-31.82486,6a89a404-7904-4389-bf73-0ad2c6af513f,1ba7cfda-704c-4a99-b2db-42590f79c0dc,68.61875,Pitching,25410021,,,,,,,,,,,,,,,,,,,,,,,,a6d4f838-fc10-4553-8801-3f80093031b2,812b95f8-0936-47e4-9968-6b91dd79e813
6,2026-09-21,19:11:05.62,"Rodriguez, John",1000616296,Right,,,,,,ChangeUp,Warmup,,76.89837,0.3628583996,-3.442729178,1710.231784,261.6490337,2:45,5.46181,2.80163,5.44083,-46.27007,1.85367,12.9579,1.94631,0.65444,70.48187,-8.229301137,-1.024005596,0.4992879373,-7.86607,0.88061,-2.50617,50,5.46242,6.3259,-111.64891,-0.68721,-9.9026,20.60096,-31.06545,f9bb09ef-e48b-4203-940b-e745e6fbd302,1ba7cfda-704c-4a99-b2db-42590f79c0dc,75.49239,Pitching,25410021,,,,,,,,,,,,,,,,,,,,20.24016162,1604.626262,0.9382507546,,84200796-211e-45fe-9b26-7f88313e165c,812b95f8-0936-47e4-9968-6b91dd79e813
7,2026-09-21,19:11:13.79,"Rodriguez, John",1000616296,Right,,,,,,,Warmup,,71.00598,2.943923306,-2.197752708,1892.814713,72.17029357,8:30,5.32736,2.79356,4.78221,-58.73266,-1.01903,-3.03544,3.22748,0.45675,65.24365,-7.825887211,-2.756563385,0.5467774585,0.97044,-1.33663,-2.57159,50,5.57158,4.0461,-102.99445,3.49145,1.04377,16.89605,-33.61168,41f50550-ea1f-4239-b5c9-8709d17c0f80,1ba7cfda-704c-4a99-b2db-42590f79c0dc,68.93561,Pitching,25410021,,,,,,,,,,,,,,,,,,,,70.42325747,634.2238034,0.3350691427,,223e32d0-7f13-499c-a5fe-059b95ac7f4e,812b95f8-0936-47e4-9968-6b91dd79e813
8,2026-09-21,19:11:23.51,"Rodriguez, John",1000616296,Right,,,,,,,Warmup,,70.25016,2.228811826,-4.271867787,1927.592794,120.178107,10:00,5.30447,2.82943,4.82988,-58.16001,1.27891,-2.27783,2.57517,-1.41284,64.23252,-8.450511066,-4.691371611,0.5548899756,-0.08249,0.00308,-2.40409,50,5.47727,7.6643,-101.68992,2.2222,-0.08583,17.65553,-32.17084,2f2459da-43f3-4fd8-8422-fcc9aac82c41,1ba7cfda-704c-4a99-b2db-42590f79c0dc,67.92777,Pitching,25410021,,,,,,,,,,,,,,,,,,,,,,,,787e0c9d-571b-40cb-8cd4-695c6092d501,812b95f8-0936-47e4-9968-6b91dd79e813
9,2026-09-21,19:11:32.67,"Rodriguez, John",1000616296,Right,,,,,,,Warmup,,83.02339,1.460065312,-5.369381646,2038.331761,234.8425735,1:45,5.44542,2.59327,5.53052,-33.03746,8.31312,11.94115,4.06326,-1.44488,75.51763,-4.699999911,-3.146645417,0.4628201102,-7.88627,4.01257,-2.13418,50,5.55083,10.9167,-120.21788,2.01964,-11.51967,23.71038,-26.31278,d6041466-4f30-4ec8-bc2f-921ff9cc42b5,1ba7cfda-704c-4a99-b2db-42590f79c0dc,81.4408,Pitching,25410021,,,,,,,,,,,,,,,,,,,,27.4543096,1808.772334,0.8873787716,,594550dd-44f1-4864-9e63-573eb42b37e7,812b95f8-0936-47e4-9968-6b91dd79e813
10,2026-09-21,19:11:37.95,"Rodriguez, John",1000616296,Right,,,,,,,Warmup,,48.80383,4.020307173,10.06990866,1422.585476,136.4507133,10:30,7.23433,0.27266,,-36.33223,60.4141,-58.96023,7.44643,3.41923,39.68155,-4.35474522,-3.551895587,0.7079272912,50.70627,42.06404,0.31516,50,6.99376,-13.51192,-71.09376,5.62126,22.71411,17.49153,-13.33127,97d40df0-cac6-41ac-8bfb-f81c41d9fcae,1ba7cfda-704c-4a99-b2db-42590f79c0dc,,Pitching,25410021,,,,,,,,,,,,,,,,,,,,,,,,68c5c42b-9dca-45fc-aeb7-66997e396ce4,812b95f8-0936-47e4-9968-6b91dd79e813
11,2026-09-21,19:12:00.48,"Rodriguez, John",1000616296,Right,,,,,,Fastball,Live,,84.12895,0.1939644025,-4.050562141,1971.405169,237.8878987,2:00,5.36423,2.6658,5.55985,-31.28264,8.82639,14.15784,2.93898,0.05552,76.59472,-5.649515194,-1.403102558,0.4558190156,-8.72208,4.6524,-2.32528,50,5.36062,8.18731,-122.07937,-0.59674,-13.11561,24.83542,-25.17812,d7ce7644-9603-4f6f-839a-5c2ad2cf4cfd,1ba7cfda-704c-4a99-b2db-42590f79c0dc,82.69168,Pitching,25410021,,,,,,,,,,,,,,,,,,,244.4768436,29.68870878,1712.617112,0.8687291371,2:15,97a17868-cfcd-4998-9adc-cb7290b53d4a,812b95f8-0936-47e4-9968-6b91dd79e813
12,2026-09-21,19:12:29.94,"Rodriguez, John",1000616296,Right,,,,,,ChangeUp,Live,,79.52262,2.083315213,-4.18069226,1730.864717,261.1962543,2:45,5.54615,2.86951,5.78262,-42.19831,2.26421,15.14874,3.97366,0.2359,72.5796,-5.819282339,-1.340821517,0.4799195693,-9.31333,0.63123,-2.53387,50,5.69285,7.98641,-115.3655,2.96428,-12.54194,21.6149,-31.32399,82a3d33d-5693-4286-95c5-13d776d2446f,1ba7cfda-704c-4a99-b2db-42590f79c0dc,78.53907,Pitching,25410021,,,,,,,,,,,,,,,,,,,,12.00213336,1693.027769,0.9781398586,,c95a6f38-718f-488e-9202-c7bd3092769d,812b95f8-0936-47e4-9968-6b91dd79e813
13,2026-09-21,19:12:44.38,"Rodriguez, John",1000616296,Right,,,,,,Fastball,Live,,84.37543,1.840888183,-5.661475587,1999.329467,250.3330291,2:15,5.35407,2.80434,5.79086,-34.06404,5.52895,15.77099,4.23661,-1.16439,76.86861,-4.533030884,-2.715709795,0.4528773338,-10.04007,2.46042,-2.34708,50,5.48572,11.61879,-122.16584,2.88299,-15.18467,23.89538,-28.45289,7cb6d449-b67f-45fd-b653-c4397ed9c3a3,1ba7cfda-704c-4a99-b2db-42590f79c0dc,83.2288,Pitching,25410021,,,,,,,,,,,,,,,,,,,255.9197392,24.90289302,1813.437319,0.9070227539,2:30,f749c56f-399d-4b0e-acf2-357dba57ce04,812b95f8-0936-47e4-9968-6b91dd79e813
14,2026-09-21,19:13:03.18,"Rodriguez, John",1000616296,Right,,,,,,Fastball,Live,,84.94461,2.233539322,-3.484103892,2073.38345,247.2958164,2:15,5.28923,2.84495,5.84511,-32.59265,6.22865,15.06617,4.65338,0.85918,77.34446,-3.887680353,-0.6534847836,0.4484421698,-9.09261,2.72657,-2.57045,50,5.45198,7.03952,-123.33082,3.8037,-13.99218,24.73121,-27.97827,3e039747-c42c-437c-8ea6-78e828a11785,1ba7cfda-704c-4a99-b2db-42590f79c0dc,84.05195,Pitching,25410021,,,,,,,,,,,,,,,,,,,,25.18807253,1876.237172,0.9049156689,,44a96498-62f5-478f-b3fc-d18843da81dc,812b95f8-0936-47e4-9968-6b91dd79e813
15,2026-09-21,19:13:21.81,"Rodriguez, John",1000616296,Right,,,,,,Fastball,Live,,84.82115,1.293796977,-4.626994149,1995.999313,232.8467529,1:45,5.30827,2.84733,5.9147,-29.52564,9.538,12.69886,4.05251,-0.39738,76.91924,-4.266081596,-2.237943368,0.4498396738,-8.22799,4.77377,-2.48355,50,5.39539,9.56755,-123.01395,1.88464,-12.53732,25.67753,-24.90007,f1e02ef0-d607-4226-9caf-9b05648f34f6,1ba7cfda-704c-4a99-b2db-42590f79c0dc,83.79083,Pitching,25410021,,,,,,,,,,,,,,,,,,,,31.63291547,1699.445257,0.8514257725,,fdf014fd-ebf7-43c1-a941-39c065355a3c,812b95f8-0936-47e4-9968-6b91dd79e813
16,2026-09-21,19:13:54.86,"Rodriguez, John",1000616296,Right,,,,,,Fastball,Live,,85.012,0.1286626585,-4.551786163,2104.233268,243.991439,2:15,5.27953,2.86972,5.91486,-31.8314,6.8404,14.1354,2.74669,-0.18503,77.68704,-5.842238466,-1.898547895,0.44757785,-8.90054,3.65667,-2.51286,50,5.27172,9.38715,-123.38047,-0.70234,-13.71757,24.58505,-26.53837,857cba40-950c-4b6d-ac85-6608335702cc,1ba7cfda-704c-4a99-b2db-42590f79c0dc,84.21426,Pitching,25410021,,,,,,,,,,,,,,,,,,,,20.48119238,1971.218573,0.9367870961,,68946d89-ec34-4d7a-aa17-e5facc839664,812b95f8-0936-47e4-9968-6b91dd79e813
17,2026-09-21,19:14:11.90,"Rodriguez, John",1000616296,Right,,,,,,Fastball,Live,,85.84294,0.01780596886,-4.819364181,1962.351986,230.7990121,1:45,5.26781,2.83489,5.93728,-28.43942,9.88645,12.20429,2.91443,-0.62886,77.51835,-5.350919166,-2.516297784,0.4455714964,-8.12297,5.35099,-2.45714,50,5.25332,10.11822,-124.44426,-0.83274,-12.58581,27.75949,-23.88316,26e7f90e-bb46-4eaa-9191-2042b2668d6c,1ba7cfda-704c-4a99-b2db-42590f79c0dc,84.59347,Pitching,25410021,,,,,,,,,,,,,,,,,,,,22.52182981,1812.690587,0.9237336623,,8db3e50c-90fe-4153-bd62-37248562875d,812b95f8-0936-47e4-9968-6b91dd79e813
18,2026-09-21,19:14:31.46,"Rodriguez, John",1000616296,Right,,,,,,Fastball,Live,,85.21837,0.2450671508,-5.773198165,2074.78364,245.2014328,2:15,5.22629,2.65203,5.89437,-31.86507,6.88205,15.0553,2.79952,-1.47083,77.59481,-5.732837995,-2.952539546,0.4480135703,-9.77842,3.64423,-2.19515,50,5.22781,12.0133,-123.41708,-0.45282,-15.04364,25.14577,-26.56757,ee416eb2-d6e0-4d1e-bed2-acb0e1307ba1,1ba7cfda-704c-4a99-b2db-42590f79c0dc,84.13236,Pitching,25410021,,,,,,,,,,,,,,,,,,,236.9774255,32.6158632,1747.596895,0.8423031979,2:00,428933ee-d637-40fe-ba5d-b6732f86ee54,812b95f8-0936-47e4-9968-6b91dd79e813
19,2026-09-21,19:14:51.45,"Rodriguez, John",1000616296,Right,,,,,,Slider,Live,,74.8004,3.193467757,-4.025498966,2208.763865,97.89878002,9:15,5.1161,2.92246,5.23824,-50.75122,0.5994,-4.50595,3.89844,-1.24224,68.50495,-6.189829008,-4.858685797,0.5157559955,1.25679,-0.57218,-2.54897,50,5.37317,7.76178,-108.35373,4.52317,1.49458,18.87986,-32.85448,d77452a7-f210-42c8-b597-914adc3ec567,1ba7cfda-704c-4a99-b2db-42590f79c0dc,73.08192,Pitching,25410021,,,,,,,,,,,,,,,,,,,,72.55948112,662.0008647,0.2997155446,,6dc39171-d358-4907-9572-9d571091bdb4,812b95f8-0936-47e4-9968-6b91dd79e813
20,2026-09-21,19:15:10.49,"Rodriguez, John",1000616296,Right,,,,,,Fastball,Live,,86.36194,-0.1335228768,-4.596486242,2121.149089,249.9802379,2:15,5.13392,2.75836,5.9823,-32.13141,5.23703,14.49789,2.33216,-0.30251,78.99117,-6.164597559,-1.872368373,0.4399708508,-9.12336,2.87092,-2.4033,50,5.10554,9.62937,-125.34773,-1.28625,-14.51716,25.30654,-27.60583,6c719e09-1fb1-4412-93d6-5901b0962ac4,1ba7cfda-704c-4a99-b2db-42590f79c0dc,85.67031,Pitching,25410021,,,,,,,,,,,,,,,,,,,,26.02648262,1906.046184,0.8985913313,,8dcda70f-8af9-487a-851d-07feaeb0447a,812b95f8-0936-47e4-9968-6b91dd79e813
21,2026-09-21,19:15:35.25,"Rodriguez, John",1000616296,Right,,,,,,Slider,Live,,75.60254,1.726224294,-4.486293676,2176.605335,116.0358167,9:45,5.21865,2.83519,5.06085,-48.61837,1.91721,-4.00206,2.80019,-1.73687,69.47631,-7.212824981,-5.222919207,0.5116465281,0.85667,0.52652,-2.40542,50,5.34523,8.72094,-109.54488,1.78164,1.04186,19.19549,-31.53371,b6b4b9d1-d886-43ef-a56e-5fdb13759d59,1ba7cfda-704c-4a99-b2db-42590f79c0dc,73.6689,Pitching,25410021,,,,,,,,,,,,,,,,,,,,,,,,fe4a3bbd-a7da-44d1-96d3-7a75e9af063e,812b95f8-0936-47e4-9968-6b91dd79e813
22,2026-09-21,19:16:07.23,"Rodriguez, John",1000616296,Right,,,,,,Fastball,Live,,84.7959,-0.1575468408,-5.598414702,2054.899627,241.6320125,2:00,5.25689,2.84858,6.03298,-30.94075,7.93301,14.8147,2.53192,-1.11688,77.32612,-5.973646583,-2.81571551,0.448745051,-9.62545,4.34724,-2.41888,50,5.22776,11.60073,-122.8766,-1.26679,-14.68917,24.76684,-25.53983,443f76db-1d19-4de7-ad43-bbd8888f753b,1ba7cfda-704c-4a99-b2db-42590f79c0dc,83.99522,Pitching,25410021,,,,,,,,,,,,,,,,,,,,23.2876054,1887.490914,0.9185319269,,5cb9ea5a-6636-457a-b6ce-1093dcecbba3,812b95f8-0936-47e4-9968-6b91dd79e813
23,2026-09-21,19:16:26.42,"Rodriguez, John",1000616296,Right,,,,,,Fastball,Live,,85.6882,0.1468444879,-5.955629058,2064.096272,242.0361824,2:00,5.24382,2.75657,5.97959,-30.63108,7.28629,13.86572,2.82807,-1.62767,78.67197,-5.582088687,-3.367213074,0.4431905621,-9.04278,3.89791,-2.29287,50,5.23836,12.52461,-124.14931,-0.62297,-14.20343,23.36949,-26.05163,864ba1e3-1386-40b2-a72e-1898d3e74153,1ba7cfda-704c-4a99-b2db-42590f79c0dc,85.04793,Pitching,25410021,,,,,,,,,,,,,,,,,,,,25.90770293,1856.652628,0.8994990466,,bb3c8621-bca9-4db4-9356-ff1c7c681644,812b95f8-0936-47e4-9968-6b91dd79e813
24,2026-09-21,19:16:47.40,"Rodriguez, John",1000616296,Right,,,,,,Slider,Live,,75.11227,1.750140261,-2.944732385,2185.522221,23.71068771,6:45,5.13176,2.83152,5.09018,-52.75032,-2.06333,-0.88901,2.38782,-0.01994,69.47289,-7.93959484,-3.108685444,0.512412439,-0.29611,-1.53239,-2.55261,50,5.25641,5.63906,-109.08113,1.68392,-0.35923,17.95336,-34.03306,5dc05100-5135-4b02-8010-dc7029a38a78,1ba7cfda-704c-4a99-b2db-42590f79c0dc,73.55879,Pitching,25410021,,,,,,,,,,,,,,,,,,,,,,,,e4551ce3-c292-4b9f-ac99-77d1ca6db264,812b95f8-0936-47e4-9968-6b91dd79e813
25,2026-09-21,19:17:06.58,"Rodriguez, John",1000616296,Right,,,,,,Fastball,Live,,86.19724,0.6465598751,-6.769199286,2152.92115,250.5690557,2:15,5.22206,2.73705,5.97474,-32.03255,5.41076,15.59327,3.15621,-2.26722,79.36746,-5.327494918,-3.871163472,0.4404113726,-10.08727,2.75888,-2.20882,50,5.25548,14.31963,-124.72082,0.42221,-16.06574,22.46763,-27.78006,39da4e65-f20c-4dfe-9d3f-7c3741703b0f,1ba7cfda-704c-4a99-b2db-42590f79c0dc,85.58462,Pitching,25410021,,,,,,,,,,,,,,,,,,,,,,,,ac64aabd-781c-4b25-8bba-7e8f200b5cf3,812b95f8-0936-47e4-9968-6b91dd79e813
26,2026-09-21,19:17:32.75,"Rodriguez, John",1000616296,Right,,,,,,Slider,Live,,75.69865,0.7202172724,-3.748227467,1064.055877,144.043168,10:45,5.18568,2.78036,5.22008,-47.01901,2.99076,-2.20295,1.94597,-0.93184,69.62529,-7.951211091,-4.156028548,0.5089777801,0.11611,1.37413,-2.43292,50,5.21755,7.26414,-109.84667,-0.06368,0.14185,19.46846,-30.49519,dba19c36-872a-435e-a860-adeb9ff5f659,1ba7cfda-704c-4a99-b2db-42590f79c0dc,74.05518,Pitching,25410021,,,,,,,,,,,,,,,,,,,,,,,,2405fc40-b77b-4ff9-9e3a-ba71f1859efa,812b95f8-0936-47e4-9968-6b91dd79e813
27,2026-09-21,19:18:06.72,"Rodriguez, John",1000616296,Right,,,,,,ChangeUp,Live,,80.84956,-0.3449071056,-5.195390208,1753.646039,246.5227676,2:15,5.36638,2.86749,5.81971,-36.10016,6.69933,15.55042,2.03608,-0.67957,74.36043,-7.074389621,-2.292257273,0.4708587999,-9.7278,3.69077,-2.45129,50,5.31664,10.19625,-117.25002,-1.78784,-13.6103,21.1209,-27.01023,a8f6bcab-e933-4e14-a7a2-349973b80865,1ba7cfda-704c-4a99-b2db-42590f79c0dc,80.05041,Pitching,25410021,,,,,,,,,,,,,,,,,,,,23.33396736,1610.218353,0.9182117239,,71ca9494-a3ac-44fd-9571-0630ffd4192c,812b95f8-0936-47e4-9968-6b91dd79e813
28,2026-09-21,19:18:21.70,"Rodriguez, John",1000616296,Right,,,,,,ChangeUp,Live,,80.62139,-0.3738462804,-4.078612212,1806.100358,253.5377819,2:30,5.29317,2.85049,5.84178,-38.30169,4.56584,15.58709,1.75309,0.35308,74.30279,-7.515292993,-1.161200146,0.4712329364,-9.45724,2.55382,-2.52761,50,5.24014,7.88691,-117.10809,-1.90516,-13.20044,21.0588,-28.60942,6c87c9a8-5290-4194-ac37-e186fcbee493,1ba7cfda-704c-4a99-b2db-42590f79c0dc,79.98685,Pitching,25410021,,,,,,,,,,,,,,,,,,,,22.08294276,1673.605908,0.9266405936,,e2e24f37-35f5-437a-921a-928fac72d1ca,812b95f8-0936-47e4-9968-6b91dd79e813
29,2026-09-21,19:18:38.61,"Rodriguez, John",1000616296,Right,,,,,,ChangeUp,Live,,80.47209,0.7195373733,-3.172098049,1710.418896,258.0692139,2:30,5.3435,2.9203,5.68598,-40.21299,3.06187,14.73171,2.66405,1.18872,73.96306,-6.776738569,-0.4170085464,0.4734664827,-8.73274,1.44455,-2.66278,50,5.37892,6.0329,-116.95942,0.24549,-12.13698,21.3683,-30.16638,dd2e2e98-b75a-452d-9208-456f07545b63,1ba7cfda-704c-4a99-b2db-42590f79c0dc,79.60952,Pitching,25410021,,,,,,,,,,,,,,,,,,,,19.23312237,1614.953741,0.9441860965,,63749c2f-104e-4bed-b5dc-fdff4916db07,812b95f8-0936-47e4-9968-6b91dd79e813
30,2026-09-21,19:19:30.34,"Bussard, Jack",824655,Left,,,,,,Fastball,Warmup,,84.05235,-0.8255410157,0.3654442816,2103.338153,160.7216901,11:15,6.8668,-1.10202,5.59233,-21.43183,18.4643,-6.46915,4.31004,-1.29995,76.68623,-4.830944921,-0.8471142591,0.4546077374,3.55795,10.09323,1.0749,50,6.7823,-0.57142,-122.27668,-2.45269,5.37416,24.6369,-16.92859,e9fae776-5e46-42ca-b3f6-e487af1f2b24,1ba7cfda-704c-4a99-b2db-42590f79c0dc,82.91201,Pitching,25410021,,,,,,,,,,,,,,,,,,,,-21.12905003,1961.9326,0.9327708898,,3c76a8f6-f1fc-45a3-9f5a-7c61b3f68cd1,812b95f8-0936-47e4-9968-6b91dd79e813
31,2026-09-21,19:19:50.49,"Bussard, Jack",824655,Left,,,,,,Fastball,Warmup,,86.14576,-2.81915123,2.587777817,2102.836667,151.6876385,11:00,6.75823,-1.03472,6.03521,-21.53396,15.94681,-8.59582,2.34887,0.64646,78.78705,-6.85869638,0.9654780048,0.4406316359,5.39853,9.45263,0.83765,50,6.52654,-5.39405,-125.14962,-6.82593,8.54341,25.76844,-17.21486,027ce034-8d32-4b94-865d-f1419b1e829b,1ba7cfda-704c-4a99-b2db-42590f79c0dc,85.54184,Pitching,25410021,,,,,,,,,,,,,,,,,,,,-21.82426683,1952.123116,0.9283284559,,7e9ce936-43d5-4a4c-b935-d28b7c5e02b2,812b95f8-0936-47e4-9968-6b91dd79e813
32,2026-09-21,19:20:11.76,"Bussard, Jack",824655,Left,,,,,,Slider,Warmup,,77.44089,-2.038113878,2.271047445,1073.036024,133.8361775,10:30,6.71924,-1.19998,5.60833,-40.47939,6.93924,-7.25866,1.44151,0.31579,70.78985,-9.568383935,0.9059474767,0.4956166609,4.58261,4.34053,1.01066,50,6.51932,-4.24641,-112.45326,-5.19432,5.80936,22.2976,-26.67158,6d18c3a9-1986-4b80-aa1f-63106c5002e5,1ba7cfda-704c-4a99-b2db-42590f79c0dc,76.0516,Pitching,25410021,,,,,,,,,,,,,,,,,,,,-25.4532294,968.8832954,0.9029364102,,58878ad7-f0a5-4197-99b2-2474f3e35e78,812b95f8-0936-47e4-9968-6b91dd79e813
33,2026-09-21,19:20:27.49,"Bussard, Jack",824655,Left,,,,,,Curveball,Warmup,,72.12482,0.8871704076,2.130290416,2089.445394,328.0672313,5:00,6.77468,-1.11093,5.62634,-60.02119,-5.73878,3.55172,2.60127,1.17348,66.54013,-10.25750726,2.79587212,0.5302747598,-1.28054,-3.32706,0.92743,50,6.81208,-3.99738,-104.84355,-0.02193,-1.41917,18.4417,-35.86129,8fa1ee92-d578-4cbb-a3a3-265eea859bac,1ba7cfda-704c-4a99-b2db-42590f79c0dc,71.08096,Pitching,25410021,,,,,,,,,,,,,,,,,,,,-50.31634962,1334.211678,0.6385482397,,422ce0ff-b3cc-4c04-9de9-e5260d96f309,812b95f8-0936-47e4-9968-6b91dd79e813
34,2026-09-21,19:20:44.07,"Bussard, Jack",824655,Left,,,,,,Fastball,Warmup,,84.61668,-1.653899883,2.598891704,2111.194921,160.7191126,11:15,6.75285,-1.03029,6.23062,-23.49036,15.05804,-5.27967,3.26772,0.92868,77.25141,-6.087994677,1.598435921,0.4468631922,3.6372,8.70783,0.8392,50,6.61778,-5.433,-123.05051,-4.23426,5.55503,25.30066,-18.87472,0477907f-7925-4f57-b1e2-a284cb7228b3,1ba7cfda-704c-4a99-b2db-42590f79c0dc,84.34895,Pitching,25410021,,,,,,,,,,,,,,,,,,,144.3771959,-22.59811005,1949.103482,0.9232228929,10:45,65f6c0d1-728e-456f-b91a-49dc07631ce1,812b95f8-0936-47e4-9968-6b91dd79e813
35,2026-09-21,19:20:50.49,"Bussard, Jack",824655,Left,,,,,,,Warmup,,42.74743,1.757256655,5.02346768,1102.390654,,,7.60565,3.95107,,,,,,,,,,,23.71764,28.12708,-4.30384,50,7.68409,-4.93889,-61.59108,0.39574,8.10452,12.33704,-22.56279,27ce0caf-b5a2-4adf-88d1-2f3958e18e0e,1ba7cfda-704c-4a99-b2db-42590f79c0dc,,Pitching,25410021,,,,,,,,,,,,,,,,,,,,,,,,43386a7d-41fb-426f-a425-975f35a06972,812b95f8-0936-47e4-9968-6b91dd79e813
36,2026-09-21,19:21:15.45,"Bussard, Jack",824655,Left,,,,,,Fastball,Live,,84.10039,-3.269095502,-0.4207627873,2035.091874,151.7669623,11:00,6.80023,-1.07768,5.8816,-21.94902,17.66381,-9.48904,1.93234,-2.25913,76.87934,-7.367109288,-2.209812659,0.4529908014,4.99927,10.4902,1.11704,50,6.52387,1.18747,-122.19572,-7.65081,7.52229,25.1678,-16.38969,d761d19d-2f26-4c1b-ada4-e1ef371c8f81,1ba7cfda-704c-4a99-b2db-42590f79c0dc,83.20796,Pitching,25410021,,,,,,,,,,,,,,,,,,,,-12.66632779,1985.565017,0.9756635771,,c19a61bd-fcfc-428e-aa87-bdabf75c55cc,812b95f8-0936-47e4-9968-6b91dd79e813
37,2026-09-21,19:21:33.90,"Bussard, Jack",824655,Left,,,,,,Fastball,Live,,85.96684,-1.884417732,2.675876622,2036.217354,149.2555303,11:00,6.80041,-1.20198,5.89675,-20.32564,17.57936,-10.47132,3.35484,0.41112,78.23733,-5.7043411,0.701289503,0.4431182683,6.44195,10.04937,0.99288,50,6.63722,-5.51167,-124.90925,-4.74731,10.12299,26.42135,-16.38231,55c22aae-f72b-4384-b5a2-ab227a8fc56e,1ba7cfda-704c-4a99-b2db-42590f79c0dc,85.0618,Pitching,25410021,,,,,,,,,,,,,,,,,,,,-14.88110479,1967.924304,0.9664608249,,eb9f604b-1ceb-4f44-b5b7-72a6252df696,812b95f8-0936-47e4-9968-6b91dd79e813
38,2026-09-21,19:21:50.60,"Bussard, Jack",824655,Left,,,,,,Curveball,Live,,72.08216,0.8800298098,0.6035370773,2031.839596,325.7458205,4:45,6.75635,-1.054,5.67669,-60.61124,-6.92046,4.68244,2.5258,-0.10122,67.13207,-10.33700918,1.478845265,0.5273770885,-2.34457,-3.92927,1.00027,50,6.79235,-1.23383,-104.93174,-0.05108,-2.62872,16.82311,-36.57954,b1f4b841-b211-4e61-8a86-50bc1f81fa19,1ba7cfda-704c-4a99-b2db-42590f79c0dc,71.47151,Pitching,25410021,,,,,,,,,,,,,,,,,,,340.3036079,-49.94556685,1307.519441,0.6435150906,5:15,28789d6c-082b-45f5-a7aa-613a52a3547d,812b95f8-0936-47e4-9968-6b91dd79e813
39,2026-09-21,19:22:16.95,"Bussard, Jack",824655,Left,,,,,,Fastball,Live,,86.70749,-2.596931773,2.32964494,2119.257298,152.4268312,11:00,6.77427,-0.87957,6.18146,-20.06669,16.52479,-8.63499,2.7007,0.55296,79.6408,-6.365793602,0.6992576763,0.4353728974,5.33137,9.70122,0.70836,50,6.56803,-4.8703,-126.08413,-6.32553,8.60712,24.93887,-16.51212,dc3a34fd-fde8-4754-9868-257a0e119693,1ba7cfda-704c-4a99-b2db-42590f79c0dc,86.57507,Pitching,25410021,,,,,,,,,,,,,,,,,,,,-15.06810102,2046.391966,0.9656175151,,4f0e5075-5ed1-4df5-ad76-b7fd7c74931a,812b95f8-0936-47e4-9968-6b91dd79e813
40,2026-09-21,19:22:50.93,"Bussard, Jack",824655,Left,,,,,,Curveball,Live,,72.1391,1.148659373,1.449162731,2183.215879,321.3299571,4:45,6.7089,-1.17488,5.6479,-62.62181,-8.59371,6.84502,2.56215,0.74731,66.81685,-10.46378432,2.730986365,0.5290311383,-3.2532,-4.91909,1.04785,50,6.76666,-2.84205,-104.92266,0.38713,-3.62244,17.9385,-37.65145,a50083ca-51c8-4e9f-9f1f-e1d1257157de,1ba7cfda-704c-4a99-b2db-42590f79c0dc,71.24805,Pitching,25410021,,,,,,,,,,,,,,,,,,,,0.196901216,2183.202987,0.999994095,,e635691e-5b6d-41dd-bfaf-59e59a9607c1,812b95f8-0936-47e4-9968-6b91dd79e813
41,2026-09-21,19:23:09.24,"Bussard, Jack",824655,Left,,,,,,Fastball,Live,,85.17648,-3.12850226,2.11326857,2109.665983,136.5733952,10:30,6.72795,-0.98215,5.90898,-24.47351,14.21794,-13.45172,1.78024,-0.14103,77.67434,-7.710845077,-0.4274311001,0.4476915791,7.90252,8.62076,0.82043,50,6.46302,-4.15046,-123.68287,-7.51698,12.15557,26.28002,-18.91369,42628ece-a3c4-40fa-becc-6bc8e63a5f32,1ba7cfda-704c-4a99-b2db-42590f79c0dc,84.19287,Pitching,25410021,,,,,,,,,,,,,,,,,,,,-16.22510468,2025.640837,0.9601713509,,d028e710-f0df-493e-8bf3-cc5b357f1654,812b95f8-0936-47e4-9968-6b91dd79e813
42,2026-09-21,19:23:43.24,"Bussard, Jack",824655,Left,,,,,,Splitter,Live,,77.77392,-0.6408267239,0.8630212351,902.8965468,100.5310159,9:15,6.59075,-1.24363,5.7159,-45.70821,0.72435,-4.10127,2.18477,-0.78151,71.53335,-9.154543592,0.09211951075,0.4904364139,2.44903,0.57344,1.1741,50,6.50918,-1.5848,-113.14941,-2.5992,3.16342,21.34673,-31.43334,57df12e4-4244-4410-afc9-db8b3a507b47,1ba7cfda-704c-4a99-b2db-42590f79c0dc,76.85489,Pitching,25410021,,,,,,,,,,,,,,,,,,,,-17.62154024,860.5298645,0.9530769251,,e51b7e88-d034-457c-8746-d9c45ab84932,812b95f8-0936-47e4-9968-6b91dd79e813
43,2026-09-21,19:24:17.61,"Bussard, Jack",824655,Left,,,,,,Curveball,Live,,71.35071,1.787755031,0.3189822254,2058.232189,327.6905412,5:00,6.6725,-1.08451,5.55121,-63.57641,-8.26035,5.19283,3.04531,-0.35375,66.07011,-9.993819609,1.289709037,0.5352997324,-2.67844,-4.89039,1.05356,50,6.78523,-0.72121,-103.78002,1.48329,-2.92481,17.16206,-37.51428,52ddc411-8da1-4ae4-94be-d69784b9d4d9,1ba7cfda-704c-4a99-b2db-42590f79c0dc,70.41371,Pitching,25410021,,,,,,,,,,,,,,,,,,,,-48.1991029,1371.902609,0.6665441423,,24dd05d0-05c3-47b6-a178-2e6a540c2205,812b95f8-0936-47e4-9968-6b91dd79e813
44,2026-09-21,19:24:45.49,"Bussard, Jack",824655,Left,,,,,,Fastball,Live,,86.22634,-3.156145166,2.68250522,2122.976897,138.0081516,10:30,6.6657,-0.92052,6.11218,-24.38078,13.04624,-11.73941,1.70996,0.58298,78.76323,-7.7346081,0.460213928,0.4403155975,7.1764,8.02786,0.72114,50,6.41079,-5.51418,-125.20978,-7.64331,11.33356,26.50454,-19.49579,cfc8ac6e-11a7-4b8b-ba99-8b02ce6c4844,1ba7cfda-704c-4a99-b2db-42590f79c0dc,85.60323,Pitching,25410021,,,,,,,,,,,,,,,,,,,,-15.94128767,2041.33494,0.9615436433,,48bf21fa-2c5f-41e5-b17c-1384b51e0cd6,812b95f8-0936-47e4-9968-6b91dd79e813
45,2026-09-21,19:25:01.74,"Bussard, Jack",824655,Left,,,,,,Fastball,Live,,85.99446,-3.347492167,2.838350452,2160.387616,141.9803152,10:45,6.67243,-0.97465,6.21767,-24.87634,12.42174,-9.70947,1.5035,0.83719,79.04215,-8.010043107,1.002819474,0.4395564383,6.08077,7.70254,0.76729,50,6.40921,-5.90646,-124.90241,-8.04768,9.61356,24.96985,-19.9965,20344f9a-132d-4b47-9fae-586f18f711f4,1ba7cfda-704c-4a99-b2db-42590f79c0dc,85.75108,Pitching,25410021,,,,,,,,,,,,,,,,,,,,-24.72071275,1962.403337,0.9083570568,,ffa06cba-f64c-46b5-a53c-2872836b76f7,812b95f8-0936-47e4-9968-6b91dd79e813
46,2026-09-21,19:25:20.70,"Bussard, Jack",824655,Left,,,,,,Splitter,Live,,77.38694,1.365176469,0.3473457271,961.6110078,136.6959724,10:30,6.59688,-1.23628,5.70404,-40.12276,6.58475,-6.24193,4.52541,-1.43284,71.02788,-6.131363721,-0.8226369985,0.4918863097,3.43745,3.15335,1.21108,50,6.68628,-0.50033,-112.61277,1.51147,4.4217,20.12435,-28.1178,a1b2795f-7b04-453c-a23a-3559aaea0824,1ba7cfda-704c-4a99-b2db-42590f79c0dc,76.62836,Pitching,25410021,,,,,,,,,,,,,,,,,,,,-30.13817936,831.6175893,0.864817044,,a1a9f6b3-6c7d-4058-9955-fa94cfe0bcd8,812b95f8-0936-47e4-9968-6b91dd79e813
47,2026-09-21,19:25:41.93,"Bussard, Jack",824655,Left,,,,,,Curveball,Live,,72.19338,0.9853349073,0.7495716316,2121.714482,331.7637199,5:00,6.60547,-1.20918,5.613,-62.88047,-9.23352,4.93476,2.28512,-0.0984,67.31799,-10.62935983,1.670720385,0.5271618029,-2.4357,-5.18039,1.14208,50,6.64904,-1.51188,-105.08007,0.0605,-2.73964,16.80935,-38.00086,6257ddb4-2797-42da-b94e-afd091d40888,1ba7cfda-704c-4a99-b2db-42590f79c0dc,71.5007,Pitching,25410021,,,,,,,,,,,,,,,,,,,,-51.12192867,1331.726253,0.6276651566,,9fa95bf9-6bcc-4401-bdab-b4302e56f68a,812b95f8-0936-47e4-9968-6b91dd79e813
48,2026-09-21,19:26:12.67,"Bussard, Jack",824655,Left,,,,,,Splitter,Live,,77.8046,-2.081194459,3.382164185,966.435231,122.1735959,10:00,6.67375,-1.17051,5.90571,-41.55012,4.08033,-6.53138,1.27546,1.42785,72.63328,-9.762115022,2.162272774,0.4861818408,4.34272,2.70576,0.90284,50,6.48255,-6.4974,-113.09601,-5.30294,5.69053,18.3634,-28.62852,da210426-d266-4884-9f15-5e3be566409d,1ba7cfda-704c-4a99-b2db-42590f79c0dc,77.52745,Pitching,25410021,,,,,,,,,,,,,,,,,,,,-28.81034525,846.8095698,0.876219681,,f008d58e-1b0d-40de-a2a2-5f89307b90ad,812b95f8-0936-47e4-9968-6b91dd79e813
49,2026-09-21,19:26:44.00,"Bussard, Jack",824655,Left,,,,,,Fastball,Live,,84.4977,-2.598632133,3.764928475,2079.933295,155.9288094,11:15,6.69069,-1.28614,6.39566,-19.98674,18.36509,-8.21666,2.62874,1.49617,77.49497,-6.368561486,2.209674222,0.4457224087,5.54148,10.79532,1.01996,50,6.49476,-7.84711,-122.73811,-6.14132,8.46713,23.9194,-15.67929,8eb7732d-f0fd-4d7b-a70f-f2dd5e5d3e93,1ba7cfda-704c-4a99-b2db-42590f79c0dc,84.56483,Pitching,25410021,,,,,,,,,,,,,,,,,,,,-21.75277445,1931.82459,0.9287916082,,3ef321cd-984c-457d-a5a1-8a7ef80758f7,812b95f8-0936-47e4-9968-6b91dd79e813
50,2026-09-21,19:27:02.42,"Bussard, Jack",824655,Left,,,,,,Fastball,Live,,84.19109,-2.257766348,2.241853342,2110.450222,152.6100251,11:00,6.69997,-1.25922,6.12781,-21.35099,17.78874,-9.2263,2.83136,0.04496,76.77097,-6.281020396,0.4946628037,0.4502776037,5.67964,10.34786,1.09291,50,6.51641,-4.52147,-122.39109,-5.45357,8.57305,25.25686,-16.55463,4e2dd1f6-03c3-4331-8059-f22b5d132e41,1ba7cfda-704c-4a99-b2db-42590f79c0dc,83.70934,Pitching,25410021,,,,,,,,,,,,,,,,,,,,-16.34081963,2025.198777,0.9596050911,,65f6fd78-6ee3-4b67-8d3e-dd4d9430a0b1,812b95f8-0936-47e4-9968-6b91dd79e813
51,2026-09-21,19:27:28.42,"Bussard, Jack",824655,Left,,,,,,Curveball,Live,,71.76973,2.262888353,0.6026977847,2132.023999,317.2600051,4:30,6.64809,-1.27573,5.55697,-62.32639,-7.71745,7.08694,3.5694,-0.1221,66.43036,-9.292779937,1.926067814,0.5318672825,-3.61169,-4.71921,1.21911,50,6.80253,-1.29485,-104.36931,2.39242,-3.99591,17.06469,-37.39531,60dd72f6-1b0a-4ee0-b329-878895bafd08,1ba7cfda-704c-4a99-b2db-42590f79c0dc,70.86813,Pitching,25410021,,,,,,,,,,,,,,,,,,,,-49.7654937,1377.111752,0.6459175657,,d65d115f-2d92-41c3-b7c2-19108c23a876,812b95f8-0936-47e4-9968-6b91dd79e813
52,2026-09-21,19:28:07.67,"Bussard, Jack",824655,Left,,,,,,Fastball,Live,,85.07998,-1.763974355,2.477217434,2089.178983,146.9491082,11:00,6.71059,-1.02884,6.24706,-21.37503,16.56552,-10.79492,3.30066,0.35736,77.9568,-5.793871167,0.4345725183,0.4433260313,6.57862,9.53426,0.85027,50,6.56891,-5.04119,-123.7695,-4.43584,10.21391,24.49435,-17.37123,bbd4951c-649e-4e14-b9a1-5f160084453b,1ba7cfda-704c-4a99-b2db-42590f79c0dc,85.02194,Pitching,25410021,,,,,,,,,,,,,,,,,,,,-20.62799349,1955.236541,0.9358875217,,e95896e6-fc6c-4acb-a64a-e68c3217d7d8,812b95f8-0936-47e4-9968-6b91dd79e813
53,2026-09-21,19:28:35.30,"Bussard, Jack",824655,Left,,,,,,Splitter,Live,,76.75049,-0.5634258314,2.359874976,925.3339476,99.63393841,9:15,6.61779,-1.38949,5.72711,-46.62131,0.88754,-5.45336,2.20755,0.35487,70.91563,-9.224558906,1.338202885,0.4960879303,3.56919,0.63005,1.1962,50,6.54219,-4.44278,-111.62244,-2.4432,4.50973,19.81495,-31.37797,7201ed9a-5e21-4dc3-9e63-fa27a170105b,1ba7cfda-704c-4a99-b2db-42590f79c0dc,75.97935,Pitching,25410021,,,,,,,,,,,,,,,,,,,,-20.46532029,866.9305604,0.9368839895,,e33f1b77-ad31-45d4-adef-1ff564b2bc77,812b95f8-0936-47e4-9968-6b91dd79e813
54,2026-09-21,19:28:55.59,"Bussard, Jack",824655,Left,,,,,,Fastball,Live,,85.67029,-2.800285446,1.67354619,2153.236571,151.5841214,11:00,6.73063,-1.0241,6.04046,-22.35232,15.42367,-8.34925,2.2724,-0.17014,78.55915,-6.988003484,0.09804237856,0.4423635699,4.99355,9.14426,0.89837,50,6.50036,-3.38545,-124.55247,-6.77385,7.84306,25.05212,-17.81171,09811d42-d170-4304-bb0a-5b6a90f26ce0,1ba7cfda-704c-4a99-b2db-42590f79c0dc,85.20692,Pitching,25410021,,,,,,,,,,,,,,,,,,,,-20.20607554,2020.718647,0.9384564027,,23441638-dd29-4aef-9ddc-41c491313389,812b95f8-0936-47e4-9968-6b91dd79e813
55,2026-09-21,19:29:51.41,"Rodriguez, John",1000616296,Right,,,,,,,Warmup,,80.82022,1.044493923,-2.527314055,1907.764397,262.5821145,2:45,5.4026,2.67322,10.36957,-33.56315,1.98206,15.56016,3.49466,1.8198,74.46133,-5.809039341,0.6583410939,0.4291034135,-10.64077,0.97253,-2.66753,50,5.40494,5.2096,-118.37635,2.12719,-15.08828,22.74365,-30.79503,28bd2f46-43fa-4d0d-a1aa-e7f246c5ae3e,1ba7cfda-704c-4a99-b2db-42590f79c0dc,87.83999,Pitching,25410021,,,,,,,,,,,,,,,,,,,,27.5314244,1691.724291,0.8867574495,,66fb8faa-d1f1-4c62-bedb-4627fe024733,812b95f8-0936-47e4-9968-6b91dd79e813
56,2026-09-21,19:30:20.12,"Rodriguez, John",1000616296,Right,,,,,,,Warmup,,79.51167,0.02321648618,-4.812662149,1858.24108,255.5816033,2:30,5.55019,2.84115,5.18217,-41.03355,4.26445,16.79518,2.15265,-0.29735,73.1646,-7.536829183,-1.709818554,0.4844075533,-10.08901,2.23342,-2.40611,50,5.52161,9.15713,-115.26959,-1.29193,-13.6451,20.38012,-29.15341,29766b67-03ec-4d1e-a3f7-d1d25edc10c3,1ba7cfda-704c-4a99-b2db-42590f79c0dc,77.81142,Pitching,25410021,,,,,,,,,,,,,,,,,,,245.3609608,27.60818433,1646.656903,0.8861373914,2:15,26bb18d0-2b9d-49eb-a123-291f980970c0,812b95f8-0936-47e4-9968-6b91dd79e813
57,2026-09-21,19:30:29.27,"Rodriguez, John",1000616296,Right,,,,,,,Warmup,,80.16455,0.3635823154,-3.062348164,1857.482482,257.1314144,2:30,5.45382,2.92186,5.21969,-40.77224,3.85355,17.0803,2.39842,1.46363,73.29181,-7.190919479,0.1156062325,0.4807999313,-9.87437,1.92658,-2.65199,50,5.45739,5.67086,-116.39402,-0.5878,-13.51122,22.36989,-29.53789,4acef113-020a-452c-b736-51ae8ce3daae,1ba7cfda-704c-4a99-b2db-42590f79c0dc,78.39527,Pitching,25410021,,,,,,,,,,,,,,,,,,,241.6670195,32.40905135,1568.167079,0.8442432673,2:00,21099c09-8924-4811-8a3e-e7c445326946,812b95f8-0936-47e4-9968-6b91dd79e813
58,2026-09-21,19:30:38.40,"Rodriguez, John",1000616296,Right,,,,,,,Warmup,,81.93935,0.3658430706,-5.050043809,1939.445771,255.0069696,2:30,5.54828,2.69717,5.20104,-38.26115,4.41688,16.72461,2.70524,-0.67051,75.20186,-6.695924956,-1.959832174,0.4701901953,-10.13082,2.22429,-2.24147,50,5.55377,9.93285,-118.7419,-0.52051,-14.53081,21.75524,-28.98372,9f7c166b-27a9-4b56-b2f1-8d31029f294e,1ba7cfda-704c-4a99-b2db-42590f79c0dc,80.16424,Pitching,25410021,,,,,,,,,,,,,,,,,,,246.4901821,31.39431648,1655.515711,0.8536024752,2:15,5b6b686e-1ba9-4687-80d3-7cd73e38bb0a,812b95f8-0936-47e4-9968-6b91dd79e813
59,2026-09-21,19:30:46.69,"Rodriguez, John",1000616296,Right,,,,,,,Warmup,,72.41234,1.457614453,-3.663821231,1998.111889,89.68429224,9:00,5.42629,2.90724,4.34894,-56.76495,-0.06222,-3.85437,2.09145,-0.91869,66.45556,-8.857560986,-4.367576899,0.5419676345,0.91358,-0.45255,-2.50973,50,5.52828,6.84367,-104.88467,0.79535,1.01413,18.31713,-32.6764,1d5f4635-6e44-4723-b798-302107328a8e,1ba7cfda-704c-4a99-b2db-42590f79c0dc,69.5474,Pitching,25410021,,,,,,,,,,,,,,,,,,,,80.04636666,345.3759664,0.1728511643,,ef941062-8637-421c-b413-563437369ad4,812b95f8-0936-47e4-9968-6b91dd79e813
60,2026-09-21,19:30:55.64,"Rodriguez, John",1000616296,Right,,,,,,,Warmup,,74.97207,0.3692676637,-4.510020267,1598.171693,262.2952372,2:45,5.57429,2.84644,5.5993,-47.97169,2.09449,15.89859,1.92242,-0.04728,69.25973,-8.520426448,-1.550367328,0.5092647906,-9.65426,1.0195,-2.47026,50,5.57495,8.12404,-108.80626,-0.67956,-11.64081,18.05197,-30.94477,d5b32e5d-0772-40e6-b760-623168a9b7e7,1ba7cfda-704c-4a99-b2db-42590f79c0dc,74.01344,Pitching,25410021,,,,,,,,,,,,,,,,,,,,23.39761704,1466.755861,0.9177711425,,0fd8fca0-7f34-4400-a81b-7d731177ca77,812b95f8-0936-47e4-9968-6b91dd79e813
61,2026-09-21,19:31:03.84,"Rodriguez, John",1000616296,Right,,,,,,,Warmup,,70.9912,1.277373963,-3.532884233,1994.616148,98.76710811,9:15,5.3975,2.96568,4.71228,-58.0318,0.97371,-6.58507,1.77617,-0.93979,64.34754,-9.404490001,-4.75225107,0.5528632052,2.24056,0.07822,-2.6028,50,5.47716,6.54604,-102.77139,0.52404,2.35011,20.09336,-32.09201,dc2173c2-abb0-4a4c-ab24-535cdfc8cbce,1ba7cfda-704c-4a99-b2db-42590f79c0dc,68.17679,Pitching,25410021,,,,,,,,,,,,,,,,,,,,75.506613,499.189113,0.2502682602,,78afcefa-c36d-4335-a4e8-f915a33879f9,812b95f8-0936-47e4-9968-6b91dd79e813
62,2026-09-21,19:31:14.32,"Rodriguez, John",1000616296,Right,,,,,,,Warmup,,80.57339,0.567151025,-4.609256901,1958.472434,256.7646887,2:30,5.38798,2.78566,5.36935,-39.73094,4.22758,18.25029,2.6105,-0.02384,73.71797,-6.804761435,-1.216435207,0.4771917714,-10.937,2.08036,-2.3849,50,5.41112,8.83471,-116.82838,-0.1113,-15.12365,21.9041,-29.29733,7ce00c31-2d7e-44bc-80a7-b750778bf42f,1ba7cfda-704c-4a99-b2db-42590f79c0dc,78.98803,Pitching,25410021,,,,,,,,,,,,,,,,,,,,19.43655637,1846.860143,0.9430105375,,e8584675-68e1-409f-aded-5dae65ad7594,812b95f8-0936-47e4-9968-6b91dd79e813
63,2026-09-21,19:31:19.80,"Rodriguez, John",1000616296,Right,,,,,,,Warmup,,37.39453,-1.09346276,6.173824315,1073.791911,,,9.85187,4.94535,,,,,,,,,,,21.80534,33.27332,-5.21786,50,9.77623,-5.62366,-54.07952,-2.15118,5.78366,9.2519,-23.34862,a33c54ce-1817-4b04-a7e1-731583c005b3,1ba7cfda-704c-4a99-b2db-42590f79c0dc,,Pitching,25410021,,,,,,,,,,,,,,,,,,,,,,,,168474c4-21fa-4be5-829a-dbfda722324a,812b95f8-0936-47e4-9968-6b91dd79e813
64,2026-09-21,19:31:45.87,"Rodriguez, John",1000616296,Right,,,,,,ChangeUp,Live,,77.51901,1.033005583,-2.741581693,1624.936199,265.4662822,2:45,5.56059,2.84619,5.68882,-45.23137,1.14249,15.07483,2.75516,1.54563,71.72676,-7.371615164,0.07151889209,0.4901263114,-8.74761,0.34901,-2.62531,50,5.61906,4.95439,-112.74641,0.70126,-11.35932,18.80385,-31.72084,27702cfc-d0c3-4de3-80d5-ebaae4fddb99,1ba7cfda-704c-4a99-b2db-42590f79c0dc,76.90352,Pitching,25410021,,,,,,,,,,,,,,,,,,,,17.76390435,1547.462147,0.9523217882,,c69f6c51-f128-43d0-b8e3-20e880cc5bec,812b95f8-0936-47e4-9968-6b91dd79e813
65,2026-09-21,19:32:07.00,"Rodriguez, John",1000616296,Right,,,,,,Slider,Live,,73.36887,1.026521138,-2.308806438,2095.109893,95.71104992,9:15,5.41778,2.91348,4.92062,-53.17233,0.48884,-5.30073,1.95801,0.28807,67.67888,-8.721962994,-3.286586439,0.52723167,2.12656,-0.02756,-2.68427,50,5.47452,4.46189,-106.55888,0.24936,2.4479,18.11339,-32.20577,8df3992e-62a2-41d4-9586-44fce24830e0,1ba7cfda-704c-4a99-b2db-42590f79c0dc,71.49123,Pitching,25410021,,,,,,,,,,,,,,,,,,,,,,,,3e3dc43e-bc03-4088-a1b5-b99170c4534b,812b95f8-0936-47e4-9968-6b91dd79e813
66,2026-09-21,19:32:19.44,"Rodriguez, John",1000616296,Right,,,,,,Slider,Live,,72.22024,1.707555477,-2.929033182,2077.078794,110.3021267,9:45,5.23994,2.99891,4.70649,-53.99715,1.8097,-5.00121,2.36331,-0.20003,66.63529,-8.151036725,-3.84600668,0.5376691619,1.79833,0.4767,-2.69818,50,5.36571,5.52057,-104.79484,1.41521,2.00678,17.13149,-31.64209,ec173b7a-7674-4a41-8cae-c5eede35008f,1ba7cfda-704c-4a99-b2db-42590f79c0dc,70.1034,Pitching,25410021,,,,,,,,,,,,,,,,,,,,,,,,0fbe0032-54bc-409b-bbf3-e82079d02fd2,812b95f8-0936-47e4-9968-6b91dd79e813
67,2026-09-21,19:32:32.85,"Rodriguez, John",1000616296,Right,,,,,,Fastball,Live,,84.39717,0.2205650041,-3.036875855,2079.314807,254.8242084,2:30,5.28259,2.78996,5.62067,-35.29093,4.27703,15.92431,2.54778,1.28069,77.22413,-6.365721259,-0.05577626702,0.4527341613,-9.35733,2.22309,-2.54133,50,5.27888,5.99349,-122.6411,-0.66412,-14.24278,24.39417,-28.79029,db35b087-5a69-424e-8974-36d5e79bc7e0,1ba7cfda-704c-4a99-b2db-42590f79c0dc,83.25512,Pitching,25410021,,,,,,,,,,,,,,,,,,,,21.55019203,1933.962696,0.93009615,,ef9e624c-9cfb-4873-9436-32a281c37b04,812b95f8-0936-47e4-9968-6b91dd79e813
68,2026-09-21,19:32:57.32,"Rodriguez, John",1000616296,Right,,,,,,Slider,Live,,73.93181,1.170352714,-3.612774557,2172.195937,118.8939003,10:00,5.2283,2.89618,4.78615,-50.70169,2.14024,-3.95567,2.1146,-0.86162,68.61939,-8.063743346,-4.335904165,0.5231915312,1.14046,0.81344,-2.53211,50,5.30185,6.90245,-107.29991,0.55972,1.34245,16.88436,-31.21654,4c0c07dd-4b54-41b3-a3e5-16576d2397c6,1ba7cfda-704c-4a99-b2db-42590f79c0dc,72.04329,Pitching,25410021,,,,,,,,,,,,,,,,,,,,,,,,9c67da81-0855-49f2-aeb3-46f182914202,812b95f8-0936-47e4-9968-6b91dd79e813
69,2026-09-21,19:33:08.49,"Rodriguez, John",1000616296,Right,,,,,,Slider,Live,,73.20623,1.062544915,-3.656101815,2136.878173,83.9618974,8:45,5.16548,3.09584,5.09372,-54.48291,-0.5824,-5.14815,1.62861,-0.78291,67.31751,-8.960563266,-4.60816087,0.5284061092,1.64674,-0.61227,-2.74653,50,5.22417,6.94043,-106.18064,0.32527,1.87343,18.77352,-32.8706,832c2c13-0188-43d8-abb2-ccb84ae44770,1ba7cfda-704c-4a99-b2db-42590f79c0dc,71.33233,Pitching,25410021,,,,,,,,,,,,,,,,,,,,,,,,67a3ea20-e3c3-4694-98ed-feafb15532aa,812b95f8-0936-47e4-9968-6b91dd79e813
70,2026-09-21,19:33:20.65,"Rodriguez, John",1000616296,Right,,,,,,Fastball,Live,,84.05602,0.8180784573,-3.837821546,2026.631378,252.8352171,2:30,5.33973,2.81938,5.63192,-35.27935,4.5692,14.97889,3.16473,0.48203,76.96692,-5.762714041,-1.039895419,0.4543365385,-9.04454,2.21739,-2.50244,50,5.38691,7.70761,-122.05775,0.61536,-13.67354,23.54494,-28.8218,93ebdba3-2548-4a79-be9d-c14681c26445,1ba7cfda-704c-4a99-b2db-42590f79c0dc,82.9615,Pitching,25410021,,,,,,,,,,,,,,,,,,,,28.54288112,1780.3141,0.878459753,,3f03a6e4-c372-4b9a-9a27-e988dd4ff407,812b95f8-0936-47e4-9968-6b91dd79e813
71,2026-09-21,19:34:08.73,"Rodriguez, John",1000616296,Right,,,,,,Slider,Live,,72.92875,1.397323397,-3.391712111,2171.82274,80.7898869,8:45,5.3472,2.83954,5.0098,-55.61692,-1.04172,-6.20819,2.03374,-0.88244,66.89901,-8.836142709,-4.539784875,0.5317029431,2.25065,-0.9571,-2.50935,50,5.43758,6.45715,-105.76226,0.89056,2.53492,18.98273,-33.25204,c922bb7a-7e22-4da5-a25c-0ab6ff227dcc,1ba7cfda-704c-4a99-b2db-42590f79c0dc,70.89003,Pitching,25410021,,,,,,,,,,,,,,,,,,,,,,,,ee7c44c7-0b23-41de-ae2c-b8ff5b64a763,812b95f8-0936-47e4-9968-6b91dd79e813
72,2026-09-21,19:34:24.18,"Rodriguez, John",1000616296,Right,,,,,,Slider,Live,,72.35987,-0.0770924489,-5.742695856,2160.433552,29.19501968,7:00,5.2468,2.9479,4.79969,-60.35765,-3.70647,-2.05481,0.14359,-2.68229,66.25336,-11.0941613,-6.120650251,0.5417212528,-0.76535,-1.9053,-2.37306,50,5.18866,10.57397,-104.51512,-2.0009,-0.83477,19.90501,-34.25216,efb388d3-34f3-43fb-9f45-7d87bb5c1126,1ba7cfda-704c-4a99-b2db-42590f79c0dc,69.57903,Pitching,25410021,,,,,,,,,,,,,,,,,,,,,,,,ab0fdccd-d061-42b1-a1b4-698bfafc5244,812b95f8-0936-47e4-9968-6b91dd79e813
73,2026-09-21,19:34:46.33,"Rodriguez, John",1000616296,Right,,,,,,Fastball,Live,,84.25047,1.483322071,-3.983126577,2073.392804,251.1951539,2:15,5.38003,2.87328,5.343,-34.5821,5.82955,17.34613,3.89311,0.57689,76.43803,-4.962757852,-0.7477817142,0.4575353725,-10.35504,2.65138,-2.52647,50,5.48955,7.92628,-122.16679,2.01421,-15.56775,25.24009,-28.18798,927f9f37-4f56-44bc-9a80-19cd5d56bfe3,1ba7cfda-704c-4a99-b2db-42590f79c0dc,82.38148,Pitching,25410021,,,,,,,,,,,,,,,,,,,,22.92399949,1909.641076,0.9210223324,,99e0ce93-7b6c-49f1-a7b3-c1afbb7ee04d,812b95f8-0936-47e4-9968-6b91dd79e813
74,2026-09-21,19:35:00.48,"Rodriguez, John",1000616296,Right,,,,,,Fastball,Live,,82.64628,-1.323193771,-5.388762198,2037.611559,247.9192423,2:15,5.34826,2.84012,5.24296,-35.29575,6.89472,17.0624,1.15785,-0.81665,75.54769,-7.847106088,-2.22602049,0.4674967553,-10.52535,4.01131,-2.3568,50,5.20057,10.71454,-119.62044,-3.95284,-15.22385,23.45202,-26.3721,55d69cb9-2f7e-4b9b-9923-b9b146f1f37a,1ba7cfda-704c-4a99-b2db-42590f79c0dc,80.6261,Pitching,25410021,,,,,,,,,,,,,,,,,,,,16.66506009,1952.026889,0.9579975539,,ab2aafdd-5177-4d43-8e69-d74ca1746486,812b95f8-0936-47e4-9968-6b91dd79e813
75,2026-09-21,19:35:24.22,"Rodriguez, John",1000616296,Right,,,,,,ChangeUp,Live,,79.61429,2.059377276,-4.084072885,1697.706803,254.2095088,2:30,5.54599,2.85697,5.74758,-40.37647,3.87043,13.96997,4.10399,0.21298,72.9096,-5.484317649,-1.472049616,0.4787544908,-8.58789,1.52063,-2.52626,50,5.69263,7.83364,-115.54112,2.96242,-11.64761,20.85917,-30.11164,c2a460c1-e601-4ea4-badf-6b6c2dbfb7cf,1ba7cfda-704c-4a99-b2db-42590f79c0dc,78.7302,Pitching,25410021,,,,,,,,,,,,,,,,,,,,26.01699105,1525.668,0.8986640079,,2d481c6c-27cd-4486-93a1-4d14beddd8fe,812b95f8-0936-47e4-9968-6b91dd79e813
76,2026-09-21,19:35:40.76,"Rodriguez, John",1000616296,Right,,,,,,ChangeUp,Live,,78.66708,1.677508422,-3.646679483,1723.298276,261.4155047,2:45,5.46604,3.05245,5.73023,-42.50738,2.50324,17.06876,3.48941,1.07459,72.62496,-6.232941609,-0.4636132814,0.4828685216,-10.04016,0.92006,-2.75909,50,5.57971,6.77754,-114.30211,2.09108,-13.41678,19.07747,-30.94455,e629c2cf-f282-4f53-8c1f-4a4cd46f39ed,1ba7cfda-704c-4a99-b2db-42590f79c0dc,78.05942,Pitching,25410021,,,,,,,,,,,,,,,,,,,,27.88053995,1523.26558,0.8839245077,,02a9312f-0ab9-4999-9545-738a039ec606,812b95f8-0936-47e4-9968-6b91dd79e813
77,2026-09-21,19:36:22.54,"Garrett, Walter",1000500484,Left,,,,,,,Warmup,,84.86345,-0.5941827848,3.274774677,2028.564061,139.4638611,10:45,6.1749,-2.46771,5.38009,-29.76952,9.96954,-8.5632,3.13627,-0.1086,77.15711,-6.140019975,1.675343095,0.4537119708,5.51659,5.4653,2.18077,50,6.1011,-6.76133,-123.18117,-2.27676,8.41989,25.98554,-23.83245,b8e6d154-580f-437e-9765-253ac5ccf46c,1ba7cfda-704c-4a99-b2db-42590f79c0dc,83.0757,Pitching,25410021,,,,,,,,,,,,,,,,,,,,-24.7641323,1842.017069,0.9080398816,,f6047066-9a21-4a2f-b0f2-9b750de6be9b,812b95f8-0936-47e4-9968-6b91dd79e813
78,2026-09-21,19:36:33.35,"Garrett, Walter",1000500484,Left,,,,,,,Warmup,,81.90498,0.9821556273,0.8197994584,1959.886219,141.0612527,10:45,6.30325,-2.51893,5.40637,-27.6934,14.71873,-11.92337,4.91575,-2.74449,74.4934,-4.188251999,-1.409825922,0.468723182,6.56573,7.525,2.45427,50,6.37151,-1.31882,-119.08287,1.14714,9.38598,23.8203,-21.41675,bf578668-e9a0-4b4d-88a8-56b395dea925,1ba7cfda-704c-4a99-b2db-42590f79c0dc,80.41514,Pitching,25410021,,,,,,,,,,,,,,,,,,,,-30.62911477,1686.449257,0.8604832472,,93119806-b5f4-4625-bc81-ed37b7066011,812b95f8-0936-47e4-9968-6b91dd79e813
79,2026-09-21,19:36:46.79,"Garrett, Walter",1000500484,Left,,,,,,Slider,Warmup,,74.94538,1.167756208,2.835064369,2021.541394,130.9023856,10:15,6.0913,-2.86354,5.44325,-48.83304,2.50422,-2.94655,3.1166,-0.45281,67.70707,-7.974701383,2.280913599,0.5156888457,2.51042,0.94814,2.61516,50,6.16171,-5.29907,-108.73068,0.80284,2.95073,22.29461,-31.05962,1244ec9e-cde1-4acd-850c-0491084b68ef,1ba7cfda-704c-4a99-b2db-42590f79c0dc,73.09144,Pitching,25410021,,,,,,,,,,,,,,,,,,,,-75.18520637,516.8987964,0.2556953808,,8c06811f-f0cb-40eb-9b10-567480692c78,812b95f8-0936-47e4-9968-6b91dd79e813
80,2026-09-21,19:36:59.39,"Garrett, Walter",1000500484,Left,,,,,,,Warmup,,72.06921,1.80225112,2.552993037,2066.965268,221.810679,1:30,6.12332,-2.80592,5.63215,-51.81538,2.95252,2.67968,3.48888,-0.19941,65.59182,-7.89638485,3.056669076,0.5326408333,-0.64251,1.02165,2.58725,50,6.24397,-4.73859,-104.64082,1.88629,-0.7044,19.50796,-31.05399,46bbe92e-f2a8-474c-a036-8122854cf9db,1ba7cfda-704c-4a99-b2db-42590f79c0dc,70.76521,Pitching,25410021,,,,,,,,,,,,,,,,,,,,,,,,c343f0b7-1728-41a6-a72b-2181ed5998a4,812b95f8-0936-47e4-9968-6b91dd79e813
81,2026-09-21,19:37:12.00,"Garrett, Walter",1000500484,Left,,,,,,ChangeUp,Warmup,,77.57492,0.1014384612,3.030357434,1579.084591,112.4312565,9:45,6.06862,-2.82867,5.57746,-40.85125,6.15723,-15.03483,2.75921,-1.24909,70.99677,-7.5126516,0.2148794611,0.4934685508,8.89268,3.25702,2.57788,50,6.05091,-5.51882,-112.70202,-1.01614,11.40421,21.04132,-27.99716,b65a6e8c-6d2e-4b6c-878b-da08e0d5cf21,1ba7cfda-704c-4a99-b2db-42590f79c0dc,76.38266,Pitching,25410021,,,,,,,,,,,,,,,,,,,,-29.09074392,1379.884299,0.8738507787,,e807a6d8-150f-4544-96d8-d35a3adf8b22,812b95f8-0936-47e4-9968-6b91dd79e813
82,2026-09-21,19:37:24.53,"Garrett, Walter",1000500484,Left,,,,,,,Warmup,,78.6306,-1.242050024,5.14624587,1459.275269,117.6585949,10:00,5.98599,-2.61385,5.56634,-41.36237,4.66945,-8.98365,1.37414,1.4572,72.1507,-8.909544956,3.472336636,0.4883154171,6.26781,2.8476,2.17547,50,5.85173,-9.98783,-113.90721,-3.72644,8.21213,21.46303,-28.4431,9889238d-6bd7-49a6-8a6f-a7b93fe9a878,1ba7cfda-704c-4a99-b2db-42590f79c0dc,77.18871,Pitching,25410021,,,,,,,,,,,,,,,,,,,,-22.55771248,1347.631367,0.9234935973,,3144b837-0d01-4d59-a099-7eef4f07cee9,812b95f8-0936-47e4-9968-6b91dd79e813
83,2026-09-21,19:37:45.51,"Garrett, Walter",1000500484,Left,,,,,,Fastball,Warmup,,82.48351,1.317624459,1.999856921,2028.034261,147.7047761,11:00,6.02262,-2.44748,5.39293,-30.32718,11.45334,-7.26738,4.73101,-1.17837,75.18018,-4.334938643,0.643802902,0.4652199431,4.41634,5.69831,2.27423,50,6.11912,-3.9484,-119.87358,1.76828,6.41666,23.49056,-23.89477,63b1e82c-bf7b-4696-b172-e0bb520edb1c,1ba7cfda-704c-4a99-b2db-42590f79c0dc,81.02069,Pitching,25410021,,,,,,,,,,,,,,,,,,,,-29.28527757,1768.841327,0.8721949929,,4c55b8f2-2882-4858-b3fb-fa6da5cff22f,812b95f8-0936-47e4-9968-6b91dd79e813
84,2026-09-21,19:37:51.94,"Garrett, Walter",1000500484,Left,,,,,,,Live,,49.78968,6.537194666,6.620846654,1257.786238,143.2046618,10:45,7.17865,-0.12559,-2.64462,-103.06962,64.45008,-48.80164,5.71047,2.97239,41.97316,-10.73423638,-1.623556826,0.9315460854,23.44413,23.70801,-1.23899,50,8.35487,-6.35959,-69.75666,4.37821,10.81917,12.45999,-21.2331,b9b75c58-3085-47b4-9c53-33e996735a50,1ba7cfda-704c-4a99-b2db-42590f79c0dc,40.46224,Pitching,25410021,,,,,,,,,,,,,,,,,,,,,,,,0220ede6-091e-46b6-bfd0-c199a6bc9cd5,812b95f8-0936-47e4-9968-6b91dd79e813
85,2026-09-21,19:38:20.24,"Garrett, Walter",1000500484,Left,,,,,,Fastball,Live,,86.27376,0.295113747,4.886206548,2053.729694,139.9397507,10:45,6.00873,-2.70271,5.78376,-24.44578,13.16192,-11.13858,4.24711,0.92542,79.02062,-4.272401267,2.808220211,0.4413770409,7.26947,6.98479,2.30635,50,6.01837,-10.34272,-125.16858,-0.13789,11.58952,24.10015,-21.03838,7acd0481-e574-45f0-8b34-63b88c38b7d7,1ba7cfda-704c-4a99-b2db-42590f79c0dc,85.39737,Pitching,25410021,,,,,,,,,,,,,,,,,,,,-27.66024417,1819.021153,0.8857159526,,09a23a6c-c919-466b-baf7-d96bcefe1622,812b95f8-0936-47e4-9968-6b91dd79e813
86,2026-09-21,19:38:34.38,"Garrett, Walter",1000500484,Left,,,,,,Fastball,Live,,86.9533,-0.678631693,-0.7004127996,2072.890794,139.1594798,10:45,6.10011,-2.32494,5.58351,-23.33454,14.15716,-12.26623,3.52184,-4.00116,79.01314,-5.044835181,-3.003357308,0.4406958583,6.34518,7.77215,2.39292,50,6.02689,1.9532,-126.43817,-2.27292,10.18705,27.76187,-19.69602,e0b092f7-e933-476e-a506-43f5cbc05c70,1ba7cfda-704c-4a99-b2db-42590f79c0dc,85.52937,Pitching,25410021,,,,,,,,,,,,,,,,,,,,-17.49538118,1977.00133,0.9537411887,,92f18cfb-181f-43c4-96bf-9926197c1b5e,812b95f8-0936-47e4-9968-6b91dd79e813
87,2026-09-21,19:38:57.36,"Garrett, Walter",1000500484,Left,,,,,,Slider,Live,,75.19612,2.570618376,0.6034528287,2009.6449,182.6766701,12:00,5.93891,-2.635,5.62346,-48.10501,2.52766,0.12003,4.33037,-2.06194,67.66313,-6.496501009,0.6261491026,0.512137787,0.13663,0.49957,2.58357,50,6.1276,-1.15319,-109.16569,3.54248,0.16177,22.60015,-31.58258,6b872c31-fdd2-4ef2-afd5-e3a02614ab2f,1ba7cfda-704c-4a99-b2db-42590f79c0dc,73.59824,Pitching,25410021,,,,,,,,,,,,,,,,,,,,-78.52136844,399.9242746,0.199002458,,f4af32ae-60b0-4826-8eb4-7f1453ba3422,812b95f8-0936-47e4-9968-6b91dd79e813
88,2026-09-21,19:39:14.65,"Garrett, Walter",1000500484,Left,,,,,,Fastball,Live,,85.42267,1.199186331,2.304504858,1987.116866,146.1743623,10:45,6.07653,-2.34419,5.56599,-24.6653,14.10916,-9.48702,5.14224,-0.98113,77.63828,-3.419255559,0.5272802568,0.4481715556,5.72555,7.18242,2.15185,50,6.16384,-4.68434,-124.14258,1.79084,8.90434,25.65058,-21.004,0a0eb8df-ee57-4c4a-843d-e063b0051147,1ba7cfda-704c-4a99-b2db-42590f79c0dc,84.1027,Pitching,25410021,,,,,,,,,,,,,,,,,,,,-15.65852656,1913.369729,0.9628873678,,a7cc82c2-0f27-4bb9-9aff-e6f11c097a56,812b95f8-0936-47e4-9968-6b91dd79e813
89,2026-09-21,19:39:40.85,"Garrett, Walter",1000500484,Left,,,,,,Fastball,Live,,86.27467,1.826202828,2.47848571,1881.752707,137.7505113,10:30,5.95602,-2.68827,5.89309,-25.49396,12.04894,-10.9912,5.52899,-1.30193,78.42693,-2.974606353,0.4080647585,0.4409966773,6.6426,5.98003,2.49522,50,6.08838,-5.08329,-125.4005,3.20264,10.5467,26.044,-22.67934,1fc246ac-6551-4252-bc21-bfc1eb93fe26,1ba7cfda-704c-4a99-b2db-42590f79c0dc,85.47103,Pitching,25410021,,,,,,,,,,,,,,,,,,,,-20.63757222,1760.998023,0.9358286112,,8783db03-a566-40d6-803e-77200e34a6be,812b95f8-0936-47e4-9968-6b91dd79e813
90,2026-09-21,19:39:46.47,"Garrett, Walter",1000500484,Left,,,,,,,Live,,44.40562,7.63563139,9.800758243,1031.588738,144.6867771,10:45,7.11533,-3.52695,6.92008,-107.23936,49.90159,-36.23763,5.2752,2.46389,36.54913,-13.74077599,2.522937739,0.9022275583,27.05143,23.77221,2.92064,50,7.56704,-10.44262,-62.88185,7.3125,9.63819,12.84367,-23.70422,692efa99-4af0-40f5-b4d0-1317ea55ceb1,1ba7cfda-704c-4a99-b2db-42590f79c0dc,41.77709,Pitching,25410021,,,,,,,,,,,,,,,,,,,,,,,,4235c1f5-0a87-4c90-91ec-0f279fdcaee7,812b95f8-0936-47e4-9968-6b91dd79e813
91,2026-09-21,19:40:05.06,"Garrett, Walter",1000500484,Left,,,,,,Fastball,Live,,83.65151,0.8343976533,1.568166438,1786.630319,152.2536163,11:00,6.02926,-2.48654,5.69369,-29.23817,11.00777,-5.81102,4.37059,-1.5092,76.08788,-4.65264359,0.4758667676,0.4565963406,3.57454,5.65823,2.35859,50,6.08118,-3.14751,-121.64698,0.85278,5.32941,24.98031,-23.73799,910a7395-3f8f-4b6f-abc6-72b58591b515,1ba7cfda-704c-4a99-b2db-42590f79c0dc,82.5509,Pitching,25410021,,,,,,,,,,,,,,,,,,,,-20.57344944,1672.683463,0.9362224768,,63e2871e-f0b8-4bb1-b40f-80bc768ae695,812b95f8-0936-47e4-9968-6b91dd79e813
92,2026-09-21,19:40:27.88,"Garrett, Walter",1000500484,Left,,,,,,Fastball,Live,,83.47646,-0.572521792,1.434574171,1813.720351,150.684602,11:00,6.14965,-2.30749,5.73872,-26.12797,14.14006,-7.95986,3.43911,-1.63492,76.16826,-5.468544037,-0.06171262108,0.4567216378,4.68497,7.75507,2.19313,50,6.08616,-2.79272,-121.43145,-2.02893,6.97309,24.48472,-20.63144,cb03fbb9-a678-4280-8df6-a126ab13e1c1,1ba7cfda-704c-4a99-b2db-42590f79c0dc,82.52825,Pitching,25410021,,,,,,,,,,,,,,,,,,,,-9.54375892,1788.617121,0.9861592609,,ec0467af-22fe-471c-b32a-5252b673e80e,812b95f8-0936-47e4-9968-6b91dd79e813
93,2026-09-21,19:40:44.63,"Garrett, Walter",1000500484,Left,,,,,,Fastball,Live,,85.60853,0.2956913391,3.859119527,1932.387987,147.3036426,11:00,6.09677,-2.17533,5.78838,-25.23477,13.04851,-8.41717,4.26954,0.71824,78.07414,-4.434778364,2.28152841,0.44532384,5.60879,6.93012,1.86263,50,6.10603,-8.11942,-124.32357,-0.15738,8.77011,25.14437,-21.33788,2f00216b-6785-4b84-9c83-55633b4805df,1ba7cfda-704c-4a99-b2db-42590f79c0dc,84.64051,Pitching,25410021,,,,,,,,,,,,,,,,,,,,-23.27903953,1775.074256,0.918591022,,be226593-5744-47a9-9672-818be59e2fed,812b95f8-0936-47e4-9968-6b91dd79e813
94,2026-09-21,19:41:16.19,"Garrett, Walter",1000500484,Left,,,,,,Fastball,Live,,87.00507,-0.9804215341,3.230664284,2035.536194,144.7047513,10:45,5.97155,-2.51418,5.81201,-21.24039,16.02427,-11.37447,3.28844,-0.4552,78.79133,-4.979348951,1.086164923,0.4393594851,7.11622,8.9366,2.25634,50,5.8787,-6.76929,-126.35311,-2.84321,11.39855,27.95467,-17.85965,1b2cd410-7b5d-453b-8107-d32e1bece3fc,1ba7cfda-704c-4a99-b2db-42590f79c0dc,85.78952,Pitching,25410021,,,,,,,,,,,,,,,,,,,,0.1325519452,2035.530747,0.9999973239,,f6730633-1566-49dd-b7d9-bf0d7c0534ee,812b95f8-0936-47e4-9968-6b91dd79e813
95,2026-09-21,19:41:34.25,"Garrett, Walter",1000500484,Left,,,,,,Fastball,Live,,87.03164,0.8627018818,3.041466934,1941.941312,145.5850023,10:45,5.94958,-2.76329,5.81967,-23.19542,13.8593,-9.53373,4.81979,-0.72775,79.04486,-3.500908464,1.247945825,0.4381200938,6.01911,7.21263,2.5203,50,6.00646,-6.41431,-126.46239,1.1647,9.70462,26.84987,-20.54511,53d8abe8-75be-49bf-bc3d-3450811943c9,1ba7cfda-704c-4a99-b2db-42590f79c0dc,86.03221,Pitching,25410021,,,,,,,,,,,,,,,,,,,,-19.50852877,1830.457941,0.9425917918,,267cc6c9-8d92-4a4f-b803-d6ff5e4700cd,812b95f8-0936-47e4-9968-6b91dd79e813
96,2026-09-21,19:41:50.24,"Garrett, Walter",1000500484,Left,,,,,,Fastball,Live,,84.69411,-0.8286400854,1.573407726,1768.264058,130.6419007,10:15,5.97271,-2.66043,6.11483,-27.0457,11.78164,-13.76066,2.95252,-2.35224,76.82456,-5.945993474,-1.040974669,0.4484770788,7.9894,6.67969,2.54717,50,5.8952,-2.97992,-123.20114,-2.57697,12.1442,26.9955,-22.02066,9ca1cdb2-78d7-4c18-aa5c-02dcfc404e40,1ba7cfda-704c-4a99-b2db-42590f79c0dc,84.04541,Pitching,25410021,,,,,,,,,,,,,,,,,,,,0.4891623054,1768.199615,0.9999635558,,c7a202a0-898c-4086-8f57-808009da7c62,812b95f8-0936-47e4-9968-6b91dd79e813
97,2026-09-21,19:41:55.94,"Garrett, Walter",1000500484,Left,,,,,,,Live,,43.5456,6.484127302,2.511342214,1093.913117,155.3874471,11:15,7.18117,1.32213,12.57442,-72.9162,40.84562,-18.69524,6.39573,1.80399,39.90471,-9.102168806,-1.512313306,0.7676613528,13.85997,26.48477,-1.22827,50,6.93402,-2.96386,-63.63685,7.91353,5.6089,7.33081,-21.4561,32a5025b-3da2-483d-9fba-7949c7a347af,1ba7cfda-704c-4a99-b2db-42590f79c0dc,49.10035,Pitching,25410021,,,,,,,,,,,,,,,,,,,,,,,,a4bbf840-0deb-4964-b4ad-d701a5622f25,812b95f8-0936-47e4-9968-6b91dd79e813
98,2026-09-21,19:42:27.22,"Garrett, Walter",1000500484,Left,,,,,,Fastball,Live,,85.98418,-0.03766923231,3.94613502,1856.496672,151.90459,11:00,5.96735,-2.53436,6.01191,-22.96951,15.1218,-8.10872,4.01825,0.4508,77.43159,-4.389909389,2.410148753,0.4442059408,5.67514,8.23255,2.22924,50,5.95195,-8.36295,-124.78891,-0.77697,8.8179,28.54106,-19.38252,72f84185-0d84-49c4-b0d5-bb999def9b01,1ba7cfda-704c-4a99-b2db-42590f79c0dc,84.85352,Pitching,25410021,,,,,,,,,,,,,,,,,,,,-16.23403695,1782.474028,0.9601277797,,6c2e29bf-1490-49ea-ac78-a1f25e2d25e4,812b95f8-0936-47e4-9968-6b91dd79e813
99,2026-09-21,19:42:50.17,"Garrett, Walter",1000500484,Left,,,,,,Fastball,Live,,86.93208,-0.5041246846,3.140572159,1965.655912,148.660085,11:00,5.96991,-2.52383,5.7814,-22.82804,14.58663,-8.91216,3.59788,-0.342,78.60039,-4.803870381,1.460050256,0.4402428913,5.7738,8.01353,2.27031,50,5.91475,-6.64196,-126.25016,-1.84297,9.21746,28.31533,-19.38103,246a3180-548c-4a92-9d33-b9cffa5d19ab,1ba7cfda-704c-4a99-b2db-42590f79c0dc,85.61737,Pitching,25410021,,,,,,,,,,,,,,,,,,,,-17.69707134,1872.635217,0.9526770206,,fb23fbf6-0cc3-480a-95a8-ac9bd319d1de,812b95f8-0936-47e4-9968-6b91dd79e813
100,2026-09-21,19:43:10.34,"Garrett, Walter",1000500484,Left,,,,,,Fastball,Live,,86.70764,0.205858854,1.579689168,1767.24548,152.9592702,11:00,6.01423,-2.36206,5.75285,-24.14563,13.41018,-6.86374,4.19378,-1.46334,78.42685,-4.343505592,0.2844576213,0.441072484,4.18128,7.15214,2.23532,50,6.01675,-3.25617,-126.06556,-0.32236,6.6572,28.17627,-20.78683,87d0bfad-0214-4a22-9d71-1a36a7c58a0f,1ba7cfda-704c-4a99-b2db-42590f79c0dc,85.45634,Pitching,25410021,,,,,,,,,,,,,,,,,,,,-18.50886426,1675.833919,0.9482745535,,f533b1d1-c7b0-4396-be83-ff9a81d11f55,812b95f8-0936-47e4-9968-6b91dd79e813
101,2026-09-21,19:43:36.76,"Garrett, Walter",1000500484,Left,,,,,,Fastball,Live,,86.26091,-2.011135483,3.474324746,1990.516603,151.6695276,11:00,6.06341,-2.5402,5.83706,-22.47325,15.5794,-8.41708,2.31748,-0.00897,77.99101,-6.240661759,1.884930885,0.4439804499,5.6419,9.04824,2.26208,50,5.88634,-7.33463,-125.15635,-5.10778,8.83406,28.28555,-18.00636,b0dfdb12-34ad-46c5-98b8-af7af9913a28,1ba7cfda-704c-4a99-b2db-42590f79c0dc,84.89662,Pitching,25410021,,,,,,,,,,,,,,,,,,,,0.666313101,1990.382003,0.9999323798,,af221006-f882-42a4-9c81-288d65dc48cb,812b95f8-0936-47e4-9968-6b91dd79e813
102,2026-09-21,19:43:55.53,"Garrett, Walter",1000500484,Left,,,,,,Slider,Live,,78.67437,1.872124934,2.344306009,,,,5.87942,-2.47387,5.82969,-43.17106,2.24969,4.22307,4.02392,0.05813,71.67064,-6.237089183,3.139288068,0.4850634695,-1.57691,0.65367,2.28025,50,6.00686,-4.80169,-114.31723,2.49573,-2.07208,22.45687,-31.31512,4ab0e82f-3f08-450e-bc69-be26737d6fb2,1ba7cfda-704c-4a99-b2db-42590f79c0dc,77.7062,Pitching,25410021,,,,,,,,,,,,,,,,,,,,,,,,a2e499f0-182a-4b4f-af7c-34a0f2d7d30b,812b95f8-0936-47e4-9968-6b91dd79e813
103,2026-09-21,19:44:32.25,"Garrett, Walter",1000500484,Left,,,,,,Fastball,Live,,87.3825,-3.249022623,3.022688212,1938.370178,139.7772143,10:45,6.05395,-2.3207,5.76354,-22.14774,14.86275,-12.56171,1.17735,-0.55203,79.59699,-7.387757932,0.6589589736,0.4378585295,7.65051,8.95636,2.07822,50,5.77144,-6.28704,-126.75611,-7.92195,12.36874,27.43234,-17.69411,caa63807-b6db-42aa-a1c1-506665063c98,1ba7cfda-704c-4a99-b2db-42590f79c0dc,86.0836,Pitching,25410021,,,,,,,,,,,,,,,,,,,,-23.29255968,1780.388625,0.9184977384,,0cb61f5b-a943-4bb9-8449-593939334f53,812b95f8-0936-47e4-9968-6b91dd79e813
104,2026-09-21,19:44:52.27,"Garrett, Walter",1000500484,Left,,,,,,Fastball,Live,,85.68223,-2.172080166,1.66151201,1973.022372,142.2053434,10:45,6.0133,-2.42668,5.78828,-23.79697,14.28948,-11.09378,2.00804,-1.80527,78.55377,-6.614755797,-0.4220684228,0.444177562,6.42109,8.27999,2.29669,50,5.82031,-3.26081,-124.58421,-5.48444,10.09534,24.94954,-19.15613,9545fa2d-793c-4ff1-8365-40dfee881d59,1ba7cfda-704c-4a99-b2db-42590f79c0dc,84.85894,Pitching,25410021,,,,,,,,,,,,,,,,,,,,-19.44755818,1860.454784,0.9429466238,,5b2fe93e-c56f-43d4-bd7b-0c23c9e2ab24,812b95f8-0936-47e4-9968-6b91dd79e813
105,2026-09-21,19:45:10.40,"Garrett, Walter",1000500484,Left,,,,,,Fastball,Live,,85.5493,-1.882696168,4.295346102,2008.856398,150.1879749,11:00,6.09966,-2.30121,5.83558,-22.50656,15.94789,-9.16414,2.46891,0.93438,77.94075,-6.100110164,2.574933607,0.4463182947,6.18402,9.13971,1.95634,50,5.93275,-9.03303,-124.0875,-4.79529,9.60294,25.76917,-17.98133,49477943-e75a-4ed2-892c-d1a051cc3adb,1ba7cfda-704c-4a99-b2db-42590f79c0dc,84.45192,Pitching,25410021,,,,,,,,,,,,,,,,,,,,-30.16220447,1736.870167,0.8646064342,,3eb40e8f-e1f3-4bd8-9e4d-15cbdd95be00,812b95f8-0936-47e4-9968-6b91dd79e813
106,2026-09-21,19:45:28.30,"Garrett, Walter",1000500484,Left,,,,,,Slider,Live,,78.71003,0.1772488508,2.824931796,2172.956413,231.5381949,1:45,5.86439,-2.51393,5.69971,-42.56817,3.40728,4.3421,2.48239,0.48203,71.35379,-7.807963006,3.643435221,0.488016386,-1.41608,1.77473,2.27447,50,5.85322,-5.76645,-114.28711,-0.89137,-1.84268,24.23705,-29.86467,e1973133-814f-4ca9-95eb-d4e36868c5c2,1ba7cfda-704c-4a99-b2db-42590f79c0dc,77.23601,Pitching,25410021,,,,,,,,,,,,,,,,,,,,,,,,02222daa-1a48-4255-a6fd-7d03dd3563dd,812b95f8-0936-47e4-9968-6b91dd79e813
107,2026-09-21,19:46:04.80,"Strouse, Ryan",1000616393,Right,,,,,,,Warmup,,84.23078,-3.050823254,-3.771038848,2016.70481,206.0617001,12:45,6.67666,1.61787,6.01264,-20.72256,18.7291,9.16701,2.11519,-1.11613,76.76251,-6.940981588,-2.041882098,0.4520682757,-6.07816,11.05469,-1.32719,50,6.42574,7.77922,-122.17302,-7.14383,-9.13919,25.23364,-15.55208,1f154b3c-b46d-499c-b4f2-ddab376ea606,1ba7cfda-704c-4a99-b2db-42590f79c0dc,83.37776,Pitching,25410021,,,,,,,,,,,,,,,,,,,,18.05941373,1917.352987,0.9507355651,,f126086a-63a8-4d10-bb84-5b11ef8be77e,812b95f8-0936-47e4-9968-6b91dd79e813
108,2026-09-21,19:46:15.37,"Strouse, Ryan",1000616393,Right,,,,,,,Warmup,,84.51568,-0.2022796693,-0.7364186739,1948.709421,221.0164527,1:15,6.57808,1.61243,5.94142,-25.72003,13.24305,11.54738,4.24712,1.89166,77.11205,-5.041787435,1.442575065,0.4492603149,-6.45665,7.21977,-1.56034,50,6.54752,1.22927,-123.01509,-1.21818,-9.85923,25.19902,-21.14953,b536aa6e-da91-42d1-b399-ccd3080f9b45,1ba7cfda-704c-4a99-b2db-42590f79c0dc,83.89888,Pitching,25410021,,,,,,,,,,,,,,,,,,,,22.99115437,1793.914011,0.9205651656,,e3aa8885-2263-4fe2-871a-5e378b06e242,812b95f8-0936-47e4-9968-6b91dd79e813
109,2026-09-21,19:46:25.85,"Strouse, Ryan",1000616393,Right,,,,,,,Warmup,,78.8561,-2.077621833,-1.769986022,1504.73827,221.4225318,1:30,6.5948,2.09638,5.62965,-32.22438,12.68147,11.20903,1.9694,1.37868,73.07989,-8.037970044,0.3205833247,0.4823062554,-6.42414,7.28736,-1.9531,50,6.39742,3.20476,-114.70029,-5.13958,-8.63299,19.47989,-22.38104,4412b101-879c-4c46-9ec4-35c4379220c3,1ba7cfda-704c-4a99-b2db-42590f79c0dc,78.15043,Pitching,25410021,,,,,,,,,,,,,,,,,,,,15.98463154,1446.558461,0.9613355956,,36e4a807-7d77-408f-a10a-c27257180f30,812b95f8-0936-47e4-9968-6b91dd79e813
110,2026-09-21,19:46:42.10,"Strouse, Ryan",1000616393,Right,,,,,,,Warmup,,78.53266,-1.269847768,-3.766872747,1579.273523,246.4084049,2:15,6.56976,1.71404,5.85966,-38.77063,6.44119,14.81452,2.15656,-0.55554,72.42802,-8.491486653,-0.9894496237,0.4839465587,-8.98929,3.80967,-1.41726,50,6.44406,7.08369,-114.07875,-3.65214,-11.88339,20.36703,-27.13786,4f4c63bf-eb16-4082-8c73-86e5e1ade72d,1ba7cfda-704c-4a99-b2db-42590f79c0dc,77.88554,Pitching,25410021,,,,,,,,,,,,,,,,,,,,11.73738693,1546.251354,0.9790902784,,75646bb9-97bc-48f4-92be-0baf6d09545c,812b95f8-0936-47e4-9968-6b91dd79e813
111,2026-09-21,19:46:51.72,"Strouse, Ryan",1000616393,Right,,,,,,,Warmup,,76.72313,2.708315948,1.108124295,1569.3767,36.10861872,7:15,6.58581,1.61041,5.33212,-55.54349,-7.41568,-5.37145,4.50026,2.20246,70.78714,-7.566488959,0.1100859041,0.4993090627,3.12506,-4.62281,-1.70652,50,6.7907,-1.9911,-111.5056,3.56192,3.9575,18.95337,-38.02827,8712d2f8-2b8b-426a-899d-461c751c8f0f,1ba7cfda-704c-4a99-b2db-42590f79c0dc,75.48919,Pitching,25410021,,,,,,,,,,,,,,,,,,,20.0986147,43.6470128,1135.610028,0.7236057655,6:45,3a67cbb5-2a0a-4e0f-ad5f-72439a4f87a6,812b95f8-0936-47e4-9968-6b91dd79e813
112,2026-09-21,19:47:05.04,"Strouse, Ryan",1000616393,Right,,,,,,,Warmup,,77.36618,-1.489662737,-2.787125571,1411.501239,13.31228351,6:30,6.66201,1.47549,5.63458,-55.74795,-8.43087,-1.98663,0.62479,-1.29204,71.57929,-11.78339239,-3.159541519,0.4950856929,0.2364,-4.07037,-1.23744,50,6.50015,5.52861,-112.36743,-4.55975,0.30031,21.57901,-37.34492,59082a19-df8d-431f-96d1-6854241328f2,1ba7cfda-704c-4a99-b2db-42590f79c0dc,76.13316,Pitching,25410021,,,,,,,,,,,,,,,,,,,,,,,,ed8960e9-eec9-4295-a622-861a7d50a027,812b95f8-0936-47e4-9968-6b91dd79e813
113,2026-09-21,19:47:19.63,"Strouse, Ryan",1000616393,Right,,,,,,,Warmup,,84.45554,-0.6561985844,-2.254245463,1975.156523,214.4724355,1:15,6.58574,1.6098,5.98165,-18.38747,20.6902,14.23339,4.4448,0.70565,76.75534,-4.125293313,0.4351473181,0.4499204711,-8.3727,11.40227,-1.43985,50,6.5238,4.40574,-122.82879,-1.96252,-12.72366,25.52568,-14.84648,3a1f473c-0508-4fad-9f15-94372d7bab07,1ba7cfda-704c-4a99-b2db-42590f79c0dc,83.77578,Pitching,25410021,,,,,,,,,,,,,,,,,,,213.5520787,14.2687479,1914.223563,0.9691503134,1:00,9b7ce432-db63-49fe-ba43-2c62ee27edc5,812b95f8-0936-47e4-9968-6b91dd79e813
114,2026-09-21,19:47:24.98,"Strouse, Ryan",1000616393,Right,,,,,,,Warmup,,45.62715,1.914934713,5.256035346,1299.835633,,,8.26663,2.6356,,,,,1.23764,5.72937,38.96434,,,0.9703003318,15.703,32.75353,-3.51765,50,8.3777,-5.18207,-64.67899,-0.81205,6.05667,12.32205,-19.54097,3663ff66-a795-4b10-8ba9-f6b113d563e8,1ba7cfda-704c-4a99-b2db-42590f79c0dc,,Pitching,25410021,,,,,,,,,,,,,,,,,,,,,,,,480c5046-d2bb-412e-a86a-3125466ebf08,812b95f8-0936-47e4-9968-6b91dd79e813
115,2026-09-21,19:47:51.97,"Strouse, Ryan",1000616393,Right,,,,,,Fastball,Live,,84.11098,0.04468749886,-0.2480702676,1948.311986,212.8445879,1:00,6.67248,1.43677,6.13539,-20.22672,18.56434,12.00538,5.02822,2.20798,77.16882,-3.765180347,2.017015849,0.4482674849,-6.59316,10.08052,-1.42415,50,6.66532,0.17713,-122.53049,-0.49982,-10.05886,23.41213,-16.79469,9547abd4-9dc3-4dca-accf-ec2edfaa8fa9,1ba7cfda-704c-4a99-b2db-42590f79c0dc,84.0847,Pitching,25410021,,,,,,,,,,,,,,,,,,,,4.672761704,1941.83624,0.9966762276,,75c74286-b584-4d53-8241-3caaa2c48c4d,812b95f8-0936-47e4-9968-6b91dd79e813
116,2026-09-21,19:48:12.63,"Strouse, Ryan",1000616393,Right,,,,,,Fastball,Live,,84.0586,-3.106092285,-3.65567938,2001.473078,212.8344371,1:00,6.53765,1.45324,6.10226,-22.43055,16.7335,10.80133,1.78765,-1.03155,77.28976,-7.30383357,-1.622736547,0.4504174441,-6.84593,9.92105,-1.17807,50,6.28672,7.47729,-122.02019,-7.29657,-10.35735,23.22491,-17.16428,7be76d41-c702-4564-9c13-0b78daa981e5,1ba7cfda-704c-4a99-b2db-42590f79c0dc,83.68335,Pitching,25410021,,,,,,,,,,,,,,,,,,,,24.60904803,1819.679998,0.9091703595,,1b064258-ea98-49b6-baa3-9e91680c3f82,812b95f8-0936-47e4-9968-6b91dd79e813
117,2026-09-21,19:48:27.42,"Strouse, Ryan",1000616393,Right,,,,,,Fastball,Live,,83.59418,-1.210801149,-1.790722085,1884.770911,215.0971995,1:15,6.5502,1.4461,5.90113,-23.00352,16.86065,11.86963,3.50868,0.77258,76.40798,-5.528008281,0.4449022661,0.4544255304,-6.91125,9.44154,-1.30916,50,6.43981,3.44113,-121.60751,-3.2708,-10.3351,24.15589,-18.05516,e7878b9f-e41c-47d3-8270-b1923b9a9b8d,1ba7cfda-704c-4a99-b2db-42590f79c0dc,82.94525,Pitching,25410021,,,,,,,,,,,,,,,,,,,,12.72946217,1838.445819,0.9754213674,,b40f09a9-45bb-448f-b67b-360a76f9fe04,812b95f8-0936-47e4-9968-6b91dd79e813
118,2026-09-21,19:48:42.31,"Strouse, Ryan",1000616393,Right,,,,,,Fastball,Live,,84.94551,-2.471998096,-2.007394725,2018.598388,214.7963435,1:15,6.72187,1.36288,5.95759,-20.94678,17.46263,12.14084,2.68145,0.5126,78.07791,-6.388853515,0.2757038358,0.446056831,-7.09452,10.09382,-1.21054,50,6.51393,3.95696,-123.52427,-5.97876,-11.00225,23.74727,-16.52046,cd63f1bb-76bc-4b19-ba18-35c79722ad3a,1ba7cfda-704c-4a99-b2db-42590f79c0dc,84.50143,Pitching,25410021,,,,,,,,,,,,,,,,,,,,-0.4219861988,2018.54364,0.9999728782,,adf2d1ec-9ecc-477d-848f-7aaa2fe7caf9,812b95f8-0936-47e4-9968-6b91dd79e813
119,2026-09-21,19:49:13.34,"Strouse, Ryan",1000616393,Right,,,,,,Fastball,Live,,84.76043,-3.018989127,-3.029679427,2044.124224,207.0147672,1:00,6.60068,1.49716,6.05915,-20.64302,17.89759,9.12859,2.08008,-0.54847,77.87681,-6.882519671,-1.311359808,0.4468180432,-5.7653,10.51815,-1.26711,50,6.35508,6.24236,-123.11633,-7.12153,-8.87656,23.72929,-15.97974,42e69e0a-6745-4300-822e-2f28814ceaaa,1ba7cfda-704c-4a99-b2db-42590f79c0dc,84.35747,Pitching,25410021,,,,,,,,,,,,,,,,,,,,-0.8582761626,2043.894885,0.9998878057,,7a7f00a6-6d84-42f4-9a08-ab38ac05ea06,812b95f8-0936-47e4-9968-6b91dd79e813
120,2026-09-21,19:49:25.15,"Strouse, Ryan",1000616393,Right,,,,,,Curveball,Live,,72.61824,3.362869358,1.224476075,1651.450028,38.03005005,7:15,6.65392,1.48622,5.84487,-59.16644,-6.33926,-4.9115,4.85235,2.21484,66.90233,-7.693086856,0.3026276596,0.5231185156,2.96909,-4.30928,-1.5828,50,6.89266,-2.12438,-105.53791,4.6196,3.36151,17.31953,-37.05287,001d0521-220c-4c40-8df6-5ff8c27824d9,1ba7cfda-704c-4a99-b2db-42590f79c0dc,72.05335,Pitching,25410021,,,,,,,,,,,,,,,,,,,,,,,,739a451a-3173-4419-b3b9-709cb6f41a11,812b95f8-0936-47e4-9968-6b91dd79e813
121,2026-09-21,19:49:52.93,"Strouse, Ryan",1000616393,Right,,,,,,Fastball,Live,,83.48644,-2.080977219,-1.664179911,1896.531629,208.7440855,1:00,6.59101,1.50262,5.96898,-22.54787,17.71332,9.72596,2.78129,0.76999,75.65935,-6.331759002,0.1793260462,0.4566828711,-5.79449,10.25717,-1.37639,50,6.41389,3.23623,-121.33518,-5.08066,-8.53734,26.33073,-17.06159,a263e9e5-9245-477e-9711-b9355104cf0b,1ba7cfda-704c-4a99-b2db-42590f79c0dc,82.53526,Pitching,25410021,,,,,,,,,,,,,,,,,,,,5.283925383,1888.472458,0.995750574,,bc9b891e-9089-49e6-8c6d-d830d44f8de1,812b95f8-0936-47e4-9968-6b91dd79e813
122,2026-09-21,19:50:13.44,"Strouse, Ryan",1000616393,Right,,,,,,Fastball,Live,,85.59817,-2.219365074,-2.782297235,1966.571224,193.2307653,12:30,6.6489,1.41461,6.06014,-20.94146,17.62224,4.15075,2.84651,-0.81628,76.82955,-6.191457897,-1.991581871,0.4469519017,-3.21258,10.36938,-1.20109,50,6.46562,5.91466,-124.23968,-5.44207,-4.91389,29.85446,-16.31329,846dc752-4c1a-40f8-975b-dbb95fb7b294,1ba7cfda-704c-4a99-b2db-42590f79c0dc,84.3322,Pitching,25410021,,,,,,,,,,,,,,,,,,,,17.54790496,1875.05722,0.9534651975,,abf58123-1e75-4a84-a6f0-27549ef1b2c3,812b95f8-0936-47e4-9968-6b91dd79e813
123,2026-09-21,19:50:53.10,"Strouse, Ryan",1000616393,Right,,,,,,Curveball,Live,,72.39757,3.621687586,1.355473608,1498.504638,355.7135109,5:45,6.68695,1.50912,5.81577,-59.51018,-5.73555,0.42585,5.10019,2.80498,65.98334,-7.552878592,1.435764714,0.5277887248,0.17573,-4.17469,-1.62017,50,6.94837,-2.49811,-105.09736,5.0738,0.19512,19.01433,-36.80955,b5ebc34c-dd9b-4c58-ac23-5c5a0f2535e1,1ba7cfda-704c-4a99-b2db-42590f79c0dc,71.41577,Pitching,25410021,,,,,,,,,,,,,,,,,,,,,,,,4f802960-1378-4e42-9ac3-5b4e03573144,812b95f8-0936-47e4-9968-6b91dd79e813
124,2026-09-21,19:51:10.43,"Strouse, Ryan",1000616393,Right,,,,,,Fastball,Live,,84.09363,-2.688798191,-1.731703847,1981.341425,204.466902,12:45,6.59438,1.43157,5.93417,-23.86587,15.9016,7.24143,2.10845,0.4282,76.31619,-7.175675543,-0.3602831633,0.4538740943,-4.46197,9.45194,-1.29763,50,6.36655,3.47504,-122.15343,-6.45789,-6.66429,26.64546,-18.05687,183f9c28-998a-4b31-8d31-e97405e4bb1a,1ba7cfda-704c-4a99-b2db-42590f79c0dc,83.04602,Pitching,25410021,,,,,,,,,,,,,,,,,,,,22.23026369,1834.07006,0.9256708798,,aa0cc37b-7267-4d9b-80ba-c44412cbc855,812b95f8-0936-47e4-9968-6b91dd79e813
125,2026-09-21,19:51:44.27,"Strouse, Ryan",1000616393,Right,,,,,,Fastball,Live,,84.60408,-1.936060875,-2.241521212,2010.912287,216.6883036,1:15,6.57806,1.30225,6.12055,-22.19982,16.73628,12.48385,2.93643,0.26956,76.75776,-6.131837633,0.128773932,0.4491047189,-7.49464,9.71927,-1.13737,50,6.41842,4.44756,-122.97348,-4.81071,-11.36047,26.68993,-17.44146,cd1c4ba6-b478-41cb-a272-5ea8d58b2d7f,1ba7cfda-704c-4a99-b2db-42590f79c0dc,83.92795,Pitching,25410021,,,,,,,,,,,,,,,,,,,,18.91836923,1902.285744,0.9459814611,,ebf7d750-7109-40c3-90e3-ccceb37b47bc,812b95f8-0936-47e4-9968-6b91dd79e813
126,2026-09-21,19:52:08.73,"Strouse, Ryan",1000616393,Right,,,,,,ChangeUp,Live,,76.78564,-0.6632470551,-1.295714465,1681.619397,214.5620033,1:15,6.57399,1.63054,5.9119,-30.67386,16.51008,11.40059,3.40216,1.37797,70.34289,-6.415368761,0.8521055855,0.4943886539,-6.52002,9.10062,-1.5333,50,6.50339,2.20969,-111.74945,-2.1493,-8.23462,20.36937,-20.6802,248cddb9-feb6-416a-af45-f1db42e80b38,1ba7cfda-704c-4a99-b2db-42590f79c0dc,76.2405,Pitching,25410021,,,,,,,,,,,,,,,,,,,,16.71150458,1610.595824,0.9577647756,,bfc1ae00-4c2a-47e6-9b88-797b1306cc68,812b95f8-0936-47e4-9968-6b91dd79e813
127,2026-09-21,19:52:45.70,"Garrett, Walter",1000500484,Left,,,,,,,Warmup,,79.19319,1.550891395,1.729175049,1910.789068,140.344975,10:45,6.35787,-2.68815,5.14077,-31.84558,14.33597,-11.92401,5.16518,-2.05339,71.47258,-4.388146764,-0.4977433007,0.4891089998,6.81803,7.06679,2.53534,50,6.47913,-3.08518,-114.96003,2.0848,9.01953,23.5926,-22.82543,a18e9c76-30cb-4ae3-a865-c420d51c30a9,1ba7cfda-704c-4a99-b2db-42590f79c0dc,77.06347,Pitching,25410021,,,,,,,,,,,,,,,,,,,,-29.4255146,1664.28795,0.8709951185,,2a6dba48-f59e-4f68-895f-a85058936a07,812b95f8-0936-47e4-9968-6b91dd79e813
128,2026-09-21,19:52:56.67,"Garrett, Walter",1000500484,Left,,,,,,,Warmup,,75.75141,1.66619614,3.175472167,1804.235638,154.9147185,11:15,6.22778,-2.47781,5.27258,-36.46902,13.36342,-6.28689,4.75636,-0.01641,69.13437,-5.105107936,2.007200284,0.5080745593,4.20512,6.58448,2.19242,50,6.35366,-5.90824,-109.95736,2.08904,5.14577,19.58705,-24.11667,5072778c-5615-4053-84eb-faaf432ced1b,1ba7cfda-704c-4a99-b2db-42590f79c0dc,74.18683,Pitching,25410021,,,,,,,,,,,,,,,,,,,,-36.23852624,1455.22971,0.8065630007,,879c647a-301a-4675-af31-424e9b444209,812b95f8-0936-47e4-9968-6b91dd79e813
129,2026-09-21,19:53:05.43,"Garrett, Walter",1000500484,Left,,,,,,,Warmup,,68.18614,1.717845894,3.667635252,,,,6.24915,-2.86823,5.1686,-58.92005,3.81423,3.65284,2.95939,0.89202,61.92388,-9.212149997,4.348791506,0.570064331,-0.7287,1.45101,2.52387,50,6.36578,-6.43239,-98.78028,1.3461,-0.70799,18.18118,-30.76427,3e4c1415-4b9d-424f-b2e1-2a0a8b91a9e6,1ba7cfda-704c-4a99-b2db-42590f79c0dc,66.11962,Pitching,25410021,,,,,,,,,,,,,,,,,,,,,,,,d540cd9e-1005-449c-af27-eda2944b11cf,812b95f8-0936-47e4-9968-6b91dd79e813
130,2026-09-21,19:53:15.09,"Garrett, Walter",1000500484,Left,,,,,,,Warmup,,71.09592,0.04780727228,3.024131546,1280.564851,123.7358499,10:00,6.01289,-2.85354,5.49027,-48.99226,7.77545,-11.731,1.97498,-0.99986,64.58666,-9.098504269,0.8181006239,0.5422780818,7.23279,4.13394,2.5967,50,5.98466,-5.12996,-103.18386,-1.25543,7.68172,19.55278,-27.78352,00a73566-603f-43fa-81b1-475fd09b717d,1ba7cfda-704c-4a99-b2db-42590f79c0dc,69.50758,Pitching,25410021,,,,,,,,,,,,,,,,,,,,-26.09663376,1150.015646,0.8980534215,,69487cb0-6f42-45f8-bbd7-acc16f447176,812b95f8-0936-47e4-9968-6b91dd79e813
131,2026-09-21,19:53:26.13,"Garrett, Walter",1000500484,Left,,,,,,,Warmup,,78.30352,,,1845.816341,,,6.34595,-2.59429,5.52178,,,,4.64606,0.60686,71.36675,,,0.489643708,3.45146,9.20066,2.26535,50,6.39065,-7.4443,-113.65573,0.58537,4.50563,21.21947,-20.16325,0eca7b7f-cf52-4ab2-a774-310402fee494,1ba7cfda-704c-4a99-b2db-42590f79c0dc,76.97932,Pitching,25410021,,,,,,,,,,,,,,,,,,,,-34.76833584,1516.27257,0.821464485,,1fe2d7e5-48c7-4f75-8c83-46d6cf300682,812b95f8-0936-47e4-9968-6b91dd79e813
132,2026-09-21,19:53:33.24,"Garrett, Walter",1000500484,Left,,,,,,,Warmup,,44.29064,3.38687925,2.934194372,1051.255091,,,7.96272,3.85758,,,,,3.12798,3.99744,38.5004,,,0.8690946027,19.08637,27.67963,-4.01262,50,8.12584,-2.96053,-64.17047,2.76955,7.26843,11.96093,-21.63315,9d76f70c-2e17-4a66-8f52-2098627caeb4,1ba7cfda-704c-4a99-b2db-42590f79c0dc,,Pitching,25410021,,,,,,,,,,,,,,,,,,,,,,,,4a67cc5f-41fb-4283-9a39-e78b756f8592,812b95f8-0936-47e4-9968-6b91dd79e813
133,2026-09-21,19:53:51.28,"Garrett, Walter",1000500484,Left,,,,,,Slider,Live,,75.67396,0.4450547523,3.249423857,,,,5.84356,-2.75716,5.401,-48.56036,2.35916,0.21293,2.21452,0.30827,67.86507,-8.66416911,3.289594271,0.5135863951,1.06007,1.09837,2.4676,50,5.85042,-6.2329,-109.67483,-0.56554,1.25492,24.47349,-30.8738,b9ec730d-7902-4b77-8aea-d7e8aed3bdb8,1ba7cfda-704c-4a99-b2db-42590f79c0dc,73.39065,Pitching,25410021,,,,,,,,,,,,,,,,,,,,,,,,b693faab-4948-43f2-97d4-6cbf08b7dc4f,812b95f8-0936-47e4-9968-6b91dd79e813
134,2026-09-21,19:54:07.45,"Garrett, Walter",1000500484,Left,,,,,,Slider,Live,,75.50488,1.017264671,3.486487853,,,,5.91795,-2.50762,5.3327,-49.94426,1.47145,6.54264,2.7121,1.31233,67.61024,-8.343945249,4.718207766,0.5160826752,-2.20527,0.41008,2.18835,50,5.97534,-6.85512,-109.35806,0.47682,-2.5903,24.6831,-31.69237,61ff2425-a606-4ad2-bfd0-8f47df6282a4,1ba7cfda-704c-4a99-b2db-42590f79c0dc,73.03566,Pitching,25410021,,,,,,,,,,,,,,,,,,,,,,,,bea89479-5eae-41ce-a13d-e685e881ea11,812b95f8-0936-47e4-9968-6b91dd79e813
135,2026-09-21,19:54:23.09,"Garrett, Walter",1000500484,Left,,,,,,Fastball,Live,,81.21797,-1.586055389,5.925605682,1915.887473,150.341671,11:00,5.9397,-2.51735,5.62936,-31.93998,11.27784,-6.46398,1.79004,2.49192,74.18647,-7.521920953,4.722590606,0.4731543313,5.18029,6.49403,2.01606,50,5.78389,-11.99519,-117.48375,-4.25202,7.21057,23.10764,-23.13486,bc2b371e-ee0b-45ca-a3ab-b162402ed969,1ba7cfda-704c-4a99-b2db-42590f79c0dc,79.66204,Pitching,25410021,,,,,,,,,,,,,,,,,,,,-27.16289565,1704.588459,0.8897122002,,07e77472-7a2d-4d40-90ea-93818202d457,812b95f8-0936-47e4-9968-6b91dd79e813
136,2026-09-21,19:54:40.11,"Garrett, Walter",1000500484,Left,,,,,,Fastball,Live,,82.92493,-1.609921981,6.474750123,2003.819557,146.1843069,10:45,6.09665,-2.33397,5.80076,-27.83433,13.3617,-9.00799,2.26999,2.96222,75.71302,-6.801055773,4.796530854,0.4619543751,6.69308,7.64753,1.80616,50,5.94719,-13.33005,-119.8766,-4.23952,9.71834,23.64201,-21.06983,d9309796-4130-4a25-b015-b839339c523e,1ba7cfda-704c-4a99-b2db-42590f79c0dc,81.59342,Pitching,25410021,,,,,,,,,,,,,,,,,,,,-32.08460252,1697.76557,0.8472646971,,b0398b98-772b-4708-8725-80c2f209b795,812b95f8-0936-47e4-9968-6b91dd79e813
137,2026-09-21,19:55:01.48,"Garrett, Walter",1000500484,Left,,,,,,Slider,Live,,75.75346,-1.230232765,2.600291301,2130.745362,207.2302206,1:00,5.95773,-2.74022,5.58391,-47.23042,3.51518,1.83306,0.87181,-0.15786,67.77099,-10.11347615,2.948836894,0.5127085892,0.00909,2.36308,2.51587,50,5.8224,-5.03898,-109.81505,-3.69392,0.01071,25.82684,-29.39013,9f628db1-6a3c-4bf5-a23b-4cb6abf21a40,1ba7cfda-704c-4a99-b2db-42590f79c0dc,73.5163,Pitching,25410021,,,,,,,,,,,,,,,,,,,,,,,,b8320dac-2ade-4b71-b2f4-4fa1c2664856,812b95f8-0936-47e4-9968-6b91dd79e813
138,2026-09-21,19:55:24.21,"Garrett, Walter",1000500484,Left,,,,,,Slider,Live,,77.84061,1.056239241,2.054126158,2093.532025,206.3221903,1:00,5.8225,-2.69191,5.49177,-41.67668,6.03058,3.00353,3.33812,-0.51951,69.78587,-6.789070823,2.621441423,0.4971227546,-0.88879,2.85675,2.51035,50,5.88753,-4.14085,-112.96025,0.84426,-1.1205,25.235,-28.57255,a3d61d0e-42ca-4253-8432-a85929c203c0,1ba7cfda-704c-4a99-b2db-42590f79c0dc,75.82119,Pitching,25410021,,,,,,,,,,,,,,,,,,,,-77.43720269,455.3631531,0.2175095235,,edc978bd-5c55-428c-8668-72d16978c174,812b95f8-0936-47e4-9968-6b91dd79e813
139,2026-09-21,19:56:15.40,"Garrett, Walter",1000500484,Left,,,,,,Fastball,Live,,85.35205,0.5559177954,3.224417625,1988.104509,116.364673,10:00,5.97395,-2.71955,5.61134,-31.38355,7.76254,-15.76924,3.8783,-1.02131,77.04218,-5.343119732,0.2554567954,0.4503141834,9.46416,3.98261,2.45421,50,6.00155,-6.47048,-123.8906,0.19091,14.52146,27.70471,-26.06328,67619117-b12a-42e2-b692-0c70449bef8c,1ba7cfda-704c-4a99-b2db-42590f79c0dc,83.70254,Pitching,25410021,,,,,,,,,,,,,,,,,,,,-24.23663693,1812.868625,0.9118578106,,eb92f2c2-b57b-4282-a6a9-939c09e335ff,812b95f8-0936-47e4-9968-6b91dd79e813
140,2026-09-21,19:56:34.79,"Garrett, Walter",1000500484,Left,,,,,,Fastball,Live,,85.21797,-1.239951569,3.103943334,1953.112249,138.7428463,10:30,6.02977,-2.39785,5.65999,-25.7472,13.73375,-12.07857,2.72617,-0.50747,76.45166,-6.094930262,0.8191687631,0.4522360758,7.54527,7.80407,2.14293,50,5.90896,-6.32055,-123.62869,-3.49726,11.43671,29.38701,-20.34505,d1bc7671-a4a1-4061-a305-89f25931e9bf,1ba7cfda-704c-4a99-b2db-42590f79c0dc,83.34682,Pitching,25410021,,,,,,,,,,,,,,,,,,,,-19.68195136,1839.004959,0.9415766859,,b4cead37-6eda-47a8-8ca0-5d4d2afeb25d,812b95f8-0936-47e4-9968-6b91dd79e813
141,2026-09-21,19:57:06.47,"Garrett, Walter",1000500484,Left,,,,,,ChangeUp,Live,,81.09566,0.08639378698,2.998396545,1432.280705,119.2619641,10:00,5.86377,-2.76595,,-37.29776,7.68927,-13.81126,2.8379,-1.06278,73.44986,-6.77874106,0.447087817,0.4827420174,8.05856,3.94475,2.46896,50,5.83938,-5.66384,-117.5548,-1.1556,11.15874,24.45859,-26.71173,23bf71f5-01b1-462b-86d8-5e9774429b71,1ba7cfda-704c-4a99-b2db-42590f79c0dc,,Pitching,25410021,,,,,,,,,,,,,,,,,,,,-18.49724181,1358.28755,0.948338929,,2938b64f-9daa-4d19-a7bc-d71bb6cec716,812b95f8-0936-47e4-9968-6b91dd79e813
142,2026-09-21,19:57:42.90,"Garrett, Walter",1000500484,Left,,,,,,Fastball,Live,,87.09039,-1.359122083,3.198230211,1999.010765,136.2808554,10:30,5.98094,-2.40842,5.65892,-23.15802,14.30974,-13.71387,2.78163,-0.56608,78.82396,-5.706035091,0.6173430581,0.4405551305,8.34188,8.0938,2.14654,50,5.85148,-6.61506,-126.41863,-3.76212,13.35775,28.30238,-19.21355,3f4697c9-6f0f-410e-b57d-de87bd0343ec,1ba7cfda-704c-4a99-b2db-42590f79c0dc,85.55669,Pitching,25410021,,,,,,,,,,,,,,,,,,,,-9.114780316,1973.769206,0.9873729746,,7e78f7c9-9a8c-4fa5-880c-3616720508e4,812b95f8-0936-47e4-9968-6b91dd79e813
143,2026-09-21,19:57:59.13,"Garrett, Walter",1000500484,Left,,,,,,Slider,Live,,81.98501,-0.9922917299,3.871298514,1460.569723,106.526553,9:30,5.75078,-2.62281,5.76544,-39.29266,2.55023,-8.69667,1.55082,0.2604,75.2259,-8.31732423,2.240867674,0.4655670206,5.77531,1.65307,2.30775,50,5.64491,-7.7897,-119.0277,-3.26314,8.2663,23.33694,-29.80798,3eb391ea-9bf5-4497-bde3-f7656d0bc505,1ba7cfda-704c-4a99-b2db-42590f79c0dc,80.96029,Pitching,25410021,,,,,,,,,,,,,,,,,,,,-19.3242551,1378.282612,0.9436609499,,3bf590ea-a7b8-4cda-aea9-f3a6a5f0bf8e,812b95f8-0936-47e4-9968-6b91dd79e813
144,2026-09-21,19:58:41.03,"Strouse, Ryan",1000616393,Right,,,,,,,Warmup,,82.74373,-1.695971648,-1.319891718,1849.036948,227.2168094,1:30,6.52014,1.81616,5.71327,-27.83449,13.34911,14.44818,2.61999,1.79053,75.44595,-6.901405363,1.399615341,0.4618846559,-8.14829,7.67035,-1.71476,50,6.36135,2.32432,-120.28952,-4.42415,-11.85872,24.79533,-21.01091,179586ad-c7fe-4ae4-b1fe-038ea52807af,1ba7cfda-704c-4a99-b2db-42590f79c0dc,81.60574,Pitching,25410021,,,,,,,,,,,,,,,,,,,207.3650776,13.05208421,1801.267397,0.9741651725,1:00,3169bde0-e2e3-4678-8c8b-65a4d7ae0ef1,812b95f8-0936-47e4-9968-6b91dd79e813
145,2026-09-21,19:58:49.48,"Strouse, Ryan",1000616393,Right,,,,,,,Warmup,,82.72025,0.8992068133,-0.9061840548,1909.187231,221.8575272,1:30,6.57996,1.80518,5.89929,-26.34827,14.64579,13.15491,5.2191,2.06022,74.89418,-4.077308469,1.582279606,0.4608205696,-7.39281,7.64455,-1.73991,50,6.63717,1.51005,-120.32047,1.1014,-10.72851,25.53682,-21.08021,28631419-ae6a-41b9-8166-7c4cec8a264d,1ba7cfda-704c-4a99-b2db-42590f79c0dc,81.79418,Pitching,25410021,,,,,,,,,,,,,,,,,,,,11.46996338,1871.059018,0.9800290862,,4d6f176f-d780-4cf6-9cac-46652be15516,812b95f8-0936-47e4-9968-6b91dd79e813
146,2026-09-21,19:58:58.99,"Strouse, Ryan",1000616393,Right,,,,,,,Warmup,,73.92397,2.888392467,1.650052145,1544.51724,42.62223775,7:30,6.58792,1.80507,5.68337,-57.7483,-6.44533,-5.87913,4.4709,2.85339,68.09468,-7.870915399,0.5496410313,0.5155166156,3.58873,-4.22548,-1.94011,50,6.79487,-2.93014,-107.43237,3.80551,4.2074,18.06423,-37.12796,7badf07d-7472-48ae-a22f-dcf7bc0947fe,1ba7cfda-704c-4a99-b2db-42590f79c0dc,73.11586,Pitching,25410021,,,,,,,,,,,,,,,,,,,,48.45173654,1024.402142,0.6632507007,,6a7ecab5-fc0e-4213-85db-e4c178347794,812b95f8-0936-47e4-9968-6b91dd79e813
147,2026-09-21,19:59:10.33,"Strouse, Ryan",1000616393,Right,,,,,,,Warmup,,74.73388,0.5528944837,-2.087064379,1451.808839,38.17194986,7:15,6.65714,1.58516,5.20033,-57.48378,-6.62862,-5.18225,2.38713,-0.81027,69.62286,-9.97982585,-3.045187798,0.5132617486,2.18515,-3.62377,-1.38821,50,6.66541,4.11941,-108.67016,-0.71678,2.6321,17.74035,-36.53903,f842f171-062f-455d-846d-93f1d92d11ec,1ba7cfda-704c-4a99-b2db-42590f79c0dc,73.43707,Pitching,25410021,,,,,,,,,,,,,,,,,,,,41.76268707,1082.9186,0.7459099098,,43016fa5-515d-4037-a80b-204dbbc5f946,812b95f8-0936-47e4-9968-6b91dd79e813
148,2026-09-21,19:59:19.31,"Strouse, Ryan",1000616393,Right,,,,,,,Warmup,,76.32568,-2.807099803,-2.987854423,1455.755953,228.7021868,1:30,6.71679,1.76547,5.51681,-37.4368,11.10695,12.65503,0.96705,0.02421,70.54546,-9.709316658,-0.6274062336,0.5014620201,-7.53845,6.66721,-1.51385,50,6.44729,5.40719,-110.79326,-6.55122,-9.39506,19.30253,-23.8648,12ef83aa-6e34-4797-8818-498641731608,1ba7cfda-704c-4a99-b2db-42590f79c0dc,75.16509,Pitching,25410021,,,,,,,,,,,,,,,,,,,,17.68079117,1386.990929,0.952763357,,328d5b37-83ac-4d81-a66d-8a4bd43a3c6b,812b95f8-0936-47e4-9968-6b91dd79e813
149,2026-09-21,19:59:28.35,"Strouse, Ryan",1000616393,Right,,,,,,,Warmup,,76.43797,0.4459948119,-1.767010108,1519.524965,227.0789896,1:30,6.58017,1.81699,5.47639,-36.21003,11.93773,12.88933,3.98015,1.23737,70.39614,-6.274982924,0.6339941814,0.4994125675,-7.30216,6.21789,-1.67077,50,6.5948,3.04307,-111.20264,-0.22262,-9.19559,18.88118,-24.34388,6e155ab5-0967-405d-a382-a8397975a27f,1ba7cfda-704c-4a99-b2db-42590f79c0dc,75.47355,Pitching,25410021,,,,,,,,,,,,,,,,,,,,18.33762031,1442.362129,0.9492191061,,1fa4a1c3-80e7-4b1b-b2db-0835e5ce296a,812b95f8-0936-47e4-9968-6b91dd79e813
150,2026-09-21,19:59:38.86,"Strouse, Ryan",1000616393,Right,,,,,,,Warmup,,82.94548,-2.440776442,-3.434927813,1920.009247,223.6558865,1:30,6.51416,1.70893,5.82969,-25.8825,14.77322,14.10638,2.0833,-0.31188,76.13391,-7.269452436,-0.7887190032,0.4589149533,-8.52804,8.61559,-1.43702,50,6.2995,6.79764,-120.43485,-5.93397,-12.54591,23.03172,-19.49934,8d417c11-f78f-4cd8-bad9-fdd8a2347479,1ba7cfda-704c-4a99-b2db-42590f79c0dc,82.13382,Pitching,25410021,,,,,,,,,,,,,,,,,,,,16.41351949,1841.763738,0.9592473267,,61655f1f-5a93-493d-8e8c-e3203514899e,812b95f8-0936-47e4-9968-6b91dd79e813
151,2026-09-21,19:59:44.43,"Strouse, Ryan",1000616393,Right,,,,,,,Live,,49.15083,5.669128089,0.2253473385,1251.742639,170.1331269,11:45,6.78386,1.64462,5.75433,-59.28207,57.1199,-9.90395,7.13753,1.02904,44.95634,-5.404433575,-1.630378019,0.7765180851,5.37048,29.10962,-1.65725,50,7.21873,-0.09837,-71.2116,5.98148,2.76849,7.87934,-17.16802,9f63837e-a76d-449d-9d9e-5679e9d5c72d,1ba7cfda-704c-4a99-b2db-42590f79c0dc,48.54032,Pitching,25410021,,,,,,,,,,,,,,,,,,,,,,,,38b151d5-6a14-4747-b8ea-72b24cc91300,812b95f8-0936-47e4-9968-6b91dd79e813
152,2026-09-21,20:00:16.19,"Strouse, Ryan",1000616393,Right,,,,,,ChangeUp,Live,,75.44688,-1.028191988,-0.3374388633,1442.294319,225.7433954,1:30,6.638,1.66534,5.60442,-38.31966,10.73716,11.05866,2.4849,2.27194,69.95977,-8.119146178,1.725254951,0.5041050959,-5.97863,5.98422,-1.64366,50,6.52539,0.32485,-109.83381,-3.08708,-7.3592,18.05683,-24.80798,72ae0f79-179c-4a0c-a24f-d911655521cd,1ba7cfda-704c-4a99-b2db-42590f79c0dc,74.77099,Pitching,25410021,,,,,,,,,,,,,,,,,,,,21.42462813,1342.630181,0.9308988905,,efa16e57-6d59-4378-98c6-2fa999ea31a3,812b95f8-0936-47e4-9968-6b91dd79e813
153,2026-09-21,20:00:29.78,"Strouse, Ryan",1000616393,Right,,,,,,Fastball,Live,,82.80397,-0.6099911032,-1.039870857,1828.018639,214.3801658,1:15,6.61133,1.58582,5.95225,-23.96396,16.32365,11.19145,4.04858,1.55407,76.12051,-5.101166386,1.063993524,0.4568326518,-6.31736,8.97462,-1.50961,50,6.54941,1.85278,-120.57676,-2.00306,-9.34433,22.40837,-18.89922,94613004-1e46-4fff-88df-0bd2c5f79716,1ba7cfda-704c-4a99-b2db-42590f79c0dc,82.5082,Pitching,25410021,,,,,,,,,,,,,,,,,,,,11.73781908,1789.792473,0.979088744,,8cb19f06-6253-4cc8-920d-7735add8684a,812b95f8-0936-47e4-9968-6b91dd79e813
154,2026-09-21,20:00:45.46,"Strouse, Ryan",1000616393,Right,,,,,,Fastball,Live,,82.47758,-1.204752396,-1.132470875,1796.15704,204.1652507,12:45,6.59592,1.48654,5.84994,-22.40568,18.63832,8.37639,3.60909,1.13229,75.32033,-5.408186287,0.4447643815,0.4611011431,-4.83609,10.38639,-1.39954,50,6.48506,2.11876,-120.00076,-3.20192,-7.03528,23.73013,-17.06448,ebdaa460-81af-4ba9-ad75-663ecb9a7438,1ba7cfda-704c-4a99-b2db-42590f79c0dc,81.74441,Pitching,25410021,,,,,,,,,,,,,,,,,,,,13.01104749,1750.043713,0.9743266727,,46f1612a-ae73-4904-b997-1b638a64aae7,812b95f8-0936-47e4-9968-6b91dd79e813
155,2026-09-21,20:01:01.56,"Strouse, Ryan",1000616393,Right,,,,,,Fastball,Live,,82.36497,-0.7825727769,-1.200507279,1905.69514,215.2929371,1:15,6.64617,1.512,5.95922,-24.02422,16.56804,11.75082,3.91837,1.378,75.96902,-5.276955788,1.005138392,0.4585566386,-6.64671,9.13964,-1.42349,50,6.5706,2.16249,-119.95528,-2.35705,-9.76321,21.44167,-18.74902,e86ddb34-fd6f-48f8-b0e2-a5acfd2a3e5d,1ba7cfda-704c-4a99-b2db-42590f79c0dc,82.198,Pitching,25410021,,,,,,,,,,,,,,,,,,,,4.485225648,1899.859009,0.9969375321,,ac818007-6417-46ca-9d0c-4a4c1c08383f,812b95f8-0936-47e4-9968-6b91dd79e813
156,2026-09-21,20:01:32.53,"Strouse, Ryan",1000616393,Right,,,,,,Fastball,Live,,81.28294,-0.9057170319,-2.216866122,1716.478819,211.3847858,1:00,6.41095,1.70955,6.09041,-26.39736,15.13956,9.25916,3.37279,0.42979,74.96382,-5.854554243,-0.4751206151,0.4638617308,-5.58992,8.44208,-1.54385,50,6.32711,4.31439,-118.33092,-2.63133,-7.98498,21.00014,-20.11487,9cb268b5-b866-4c85-a767-a9946d1b4c91,1ba7cfda-704c-4a99-b2db-42590f79c0dc,81.25792,Pitching,25410021,,,,,,,,,,,,,,,,,,,,15.76695754,1651.896059,0.9623748575,,84e81749-520a-415b-ab82-0eb9e856527b,812b95f8-0936-47e4-9968-6b91dd79e813
157,2026-09-21,20:01:55.65,"Strouse, Ryan",1000616393,Right,,,,,,Fastball,Live,,82.30439,-2.586988371,-2.349992027,1956.457407,210.9227075,1:00,6.64037,1.36613,5.93848,-22.9977,18.06867,10.83017,2.32074,0.08773,75.51612,-6.887799424,-0.3120433047,0.4612268176,-6.4956,10.47106,-1.18511,50,6.42116,4.58672,-119.62106,-6.09369,-9.42221,22.83615,-16.98523,7937a2c5-a9de-4709-8fc5-66f9a630c7b2,1ba7cfda-704c-4a99-b2db-42590f79c0dc,81.72213,Pitching,25410021,,,,,,,,,,,,,,,,,,,,7.074329821,1941.563318,0.9923872154,,927b037f-086e-4627-baa0-2d29c77bfbc3,812b95f8-0936-47e4-9968-6b91dd79e813
158,2026-09-21,20:02:11.17,"Strouse, Ryan",1000616393,Right,,,,,,Fastball,Live,,81.20388,-2.606894775,-2.697755668,1853.624404,216.2431216,1:15,6.59873,1.6247,5.99563,-24.28862,17.65792,12.95032,2.15496,0.20249,74.84862,-7.142303449,-0.2641534479,0.4661433329,-7.70811,10.23013,-1.4197,50,6.38001,5.18408,-118.0347,-6.08843,-10.93586,21.27865,-17.66008,e02220e6-127d-4f1d-9c60-d14b50301673,1ba7cfda-704c-4a99-b2db-42590f79c0dc,80.86019,Pitching,25410021,,,,,,,,,,,,,,,,,,,,8.167640289,1834.822401,0.9898566275,,bf6ddd42-d5eb-4e51-bf9a-c93a78086743,812b95f8-0936-47e4-9968-6b91dd79e813
159,2026-09-21,20:02:35.28,"Strouse, Ryan",1000616393,Right,,,,,,Fastball,Live,,80.99508,-0.5660035329,-1.506541029,1670.509277,193.7297017,12:30,6.57694,1.60923,5.87153,-23.13583,19.17813,4.69538,4.12311,0.60107,74.29561,-4.900697973,-0.6246964445,0.4681804144,-2.93387,10.48058,-1.49027,50,6.51776,2.96104,-117.89509,-1.85304,-4.14228,21.75193,-17.37671,8699fa40-1287-4f0e-85e9-5512c4bc6fd1,1ba7cfda-704c-4a99-b2db-42590f79c0dc,80.50836,Pitching,25410021,,,,,,,,,,,,,,,,,,,,16.31693861,1603.224964,0.9597222752,,a7a11356-c8bb-4826-92a1-3bf1ea665f1a,812b95f8-0936-47e4-9968-6b91dd79e813
160,2026-09-21,20:02:49.88,"Strouse, Ryan",1000616393,Right,,,,,,Fastball,Live,,82.46304,-1.680697825,-1.713294693,1861.414112,202.3192656,12:45,6.69808,1.50571,5.89641,-22.1031,18.69657,7.6867,3.29488,0.5554,75.75886,-5.815237716,-0.2693866448,0.4597266521,-4.60078,10.52608,-1.37248,50,6.55025,3.3572,-119.9832,-4.18834,-6.73176,22.40402,-16.77252,132f4b09-8ff9-44eb-933d-bbca2adbc091,1ba7cfda-704c-4a99-b2db-42590f79c0dc,81.98881,Pitching,25410021,,,,,,,,,,,,,,,,,,,,19.19709987,1757.906486,0.9443930152,,b808dbc0-b668-4888-a949-1242011782d6,812b95f8-0936-47e4-9968-6b91dd79e813
161,2026-09-21,20:03:17.99,"Strouse, Ryan",1000616393,Right,,,,,,Fastball,Live,,82.67537,-2.533133832,-3.942334327,2022.528014,207.8331277,1:00,6.7027,1.30727,6.08324,-21.29885,19.29517,10.20313,2.57756,-1.49491,75.74136,-6.52951801,-2.021380537,0.45856657,-6.62644,11.17565,-1.00841,50,6.49555,7.97392,-120.00805,-5.94072,-9.67291,23.01515,-15.86045,6f7bda3e-389a-4ca0-ae60-851a5a5aa49e,1ba7cfda-704c-4a99-b2db-42590f79c0dc,82.19622,Pitching,25410021,,,,,,,,,,,,,,,,,,,,10.85284678,1986.353082,0.9821140017,,dcf558bb-7e42-4369-9996-2782f044fc38,812b95f8-0936-47e4-9968-6b91dd79e813
162,2026-09-21,20:03:37.76,"Strouse, Ryan",1000616393,Right,,,,,,Fastball,Live,,83.92425,-2.69555906,-2.648825356,2002.694518,200.5368499,12:45,6.75103,1.14915,6.05269,-17.94816,21.56486,8.08403,2.756,-0.63052,76.53777,-6.070889868,-1.121679063,0.452419672,-5.15421,12.48818,-0.9478,50,6.53184,5.40133,-121.92035,-6.27727,-7.72956,24.79304,-13.44602,c09f5c21-99ae-4869-9c76-ea704480ef30,1ba7cfda-704c-4a99-b2db-42590f79c0dc,83.313,Pitching,25410021,,,,,,,,,,,,,,,,,,,,-0.3963792101,2002.646593,0.9999760699,,c3209428-b0ca-4afb-aa42-c3117bf86118,812b95f8-0936-47e4-9968-6b91dd79e813
163,2026-09-21,20:03:56.88,"Strouse, Ryan",1000616393,Right,,,,,,Curveball,Live,,73.30478,3.942598235,1.869303257,1519.814719,23.2197434,6:45,6.64309,1.42129,5.82496,-57.23754,-4.78885,-2.03,5.54574,2.99028,66.72832,-6.808777044,1.486801693,0.5212411862,1.64708,-3.74933,-1.57264,50,6.93174,-3.41669,-106.35749,5.79724,1.87498,19.2941,-36.44217,111311bb-55ae-4ec1-baa2-fba9c36c8041,1ba7cfda-704c-4a99-b2db-42590f79c0dc,72.31286,Pitching,25410021,,,,,,,,,,,,,,,,,,,,,,,,71d43510-5afe-40ae-bc41-31aebe203c6b,812b95f8-0936-47e4-9968-6b91dd79e813
164,2026-09-21,20:04:24.66,"Strouse, Ryan",1000616393,Right,,,,,,Fastball,Live,,83.42975,-1.437194669,-1.274884458,1835.468261,212.7314885,1:00,6.74276,1.34439,6.39545,-21.96139,17.19471,11.06843,3.59046,1.09424,76.51359,-5.589178226,0.8263588942,0.4503717501,-6.42864,9.83749,-1.25822,50,6.62956,2.39781,-121.5009,-3.65653,-9.61956,23.58059,-17.45362,4177aa36-c310-4fda-a6af-ae5531035b30,1ba7cfda-704c-4a99-b2db-42590f79c0dc,83.69184,Pitching,25410021,,,,,,,,,,,,,,,,,,,,15.87016774,1765.507226,0.9618838218,,4eb24d74-7e86-4f8f-8c05-1b0717547242,812b95f8-0936-47e4-9968-6b91dd79e813
165,2026-09-21,20:04:47.07,"Strouse, Ryan",1000616393,Right,,,,,,ChangeUp,Live,,75.44144,-0.509671817,-1.171454488,1472.036057,216.9736154,1:15,6.74657,1.47934,6.10448,-34.37844,13.95935,10.53974,3.41033,1.27433,69.46637,-6.96238181,0.8173485483,0.5003971148,-6.04142,7.71989,-1.39505,50,6.68929,1.96692,-109.86322,-1.88961,-7.40345,18.97992,-22.71371,be1b24c5-592e-4447-84bd-aa009921dbf3,1ba7cfda-704c-4a99-b2db-42590f79c0dc,75.32505,Pitching,25410021,,,,,,,,,,,,,,,,,,,,10.33503106,1448.153056,0.983775533,,21eea58b-15e8-4812-83e5-f36409855a59,812b95f8-0936-47e4-9968-6b91dd79e813
166,2026-09-21,20:05:14.03,"Strouse, Ryan",1000616393,Right,,,,,,ChangeUp,Live,,72.42874,0.3328603382,-1.058065779,1373.725846,216.7992867,1:15,6.76647,1.45501,6.10951,-39.57449,12.83072,9.6333,3.77639,1.27945,66.74291,-7.097349039,0.759504663,0.5210250831,-5.51747,6.88002,-1.37903,50,6.77108,1.70296,-105.48626,-0.39457,-6.23613,17.42315,-24.3979,7ac01dbf-065d-4aa9-b65e-a4d58bdd2bb8,1ba7cfda-704c-4a99-b2db-42590f79c0dc,72.34285,Pitching,25410021,,,,,,,,,,,,,,,,,,,,19.81757075,1292.369467,0.9407768448,,0546015f-b921-432f-9152-76066ace23a3,812b95f8-0936-47e4-9968-6b91dd79e813
167,2026-09-21,20:05:33.44,"Strouse, Ryan",1000616393,Right,,,,,,ChangeUp,Live,,72.47749,2.059396904,0.8018575664,1407.43162,217.673537,1:15,6.77098,1.47222,5.77752,-39.07848,13.99631,10.83128,5.43139,3.12087,66.56328,-5.247996457,2.831140771,0.5243430766,-5.59786,6.95824,-1.54483,50,6.91719,-1.76871,-105.44493,2.73526,-6.32243,17.3989,-24.31516,310f4797-9d1f-4f44-92d7-8547c7bf9174,1ba7cfda-704c-4a99-b2db-42590f79c0dc,71.88507,Pitching,25410021,,,,,,,,,,,,,,,,,,,,22.95743252,1295.955844,0.9207948902,,c72f885f-7823-4263-8434-46780d571ab0,812b95f8-0936-47e4-9968-6b91dd79e813
168,2026-09-21,20:06:03.88,"Strouse, Ryan",1000616393,Right,,,,,,Fastball,Live,,82.14678,-1.615903304,-0.6001246496,1903.720646,212.0862682,1:00,6.71954,1.41005,6.2334,-21.7039,19.06918,11.9707,3.41993,1.85404,75.10531,-5.711182536,1.669646795,0.4595768771,-6.71215,10.88107,-1.37134,50,6.58839,0.91688,-119.58687,-3.98248,-9.69374,23.64408,-16.45951,e436e93f-fdd8-4966-b243-bad55996375f,1ba7cfda-704c-4a99-b2db-42590f79c0dc,82.01553,Pitching,25410021,,,,,,,,,,,,,,,,,,,,9.264099361,1878.890001,0.9869567811,,6edfd359-3d64-48b3-a623-5ba4dcf43549,812b95f8-0936-47e4-9968-6b91dd79e813
169,2026-09-21,20:06:21.23,"Strouse, Ryan",1000616393,Right,,,,,,Fastball,Live,,81.29005,-2.069243797,-1.9665727,1686.910903,209.082561,1:00,6.64644,1.19697,6.15852,-25.48993,16.21137,9.02922,2.60898,0.13218,74.62053,-6.858135614,-0.2600463062,0.4647786548,-5.45937,9.39862,-1.0526,50,6.47638,3.80578,-118.25747,-4.99454,-7.73604,22.41548,-18.85603,4e5f4d8c-ac5d-471e-9e5e-234abca6d237,1ba7cfda-704c-4a99-b2db-42590f79c0dc,81.09761,Pitching,25410021,,,,,,,,,,,,,,,,,,,,14.84364603,1630.616186,0.966628518,,e5290389-87bf-43f5-b006-8bbee894cac3,812b95f8-0936-47e4-9968-6b91dd79e813
170,2026-09-21,20:06:38.89,"Strouse, Ryan",1000616393,Right,,,,,,Fastball,Live,,80.99813,-2.3112636,-1.208502238,1668.356212,215.8566422,1:15,6.68607,1.2675,6.19646,-27.18757,14.65515,10.60409,2.28545,1.03553,74.61728,-7.409671215,0.7956329158,0.4655661498,-6.10493,8.61064,-1.18214,50,6.49856,2.19015,-117.88025,-5.51924,-8.61414,21.8226,-20.02431,49ced9ea-a71b-4da3-a50b-2de6ec913347,1ba7cfda-704c-4a99-b2db-42590f79c0dc,80.96044,Pitching,25410021,,,,,,,,,,,,,,,,,,,,12.08374932,1631.389861,0.9778426511,,bc3f92fc-f22d-4211-be1a-236e62454caf,812b95f8-0936-47e4-9968-6b91dd79e813
171,2026-09-21,20:07:11.49,"Strouse, Ryan",1000616393,Right,,,,,,ChangeUp,Live,,74.87113,-1.214496052,-1.743987606,1444.054125,222.1278064,1:30,6.72532,1.66832,6.12382,-36.53846,12.55586,11.38927,2.55721,1.00497,69.06517,-8.060139643,0.4058338329,0.5042977513,-6.66374,7.15439,-1.54108,50,6.61337,3.01979,-108.98621,-3.26951,-8.03411,18.72513,-23.54838,bf190300-83bf-446a-97da-2fae774021d9,1ba7cfda-704c-4a99-b2db-42590f79c0dc,74.74243,Pitching,25410021,,,,,,,,,,,,,,,,,,,,23.4219218,1325.067829,0.9176026067,,ebe10f42-ad6f-4eda-b6b8-7e072120add6,812b95f8-0936-47e4-9968-6b91dd79e813
172,2026-09-21,20:07:26.88,"Strouse, Ryan",1000616393,Right,,,,,,ChangeUp,Live,,75.60681,-0.9738307035,0.04250082021,1367.830862,215.128399,1:15,6.61147,1.65576,6.16412,-35.56017,12.26102,8.65316,2.74862,2.41611,70.03783,-7.629281217,1.673377069,0.4977159533,-4.69436,6.91848,-1.66345,50,6.51939,-0.31005,-110.1563,-2.81083,-5.80827,18.29259,-23.61391,9980126c-e1c2-4b21-b8e5-e301a2dc0071,1ba7cfda-704c-4a99-b2db-42590f79c0dc,75.73082,Pitching,25410021,,,,,,,,,,,,,,,,,,,213.4704137,26.72924272,1221.66712,0.8931419477,1:00,051c081f-7d0b-40f0-a748-abcd0ea22778,812b95f8-0936-47e4-9968-6b91dd79e813
173,2026-09-21,20:07:44.22,"Strouse, Ryan",1000616393,Right,,,,,,Fastball,Live,,81.64119,-2.262326726,-0.7322255187,1865.413414,213.4043598,1:00,6.72712,1.30766,6.16357,-25.44121,15.78613,10.42269,2.51628,1.4999,75.16208,-7.032648205,1.236508075,0.4621298897,-5.87094,9.20396,-1.25764,50,6.54273,1.22297,-118.83035,-5.41672,-8.41751,22.18947,-18.97778,6b29fa7e-41ff-409e-92ef-2fb20eac57bb,1ba7cfda-704c-4a99-b2db-42590f79c0dc,81.56243,Pitching,25410021,,,,,,,,,,,,,,,,,,,,19.55925989,1757.771108,0.9422957372,,0aaa1f15-d267-4edd-a8ec-b0e4eb1abcd3,812b95f8-0936-47e4-9968-6b91dd79e813
174,2026-09-21,20:08:03.27,"Strouse, Ryan",1000616393,Right,,,,,,Fastball,Live,,81.41185,-4.167823891,-1.678601234,1774.977801,207.5405235,1:00,6.677,1.55529,6.52712,-22.8452,18.15058,9.45123,0.94187,0.80274,75.17037,-8.456089182,0.1168473654,0.4608302244,-5.65697,11.11696,-1.44305,50,6.37742,3.21895,-118.31178,-9.2252,-8.0525,21.66972,-16.34946,42d86330-da01-4ba7-9d1e-6492d2b4c539,1ba7cfda-704c-4a99-b2db-42590f79c0dc,81.79246,Pitching,25410021,,,,,,,,,,,,,,,,,,,,0.6522078517,1774.862804,0.9999352124,,4485a19d-eb0e-4de2-a2f5-b0664ffb1fb7,812b95f8-0936-47e4-9968-6b91dd79e813
175,2026-09-21,20:08:31.53,"Strouse, Ryan",1000616393,Right,,,,,,Fastball,Live,,81.53565,-3.121535217,-0.9540730014,1771.25233,205.0504142,12:45,6.73195,1.28115,6.25636,-22.33825,19.06797,8.91233,1.98918,1.14412,74.75128,-7.320369849,0.7358457772,0.4631314036,-5.14205,11.30771,-1.2149,50,6.48953,1.72767,-118.57082,-7.08605,-7.30846,23.01503,-16.10229,dffb8a87-d79c-4a41-b3c5-eb84d6abe363,1ba7cfda-704c-4a99-b2db-42590f79c0dc,81.38606,Pitching,25410021,,,,,,,,,,,,,,,,,,,,15.34113151,1708.138608,0.9643677407,,ce11d474-18ad-4df1-9fc2-182647b5a7b3,812b95f8-0936-47e4-9968-6b91dd79e813
176,2026-09-21,20:09:13.39,"Strouse, Ryan",1000616393,Right,,,,,,Fastball,Live,,82.3058,-1.464683306,-1.399819563,1734.624971,214.2084429,1:15,6.59002,1.55476,6.26731,-24.74043,15.89257,10.82214,3.17749,1.166,75.16137,-6.140029728,0.6551721524,0.458786713,-6.3291,9.12294,-1.45667,50,6.46966,2.62566,-119.79233,-3.75343,-9.15735,24.06905,-18.97437,d90f469c-056a-4abd-a76b-91cb2bc358fd,1ba7cfda-704c-4a99-b2db-42590f79c0dc,82.15678,Pitching,25410021,,,,,,,,,,,,,,,,,,,,13.60620298,1685.943654,0.9719355378,,f559384d-00f1-41c7-ba05-50e0eaa90865,812b95f8-0936-47e4-9968-6b91dd79e813
177,2026-09-21,20:09:34.30,"Strouse, Ryan",1000616393,Right,,,,,,ChangeUp,Live,,73.79503,-3.610943203,-1.531629987,1394.600885,218.5608995,1:15,6.72335,1.43721,5.99797,-38.69829,12.14978,9.69044,0.14736,0.82536,68.63156,-10.76976416,0.2913737718,0.5132259949,-5.6455,7.5266,-1.32223,50,6.41781,2.61091,-107.23797,-7.79396,-6.6054,17.71911,-23.3677,49605fe6-12ff-4601-9a63-80da108bc5ca,1ba7cfda-704c-4a99-b2db-42590f79c0dc,73.44219,Pitching,25410021,,,,,,,,,,,,,,,,,,,,15.84495903,1341.61169,0.9620040436,,e415b51b-12c3-4d5f-88de-03983e10644c,812b95f8-0936-47e4-9968-6b91dd79e813
178,2026-09-21,20:10:00.17,"Strouse, Ryan",1000616393,Right,,,,,,Fastball,Live,,82.50356,-1.24392228,-0.7257603332,1881.074992,215.0385782,1:15,6.63483,1.39516,6.37825,-23.10539,16.88655,11.8603,3.56488,1.71589,75.81226,-5.606471381,1.523284162,0.4551532156,-6.70266,9.6002,-1.34853,50,6.5345,1.19645,-120.18999,-3.24522,-9.82973,22.73227,-18.09495,559bd82c-d663-42e6-b2a1-d7b416406912,1ba7cfda-704c-4a99-b2db-42590f79c0dc,82.81264,Pitching,25410021,,,,,,,,,,,,,,,,,,,,20.34325738,1763.746206,0.9376267365,,83210c73-8fbe-4299-b0b3-d44ecbbe453e,812b95f8-0936-47e4-9968-6b91dd79e813
179,2026-09-21,20:10:37.18,"Strouse, Ryan",1000616393,Right,,,,,,Fastball,Live,,82.17774,-2.30300846,-1.802031841,1840.865868,217.2783922,1:15,6.60804,1.33426,6.44146,-25.53605,14.86015,11.32274,2.36196,0.62166,75.43295,-7.1241651,0.3504654476,0.4574479406,-6.73333,8.82007,-1.21177,50,6.43317,3.45747,-119.58728,-5.49956,-9.7466,23.15374,-19.40687,506dee3a-2961-4087-adf8-104b9a94ef94,1ba7cfda-704c-4a99-b2db-42590f79c0dc,82.39722,Pitching,25410021,,,,,,,,,,,,,,,,,,,,19.08544384,1739.677176,0.9450320123,,63f810fe-93f6-4674-b9f9-c407a77247bc,812b95f8-0936-47e4-9968-6b91dd79e813
180,2026-09-21,20:11:25.90,"Rangel, Rylan",1000510502,Right,,,,,,,Warmup,,84.03947,-0.3456203622,-1.538651815,1731.249373,232.5878422,1:45,5.99676,1.70693,5.24428,-28.27148,12.26798,16.0851,3.31592,1.60122,76.5872,-5.597609769,1.459924936,0.4582583199,-8.9326,6.57267,-1.57751,50,5.94447,2.73403,-122.14033,-1.69809,-13.43736,24.99729,-22.28675,be6bb63d-0e70-4451-8fa7-1f687da3a41e,1ba7cfda-704c-4a99-b2db-42590f79c0dc,82.25151,Pitching,25410021,,,,,,,,,,,,,,,,,,,213.2259853,38.22152832,1360.111883,0.7856244769,1:00,9e1b9bda-a34f-482e-bb9a-30e8ac1befdf,812b95f8-0936-47e4-9968-6b91dd79e813
181,2026-09-21,20:11:40.13,"Rangel, Rylan",1000510502,Right,,,,,,,Warmup,,85.28595,1.221783284,-0.6731026544,1767.959612,221.4697344,1:30,6.03403,1.74406,5.23989,-24.53537,14.6398,12.96811,5.13781,2.19217,77.89093,-3.335163979,1.73784553,0.450481355,-7.01643,7.37641,-1.69177,50,6.12822,1.00719,-124.01248,1.7941,-10.93885,24.54017,-20.67399,296e9664-8418-422c-a7ed-b95de6282f36,1ba7cfda-704c-4a99-b2db-42590f79c0dc,83.67147,Pitching,25410021,,,,,,,,,,,,,,,,,,,,38.29784743,1387.494093,0.7847996548,,98fb7048-cfd0-42f5-8b29-76c42fce84a9,812b95f8-0936-47e4-9968-6b91dd79e813
182,2026-09-21,20:11:54.04,"Rangel, Rylan",1000510502,Right,,,,,,,Warmup,,81.96694,-0.08132093743,-1.129369834,1513.460157,246.8370111,2:15,5.92811,1.78294,5.54047,-35.12966,6.90333,16.21947,2.92464,2.07905,75.05906,-6.62598291,1.906875193,0.4666234452,-8.96381,3.70177,-1.69584,50,5.89801,1.83619,-119.22665,-1.28299,-12.87582,23.36775,-26.85674,1ff3ba2f-4037-40b3-ba26-7d8c85799e55,1ba7cfda-704c-4a99-b2db-42590f79c0dc,80.77699,Pitching,25410021,,,,,,,,,,,,,,,,,,,,20.23501122,1420.052195,0.9382818493,,90c55819-fcac-40d9-84aa-05ec85c9bb68,812b95f8-0936-47e4-9968-6b91dd79e813
183,2026-09-21,20:12:09.32,"Rangel, Rylan",1000510502,Right,,,,,,,Warmup,,87.51114,-0.4083888216,-1.349189702,1934.206882,229.1120924,1:45,5.9056,1.82248,5.22604,-26.67091,10.52637,12.19369,3.29904,1.57019,80.17858,-5.348371396,0.9163827149,0.4389620515,-6.78598,5.65231,-1.70728,50,5.84837,2.5619,-127.25382,-1.8592,-11.15023,25.61156,-22.88659,70cecddb-f4aa-4d85-8631-c84bfa746854,1ba7cfda-704c-4a99-b2db-42590f79c0dc,85.86719,Pitching,25410021,,,,,,,,,,,,,,,,,,,215.113335,35.63827945,1571.952489,0.8127116618,1:15,dbeeb561-6432-452d-bdce-65223253a56f,812b95f8-0936-47e4-9968-6b91dd79e813
184,2026-09-21,20:12:26.04,"Rangel, Rylan",1000510502,Right,,,,,,,Warmup,,75.26436,1.127022948,-0.5185091535,2318.631277,83.72380314,8:45,5.90451,1.8718,4.44533,-53.38788,-1.39345,-12.2937,2.53042,0.35286,69.17167,-8.601938897,-2.774057509,0.5189790221,6.15554,-1.03372,-1.80546,50,5.97342,1.40831,-109.28166,0.329,7.42999,19.59385,-33.42179,7dd0e978-0662-4a5f-8dc6-de64eb05f47a,1ba7cfda-704c-4a99-b2db-42590f79c0dc,72.62806,Pitching,25410021,,,,,,,,,,,,,,,,,,,,59.63088977,1172.227366,0.5055686852,,348b088a-1ea0-4cb1-84fc-fa5c7e90f5bc,812b95f8-0936-47e4-9968-6b91dd79e813
185,2026-09-21,20:12:41.55,"Rangel, Rylan",1000510502,Right,,,,,,,Warmup,,86.63076,-0.6774285799,-1.115576837,1715.040065,243.3298156,2:00,5.98199,1.83544,5.27661,-30.66255,7.19889,14.38996,2.79046,1.98685,79.58373,-6.350583451,1.559611842,0.442863556,-7.8894,3.97915,-1.74417,50,5.89803,1.94872,-125.99423,-2.56559,-12.71476,24.97808,-25.76115,6290fba0-e40c-4653-b7db-76a823ff6b43,1ba7cfda-704c-4a99-b2db-42590f79c0dc,85.11073,Pitching,25410021,,,,,,,,,,,,,,,,,,,,34.87145497,1407.082017,0.8204368199,,8aba224f-1215-470c-9308-0191437ced0b,812b95f8-0936-47e4-9968-6b91dd79e813
186,2026-09-21,20:12:49.37,"Rangel, Rylan",1000510502,Right,,,,,,,Warmup,,44.05577,4.7325752,5.651732682,1196.634996,129.6565315,10:15,8.44334,4.65301,,-104.55545,33.16604,-40.60752,3.84754,6.16669,37.90369,-16.95670072,-2.972521401,0.8446411913,29.13715,18.03178,-4.74176,50,8.5163,-6.18909,-63.89759,4.96975,10.77285,12.99735,-25.50718,e3c04542-ccdf-4c6b-89f2-d546bcabc181,1ba7cfda-704c-4a99-b2db-42590f79c0dc,,Pitching,25410021,,,,,,,,,,,,,,,,,,,,,,,,19599343-0b43-4389-a6bf-a2f7a5931fed,812b95f8-0936-47e4-9968-6b91dd79e813
187,2026-09-21,20:13:23.41,"Rangel, Rylan",1000510502,Right,,,,,,Fastball,Live,,88.63772,-0.29171555,-2.175508587,1833.240849,228.7310892,1:30,5.8897,1.54282,5.29364,-24.70683,11.61358,13.27492,3.55674,0.60575,80.82101,-4.885448483,0.2979453514,0.4337572835,-7.62794,6.21682,-1.35461,50,5.84546,4.42014,-128.81164,-1.53695,-12.793,27.20727,-21.74766,878c4ec2-0da3-443e-b898-a14340e2bdaf,1ba7cfda-704c-4a99-b2db-42590f79c0dc,86.89754,Pitching,25410021,,,,,,,,,,,,,,,,,,,,35.97527175,1483.587923,0.8092706009,,a6e2d448-fe81-4d8e-8c12-0e3b048861df,812b95f8-0936-47e4-9968-6b91dd79e813
188,2026-09-21,20:14:05.01,"Rangel, Rylan",1000510502,Right,,,,,,Fastball,Live,,89.28381,-1.014519901,-2.193742434,1924.085036,233.2624167,1:45,5.87863,1.49083,5.41075,-25.93669,9.61667,12.91954,2.76611,0.51149,81.76075,-5.83298303,0.2150256957,0.4291525959,-7.45071,5.37599,-1.30484,50,5.77058,4.51506,-129.78304,-3.21641,-12.72154,26.88796,-22.99494,0a07709e-c339-4295-b0eb-8c106acd868e,1ba7cfda-704c-4a99-b2db-42590f79c0dc,87.82992,Pitching,25410021,,,,,,,,,,,,,,,,,,,,32.49105605,1622.91822,0.8434753087,,833d2951-32ec-4377-93c4-047b396ca3e9,812b95f8-0936-47e4-9968-6b91dd79e813
189,2026-09-21,20:14:31.81,"Rangel, Rylan",1000510502,Right,,,,,,Sweeper,Live,,76.43128,1.109255096,-1.387989906,2345.01262,89.81923806,9:00,5.76155,1.75229,4.59188,-50.76205,-0.08798,-17.02418,2.58676,-0.98667,69.56133,-8.206690552,-4.530923478,0.5123471229,8.36007,-0.39571,-1.59399,50,5.8307,3.25914,-110.86776,0.43924,10.27073,22.21611,-32.6602,c1526483-1152-44f0-a520-d2e65d9caa6d,1ba7cfda-704c-4a99-b2db-42590f79c0dc,73.56817,Pitching,25410021,,,,,,,,,,,,,,,,,,,42.74073136,51.81532578,1449.682506,0.6181981681,7:30,d22fbe17-b91e-4a84-b1b5-dc1aa266477e,812b95f8-0936-47e4-9968-6b91dd79e813
190,2026-09-21,20:14:53.64,"Rangel, Rylan",1000510502,Right,,,,,,Sweeper,Live,,77.00779,1.228521675,-1.612851202,2274.124531,81.55485694,8:45,5.72758,1.59393,4.53361,-52.36597,-2.59214,-17.25218,2.53401,-1.37967,70.51955,-8.339005427,-4.783649456,0.5077757193,8.40269,-1.70153,-1.41024,50,5.8078,3.73844,-111.73418,0.59915,10.54773,21.45702,-34.30995,54004823-45df-4216-966a-4997d841dfef,1ba7cfda-704c-4a99-b2db-42590f79c0dc,74.23049,Pitching,25410021,,,,,,,,,,,,,,,,,,,26.54978056,54.11677053,1332.944509,0.5861352317,7:00,67b8cbe3-0247-48db-9a93-d34c6e1becc1,812b95f8-0936-47e4-9968-6b91dd79e813
191,2026-09-21,20:15:22.71,"Rangel, Rylan",1000510502,Right,,,,,,Fastball,Live,,87.38059,-0.4280117097,-3.052159373,1925.424331,233.0664177,1:45,5.73934,1.52047,5.77594,-25.88985,10.93015,14.59326,3.18307,-0.10574,79.52731,-5.287635621,-0.3076490823,0.4367302555,-8.73575,6.00194,-1.27741,50,5.68848,6.29762,-126.96897,-1.78803,-14.19631,27.08944,-22.42041,1e0aeefc-cf86-4893-9d6f-20b07ac68245,1ba7cfda-704c-4a99-b2db-42590f79c0dc,86.30599,Pitching,25410021,,,,,,,,,,,,,,,,,,,,43.73608445,1391.180481,0.7225318901,,18dd82bb-021f-44a8-bab5-4ebce208d276,812b95f8-0936-47e4-9968-6b91dd79e813
192,2026-09-21,20:16:31.84,"Rickman, Sam",1000497645,Right,,,,,,,Warmup,,88.98538,0.6805542055,-2.88978037,2081.314715,238.5251283,2:00,6.24683,1.96148,5.54041,-25.84404,9.87564,16.21546,4.72996,0.61004,81.07945,-4.148598843,0.1428771989,0.4301552395,-9.45353,5.06962,-1.72184,50,6.28882,5.9688,-129.29478,0.64866,-15.98264,27.2742,-23.60308,ab3e7001-c0cd-4522-9896-d4e7e9a44da7,1ba7cfda-704c-4a99-b2db-42590f79c0dc,87.6252,Pitching,25410021,,,,,,,,,,,,,,,,,,,222.9876758,34.79562285,1709.160673,0.8211928068,1:30,f35311d2-e8e5-4850-8db7-249a804cbea3,812b95f8-0936-47e4-9968-6b91dd79e813
193,2026-09-21,20:16:42.59,"Rickman, Sam",1000497645,Right,,,,,,,Warmup,,88.19563,1.403418282,-0.9249867521,1953.02018,244.4437091,2:15,6.18505,1.77956,5.65562,-29.09927,7.06812,14.85408,5.06919,2.15481,80.40116,-4.047877515,1.861733078,0.4328426002,-8.2118,3.38271,-1.71071,50,6.28541,1.5742,-128.27842,2.16967,-13.65163,27.10562,-26.55049,5ba70138-5721-42c0-b7a5-8594a4e2fa86,1ba7cfda-704c-4a99-b2db-42590f79c0dc,87.08117,Pitching,25410021,,,,,,,,,,,,,,,,,,,,36.61899143,1567.532675,0.8026198046,,203d793e-bba7-4a78-828b-66ee7db805ca,812b95f8-0936-47e4-9968-6b91dd79e813
194,2026-09-21,20:16:57.22,"Rickman, Sam",1000497645,Right,,,,,,,Warmup,,83.36388,-1.187482841,-3.25706265,1538.00109,269.6062184,3:00,5.8257,2.47796,5.3936,-40.49999,0.13232,20.66964,1.33603,1.14514,77.24898,-8.649183899,0.580568723,0.4587828414,-11.76093,0.37334,-2.20187,50,5.69144,6.2057,-121.12433,-3.86132,-17.61217,21.88182,-31.61497,d6aa7a91-2969-4600-b328-e34a3af84a05,1ba7cfda-704c-4a99-b2db-42590f79c0dc,82.15747,Pitching,25410021,,,,,,,,,,,,,,,,,,,,34.36427507,1269.567,0.8254656047,,5b849046-1540-44e4-8670-bc53c8b2fe75,812b95f8-0936-47e4-9968-6b91dd79e813
195,2026-09-21,20:17:11.91,"Rickman, Sam",1000497645,Right,,,,,,,Warmup,,83.53226,0.2489184637,-2.838296451,1603.511585,263.7428422,2:45,6.00834,2.05054,5.79049,-38.31357,1.74887,16.30697,3.04735,0.76735,76.64971,-6.913368317,0.2222978734,0.4555542361,-9.54524,0.87092,-1.82688,50,6.00587,5.51548,-121.45001,-0.66008,-14.26723,23.62213,-30.87229,f3c1d020-1cfb-4630-b1d9-a5971f21cfb5,1ba7cfda-704c-4a99-b2db-42590f79c0dc,82.73974,Pitching,25410021,,,,,,,,,,,,,,,,,,,,23.74639095,1467.753237,0.9153368462,,6e36be7a-df5f-438c-a366-20b723315266,812b95f8-0936-47e4-9968-6b91dd79e813
196,2026-09-21,20:17:25.49,"Rickman, Sam",1000497645,Right,,,,,,,Warmup,,88.54317,-1.286357285,-2.692593247,2064.144298,219.7004917,1:15,6.20494,1.94883,5.68792,-22.27057,13.37421,11.1281,3.14877,0.36508,81.39044,-5.436279196,-0.6134135955,0.4297040103,-6.65363,7.48708,-1.72954,50,6.08286,5.68088,-128.74625,-3.64259,-11.23295,25.2693,-19.53404,eb88554f-0f8a-4777-ad44-b2a960d47447,1ba7cfda-704c-4a99-b2db-42590f79c0dc,87.71721,Pitching,25410021,,,,,,,,,,,,,,,,,,,222.3272639,38.33983914,1619.001741,0.7843452335,1:30,6ba9c013-38ab-4b84-8ef1-7420c089d2eb,812b95f8-0936-47e4-9968-6b91dd79e813
197,2026-09-21,20:17:40.86,"Rickman, Sam",1000497645,Right,,,,,,,Warmup,,76.46345,1.118027856,-1.02091603,2601.699427,66.19103221,8:15,6.14653,1.93075,4.8659,-55.97253,-6.52298,-14.70095,2.54039,-0.26048,70.68022,-9.124094089,-3.731473406,0.5061189504,7.36206,-3.69837,-1.81819,50,6.21009,2.46279,-111.11274,0.33082,9.21399,19.70196,-36.80274,ac18003c-b9b0-4452-9898-0d03b9fcf10f,1ba7cfda-704c-4a99-b2db-42590f79c0dc,74.47348,Pitching,25410021,,,,,,,,,,,,,,,,,,,,,,,,1806faaa-af92-4337-83c1-e81995e1c317,812b95f8-0936-47e4-9968-6b91dd79e813
198,2026-09-21,20:17:54.94,"Rickman, Sam",1000497645,Right,,,,,,,Warmup,,87.1342,-2.173316774,-5.597505496,2061.257347,231.1945336,1:45,6.23883,2.0327,5.59059,-26.33897,10.85407,13.52822,2.00421,-2.08248,80.24733,-7.051514889,-3.089036114,0.4389370384,-8.6423,6.33978,-1.56046,50,6.03456,11.91217,-126.17216,-5.69423,-14.03816,23.82989,-21.876,e0cac347-ca06-4961-aa46-ed4f33078fc1,1ba7cfda-704c-4a99-b2db-42590f79c0dc,85.87209,Pitching,25410021,,,,,,,,,,,,,,,,,,,,46.24260264,1425.578594,0.6916063132,,bc2026f8-0847-4181-a6e2-102abfe9cbf0,812b95f8-0936-47e4-9968-6b91dd79e813
199,2026-09-21,20:18:03.27,"Rickman, Sam",1000497645,Right,,,,,,,Warmup,,56.49803,2.636883283,0.7318077061,1576.183795,178.5681133,12:00,7.06771,-0.19565,9.07741,-26.79698,49.72924,-1.24345,7.13777,0.33944,51.92705,-2.701561804,0.4839250595,0.6296171175,0.95033,29.45983,0.17758,50,7.13151,-1.0459,-82.5863,3.61013,0.65865,10.63656,-11.75621,a3f14b54-72a6-4436-98c9-cc6731509925,1ba7cfda-704c-4a99-b2db-42590f79c0dc,59.86565,Pitching,25410021,,,,,,,,,,,,,,,,,,,,,,,,93510cb0-fca9-4a39-b699-37a938330002,812b95f8-0936-47e4-9968-6b91dd79e813
200,2026-09-21,20:18:41.81,"Rickman, Sam",1000497645,Right,,,,,,Slider,Live,,78.73405,1.043584442,-1.44200204,2562.283643,101.9639864,9:30,6.14202,2.14602,4.92574,-44.3549,1.76031,-8.47175,3.4326,0.07677,73.05541,-7.07117252,-2.998323902,0.4887575929,4.04771,0.65828,-1.99879,50,6.20721,3.16896,-114.5049,0.58635,5.43508,18.8917,-31.29014,5beb92d8-c206-4f5d-be2c-06dc00772b59,1ba7cfda-704c-4a99-b2db-42590f79c0dc,77.11888,Pitching,25410021,,,,,,,,,,,,,,,,,,,66.42060254,59.94258202,1283.364913,0.5008676212,8:15,804592a7-65c9-4994-b4a0-2f6a830ecea1,812b95f8-0936-47e4-9968-6b91dd79e813
201,2026-09-21,20:18:58.11,"Rickman, Sam",1000497645,Right,,,,,,Slider,Live,,78.90382,-0.5290779911,-3.459178786,2724.902446,76.51676764,8:30,6.16167,2.10811,4.8706,-49.4678,-2.90575,-11.95049,1.53783,-2.16471,73.12657,-9.532208805,-5.652568913,0.4911197845,5.26389,-1.36546,-1.75802,50,6.06867,7.32465,-114.48796,-2.73203,6.99579,20.87616,-33.98877,b9152f2e-c193-4a8f-897a-37acd16f3dc2,1ba7cfda-704c-4a99-b2db-42590f79c0dc,76.74795,Pitching,25410021,,,,,,,,,,,,,,,,,,,,,,,,fed89706-24c1-4f72-b943-0d0e24ff12f5,812b95f8-0936-47e4-9968-6b91dd79e813
202,2026-09-21,20:19:19.71,"Rickman, Sam",1000497645,Right,,,,,,Fastball,Live,,89.5944,-0.7135032613,-0.8628441732,2117.31224,223.2499367,1:30,6.12879,2.10447,5.6413,-23.4004,11.39921,10.74907,3.51315,2.19537,82.39963,-5.072223524,1.145653522,0.4245790466,-5.96343,6.2714,-2.03815,50,6.0534,1.59536,-130.41627,-2.42717,-10.32914,25.96582,-21.31148,ee03cd85-0798-47d2-80ad-4d8cb7fecc94,1ba7cfda-704c-4a99-b2db-42590f79c0dc,88.77602,Pitching,25410021,,,,,,,,,,,,,,,,,,,,32.73599233,1781.022173,0.8411712452,,3405e164-c408-467e-962a-ea37e917f458,812b95f8-0936-47e4-9968-6b91dd79e813
203,2026-09-21,20:19:56.50,"Rickman, Sam",1000497645,Right,,,,,,Fastball,Live,,89.25706,-0.2887157718,-2.055930214,2018.601831,213.1990352,1:00,6.21858,2.17037,5.42571,-23.02013,12.32569,8.08885,4.02969,0.91828,82.05874,-4.56136819,-0.5520621255,0.4278982096,-4.81288,6.6008,-1.99384,50,6.17713,4.37429,-129.83647,-1.47031,-8.27394,25.37601,-20.82645,d3fbf389-c5f6-42c8-b9ba-ab1b3efc05e3,1ba7cfda-704c-4a99-b2db-42590f79c0dc,88.0874,Pitching,25410021,,,,,,,,,,,,,,,,,,,211.5310873,42.42372753,1490.083492,0.7381760329,1:00,5c7c4a80-6407-4aa5-815e-bafc9343546e,812b95f8-0936-47e4-9968-6b91dd79e813
204,2026-09-21,20:20:14.93,"Rickman, Sam",1000497645,Right,,,,,,Fastball,Live,,88.87848,-0.5397615631,-2.180074031,2061.231151,224.7231686,1:30,6.17593,1.93865,5.51092,-28.46805,6.91425,6.87922,3.29854,0.47258,82.25652,-5.810645688,-0.9024486586,0.4281189639,-4.18068,3.79938,-1.75339,50,6.10979,4.68312,-129.33501,-2.21411,-7.16659,23.93455,-25.66109,06d7419f-2da6-4b76-9419-7f35dd6baf08,1ba7cfda-704c-4a99-b2db-42590f79c0dc,88.04197,Pitching,25410021,,,,,,,,,,,,,,,,,,,,39.36816665,1593.509169,0.7730861084,,d4a8959e-0692-48e6-8ad2-4d87bac94c6e,812b95f8-0936-47e4-9968-6b91dd79e813
205,2026-09-21,20:20:41.25,"Rickman, Sam",1000497645,Right,,,,,,Fastball,Live,,90.67864,-2.228850942,-2.726577807,1995.582589,211.1349377,1:00,6.11836,1.99734,5.34098,-21.76765,12.71117,7.69011,2.2104,0.07884,83.41332,-6.251450991,-1.299219947,0.422617661,-4.77258,7.2945,-1.75717,50,5.90194,5.99279,-131.71371,-5.92447,-8.43403,26.41503,-19.28332,773fe282-382a-4274-b951-a2178b966ad1,1ba7cfda-704c-4a99-b2db-42590f79c0dc,89.18804,Pitching,25410021,,,,,,,,,,,,,,,,,,,,25.26629907,1804.67271,0.9043337618,,79c684d6-ff63-4b6d-8315-4602d676edd8,812b95f8-0936-47e4-9968-6b91dd79e813
206,2026-09-21,20:21:12.06,"Rickman, Sam",1000497645,Right,,,,,,Sinker,Live,,90.53716,-1.36363402,-4.500182935,2004.427834,234.2052848,1:45,6.17087,1.94334,5.60993,-26.33677,8.00314,11.14085,2.69933,-1.33678,83.2217,-6.256513296,-2.427182623,0.4217654171,-7.1209,4.62541,-1.56574,50,6.03717,9.95192,-131.36334,-4.05161,-12.51295,26.36134,-24.04622,074e4f01-9a63-4fcc-a685-c3e8b87098bc,1ba7cfda-704c-4a99-b2db-42590f79c0dc,89.36825,Pitching,25410021,,,,,,,,,,,,,,,,,,,,,,,,478eb982-b6b6-4ad1-9bd8-80bb741d5666,812b95f8-0936-47e4-9968-6b91dd79e813
207,2026-09-21,20:21:35.33,"Rickman, Sam",1000497645,Right,,,,,,Slider,Live,,79.4437,0.340849455,-2.273406851,2574.282651,51.54842016,7:45,6.05539,2.36664,4.72708,-52.11045,-6.11181,-7.65679,2.03647,-0.42928,73.54925,-9.153042502,-3.678910744,0.4881394506,3.34889,-3.2514,-2.13087,50,6.04456,4.84753,-115.38863,-1.12801,4.53057,20.78178,-36.57272,e4c33f8d-280c-4cb9-8ff9-a2d9b7c566dd,1ba7cfda-704c-4a99-b2db-42590f79c0dc,77.21654,Pitching,25410021,,,,,,,,,,,,,,,,,,,71.7811399,63.39556696,1152.836542,0.4478282683,8:30,8580dc0a-04fe-468b-accd-6721fd208e6c,812b95f8-0936-47e4-9968-6b91dd79e813
208,2026-09-21,20:22:14.04,"Rickman, Sam",1000497645,Right,,,,,,ChangeUp,Live,,82.71604,0.2815628448,-1.607051266,1574.313352,244.9973788,2:15,5.95498,2.63625,5.66042,-35.6682,5.47944,11.83089,3.24526,2.12338,75.57858,-6.388794467,0.6140013976,0.4616829796,-6.79597,2.85235,-2.50794,50,5.95639,3.00463,-120.30322,-0.52573,-9.92615,24.07238,-28.00792,8094f647-1da5-4011-a552-54783467818f,1ba7cfda-704c-4a99-b2db-42590f79c0dc,81.64139,Pitching,25410021,,,,,,,,,,,,,,,,,,,,12.11949443,1539.224834,0.9777118591,,f374be28-6e7b-401d-907e-286a0fc9e53b,812b95f8-0936-47e4-9968-6b91dd79e813
209,2026-09-21,20:22:32.81,"Rickman, Sam",1000497645,Right,,,,,,Sinker,Live,,90.24141,-1.977474262,-1.199708725,2058.937345,237.7555363,2:00,6.07842,2.23455,5.72173,-26.88356,7.45536,11.84592,1.99534,2.10425,82.98587,-6.981992699,1.020462917,0.4217593183,-6.67178,4.53061,-2.14181,50,5.89689,2.34645,-131.26127,-5.44633,-11.66791,27.16089,-24.25071,cea2388b-c46e-4daf-97f8-2f0bebce05ea,1ba7cfda-704c-4a99-b2db-42590f79c0dc,89.36955,Pitching,25410021,,,,,,,,,,,,,,,,,,,223.0894305,38.41630679,1613.211676,0.7835166425,1:30,a9fc7a05-3650-4ef3-b0b3-9bc40499ca34,812b95f8-0936-47e4-9968-6b91dd79e813
210,2026-09-21,20:22:59.29,"Rickman, Sam",1000497645,Right,,,,,,Fastball,Live,,90.3985,-1.734061888,-1.958387246,2143.363549,217.8708307,1:15,6.22302,2.21256,5.45904,-23.21326,11.39523,8.87805,2.66424,1.11884,82.85569,-6.045296484,-0.3022295148,0.423411532,-5.24783,6.52301,-2.04626,50,6.05462,4.17772,-131.39935,-4.80476,-9.19051,27.40152,-20.75034,fb85a549-c531-4e22-bf51-f0f1a791ea5d,1ba7cfda-704c-4a99-b2db-42590f79c0dc,89.02081,Pitching,25410021,,,,,,,,,,,,,,,,,,,,32.98667518,1797.847359,0.8387972076,,0b98d899-cd47-4b35-b79a-6a2485a00f55,812b95f8-0936-47e4-9968-6b91dd79e813
211,2026-09-21,20:24:02.21,"Rickman, Sam",1000497645,Right,,,,,,Fastball,Live,,90.35842,-1.500828872,-3.148774727,2234.10852,224.8306186,1:30,6.19922,2.12503,5.64097,-24.0017,10.36244,10.32712,2.79678,0.04573,83.00055,-5.968230978,-1.220801717,0.4219142047,-6.34923,5.93123,-1.86436,50,6.05648,6.86659,-131.29861,-4.27359,-11.13364,26.62477,-21.77339,f83f63c6-4c10-4657-ae48-b961024c4ab1,70bed6a5-712e-4075-8097-b0ff0e632011,89.33674,Pitching,25410021,,,,,,,,,,,,,,,,,,,,,,,,5d2bccdf-82a3-4559-941c-40787c94145b,812b95f8-0936-47e4-9968-6b91dd79e813
212,2026-09-21,20:24:39.61,"Rickman, Sam",1000497645,Right,,,,,,Fastball,Live,,89.44369,-2.956145808,-4.709468883,2063.72109,217.787959,1:15,6.14501,2.32165,5.80393,-25.3586,10.09163,7.83769,1.27118,-1.41433,81.37642,-7.695108716,-3.237642534,0.4285297346,-5.64643,6.33237,-1.93953,50,5.88675,10.41287,-129.5157,-7.54178,-9.51228,29.11977,-21.5062,1c8c452c-daa1-4088-aaee-efe227fe17e2,70bed6a5-712e-4075-8097-b0ff0e632011,87.95758,Pitching,25410021,,,,,,,,,,,,,,,,,,,,46.14899624,1429.715838,0.6927853986,,88ce0951-4239-45be-93d8-d011dd8e95c8,812b95f8-0936-47e4-9968-6b91dd79e813
213,2026-09-21,20:25:12.14,"Rickman, Sam",1000497645,Right,,,,,,Fastball,Live,,89.60275,-2.207587044,-3.463421826,2232.329833,199.8761234,12:45,6.10418,2.16605,5.8045,-24.61356,9.98824,3.6223,1.99551,-0.75655,82.90594,-6.77616146,-2.78799455,0.4233706262,-2.80669,5.90838,-1.88412,50,5.90812,7.75834,-130.19054,-5.85026,-4.86584,24.74637,-21.93093,02f22bee-de78-41a5-8940-28064ba5ab99,70bed6a5-712e-4075-8097-b0ff0e632011,89.02941,Pitching,25410021,,,,,,,,,,,,,,,,,,,,44.30530337,1597.517922,0.7156280844,,d870e71f-a942-4dcb-9551-bb07058e8b41,812b95f8-0936-47e4-9968-6b91dd79e813
214,2026-09-21,20:25:49.18,"Rickman, Sam",1000497645,Right,,,,,,Fastball,Live,,87.99499,-1.941880914,-3.36904182,2152.808802,218.5635014,1:15,6.21645,2.27415,5.62955,-25.44603,10.70809,8.55732,2.2805,-0.15942,81.22338,-6.660259512,-1.775760219,0.4327631761,-5.41803,6.20291,-1.99299,50,6.03477,7.23687,-127.84169,-5.20138,-9.04297,24.25208,-21.82107,408e23df-076e-4201-a733-c606ad62b598,70bed6a5-712e-4075-8097-b0ff0e632011,87.09715,Pitching,25410021,,,,,,,,,,,,,,,,,,,,,,,,3f07c0cd-5aef-4af0-86ae-c7fcb6f4df77,812b95f8-0936-47e4-9968-6b91dd79e813
215,2026-09-21,20:26:11.36,"Rickman, Sam",1000497645,Right,,,,,,Fastball,Live,,90.30249,-1.518885628,-4.972501257,2110.200683,216.9185609,1:15,6.35921,2.17444,5.57855,-23.20052,11.26242,8.4977,3.00179,-1.77249,83.32023,-5.815261982,-3.398512639,0.4225202898,-5.75688,6.36934,-1.75192,50,6.21308,11.09763,-130.96491,-4.29658,-10.10339,24.94198,-20.99578,976a0833-04eb-4bb5-9863-d3965978ef73,70bed6a5-712e-4075-8097-b0ff0e632011,89.20859,Pitching,25410021,,,,,,,,,,,,,,,,,,,,42.55618712,1554.404346,0.7366144647,,e0366ad9-9fc1-40db-804e-a75802dddd02,812b95f8-0936-47e4-9968-6b91dd79e813
216,2026-09-21,20:26:42.35,"Rickman, Sam",1000497645,Right,,,,,,Fastball,Live,,89.62632,-2.115466203,-1.158256037,2129.182102,222.5430855,1:30,6.20178,2.07673,5.43511,-25.44319,9.78174,8.99336,2.09947,1.74154,82.29717,-6.830191527,0.5191859256,0.4271658175,-5.08571,5.76522,-1.98051,50,5.99729,2.31633,-130.2937,-5.71341,-8.75848,26.90879,-22.24534,2475cbae-a282-4505-952c-acf90eae3178,70bed6a5-712e-4075-8097-b0ff0e632011,88.23843,Pitching,25410021,,,,,,,,,,,,,,,,,,,,,,,,a390b219-8e85-4344-8e09-4edfaa0018a9,812b95f8-0936-47e4-9968-6b91dd79e813
217,2026-09-21,20:27:04.23,"Rickman, Sam",1000497645,Right,,,,,,Sinker,Live,,90.41271,-2.64004929,-2.860155692,2122.276712,242.7992176,2:00,6.13366,2.40834,5.61143,-26.46356,7.90557,15.37186,1.45975,1.01791,83.32307,-7.544908023,0.009055313348,0.4219448441,-8.94929,4.91072,-2.17407,50,5.891,6.02725,-131.3195,-6.98127,-15.71036,26.42623,-23.55335,ca711b33-bfc1-4ae7-81ae-e0a360c959aa,70bed6a5-712e-4075-8097-b0ff0e632011,89.33025,Pitching,25410021,,,,,,,,,,,,,,,,,,,,,,,,c368732d-66fc-4c84-83b2-f300f0675f26,812b95f8-0936-47e4-9968-6b91dd79e813
218,2026-09-21,20:27:25.75,"Rickman, Sam",1000497645,Right,,,,,,Fastball,Live,,89.64944,-2.952355602,-4.057800025,2236.21099,218.6181318,1:15,6.18039,2.10622,5.77007,-23.78705,10.7724,8.61316,1.44172,-0.958,83.27253,-7.351163018,-2.456778101,0.423111433,-5.56897,6.46396,-1.77603,50,5.92138,8.941,-130.12898,-7.53022,-9.68931,23.55003,-20.92757,d19d4607-1ec5-4580-a8fb-0aca1da66478,70bed6a5-712e-4075-8097-b0ff0e632011,89.08395,Pitching,25410021,,,,,,,,,,,,,,,,,,,,45.06679723,1579.395421,0.7062819334,,42e0f758-d7a7-4ea4-a755-5284bf1a7b11,812b95f8-0936-47e4-9968-6b91dd79e813
219,2026-09-21,20:28:10.27,"Rickman, Sam",1000497645,Right,,,,,,Fastball,Live,,89.13545,-0.5563175317,-3.350400541,2219.870428,214.2053137,1:15,6.07377,2.20054,5.6554,-25.55667,9.6384,6.57991,3.42439,-0.37885,82.05536,-5.311372047,-2.124373986,0.4269847155,-4.37346,5.28824,-1.92117,50,6.01045,7.36093,-129.56412,-2.1304,-7.4895,25.18498,-23.11801,36bffad0-14fe-4777-b0a1-c645db7d6800,70bed6a5-712e-4075-8097-b0ff0e632011,88.27585,Pitching,25410021,,,,,,,,,,,,,,,,,,,210.6238667,46.04566866,1540.778293,0.6940847867,1:00,9a7f374c-0003-48b2-9131-172033db6be4,812b95f8-0936-47e4-9968-6b91dd79e813
220,2026-09-21,20:28:32.35,"Rickman, Sam",1000497645,Right,,,,,,Sweeper,Live,,79.9878,0.4179085688,-2.145368012,2608.382967,89.67787796,9:00,6.07236,2.1691,5.04786,-45.04657,-0.11348,-14.21874,2.71288,-1.03998,73.74162,-7.855683298,-4.771259673,0.4824525054,6.84709,-0.17506,-1.9538,50,6.07697,4.82909,-116.21724,-0.65799,9.36889,21.68492,-32.41358,91140fa3-00f8-4d2e-b78e-9d7b281bfd06,70bed6a5-712e-4075-8097-b0ff0e632011,78.12673,Pitching,25410021,,,,,,,,,,,,,,,,,,,59.60207204,66.55916517,1037.619636,0.3978018755,8:00,7187c462-d632-4212-83dd-a6c0c893f003,812b95f8-0936-47e4-9968-6b91dd79e813
221,2026-09-21,20:28:53.79,"Rickman, Sam",1000497645,Right,,,,,,Sweeper,Live,,79.77477,-0.2695455792,-2.200024874,2646.662236,83.36076116,8:45,6.06188,2.19952,5.08277,-46.95516,-1.77477,-14.91143,1.89473,-1.11756,73.64925,-8.881471331,-4.956989894,0.4837782944,7.19709,-0.85442,-1.97997,50,6.00019,4.9464,-115.89672,-2.10137,9.77778,21.892,-33.33484,8b976611-3919-492a-bb7f-039ce4793dad,70bed6a5-712e-4075-8097-b0ff0e632011,77.91263,Pitching,25410021,,,,,,,,,,,,,,,,,,,51.02251563,65.6407349,1091.634015,0.4124568676,7:45,86015d12-a956-45ce-bc51-c82e0d109f33,812b95f8-0936-47e4-9968-6b91dd79e813
222,2026-09-21,20:29:16.40,"Rickman, Sam",1000497645,Right,,,,,,Sweeper,Live,,79.75726,0.4356962351,-3.000945284,2446.596025,90.43492118,9:00,6.11813,2.51108,4.97971,-45.09252,0.03846,-9.53711,2.77241,-1.11996,73.87498,-7.812798073,-4.75350602,0.4835136604,4.1913,-0.09325,-2.2141,50,6.12398,6.39581,-115.84798,-0.64293,5.73232,20.34794,-32.30158,744e8c57-b053-4001-8326-8425184f99ae,70bed6a5-712e-4075-8097-b0ff0e632011,77.95527,Pitching,25410021,,,,,,,,,,,,,,,,,,,48.90308708,68.99480921,876.988528,0.3584525271,7:45,7b4aa920-1123-41e0-8ed2-642357da652e,812b95f8-0936-47e4-9968-6b91dd79e813
223,2026-09-21,20:29:47.03,"Rickman, Sam",1000497645,Right,,,,,,Sinker,Live,,90.97542,-2.296835876,-3.672686508,1996.926323,259.0548307,2:45,6.09173,2.11396,5.44617,-32.48097,1.48496,7.73211,1.22928,-0.6845,84.59299,-8.265712236,-2.241822966,0.4194625043,-4.9768,1.3403,-1.79496,50,5.86632,8.20067,-132.10791,-6.48213,-8.90995,24.70466,-29.77451,fd5b7bd2-3c4b-4430-8283-7cf9d5eec05e,70bed6a5-712e-4075-8097-b0ff0e632011,89.8589,Pitching,25410021,,,,,,,,,,,,,,,,,,,,,,,,14528022-d38e-490d-974b-ca88418336d9,812b95f8-0936-47e4-9968-6b91dd79e813
224,2026-09-21,20:30:37.32,"Rangel, Rylan",1000510502,Right,,,,,,,Warmup,,78.88547,0.4688444528,-0.9858530831,1843.132488,216.1547468,1:15,6.08617,1.87264,4.89581,-34.00269,12.16496,8.91873,3.69609,1.68343,72.59679,-5.779139168,0.6581178339,0.4890353701,-4.89095,6.20046,-1.78358,50,6.104,1.67159,-114.70772,-0.21377,-6.55853,19.93833,-23.85952,f2bdaa0c-6e88-4223-bfc0-709fb8a7d8ef,70bed6a5-712e-4075-8097-b0ff0e632011,77.07508,Pitching,25410021,,,,,,,,,,,,,,,,,,,,29.07152981,1610.923183,0.8740137745,,5dee5e9f-0e9c-4da9-b019-6a901042382d,812b95f8-0936-47e4-9968-6b91dd79e813
225,2026-09-21,20:30:51.38,"Rangel, Rylan",1000510502,Right,,,,,,,Warmup,,82.59487,-0.4870850868,-1.610127292,1758.931253,237.3972546,2:00,5.92661,1.75506,5.03592,-34.53393,7.2867,11.44706,2.58914,1.18978,76.32744,-6.829028756,0.5024179375,0.4654432357,-6.38229,3.92668,-1.61054,50,5.8529,2.97759,-120.11956,-2.22501,-9.40683,21.35275,-26.38654,2aea36f1-8ed6-4ce8-bd37-e993fc5905fc,70bed6a5-712e-4075-8097-b0ff0e632011,80.98182,Pitching,25410021,,,,,,,,,,,,,,,,,,,,39.57393376,1355.789757,0.7708031538,,a5425214-b0b5-4a98-8e06-2dab15add872,812b95f8-0936-47e4-9968-6b91dd79e813
226,2026-09-21,20:31:19.58,"Rangel, Rylan",1000510502,Right,,,,,,,Warmup,,79.0768,0.1597239186,-0.01515987648,1391.642389,247.5632508,2:15,5.94854,1.74968,5.20783,-40.83009,4.67932,11.42414,2.69622,2.68744,72.88178,-7.374466302,2.1048081,0.4855366367,-6.01207,2.41799,-1.75675,50,5.933,-0.33952,-115.03135,-1.00156,-8.08206,20.68071,-28.92353,415fdb31-5222-4899-939d-0f0ee04478e4,70bed6a5-712e-4075-8097-b0ff0e632011,77.63047,Pitching,25410021,,,,,,,,,,,,,,,,,,,,20.06936186,1307.13892,0.9392778852,,a8ad8f9a-db97-4170-98ef-361361d12f11,812b95f8-0936-47e4-9968-6b91dd79e813
227,2026-09-21,20:31:34.66,"Rangel, Rylan",1000510502,Right,,,,,,,Warmup,,79.32655,0.430521287,-0.2921465537,1419.651026,242.6313186,2:00,5.88049,1.78352,5.24476,-39.21521,5.74994,11.18071,3.0171,2.44073,73.3433,-6.801819544,1.779408942,0.4826245874,-5.95486,2.91454,-1.76495,50,5.89113,0.22594,-115.4408,-0.40464,-8.10137,19.8482,-28.20892,56dea4c0-6cc6-4d81-95d8-6251648afba8,70bed6a5-712e-4075-8097-b0ff0e632011,78.09888,Pitching,25410021,,,,,,,,,,,,,,,,,,,,26.27168659,1273.008557,0.89670527,,2d564c64-f4fc-4e3d-a374-e1c90e394f13,812b95f8-0936-47e4-9968-6b91dd79e813
228,2026-09-21,20:31:51.10,"Rangel, Rylan",1000510502,Right,,,,,,,Warmup,,71.56814,4.015473012,1.914102266,2178.346848,45.32323335,7:30,5.79063,1.84939,4.17234,-70.13399,-11.17452,-11.20372,3.80285,2.75082,64.89743,-8.789299202,-0.1432467077,0.5526474647,6.30181,-6.94495,-2.04952,50,6.16426,-3.08682,-103.48593,4.94201,6.75398,19.15441,-39.61731,35617b2d-6a08-481a-8daa-8b7c3713b50b,70bed6a5-712e-4075-8097-b0ff0e632011,68.20341,Pitching,25410021,,,,,,,,,,,,,,,,,,,,,,,,a335c868-a0c2-4b04-a043-c43731e71692,812b95f8-0936-47e4-9968-6b91dd79e813
229,2026-09-21,20:32:06.61,"Rangel, Rylan",1000510502,Right,,,,,,,Warmup,,84.78108,-1.364442729,-2.500242015,1790.918613,204.484706,12:45,5.97498,1.71426,5.2437,-27.00639,12.81996,5.85453,2.44088,-0.14872,77.45943,-6.368031303,-1.411056143,0.4542099702,-3.79733,7.14766,-1.48907,50,5.83,5.17563,-123.13271,-3.86275,-5.81787,24.9224,-21.22316,4ed3469d-c52b-4d5e-8df6-2d09b3d60dbf,70bed6a5-712e-4075-8097-b0ff0e632011,82.98461,Pitching,25410021,,,,,,,,,,,,,,,,,,,,36.70295814,1435.859664,0.8017447883,,de0a693f-1223-4efe-a825-eb5d533ae5ae,812b95f8-0936-47e4-9968-6b91dd79e813
230,2026-09-21,20:33:00.96,"Rangel, Rylan",1000510502,Right,,,,,,Fastball,Live,,86.79542,-1.612811147,-2.884907199,1873.710485,249.3572521,2:15,5.75467,1.56219,5.21019,-32.8022,4.93313,13.14026,1.5024,-0.05759,80.22031,-7.645165572,-0.4534196476,0.4421253941,-7.63881,3.00321,-1.30546,50,5.58118,5.88649,-126.09769,-4.72333,-12.39837,23.70658,-27.29961,5aadf03d-15a9-49ec-9f1b-7c479d7ebc8e,70bed6a5-712e-4075-8097-b0ff0e632011,85.25283,Pitching,25410021,,,,,,,,,,,,,,,,,,,,36.80702577,1500.201123,0.800657911,,0ac6a7ab-5916-4f83-aa3f-bfabeca7af17,812b95f8-0936-47e4-9968-6b91dd79e813
231,2026-09-21,20:33:22.73,"Rangel, Rylan",1000510502,Right,,,,,,Fastball,Live,,87.65532,-0.6252908561,-2.425079757,1878.089304,239.1564023,2:00,5.78688,1.62513,5.19991,-29.50027,7.35231,12.36455,2.73994,0.37355,81.04732,-6.057693306,-0.1403617706,0.4369234507,-7.08364,4.01142,-1.40998,50,5.70692,4.95136,-127.46825,-2.45898,-11.78673,23.42067,-25.49929,7c84a8b3-08a0-4ec4-8e05-9f96c9347150,70bed6a5-712e-4075-8097-b0ff0e632011,86.26783,Pitching,25410021,,,,,,,,,,,,,,,,,,,,39.50941849,1448.983483,0.7715200121,,386cda1a-327e-4521-97de-fdd2addb1b0c,812b95f8-0936-47e4-9968-6b91dd79e813
232,2026-09-21,20:34:10.47,"Rangel, Rylan",1000510502,Right,,,,,,Fastball,Live,,87.09265,-0.6631739381,-2.163546559,1936.300841,211.6597165,1:00,5.96006,1.81799,5.39664,-24.0515,13.36992,8.26681,3.33391,0.47871,79.57338,-5.137603917,-0.6219528549,0.4402826435,-4.98386,7.26989,-1.63096,50,5.8843,4.49741,-126.59643,-2.2964,-8.08617,25.90232,-20.37887,3a772a98-cd16-4812-9cb7-7d3aa421def7,70bed6a5-712e-4075-8097-b0ff0e632011,85.60964,Pitching,25410021,,,,,,,,,,,,,,,,,,,,,,,,9c34fb81-9f45-437f-8cb2-8d08f2c8f7b8,812b95f8-0936-47e4-9968-6b91dd79e813
233,2026-09-21,20:34:30.53,"Rangel, Rylan",1000510502,Right,,,,,,Fastball,Live,,87.66857,-1.051909175,-1.998049435,1899.891127,215.626474,1:15,5.8628,1.67963,5.25205,-24.36982,12.93062,9.28857,2.84299,0.57573,79.77034,-5.58153442,-0.2658995262,0.4395703399,-5.4877,7.13333,-1.50333,50,5.74872,4.11445,-127.35708,-3.20204,-8.96757,27.39077,-20.51731,06c90280-02c1-49e4-8cc1-c08e416b9caa,70bed6a5-712e-4075-8097-b0ff0e632011,85.74837,Pitching,25410021,,,,,,,,,,,,,,,,,,,,38.87239231,1479.151951,0.7785456391,,eed052cb-5f95-416a-a917-ab6d77d1cd14,812b95f8-0936-47e4-9968-6b91dd79e813
234,2026-09-21,20:34:52.13,"Rangel, Rylan",1000510502,Right,,,,,,Sweeper,Live,,76.7982,0.5174916742,-0.7425413259,2377.525598,54.31761152,7:45,5.76862,1.81091,4.54706,-60.43108,-10.44318,-14.48759,1.22531,-0.10319,70.65669,-10.49376075,-3.411396748,0.5088664867,7.24226,-5.53578,-1.72062,50,5.76752,1.94017,-111.48465,-1.05887,9.04694,21.43443,-39.08928,9ad759f2-4555-482c-971e-6fd468bb79f0,70bed6a5-712e-4075-8097-b0ff0e632011,74.07137,Pitching,25410021,,,,,,,,,,,,,,,,,,,,,,,,fd5efe65-a7cf-4ebf-b1a3-d1e05627ab56,812b95f8-0936-47e4-9968-6b91dd79e813
235,2026-09-21,20:35:18.62,"Rangel, Rylan",1000510502,Right,,,,,,Fastball,Live,,87.54432,-0.5926229954,-3.447081909,1885.812893,225.5063423,1:30,5.8257,1.65018,5.48459,-27.46019,9.21879,9.4249,2.98196,-0.79289,80.72353,-5.681017341,-1.697410197,0.4358930963,-5.86707,5.03849,-1.35453,50,5.75517,7.33867,-127.22227,-2.26418,-9.7042,23.85412,-23.84033,78ad1b11-b5e7-47f0-b6f7-817e701bc9b5,70bed6a5-712e-4075-8097-b0ff0e632011,86.47175,Pitching,25410021,,,,,,,,,,,,,,,,,,,,41.87310837,1404.223255,0.7446249098,,d27355ac-10bd-40b1-989b-20c74fa63358,812b95f8-0936-47e4-9968-6b91dd79e813
236,2026-09-21,20:35:43.34,"Rangel, Rylan",1000510502,Right,,,,,,ChangeUp,Live,,79.36356,-1.115090251,-4.443575999,1477.20585,248.9154732,2:15,5.83734,1.52614,5.79852,-38.78836,5.92168,15.43855,1.56471,-1.32802,72.66737,-8.357435459,-1.545913036,0.4812535328,-9.58805,3.50798,-1.17007,50,5.72249,8.4951,-115.1305,-3.38281,-12.8246,22.06611,-27.48192,70854604-a607-41ce-9c2c-2656e22fc207,70bed6a5-712e-4075-8097-b0ff0e632011,78.32138,Pitching,25410021,,,,,,,,,,,,,,,,,,,,29.78549558,1282.054009,0.8678912344,,c5f427b8-f662-4c3e-8f9a-22a26fcac91f,812b95f8-0936-47e4-9968-6b91dd79e813
237,2026-09-21,20:36:21.23,"Rangel, Rylan",1000510502,Right,,,,,,Sweeper,Live,,77.31536,1.389021819,-2.036686452,2707.001318,73.49856474,8:30,5.74993,1.55095,4.55499,-54.39373,-5.14767,-17.29414,2.54011,-1.82931,71.0482,-8.531514468,-5.209241542,0.5050765128,8.31396,-3.05471,-1.32388,50,5.84475,4.58495,-112.17741,0.84814,10.54787,21.11677,-36.04954,57f3a85b-90e9-40a6-84bb-4d10779fc344,70bed6a5-712e-4075-8097-b0ff0e632011,74.62719,Pitching,25410021,,,,,,,,,,,,,,,,,,,41.79868729,58.09724617,1430.593725,0.5284791386,7:30,d1aaf106-5c54-4db3-aa0a-36dec9420fbc,812b95f8-0936-47e4-9968-6b91dd79e813
238,2026-09-21,20:36:43.07,"Rangel, Rylan",1000510502,Right,,,,,,Fastball,Live,,88.14516,-0.6612539102,-2.555884501,1947.311144,213.0269491,1:00,5.75037,1.35648,5.51413,-22.25379,14.16206,9.23165,3.27702,-0.26539,80.4254,-4.813157068,-0.830533526,0.4343268231,-5.63265,7.72395,-1.1401,50,5.67802,5.40234,-128.10594,-2.24196,-9.3499,26.73884,-19.3527,050407ac-5e21-45eb-8ee5-bb59ee8c1016,70bed6a5-712e-4075-8097-b0ff0e632011,86.78359,Pitching,25410021,,,,,,,,,,,,,,,,,,,,41.48777846,1458.725023,0.7490970447,,dc5a4960-208d-4232-8cae-1cc2cd1fccf9,812b95f8-0936-47e4-9968-6b91dd79e813
239,2026-09-21,20:37:15.42,"Rangel, Rylan",1000510502,Right,,,,,,Sweeper,Live,,77.23361,2.143626558,-0.7262355592,2640.919396,68.39971897,8:15,5.73216,1.7644,4.36195,-56.28712,-6.61787,-16.61958,3.08995,-0.31419,70.79321,-8.114060621,-3.771273807,0.5072420088,8.28994,-4.0032,-1.67063,50,5.90775,2.00693,-112.04657,2.2075,10.50021,20.93588,-37.24459,81d90792-6e82-4fd7-9299-53069118eb5f,70bed6a5-712e-4075-8097-b0ff0e632011,74.30859,Pitching,25410021,,,,,,,,,,,,,,,,,,,,53.50520064,1570.686334,0.5947498196,,a32f1244-805c-4692-ba05-290be9819379,812b95f8-0936-47e4-9968-6b91dd79e813
240,2026-09-21,20:37:34.04,"Rangel, Rylan",1000510502,Right,,,,,,Sweeper,Live,,78.31366,-0.4426369864,-1.887066633,2444.409843,70.21607604,8:15,5.65578,1.56873,4.66106,-54.3879,-6.3271,-17.47484,0.7028,-1.68053,71.91452,-10.35896257,-5.110367733,0.4989613469,8.46335,-3.13886,-1.36112,50,5.5631,4.34148,-113.62105,-2.73932,10.94229,22.95024,-36.23229,96605dbb-9a00-4bea-b773-653c85dfed08,70bed6a5-712e-4075-8097-b0ff0e632011,75.5418,Pitching,25410021,,,,,,,,,,,,,,,,,,,,-0.5787228461,2444.285152,0.9999489892,,69201d54-b130-4754-9faf-0932929c5f7a,812b95f8-0936-47e4-9968-6b91dd79e813
241,2026-09-21,20:37:58.45,"Rangel, Rylan",1000510502,Right,,,,,,Fastball,Live,,87.61046,0.1790436096,-3.178550612,1860.382616,260.2009519,2:45,5.79267,1.56368,5.41807,-34.502,2.76502,16.23049,3.08546,-0.06391,79.55086,-6.261171534,-0.1402791659,0.4393733891,-9.58252,1.41522,-1.29262,50,5.78501,6.50548,-127.1817,-0.78668,-15.56939,28.03702,-29.87465,d9b37746-bb0c-4ee1-87a0-ecc38e715a33,70bed6a5-712e-4075-8097-b0ff0e632011,85.7868,Pitching,25410021,,,,,,,,,,,,,,,,,,,,,,,,e4d16bd1-7eb1-4ac1-88b9-f88fd2e0e240,812b95f8-0936-47e4-9968-6b91dd79e813
242,2026-09-21,20:38:40.95,"Rangel, Rylan",1000510502,Right,,,,,,Sweeper,Live,,77.95446,-0.4583602731,-1.672679952,2401.121029,70.3385015,8:15,5.75524,1.5243,4.96261,-55.31762,-7.41131,-20.62572,0.7123,-1.77491,71.77033,-10.58251169,-5.494974459,0.4981587505,10.27601,-3.73634,-1.34622,50,5.66692,3.97933,-113.17807,-2.71426,13.19086,22.65048,-36.97023,7cf9724a-9bb6-4cee-acb2-f2e2080ddf8b,70bed6a5-712e-4075-8097-b0ff0e632011,75.66351,Pitching,25410021,,,,,,,,,,,,,,,,,,,,52.27023193,1469.337293,0.6119380385,,4792135d-a74d-4995-ba2c-cefc5deafc5b,812b95f8-0936-47e4-9968-6b91dd79e813
243,2026-09-21,20:39:02.99,"Rangel, Rylan",1000510502,Right,,,,,,Fastball,Live,,88.31851,-1.471531716,-3.340066246,1861.590923,236.198746,1:45,5.77306,1.45646,5.51793,-26.24988,9.94166,14.88217,2.20724,-0.42943,81.0549,-6.348054782,-0.5657567422,0.4329870834,-8.81026,5.68178,-1.17568,50,5.62744,6.9747,-128.27712,-4.20348,-14.7297,25.69422,-22.6748,6b5fe834-d652-43f1-a8a1-6e5f2a37b231,70bed6a5-712e-4075-8097-b0ff0e632011,87.05211,Pitching,25410021,,,,,,,,,,,,,,,,,,,,45.06804414,1314.779355,0.7062665268,,eed6f6cb-ab8a-40df-9db4-768c672a0f2d,812b95f8-0936-47e4-9968-6b91dd79e813
244,2026-09-21,20:39:56.74,"Rangel, Rylan",1000510502,Right,,,,,,Fastball,Live,,86.4113,-0.1047804694,-2.888185358,1779.837578,233.3475975,1:45,5.98304,1.60566,5.41476,-28.41923,9.09715,12.28206,3.5165,-0.07841,80.05977,-5.35496149,-0.6147791973,0.4408409328,-7.17024,4.83054,-1.35772,50,5.95394,5.91668,-125.69071,-1.21251,-11.64016,21.94344,-24.33215,7188a0ec-6602-4bc7-b64b-312e9efc6142,70bed6a5-712e-4075-8097-b0ff0e632011,85.50122,Pitching,25410021,,,,,,,,,,,,,,,,,,,,46.53551484,1224.358848,0.6879048195,,63e098ce-e7bc-4165-bcc7-37c2c977f09a,812b95f8-0936-47e4-9968-6b91dd79e813
245,2026-09-21,20:40:19.49,"Rangel, Rylan",1000510502,Right,,,,,,Fastball,Live,,86.91912,0.1966445551,-1.822925126,1962.278257,216.2280464,1:15,5.94206,1.65423,5.42523,-26.08621,11.40959,8.38692,3.95246,0.64542,79.40926,-4.662131947,-0.2580403141,0.4407199637,-4.95447,5.9971,-1.49851,50,5.9416,3.7348,-126.38759,-0.4609,-8.01518,25.72087,-22.47213,4ef3e741-ce89-40e8-a1d7-c50d2c4482c9,70bed6a5-712e-4075-8097-b0ff0e632011,85.52469,Pitching,25410021,,,,,,,,,,,,,,,,,,,198.5910253,46.61959665,1347.769164,0.6868389632,12:30,3ec9885c-10ac-4cf1-8c9d-2b5033e2f113,812b95f8-0936-47e4-9968-6b91dd79e813
246,2026-09-21,20:40:47.25,"Rangel, Rylan",1000510502,Right,,,,,,ChangeUp,Live,,80.64237,-1.003786114,-3.54636073,1455.887715,252.8075476,2:30,5.85812,1.68429,5.70575,-38.32986,4.60433,14.97079,1.72696,-0.37613,74.61647,-8.114779597,-0.7526118419,0.471599154,-8.91533,2.71985,-1.39656,50,5.75013,6.8058,-117.19261,-3.22784,-12.49334,20.56511,-28.36264,3bbc2b47-bb24-445e-84eb-88c4bebe56d1,70bed6a5-712e-4075-8097-b0ff0e632011,79.92474,Pitching,25410021,,,,,,,,,,,,,,,,,,,,31.34245167,1243.435368,0.8540736728,,31c2116a-c945-45f2-9f4b-4d074387b16d,812b95f8-0936-47e4-9968-6b91dd79e813
247,2026-09-21,20:41:10.71,"Rangel, Rylan",1000510502,Right,,,,,,Fastball,Live,,87.90252,-0.2151459914,-1.816245629,2136.357299,232.0601654,1:45,5.92097,1.617,5.41346,-24.682,12.00924,15.44898,3.6625,1.20258,80.30648,-4.810160841,1.066686624,0.4359659597,-8.69784,6.4277,-1.46639,50,5.88487,3.51612,-127.81164,-1.33779,-14.38421,26.40191,-21.54412,1ffeb197-ef04-4e83-98ce-a43d5bbbd98a,70bed6a5-712e-4075-8097-b0ff0e632011,86.4573,Pitching,25410021,,,,,,,,,,,,,,,,,,,222.2568541,43.74054889,1543.47119,0.7224780194,1:30,acad7569-012c-4570-ac1b-89357d35f415,812b95f8-0936-47e4-9968-6b91dd79e813
248,2026-09-21,20:41:57.67,"Rickman, Sam",1000497645,Right,,,,,,,Warmup,,85.29977,-0.8669138196,-2.421738416,2046.629875,239.597733,2:00,6.2042,2.0651,5.45578,-30.01698,8.87393,15.17444,2.8906,1.06165,78.20472,-6.443565581,0.4094290183,0.4488440276,-8.7209,4.94907,-1.86212,50,6.10744,4.73515,-123.98659,-2.88379,-13.59084,24.52408,-24.46131,3cae2342-790d-40de-b71a-0359732e53cb,70bed6a5-712e-4075-8097-b0ff0e632011,83.9767,Pitching,25410021,,,,,,,,,,,,,,,,,,,213.5295161,45.47990586,1435.013703,0.7011593644,1:00,a59c76fe-0a3f-4c2c-968d-7140ffaea8a4,812b95f8-0936-47e4-9968-6b91dd79e813
249,2026-09-21,20:42:07.27,"Rickman, Sam",1000497645,Right,,,,,,,Warmup,,86.25909,-0.4372195605,-2.439095284,2069.370019,228.4323868,1:30,6.196,2.17587,5.4975,-25.95677,11.85902,13.41477,3.62366,1.01129,79.24927,-5.261404852,0.06008784838,0.4425965089,-7.76405,6.41267,-1.97185,50,6.14038,4.88987,-125.43888,-1.83525,-12.43863,24.06827,-21.90044,d9fbb210-75e3-4e50-9284-41f5ec785afc,70bed6a5-712e-4075-8097-b0ff0e632011,85.16208,Pitching,25410021,,,,,,,,,,,,,,,,,,,225.5476174,37.42086151,1643.480055,0.7941934211,1:30,073e1086-9b65-44a0-9491-5cd80d50c49f,812b95f8-0936-47e4-9968-6b91dd79e813
250,2026-09-21,20:42:20.02,"Rickman, Sam",1000497645,Right,,,,,,,Warmup,,82.13004,-0.6143351558,-3.465377498,1635.063856,261.4169106,2:45,5.9346,2.27345,5.54795,-39.53738,2.06114,13.85082,2.06474,0.18587,76.02111,-7.929453241,-0.8890831788,0.4642055744,-8.24325,1.25182,-1.9828,50,5.8553,6.78503,-119.35649,-2.54594,-11.99279,21.13706,-30.35282,aec87d46-e8ec-49eb-8220-970944fe80be,70bed6a5-712e-4075-8097-b0ff0e632011,81.19773,Pitching,25410021,,,,,,,,,,,,,,,,,,,,22.91366158,1506.045213,0.9210925968,,bc6ec10a-126b-4d88-b520-7f9da8915ace,812b95f8-0936-47e4-9968-6b91dd79e813
251,2026-09-21,20:42:29.63,"Rickman, Sam",1000497645,Right,,,,,,,Warmup,,81.61597,0.6829029824,-4.016203712,1590.268216,251.7162457,2:30,5.9982,2.22572,5.2474,-37.69409,5.02442,15.39031,3.50029,-0.27154,75.11262,-6.277970899,-1.168998574,0.4704131108,-9.13118,2.4674,-1.86832,50,6.03328,7.80609,-118.46978,0.16209,-13.07192,21.08623,-28.64179,e59c6034-daad-45c1-803e-f225bd79b1f8,70bed6a5-712e-4075-8097-b0ff0e632011,80.12625,Pitching,25410021,,,,,,,,,,,,,,,,,,,226.7069715,33.02142342,1333.387204,0.8384668637,1:30,431690d9-0ba3-410d-acb0-45577df2843e,812b95f8-0936-47e4-9968-6b91dd79e813
252,2026-09-21,20:42:39.43,"Rickman, Sam",1000497645,Right,,,,,,,Warmup,,86.90035,0.4184679247,-2.478132763,2195.129156,218.7072825,1:15,6.17266,2.20045,5.27656,-28.35033,9.07888,7.30896,4.20349,0.48091,80.11042,-4.821166436,-1.125426676,0.4403284616,-4.46495,4.67374,-1.97977,50,6.19019,5.21049,-126.37048,-0.0794,-7.29258,23.33314,-24.54044,19613e5c-0bf0-4fb9-83fd-feed49f885f4,70bed6a5-712e-4075-8097-b0ff0e632011,85.60073,Pitching,25410021,,,,,,,,,,,,,,,,,,,220.9605717,44.85422784,1556.134774,0.7089035147,1:15,c2de3bb9-3cb1-4200-8d74-08176e1a363c,812b95f8-0936-47e4-9968-6b91dd79e813
253,2026-09-21,20:42:52.56,"Rickman, Sam",1000497645,Right,,,,,,,Warmup,,77.95731,1.296721956,-1.406636107,2492.661622,92.7039863,9:00,6.07937,2.13401,4.78587,-46.81216,0.64939,-14.41914,3.40777,-0.40085,72.16532,-7.253438654,-4.051612143,0.495840917,7.10177,0.00347,-1.98141,50,6.16873,3.27304,-113.30747,0.97241,9.30222,19.24126,-32.1695,62d0425b-ddfd-4d59-b7c1-f4c66433cd3c,70bed6a5-712e-4075-8097-b0ff0e632011,76.0172,Pitching,25410021,,,,,,,,,,,,,,,,,,,69.26259646,64.82704329,1060.259032,0.4253521708,8:15,98829ac2-96f0-4205-963d-899ce50b0c14,812b95f8-0936-47e4-9968-6b91dd79e813
254,2026-09-21,20:43:04.17,"Rickman, Sam",1000497645,Right,,,,,,,Warmup,,85.35211,-2.090122475,-3.688028218,2008.974748,219.5641637,1:15,6.18606,2.25241,5.42418,-25.64221,13.34539,11.04719,2.08687,-0.28563,78.28654,-6.841284498,-1.632768401,0.4494016823,-6.85904,7.64349,-1.93291,50,5.98286,7.61113,-123.85215,-5.39302,-10.67768,24.21947,-20.27518,ad1191e4-ad50-4a75-ac50-5c6fec803a16,70bed6a5-712e-4075-8097-b0ff0e632011,83.87249,Pitching,25410021,,,,,,,,,,,,,,,,,,,,,,,,b86f8d58-1057-46e7-8ef3-d6e17a7b7a3b,812b95f8-0936-47e4-9968-6b91dd79e813
255,2026-09-21,20:43:09.91,"Rickman, Sam",1000497645,Right,,,,,,,Warmup,,47.98103,5.406265093,-0.514001549,1239.440798,,,7.00483,1.9194,-2.02109,,,,5.77189,0.9906,43.94768,,,0.9132249696,1.75644,30.33479,-1.79224,50,7.91622,0.78193,-68.81348,3.47893,0.85097,6.89217,-17.47729,1f89dae0-3dba-46bc-8504-d410c83d7a59,70bed6a5-712e-4075-8097-b0ff0e632011,41.27399,Pitching,25410021,,,,,,,,,,,,,,,,,,,,,,,,21d648de-1f39-43c7-ad58-ca212f1f45ea,812b95f8-0936-47e4-9968-6b91dd79e813
256,2026-09-21,20:43:35.64,"Rickman, Sam",1000497645,Right,,,,,,Sinker,Live,,89.10527,-0.675141038,-3.023641147,2059.737689,242.0900456,2:00,6.1598,2.17187,5.60518,-27.17794,8.46319,16.03598,3.26393,0.68347,81.14839,-5.757315682,-0.01687662812,0.4296819764,-9.44898,4.71926,-1.92364,50,6.08467,6.29207,-129.43803,-2.45118,-15.96098,28.1125,-24.2024,a90455ae-d3b3-4ed1-be71-083e8b3599b7,70bed6a5-712e-4075-8097-b0ff0e632011,87.72171,Pitching,25410021,,,,,,,,,,,,,,,,,,,214.0971154,43.33733636,1498.100146,0.7273256948,1:15,f02ce20a-32d6-4347-8b1b-ce9e9bc8502c,812b95f8-0936-47e4-9968-6b91dd79e813
257,2026-09-21,20:43:53.31,"Rickman, Sam",1000497645,Right,,,,,,Sinker,Live,,88.69195,-2.187427171,-4.680680469,2040.15707,247.9736,2:15,6.06252,2.25565,5.40612,-31.34297,4.53349,11.22268,1.39353,-1.20387,82.32975,-7.947663806,-2.608442031,0.4310982057,-7.05785,2.92344,-1.84652,50,5.84548,10.13461,-128.63,-6.0385,-11.9802,23.39759,-27.21171,08c6be4c-684e-4c91-a5d7-5ba9b3ea3706,70bed6a5-712e-4075-8097-b0ff0e632011,87.43353,Pitching,25410021,,,,,,,,,,,,,,,,,,,,50.26660883,1304.101254,0.6392161042,,c42dca9f-d02a-489b-8df2-6cc22d27f6fa,812b95f8-0936-47e4-9968-6b91dd79e813
258,2026-09-21,20:44:11.74,"Rickman, Sam",1000497645,Right,,,,,,ChangeUp,Live,,83.03853,-0.724650584,-1.517614694,1558.350797,250.63123,2:15,5.86053,2.67477,5.3147,-35.301,5.72252,16.36446,2.23848,2.61399,76.68403,-7.23997784,1.521010463,0.4609861793,-9.02671,3.20701,-2.54916,50,5.76964,2.65152,-120.79096,-2.71189,-13.42078,22.13404,-27.40592,5d8326e4-da55-49b4-8eaf-833173744ca9,70bed6a5-712e-4075-8097-b0ff0e632011,81.76479,Pitching,25410021,,,,,,,,,,,,,,,,,,,,29.7128249,1353.459755,0.8685205908,,4e2ef72b-2654-4ff0-89d5-426148fc6e39,812b95f8-0936-47e4-9968-6b91dd79e813
259,2026-09-21,20:44:32.73,"Rickman, Sam",1000497645,Right,,,,,,Sinker,Live,,89.9362,-0.2392103714,-2.474645819,1865.874229,253.9093852,2:30,6.16051,2.47476,5.56754,-29.27377,5.2924,18.45267,3.4974,1.69971,83.0208,-5.672935925,0.9609580587,0.42315262,-10.4347,2.87481,-2.27375,50,6.12069,5.00952,-130.83852,-1.57002,-18.26152,25.12522,-27.14291,6dd02b46-d1b9-4409-8c27-0f460f2a4d5b,70bed6a5-712e-4075-8097-b0ff0e632011,89.07528,Pitching,25410021,,,,,,,,,,,,,,,,,,,,35.84808133,1512.426619,0.8105726501,,9cb9069f-14f6-4831-9cd0-c4d4cebb254e,812b95f8-0936-47e4-9968-6b91dd79e813
260,2026-09-21,20:45:01.74,"Rickman, Sam",1000497645,Right,,,,,,Sinker,Live,,89.59514,-3.899400467,-4.136526557,2042.127793,254.4690583,2:30,6.01597,2.18988,5.46764,,,,,,,,,,-9.17917,3.33446,-1.83626,50,5.65101,8.85201,-129.72177,-9.95939,-15.65664,26.88395,-26.48655,dad091b3-787b-44c3-85b2-fdd2eb5a3236,70bed6a5-712e-4075-8097-b0ff0e632011,,Pitching,25410021,,,,,,,,,,,,,,,,,,,,41.8302923,1521.637408,0.7451234996,,0633fbf8-bedd-47a7-abde-e00d9d89c0b9,812b95f8-0936-47e4-9968-6b91dd79e813
261,2026-09-21,20:45:24.72,"Rickman, Sam",1000497645,Right,,,,,,Sweeper,Live,,79.91735,0.0693165704,-3.178258104,2493.528954,60.38280354,8:00,6.07988,2.22657,5.00062,-51.80069,-6.85405,-12.01083,1.82869,-1.77736,74.35878,-9.373473151,-5.384423595,0.482525181,5.43554,-3.59393,-1.91171,50,6.04528,6.85036,-116.06336,-1.60862,7.45805,20.52365,-37.10524,398a0d69-6612-41ca-aba5-e87aa164a060,70bed6a5-712e-4075-8097-b0ff0e632011,78.11497,Pitching,25410021,,,,,,,,,,,,,,,,,,,47.50055103,69.28338515,882.0761241,0.3537460925,7:30,b66ad2eb-d0f1-4477-8c7e-0f0b86200b1a,812b95f8-0936-47e4-9968-6b91dd79e813
262,2026-09-21,20:45:57.80,"Rickman, Sam",1000497645,Right,,,,,,Sinker,Live,,89.92405,-1.583203429,-1.931485494,1948.148977,243.3049223,2:00,6.15237,2.44646,5.55042,-27.26276,7.52437,14.99645,2.40007,1.89088,82.68691,-6.645569132,0.8685620451,0.4245029468,-8.5006,4.42984,-2.28944,50,5.99761,3.88676,-130.75806,-4.56665,-14.76909,26.66149,-24.47757,d780d32d-37d4-4e79-8479-3ba4e7caf43f,70bed6a5-712e-4075-8097-b0ff0e632011,88.79194,Pitching,25410021,,,,,,,,,,,,,,,,,,,,,,,,b03d914c-7d28-4e0b-a793-30dfca75775f,812b95f8-0936-47e4-9968-6b91dd79e813
263,2026-09-21,20:46:14.22,"Rickman, Sam",1000497645,Right,,,,,,Sinker,Live,,89.67086,-1.71796021,-2.240772424,1899.777373,231.9425374,1:45,6.11575,2.4714,5.58778,-25.86572,9.15606,11.71848,2.35459,1.35477,82.23553,-6.53076755,-0.04941712548,0.4259322402,-6.86476,5.35493,-2.28682,50,5.95161,4.69607,-130.3416,-4.80416,-11.82467,27.06579,-22.95009,6d9cb251-8917-4ee5-b692-548f68ae998b,70bed6a5-712e-4075-8097-b0ff0e632011,88.49398,Pitching,25410021,,,,,,,,,,,,,,,,,,,,36.0562338,1535.855476,0.8084397142,,f6164233-7c72-4f4c-8246-a60a990ea5a4,812b95f8-0936-47e4-9968-6b91dd79e813
264,2026-09-21,20:46:39.39,"Rickman, Sam",1000497645,Right,,,,,,Sinker,Live,,89.94152,-0.4702275353,-2.193218087,1934.891879,249.9349964,2:15,6.08816,2.41849,5.64729,-28.4889,6.2815,17.27415,3.27521,1.81158,82.25152,-5.791648322,1.044600082,0.4244008424,-9.85388,3.49132,-2.2436,50,6.03032,4.41812,-130.78444,-2.0482,-17.05029,27.83528,-26.13298,235f4cdb-c0de-413b-9dbd-c6234779ecf7,70bed6a5-712e-4075-8097-b0ff0e632011,88.8133,Pitching,25410021,,,,,,,,,,,,,,,,,,,,,,,,b9c09779-3247-42ad-97b3-4041454c7c08,812b95f8-0936-47e4-9968-6b91dd79e813
265,2026-09-21,20:46:58.97,"Rickman, Sam",1000497645,Right,,,,,,Sinker,Live,,89.34128,0.02154994456,-2.234321186,2163.722225,218.8757813,1:15,6.14854,2.45062,5.55195,-20.73976,14.50579,11.72733,4.44037,1.33937,81.74459,-3.847371172,-0.04448199436,0.4272908107,-6.84657,7.71764,-2.26532,50,6.13678,4.66334,-129.92996,-0.66912,-11.73828,26.47471,-18.94234,3f234706-73ac-46a7-a76e-4b7c8707bae3,70bed6a5-712e-4075-8097-b0ff0e632011,88.21261,Pitching,25410021,,,,,,,,,,,,,,,,,,,,,,,,838383e3-1ada-4f21-8b65-b7079d771c58,812b95f8-0936-47e4-9968-6b91dd79e813
266,2026-09-21,20:47:30.98,"Rickman, Sam",1000497645,Right,,,,,,Sinker,Live,,89.81291,-3.568835847,-3.699102063,1971.424639,239.4451374,2:00,6.176,1.90614,5.51702,-26.98146,8.04952,13.5943,0.5798,-0.42405,82.95352,-8.543408794,-1.170700422,0.4259882147,-8.1796,5.20199,-1.59314,50,5.84666,7.94305,-130.22027,-9.08309,-14.14084,25.60219,-23.18089,d6f84912-7822-491b-8bcd-04cca37371c8,70bed6a5-712e-4075-8097-b0ff0e632011,88.48235,Pitching,25410021,,,,,,,,,,,,,,,,,,,,35.58460922,1603.275087,0.8132571015,,87eed9c1-710a-4587-9ca7-b2203005c8a1,812b95f8-0936-47e4-9968-6b91dd79e813
267,2026-09-21,20:48:13.90,"Rickman, Sam",1000497645,Right,,,,,,Sweeper,Live,,78.4396,-1.117541989,-2.787162266,2531.955248,87.14110482,9:00,6.14266,2.29184,4.9341,-47.32895,-0.68411,-12.69163,1.14105,-1.40191,73.21681,-9.707125619,-5.114408223,0.4915562225,5.89455,-0.07237,-2.01058,50,5.99537,5.97327,-113.95056,-3.81318,7.81725,19.24705,-32.27003,d1ea58e0-e489-4a3b-8ade-c4b4aab5bfdf,70bed6a5-712e-4075-8097-b0ff0e632011,76.67981,Pitching,25410021,,,,,,,,,,,,,,,,,,,,61.4100909,1211.634827,0.4785372206,,35baa0a8-a51d-4140-bd40-d424cf3639bb,812b95f8-0936-47e4-9968-6b91dd79e813
268,2026-09-21,20:48:41.36,"Rickman, Sam",1000497645,Right,,,,,,Sinker,Live,,90.06031,-2.709989303,-4.766567484,2051.440277,239.2176734,2:00,6.09705,2.19351,5.6357,-27.16134,7.59306,12.7408,1.29502,-1.20137,82.94697,-7.742554715,-2.395428905,0.424303207,-8.05068,4.76496,-1.79614,50,5.84874,10.44537,-130.51805,-7.13274,-13.96509,26.02682,-23.90852,19a0f192-64ef-4ecc-90a2-fc1b19d31e89,70bed6a5-712e-4075-8097-b0ff0e632011,88.83374,Pitching,25410021,,,,,,,,,,,,,,,,,,,,,,,,c6afb940-eb27-48cb-bf7d-a12905e0f0ca,812b95f8-0936-47e4-9968-6b91dd79e813
269,2026-09-21,20:49:06.83,"Rickman, Sam",1000497645,Right,,,,,,Sinker,Live,,88.88801,-1.316452889,-3.531467108,2097.657513,248.817571,2:15,6.06205,2.2534,5.54766,-29.71554,6.06206,15.68851,2.35317,0.25696,81.46122,-6.842889287,-0.6021753541,0.4305038423,-9.32986,3.5921,-1.95815,50,5.92855,7.42629,-129.06911,-3.99275,-15.75236,26.63933,-26.10921,66cf58e1-7eb5-4060-a827-1471d07b555a,70bed6a5-712e-4075-8097-b0ff0e632011,87.55425,Pitching,25410021,,,,,,,,,,,,,,,,,,,,42.2395523,1552.981272,0.7403407191,,4481933b-b84a-4e7d-b6f8-32b15cb562d1,812b95f8-0936-47e4-9968-6b91dd79e813
270,2026-09-21,20:49:50.69,"Rickman, Sam",1000497645,Right,,,,,,Sinker,Live,,89.98117,-3.349179346,-3.652128468,1981.150033,254.6389341,2:30,6.1857,2.13212,5.34723,-30.07261,4.88648,17.65968,0.52864,0.17396,83.5424,-8.86241525,-0.3837398135,0.4255508566,-10.20927,3.39974,-1.81588,50,5.86222,7.6915,-130.51667,-8.74188,-17.81512,24.4768,-26.24153,380bc018-9104-493d-9c79-ef0b01313f8c,70bed6a5-712e-4075-8097-b0ff0e632011,88.57329,Pitching,25410021,,,,,,,,,,,,,,,,,,,,,,,,5154c0db-f4ea-48fd-add2-055feeb66a35,812b95f8-0936-47e4-9968-6b91dd79e813
271,2026-09-21,20:50:12.40,"Rickman, Sam",1000497645,Right,,,,,,ChangeUp,Live,,83.0111,-0.05736194302,-2.466080398,1660.826573,247.8988081,2:15,5.85676,2.51619,5.66358,-33.58271,6.90465,17.10026,3.00467,1.6406,76.59438,-6.303215342,0.7259775872,0.4579637975,-9.76143,3.70131,-2.31877,50,5.83068,4.65905,-120.76668,-1.18565,-14.52819,21.80616,-26.66528,6a482b08-fe9d-45fe-98b6-759bbda0ba55,70bed6a5-712e-4075-8097-b0ff0e632011,82.30441,Pitching,25410021,,,,,,,,,,,,,,,,,,,,24.05639859,1516.574896,0.9131446475,,42977661-f51b-4085-88a4-10044c3bbf65,812b95f8-0936-47e4-9968-6b91dd79e813
272,2026-09-21,20:50:35.74,"Rickman, Sam",1000497645,Right,,,,,,Sinker,Live,,89.23574,-1.187093465,-5.024465348,1968.010418,247.4081931,2:15,6.15273,2.34982,5.62566,-28.96522,6.01667,14.51943,2.62699,-1.14006,82.97451,-6.536519099,-2.339915453,0.4256896115,-8.86189,3.46961,-1.93078,50,6.03263,10.88527,-129.50709,-3.69312,-15.3252,22.42038,-26.17393,39337d6b-dc72-4f56-8374-0e520acfd83e,70bed6a5-712e-4075-8097-b0ff0e632011,88.54442,Pitching,25410021,,,,,,,,,,,,,,,,,,,,48.05088993,1315.556482,0.6684702836,,100f58be-d63b-4360-b0b3-09b0624a4891,812b95f8-0936-47e4-9968-6b91dd79e813
273,2026-09-21,20:51:01.86,"Rickman, Sam",1000497645,Right,,,,,,Sinker,Live,,89.33174,-2.874120948,-2.189790744,2191.928818,225.5502079,1:30,6.04381,2.42666,5.56624,-22.36848,12.92546,13.1734,1.49105,1.47813,82.13368,-7.021578869,0.2699038193,0.4275839905,-7.60143,7.6531,-2.24667,50,5.78138,4.50728,-129.76734,-7.29185,-13.01063,26.1973,-19.07497,02869422-6106-4c8b-b55e-cccd89e99243,70bed6a5-712e-4075-8097-b0ff0e632011,88.15213,Pitching,25410021,,,,,,,,,,,,,,,,,,,,,,,,6f32575d-c58e-40b2-825d-69a6668e9e24,812b95f8-0936-47e4-9968-6b91dd79e813
274,2026-09-21,20:51:33.97,"Rickman, Sam",1000497645,Right,,,,,,Sweeper,Live,,80.06299,-0.4961065994,-3.587111561,2443.976134,123.3852951,10:00,6.10886,2.14365,5.03133,-41.70332,3.18184,-4.89845,2.16465,-1.65293,73.91965,-8.135671017,-4.489255563,0.482195066,1.59365,1.79675,-1.79706,50,6.02862,7.44897,-116.20039,-2.40869,2.18568,21.1453,-29.70983,91be31ee-f3be-4cf4-afad-4051b1b2b80a,70bed6a5-712e-4075-8097-b0ff0e632011,78.16845,Pitching,25410021,,,,,,,,,,,,,,,,,,,,68.72332904,886.850129,0.362871845,,0129b11e-807f-40fb-bab5-6e824c7397eb,812b95f8-0936-47e4-9968-6b91dd79e813
275,2026-09-21,20:51:53.75,"Rickman, Sam",1000497645,Right,,,,,,Sweeper,Live,,79.91466,-1.618124637,-4.246692531,2441.336729,44.00541572,7:30,6.13169,2.53982,4.80108,-52.00951,-6.71854,-6.45488,0.25995,-2.02871,74.85535,-10.99290552,-5.42432005,0.4843699611,2.2742,-3.07032,-2.11125,50,5.926,8.82875,-115.87422,-5.09152,3.12157,19.71433,-36.38836,96acc53b-26a0-4088-ab94-466dd23347e3,70bed6a5-712e-4075-8097-b0ff0e632011,77.81746,Pitching,25410021,,,,,,,,,,,,,,,,,,,,,,,,41c1cc4a-4dc0-4b5a-a2f2-03f944604663,812b95f8-0936-47e4-9968-6b91dd79e813
276,2026-09-21,20:52:38.31,"Rickman, Sam",1000497645,Right,,,,,,Sinker,Live,,89.2188,-2.239472324,-3.58717541,1919.911546,254.4325557,2:30,6.043,2.13178,5.51975,-30.72965,4.51329,16.18306,1.38347,0.12255,82.75783,-7.906868355,-0.5833103106,0.4272750074,-9.46424,2.94295,-1.83048,50,5.82735,7.55749,-129.5767,-6.15132,-16.28217,24.05977,-27.11104,63bc6386-753b-49e4-95dd-ff50d20362ae,70bed6a5-712e-4075-8097-b0ff0e632011,88.21588,Pitching,25410021,,,,,,,,,,,,,,,,,,,,,,,,ea88076c-e2d3-48df-bc81-755575692aa3,812b95f8-0936-47e4-9968-6b91dd79e813
277,2026-09-21,20:53:01.03,"Rickman, Sam",1000497645,Right,,,,,,Sinker,Live,,88.52797,-1.600558433,-3.933216999,2067.949551,242.0101261,2:00,6.13981,2.17347,5.54129,-29.23768,6.73797,12.71329,2.20376,-0.44831,81.48135,-7.021581004,-1.5671163,0.4316937209,-7.79676,4.00539,-1.84102,50,5.98166,8.39901,-128.5124,-4.60428,-13.10897,25.29411,-25.43964,13ce5bb2-463a-46e0-8060-5739c560f580,70bed6a5-712e-4075-8097-b0ff0e632011,87.31292,Pitching,25410021,,,,,,,,,,,,,,,,,,,,40.25981285,1578.097382,0.7631217991,,983a5f00-f9a2-4e0e-8794-64f86277f7ac,812b95f8-0936-47e4-9968-6b91dd79e813
278,2026-09-21,20:53:25.10,"Rickman, Sam",1000497645,Right,,,,,,Sinker,Live,,88.8272,,,2008.038481,,,6.43153,2.41606,5.68019,,,,3.40267,2.02749,80.81064,,,0.4301226303,-9.15564,19.64,-2.26986,50,6.16318,3.64289,-128.99757,-7.19612,-15.40304,27.22836,0.86742,b37ca049-f524-468d-9f6a-f022f234c267,70bed6a5-712e-4075-8097-b0ff0e632011,87.63184,Pitching,25410021,,,,,,,,,,,,,,,,,,,,,,,,b4886a41-2b05-4af0-aa42-61c8a7da52fb,812b95f8-0936-47e4-9968-6b91dd79e813
279,2026-09-21,20:53:58.48,"Rickman, Sam",1000497645,Right,,,,,,Sinker,Live,,88.26116,-0.5306410258,-2.40650163,2023.488388,247.6079927,2:15,6.15674,2.45224,5.61118,-29.50084,6.52683,15.91282,3.20267,1.53114,81.05435,-6.024670047,0.567483807,0.4320057353,-9.13545,3.62457,-2.25706,50,6.09248,4.85514,-128.35398,-2.18921,-15.29179,25.72339,-26.10689,813d14fa-834e-4dbf-9226-954ec8869ccd,70bed6a5-712e-4075-8097-b0ff0e632011,87.24986,Pitching,25410021,,,,,,,,,,,,,,,,,,,,,,,,4584050b-5747-42ed-90a2-eebf99c59ac0,812b95f8-0936-47e4-9968-6b91dd79e813
280,2026-09-21,20:54:38.33,"Powell, Kasen",1000539201,Right,,,,,,,Warmup,,77.92396,1.452757412,-4.226804418,1590.004411,187.2069894,12:15,6.17954,3.3681,7.20842,-33.99841,9.66048,1.22944,4.66549,-0.3632,71.50875,-5.068058281,-3.991135614,0.4755626894,-1.85551,5.06543,-3.12531,50,6.25271,8.3509,-113.34875,2.15707,-2.41734,20.44915,-25.57486,a43fa1de-f6d0-4b15-baf7-15cc9f019eee,70bed6a5-712e-4075-8097-b0ff0e632011,79.25861,Pitching,25410021,,,,,,,,,,,,,,,,,,,215.1578589,45.19187114,1120.531557,0.7047348735,1:15,d92bb845-a510-47fd-b076-bafca6f8dfd0,812b95f8-0936-47e4-9968-6b91dd79e813
281,2026-09-21,20:54:50.36,"Powell, Kasen",1000539201,Right,,,,,,,Warmup,,77.14822,1.472347306,-3.684485232,1806.290111,199.2083796,12:45,6.14378,3.07066,7.11876,-28.15884,16.30803,5.70785,5.13558,0.20013,70.91554,-3.91900795,-2.592223994,0.4799430346,-4.17773,8.79999,-2.85487,50,6.22165,7.10778,-112.30272,2.28086,-5.36692,19.20955,-20.86912,6597da8c-73a5-4cd6-87cc-b20b8afdf49c,70bed6a5-712e-4075-8097-b0ff0e632011,78.53523,Pitching,25410021,,,,,,,,,,,,,,,,,,,,32.19172134,1528.609408,0.8462701525,,73fb6dcb-00c9-43b5-b61e-5b2ef47f11e3,812b95f8-0936-47e4-9968-6b91dd79e813
282,2026-09-21,20:55:02.64,"Powell, Kasen",1000539201,Right,,,,,,,Warmup,,74.16443,-0.2663441967,-2.985819874,1534.238855,233.6000842,1:45,6.37739,3.35784,7.50199,-37.99645,9.18319,12.52194,2.97092,1.71094,68.8145,-7.558295724,-0.5708491039,0.4943661545,-7.90746,5.3109,-3.20479,50,6.35354,5.40474,-108.14565,-1.21983,-9.44452,17.35471,-25.83081,5bc2414e-7916-4231-aa59-e21860387d0d,70bed6a5-712e-4075-8097-b0ff0e632011,76.24397,Pitching,25410021,,,,,,,,,,,,,,,,,,,,33.40797159,1280.738512,0.8347712666,,f701a42b-46a8-4dcd-99c8-59b7ebfecc68,812b95f8-0936-47e4-9968-6b91dd79e813
283,2026-09-21,20:55:15.99,"Powell, Kasen",1000539201,Right,,,,,,,Warmup,,71.62019,,,1748.473117,,,6.50657,3.37001,6.55967,,,,4.47628,-1.19009,66.03117,,,0.5235658058,0.23915,9.21152,-3.04367,50,6.56215,8.65068,-104.04208,1.05684,0.26346,16.62877,-22.02603,322e2fd8-189b-4ff7-84f7-4b36c347b982,70bed6a5-712e-4075-8097-b0ff0e632011,71.99179,Pitching,25410021,,,,,,,,,,,,,,,,,,,,,,,,f5c14b3c-c4ea-407d-ad61-10a839de2de7,812b95f8-0936-47e4-9968-6b91dd79e813
284,2026-09-21,20:55:28.36,"Powell, Kasen",1000539201,Right,,,,,,,Warmup,,69.73179,0.603743032,-4.423128239,1755.633965,93.98737375,9:15,5.83796,3.30914,6.96447,-54.47759,0.58432,-8.96316,1.849,-1.46918,64.84292,-9.695019424,-6.127866697,0.5340685964,3.80854,0.16137,-3.03259,50,5.85609,8.02499,-101.39312,-0.03483,3.96951,16.39108,-32.00586,67ec803b-fbfe-4cfd-b92d-9b1d102ad93b,70bed6a5-712e-4075-8097-b0ff0e632011,70.57603,Pitching,25410021,,,,,,,,,,,,,,,,,,,,,,,,07faa27f-8fa3-4569-9142-1137f0675477,812b95f8-0936-47e4-9968-6b91dd79e813
285,2026-09-21,20:55:41.47,"Powell, Kasen",1000539201,Right,,,,,,,Warmup,,76.30746,2.176953175,-1.594491697,1795.417232,194.2038479,12:30,6.1186,3.09502,7.34678,-35.20583,9.50218,2.41438,5.15217,1.8561,70.61206,-4.57887207,-1.130588569,0.4812426112,-1.76093,4.85625,-3.00798,50,6.22835,3.04879,-111.28956,3.51619,-2.23378,17.82843,-26.0138,90114098-16ca-45b4-a2e0-de289c36fa4a,70bed6a5-712e-4075-8097-b0ff0e632011,78.32315,Pitching,25410021,,,,,,,,,,,,,,,,,,,,34.34867557,1482.331035,0.8256192534,,21442f97-718b-463a-b41d-49ac600f5185,812b95f8-0936-47e4-9968-6b91dd79e813
286,2026-09-21,20:55:53.48,"Powell, Kasen",1000539201,Right,,,,,,,Warmup,,77.05356,0.5846447181,-2.143087838,1719.422334,202.72435,12:45,6.19542,3.18197,7.29012,-31.92478,12.00007,5.04514,4.06389,1.66427,71.4104,-5.52845895,-1.174881809,0.477008934,-3.38391,6.64992,-3.0634,50,6.2187,4.1012,-112.40733,0.4819,-4.37804,18.24033,-23.57051,bdb553cd-649e-4111-b9fc-1254b050d573,70bed6a5-712e-4075-8097-b0ff0e632011,79.01831,Pitching,25410021,,,,,,,,,,,,,,,,,,,,27.57384508,1524.121708,0.8864149766,,5174addd-4a37-498b-8a30-0420a11f21e8,812b95f8-0936-47e4-9968-6b91dd79e813
287,2026-09-21,20:56:01.55,"Powell, Kasen",1000539201,Right,,,,,,,Live,,37.98627,9.087293623,3.337180362,921.912852,,,7.11686,2.51862,11.43685,,,,4.99699,3.14176,35.85755,,,0.9013809322,18.07148,24.10441,-2.46314,50,6.96305,-3.29757,-54.99867,9.22163,5.57178,4.57648,-24.74221,742f611f-a627-41ad-b41b-244d89bc420c,70bed6a5-712e-4075-8097-b0ff0e632011,41.81633,Pitching,25410021,,,,,,,,,,,,,,,,,,,,,,,,309e64e9-edfe-48a7-8574-96963323f524,812b95f8-0936-47e4-9968-6b91dd79e813
288,2026-09-21,20:56:28.84,"Powell, Kasen",1000539201,Right,,,,,,Fastball,Live,,78.49361,-1.081868107,-1.867226355,1733.272256,195.9348361,12:30,5.9365,3.04763,7.46057,-27.39913,14.77089,4.2281,2.67789,1.71707,72.62978,-6.343914512,-1.05167901,0.4673834297,-2.8899,8.70008,-2.94971,50,5.87178,3.64812,-114.52176,-2.71714,-3.8668,19.65997,-20.53298,5e77d511-cedf-47c3-96a1-2d463ebca2f5,70bed6a5-712e-4075-8097-b0ff0e632011,80.64565,Pitching,25410021,,,,,,,,,,,,,,,,,,,,31.86873938,1471.998584,0.8492598776,,d020f1fc-50e2-4f0d-9a3b-fe8a2f3267f4,812b95f8-0936-47e4-9968-6b91dd79e813
289,2026-09-21,20:56:49.39,"Powell, Kasen",1000539201,Right,,,,,,Fastball,Live,,77.88868,2.236453356,-1.975032314,1793.544315,184.7773913,12:15,6.06142,2.98133,7.41394,-25.53803,17.62743,1.47614,5.95226,1.3226,71.32532,-2.695497369,-1.6899246,0.4728676496,-1.37833,9.43705,-2.87536,50,6.17497,3.88518,-113.52957,3.92039,-1.80273,20.37064,-19.83118,6337d6f6-a467-4b61-8856-acfe7e68eb90,70bed6a5-712e-4075-8097-b0ff0e632011,79.71034,Pitching,25410021,,,,,,,,,,,,,,,,,,,,39.27577811,1388.396829,0.7741079034,,0c4d3020-6662-4160-a519-f09d5d4d7158,812b95f8-0936-47e4-9968-6b91dd79e813
290,2026-09-21,20:57:08.57,"Powell, Kasen",1000539201,Right,,,,,,Fastball,Live,,79.23602,-0.2959393204,-2.561762016,1852.824909,200.9445089,12:45,6.07953,3.00125,7.37187,-26.11601,15.22641,5.8464,3.63584,1.17489,73.55378,-5.297855903,-1.439724154,0.4627743689,-3.93261,8.7134,-2.86301,50,6.05596,5.04866,-115.58686,-1.14622,-5.39204,18.82344,-20.22703,4a74bf94-0e18-4ede-a80e-1e2395d0bfa2,70bed6a5-712e-4075-8097-b0ff0e632011,81.44885,Pitching,25410021,,,,,,,,,,,,,,,,,,,,34.73160341,1522.70693,0.8218299108,,715c1ea3-5313-43e6-829b-79c488583306,812b95f8-0936-47e4-9968-6b91dd79e813
291,2026-09-21,20:57:28.76,"Powell, Kasen",1000539201,Right,,,,,,Fastball,Live,,79.40219,-0.1459075827,-2.232785458,1780.979287,198.2188296,12:30,6.03839,3.05619,7.54253,-26.98484,13.93054,4.59976,3.65831,1.43002,73.65738,-5.334236782,-1.346411281,0.4603781794,-3.17186,7.99518,-2.94211,50,6.02398,4.42595,-115.87906,-0.83551,-4.36523,19.18957,-21.17078,fc365c29-0e61-42c6-9dbe-c4f3b4f83bc9,70bed6a5-712e-4075-8097-b0ff0e632011,81.87277,Pitching,25410021,,,,,,,,,,,,,,,,,,,,36.57723955,1430.223001,0.8030542591,,a4240105-bfba-48dc-9405-7c4990d14744,812b95f8-0936-47e4-9968-6b91dd79e813
292,2026-09-21,20:57:46.39,"Powell, Kasen",1000539201,Right,,,,,,,Live,,78.8782,-1.328664992,-2.151687356,1672.665459,196.960777,12:30,6.0819,3.0052,7.48739,-29.32569,12.56336,3.84291,2.44057,1.38695,72.7946,-6.967551881,-1.408830478,0.4658237773,-2.77318,7.53428,-2.89307,50,6.00432,4.24498,-115.03527,-3.25822,-3.72841,20.67399,-22.04457,f9bc85aa-d86d-4693-834b-f4ec6edc5654,70bed6a5-712e-4075-8097-b0ff0e632011,80.91566,Pitching,25410021,,,,,,,,,,,,,,,,,,,,26.73345582,1493.872362,0.8931088723,,a645d805-a8d1-4a4f-a9f7-28fefbfda83b,812b95f8-0936-47e4-9968-6b91dd79e813
293,2026-09-21,20:58:14.32,"Powell, Kasen",1000539201,Right,,,,,,Sweeper,Live,,68.58933,2.931975457,-0.7108787042,1877.041072,86.07892664,8:45,5.87806,3.14058,6.49767,-59.42571,-0.78236,-10.78734,3.61936,1.58918,62.3447,-8.389903756,-2.77724927,0.5511639263,5.73909,-1.37983,-3.08621,50,6.05695,1.47395,-99.72529,3.80479,5.6909,18.33244,-33.54229,9164936c-976a-4591-8bc0-2133f4687664,70bed6a5-712e-4075-8097-b0ff0e632011,68.38698,Pitching,25410021,,,,,,,,,,,,,,,,,,,,,,,,eaea2e87-1efb-4026-9104-9ce2f7301bbe,812b95f8-0936-47e4-9968-6b91dd79e813
294,2026-09-21,20:58:44.88,"Powell, Kasen",1000539201,Right,,,,,,Fastball,Live,,79.60773,-1.910688421,-2.080974402,1786.866125,173.1768227,11:45,5.84095,2.89241,7.70704,-31.17493,9.85658,-1.18376,1.52803,0.92701,73.20545,-7.932254437,-2.311394405,0.461031006,0.08206,6.23772,-2.79071,50,5.74072,4.24001,-116.07666,-4.46144,0.11155,22.47558,-23.69492,81e1e530-12d5-41a5-b2b7-4bc11402fffe,70bed6a5-712e-4075-8097-b0ff0e632011,81.75684,Pitching,25410021,,,,,,,,,,,,,,,,,,,,,,,,33f10668-15bd-4cf8-afb4-6c92cba46882,812b95f8-0936-47e4-9968-6b91dd79e813
295,2026-09-21,20:59:08.00,"Powell, Kasen",1000539201,Right,,,,,,Fastball,Live,,77.52263,-1.323968005,-2.798252648,1811.575556,178.0108251,12:00,5.90038,2.65615,7.58938,-30.18569,13.10698,-0.45692,2.1934,0.10124,71.5087,-7.135968296,-2.88668343,0.4735638726,-0.50264,7.88109,-2.51384,50,5.82566,5.53253,-113.01318,-3.19122,-0.65116,20.2696,-21.96424,71939e82-434e-49c4-8b9d-29027812e156,70bed6a5-712e-4075-8097-b0ff0e632011,79.59315,Pitching,25410021,,,,,,,,,,,,,,,,,,,,32.73474969,1523.866513,0.8411829733,,b21f8829-9ba8-423e-bee0-36f684e6c2ea,812b95f8-0936-47e4-9968-6b91dd79e813
296,2026-09-21,20:59:35.01,"Powell, Kasen",1000539201,Right,,,,,,Sweeper,Live,,69.29657,2.19027493,-3.178137642,1674.78767,104.6941467,9:30,5.84375,3.24376,6.91594,-53.39043,2.97377,-11.43609,3.39277,-0.60581,63.40258,-8.008960142,-5.370095056,0.5403474115,5.43483,0.99098,-3.04073,50,5.96184,5.82652,-100.76645,2.77969,5.52864,17.99805,-31.16596,606afad8-0e7f-48a4-bb91-aefc45da5e36,70bed6a5-712e-4075-8097-b0ff0e632011,69.75594,Pitching,25410021,,,,,,,,,,,,,,,,,,,,,,,,3328b782-491a-4fc3-9ae8-c42cf61e48d8,812b95f8-0936-47e4-9968-6b91dd79e813
297,2026-09-21,21:00:13.13,"Powell, Kasen",1000539201,Right,,,,,,Sweeper,Live,,66.43246,2.194455943,-2.587584652,1745.762522,98.47045237,9:15,5.7192,3.20851,6.74255,-60.1126,1.39373,-9.59438,2.71748,0.04362,61.09746,-9.225770992,-4.421117775,0.564457567,4.57169,0.11958,-3.03499,50,5.83968,4.56187,-96.64043,2.48872,4.29215,16.07966,-32.06178,2c6d792c-f7c3-448a-87fc-c0177eb79fe0,70bed6a5-712e-4075-8097-b0ff0e632011,66.77639,Pitching,25410021,,,,,,,,,,,,,,,,,,,,,,,,211305fb-5cba-4c76-aeb4-ab1935a57d90,812b95f8-0936-47e4-9968-6b91dd79e813
298,2026-09-21,21:00:29.81,"Powell, Kasen",1000539201,Right,,,,,,Sweeper,Live,,66.61467,1.884621692,-2.693691084,1826.612092,95.34013256,9:15,5.75885,2.9747,6.63207,-60.84972,1.56389,-17.01582,2.4158,-0.91098,60.4713,-9.718579522,-5.960816871,0.5686055372,8.53435,0.20796,-2.78583,50,5.86138,4.90329,-96.79916,1.94047,7.89494,18.63331,-31.98167,864b9d4c-27bd-4101-90fe-26ea4dd4a192,70bed6a5-712e-4075-8097-b0ff0e632011,66.28926,Pitching,25410021,,,,,,,,,,,,,,,,,,,,,,,,dee077b6-f991-43a7-83a5-fcc7d415068c,812b95f8-0936-47e4-9968-6b91dd79e813
299,2026-09-21,21:00:53.99,"Powell, Kasen",1000539201,Right,,,,,,ChangeUp,Live,,74.62035,-2.751410028,-4.20090477,1581.329737,216.0114212,1:15,5.86291,2.77398,7.77034,-31.97519,14.71448,10.71252,0.72572,-0.10222,68.82013,-8.912792658,-2.120069277,0.4917924066,-7.36362,9.27218,-2.5759,50,5.7245,7.78763,-108.54507,-5.78315,-8.78211,19.06118,-21.11573,697d92c8-81ad-4f87-9156-12032442599a,70bed6a5-712e-4075-8097-b0ff0e632011,76.64299,Pitching,25410021,,,,,,,,,,,,,,,,,,,,,,,,ea7c70cf-985a-4df0-bc91-e6227059eacc,812b95f8-0936-47e4-9968-6b91dd79e813
300,2026-09-21,21:01:22.83,"Powell, Kasen",1000539201,Right,,,,,,Sweeper,Live,,68.0174,2.115681048,-0.8201073543,1768.149769,93.81434256,9:15,5.72438,3.07448,6.62603,-58.47709,0.95191,-14.89428,2.78934,1.08241,61.8523,-9.045608675,-3.682338825,0.5548436603,8.01293,-0.17363,-3.01291,50,5.8434,1.73096,-98.95824,2.42169,7.79842,18.52246,-32.34303,06291719-3c2b-42c6-8f08-e0d5fc7e9770,70bed6a5-712e-4075-8097-b0ff0e632011,67.93344,Pitching,25410021,,,,,,,,,,,,,,,,,,,,,,,,fd7c1955-7030-47b7-a3e5-d133e96ffef0,812b95f8-0936-47e4-9968-6b91dd79e813
301,2026-09-21,21:01:47.49,"Powell, Kasen",1000539201,Right,,,,,,Fastball,Live,,80.04166,-0.04636730719,-3.760243935,1780.549533,189.97638,12:15,6.03431,2.70071,7.5083,-30.84219,9.91102,1.7531,3.42231,-0.54278,73.72812,-5.98489955,-3.422176977,0.459464873,-2.01642,5.67941,-2.50463,50,6.02392,7.62765,-116.59637,-0.7176,-2.78418,21.30357,-24.33217,f85dbda3-aff9-4e15-9821-8497bc3d5720,70bed6a5-712e-4075-8097-b0ff0e632011,82.03552,Pitching,25410021,,,,,,,,,,,,,,,,,,,,31.19903664,1523.033942,0.8553729701,,2ba523f4-0ea2-4220-b335-e84e31fcb87f,812b95f8-0936-47e4-9968-6b91dd79e813
302,2026-09-21,21:01:54.24,"Powell, Kasen",1000539201,Right,,,,,,,Live,,52.0214,-5.931884981,2.751692042,1485.042253,,,9.58473,-0.58848,,,,,,,,,,,7.54949,39.29003,0.25238,50,8.75961,-3.27697,-74.12927,-9.10397,3.77104,17.2194,-12.54829,f1e18c6d-4e77-4a14-afd5-4d4906a6fb4c,70bed6a5-712e-4075-8097-b0ff0e632011,,Pitching,25410021,,,,,,,,,,,,,,,,,,,,,,,,9fd295ae-1592-44f3-9024-b73283b8b45a,812b95f8-0936-47e4-9968-6b91dd79e813
303,2026-09-21,21:02:34.52,"Powell, Kasen",1000539201,Right,,,,,,Fastball,Live,,77.32554,-3.055503669,-5.152224076,1848.726875,181.9578033,12:00,5.84879,2.79947,7.52417,-34.05259,10.01681,0.34451,0.2478,-1.82061,71.51287,-9.549315335,-5.085922648,0.4777932453,-1.64279,6.59455,-2.53135,50,5.68068,10.11466,-112.25143,-6.6734,-2.0947,20.44198,-23.7654,3b5c3e7d-d3e3-4090-9ee7-e49785961639,70bed6a5-712e-4075-8097-b0ff0e632011,78.8886,Pitching,25410021,,,,,,,,,,,,,,,,,,,,39.43271558,1427.903062,0.7723710198,,befd9a8c-b1ce-4b7f-9a68-c101ae54d6a7,812b95f8-0936-47e4-9968-6b91dd79e813
304,2026-09-21,21:03:01.59,"Powell, Kasen",1000539201,Right,,,,,,Fastball,Live,,79.47019,-1.032555751,-3.332148264,1917.357293,186.8335698,12:15,6.01378,2.86083,7.41227,-24.43695,17.14401,2.06154,3.04453,0.02428,72.95338,-5.736659359,-2.934392535,0.4641075753,-2.1012,10.06094,-2.6817,50,5.95138,6.69778,-115.76611,-2.59291,-2.85185,21.58439,-18.51886,e524983b-1b86-432d-972b-70507b16da6b,70bed6a5-712e-4075-8097-b0ff0e632011,81.21488,Pitching,25410021,,,,,,,,,,,,,,,,,,,,30.27053722,1655.934975,0.863654876,,f7cf319a-5d89-4e31-ac7e-3e99fbdfd142,812b95f8-0936-47e4-9968-6b91dd79e813
305,2026-09-21,21:03:36.12,"Powell, Kasen",1000539201,Right,,,,,,Sweeper,Live,,68.1286,-0.1663027214,-5.073947024,1767.782052,114.3573034,9:45,5.82478,3.06452,7.09339,-53.52556,4.79154,-10.73941,1.21283,-2.44646,62.61784,-10.34500286,-7.13153926,0.5496286446,4.43558,2.76256,-2.75868,50,5.79747,8.98574,-98.91273,-1.30172,4.32859,17.97999,-29.47812,506fe437-af58-4eb0-bebb-2c5306f25de7,70bed6a5-712e-4075-8097-b0ff0e632011,68.57801,Pitching,25410021,,,,,,,,,,,,,,,,,,,,,,,,d5009227-0028-4596-9ae9-de0293fe9997,812b95f8-0936-47e4-9968-6b91dd79e813
306,2026-09-21,21:04:11.83,"Powell, Kasen",1000539201,Right,,,,,,Fastball,Live,,77.89427,-1.010583479,-3.996018189,1806.489236,195.7905392,12:30,5.97683,2.67479,7.37801,-29.0497,14.33641,4.07232,2.64175,-0.59774,71.6147,-6.590398542,-3.21174115,0.4740746359,-3.42398,8.44184,-2.45792,50,5.91353,7.83771,-113.38333,-2.59638,-4.45995,20.61386,-21.17802,e8a46fa9-c5df-45cf-8dd8-ea8b02ad4fa1,70bed6a5-712e-4075-8097-b0ff0e632011,79.50739,Pitching,25410021,,,,,,,,,,,,,,,,,,,,38.26129836,1418.446016,0.7851948343,,72e6a276-1519-4951-a304-eb1f2d544d8e,812b95f8-0936-47e4-9968-6b91dd79e813
307,2026-09-21,21:04:28.63,"Powell, Kasen",1000539201,Right,,,,,,Fastball,Live,,78.27501,1.124666735,-3.228004653,1760.131125,193.9003364,12:30,6.13347,3.07496,7.30836,-30.4292,12.51176,3.11048,4.61572,0.41418,71.87704,-4.728095753,-2.629498523,0.4716363917,-2.6396,6.79701,-2.89594,50,6.18732,6.36602,-114.02797,1.60581,-3.48438,20.45813,-23.20172,f19be2cd-4a68-4c7b-a876-ebbd551d9c1c,70bed6a5-712e-4075-8097-b0ff0e632011,79.91843,Pitching,25410021,,,,,,,,,,,,,,,,,,,,34.96721881,1442.392388,0.8194800761,,99ece290-ff2b-4076-88ff-2809e71ecd3d,812b95f8-0936-47e4-9968-6b91dd79e813
308,2026-09-21,21:04:53.74,"Powell, Kasen",1000539201,Right,,,,,,Sweeper,Live,,68.78404,2.672094466,-3.307832597,1885.480187,100.357728,9:15,5.91686,2.92749,6.67347,-56.13826,1.45505,-8.10902,3.6887,-0.7773,63.08271,-7.990853217,-4.85275623,0.5462071655,3.52572,0.01585,-2.70311,50,6.07287,5.94989,-99.95526,3.47649,3.54478,17.04691,-32.15812,76f0f766-0582-45d1-81fc-e6c9b0f92935,70bed6a5-712e-4075-8097-b0ff0e632011,69.00759,Pitching,25410021,,,,,,,,,,,,,,,,,,,67.62270883,65.26751836,788.8510667,0.4183820505,8:15,2284ccfd-3a0b-4eb2-a0d4-0571c4008ad0,812b95f8-0936-47e4-9968-6b91dd79e813
309,2026-09-21,21:05:11.94,"Powell, Kasen",1000539201,Right,,,,,,Sweeper,Live,,70.95848,0.1926656724,-2.246061576,1912.59299,103.7382903,9:30,5.84464,2.98149,6.88768,-51.99565,1.61449,-6.78811,1.68732,0.36869,65.2139,-9.707508877,-3.549892992,0.5269808716,3.11659,0.84581,-2.83739,50,5.83786,4.19494,-103.33764,-0.73923,3.33741,18.77725,-31.26831,8d0b31a7-1c47-4773-90e3-e2da0496acb9,70bed6a5-712e-4075-8097-b0ff0e632011,71.52525,Pitching,25410021,,,,,,,,,,,,,,,,,,,,,,,,c733661c-9758-4b58-9d45-eb642e2e0d0b,812b95f8-0936-47e4-9968-6b91dd79e813
310,2026-09-21,21:05:32.60,"Powell, Kasen",1000539201,Right,,,,,,Fastball,Live,,75.42794,-3.419532767,-5.845957094,1533.460601,231.5709109,1:45,5.74827,2.6561,7.72775,,,,,,,,,,-8.65589,6.53645,-2.37513,50,5.57372,10.98244,-109.37409,-7.21148,-10.49802,19.07114,-24.24653,7e58723f-9979-4ef7-8a99-4083ebcb98fa,70bed6a5-712e-4075-8097-b0ff0e632011,,Pitching,25410021,,,,,,,,,,,,,,,,,,,,22.91102904,1412.486638,0.9211104848,,71d28f1b-4ab7-4baa-852d-f3210f783a33,812b95f8-0936-47e4-9968-6b91dd79e813
311,2026-09-21,21:06:00.79,"Powell, Kasen",1000539201,Right,,,,,,Fastball,Live,,77.52401,-0.2247411881,-4.357797057,1786.640959,200.105668,12:45,5.91211,2.93056,7.479,-31.31519,12.08033,4.44771,3.09951,-0.6312,71.67385,-6.235801966,-3.503008496,0.4741260446,-3.65965,6.95116,-2.70162,50,5.89196,8.51257,-112.86155,-1.06378,-4.75505,19.1254,-23.14229,f96b0217-20c0-47d5-907e-be82aa401a2f,70bed6a5-712e-4075-8097-b0ff0e632011,79.49877,Pitching,25410021,,,,,,,,,,,,,,,,,,,,27.87193416,1579.381201,0.8839947354,,5f169687-685a-444a-8102-4ed763f4d1cd,812b95f8-0936-47e4-9968-6b91dd79e813
312,2026-09-21,21:06:17.58,"Powell, Kasen",1000539201,Right,,,,,,Sweeper,Live,,68.16696,1.678763522,-1.659575378,1944.226424,120.311044,10:00,5.90951,2.97835,6.53069,-54.03204,4.45649,-7.69519,2.94768,0.81451,62.86965,-8.538566812,-3.12315979,0.5504359357,3.7815,1.98777,-2.86002,50,6.00225,3.04436,-99.25308,1.72572,3.76765,16.06365,-30.19357,e1b1abb8-e532-4e7f-b6e1-b9cdd095c8a4,70bed6a5-712e-4075-8097-b0ff0e632011,68.47743,Pitching,25410021,,,,,,,,,,,,,,,,,,,,,,,,4b161c10-96d7-410e-a785-ce15b313e2ba,812b95f8-0936-47e4-9968-6b91dd79e813
313,2026-09-21,21:06:35.43,"Powell, Kasen",1000539201,Right,,,,,,Sweeper,Live,,67.17934,1.364346124,-1.849513505,1864.712145,107.9184428,9:30,5.84166,3.36907,6.9509,-57.52721,1.97977,-6.26283,2.28997,1.16378,61.86716,-9.604970178,-3.052975038,0.5552075529,2.96551,0.70536,-3.25229,50,5.90588,3.28233,-97.85716,1.20762,2.85627,16.40995,-31.49467,32a53f3f-be1b-47a9-87a1-4706572f80ce,70bed6a5-712e-4075-8097-b0ff0e632011,67.88892,Pitching,25410021,,,,,,,,,,,,,,,,,,,,68.63225897,679.4125664,0.3643525185,,e51ea8a5-1203-4865-9f5a-7dbaac1e8fc1,812b95f8-0936-47e4-9968-6b91dd79e813
314,2026-09-21,21:07:02.52,"Powell, Kasen",1000539201,Right,,,,,,Sweeper,Live,,67.91347,2.939532695,-2.438495596,1797.85623,120.5754057,10:00,5.77034,3.15579,6.6593,-54.4299,4.49111,-7.65323,3.92884,0.28557,62.29311,-7.40461621,-3.897407578,0.5524671935,3.54317,1.6423,-2.98915,50,5.94535,4.36746,-98.75425,3.92374,3.48584,16.27875,-30.55832,104bd7b7-940d-43d0-b7de-4e5da1d36a81,70bed6a5-712e-4075-8097-b0ff0e632011,68.22566,Pitching,25410021,,,,,,,,,,,,,,,,,,,,,,,,438ae874-02d8-4495-9c1d-2f3a4ff2b832,812b95f8-0936-47e4-9968-6b91dd79e813
315,2026-09-21,21:07:21.66,"Powell, Kasen",1000539201,Right,,,,,,ChangeUp,Live,,72.6937,-0.9211957402,-4.909562347,1650.493406,222.7528375,1:30,5.89518,2.60774,7.69574,-40.33713,8.62796,8.03237,1.70446,-1.13689,67.60146,-8.65939479,-3.361284069,0.5036335809,-5.86784,5.19655,-2.36882,50,5.84068,8.94618,-105.77325,-2.40793,-6.70421,16.60442,-26.2368,59acb91b-3cab-4fd8-8548-bc7f03a7ac25,70bed6a5-712e-4075-8097-b0ff0e632011,74.841,Pitching,25410021,,,,,,,,,,,,,,,,,,,,37.73729168,1305.252018,0.7908253453,,b3d537a9-f2e6-4fbb-87c8-aa4814a35640,812b95f8-0936-47e4-9968-6b91dd79e813
316,2026-09-21,21:07:48.79,"Powell, Kasen",1000539201,Right,,,,,,Fastball,Live,,78.44405,-0.1404722252,-4.179707356,1685.805488,190.5848806,12:15,5.93266,2.67161,7.50651,-31.68196,11.13358,2.09271,3.16571,-0.9231,71.68528,-6.262293373,-3.774763766,0.4709470932,-2.43632,6.41973,-2.45348,50,5.91717,8.30192,-114.16406,-0.90305,-3.19581,22.21184,-23.75304,b245b4cd-71c1-4012-9a6c-2ea947f27a19,70bed6a5-712e-4075-8097-b0ff0e632011,80.0354,Pitching,25410021,,,,,,,,,,,,,,,,,,,,34.2201192,1393.964152,0.8268831498,,77fa6caf-f299-43b0-845e-b1e44cec0081,812b95f8-0936-47e4-9968-6b91dd79e813
317,2026-09-21,21:10:01.45,"Powell, Kasen",1000539201,Right,,,,,,Fastball,Live,,79.88628,-0.3358478083,-3.779098513,1815.122167,186.9327114,12:15,6.04638,3.13998,7.49594,-28.02617,12.97881,1.58563,3.40783,-0.13532,73.42143,-5.736380119,-3.473136644,0.4608819452,-1.94688,7.51323,-2.94205,50,6.02145,7.6535,-116.35314,-1.24967,-2.67176,21.613,-21.86342,1f7a9b96-3e12-4a83-97b0-fb1935a2988c,70bed6a5-712e-4075-8097-b0ff0e632011,81.78328,Pitching,25410021,,,,,,,,,,,,,,,,,,,,35.53681788,1477.041495,0.8137421945,,249004b3-4e9d-408b-8d92-a14edd2e6cb9,812b95f8-0936-47e4-9968-6b91dd79e813
318,2026-09-21,21:10:29.17,"Powell, Kasen",1000539201,Right,,,,,,Sweeper,Live,,69.38028,0.538609214,-3.892920823,1995.620645,83.39474776,8:45,5.64286,3.36192,6.76624,-57.45721,-1.09482,-9.11965,1.34771,-0.95808,64.15295,-10.3191283,-5.630246008,0.5403387257,3.92885,-0.77044,-3.10439,50,5.65572,7.05659,-100.87695,-0.2592,4.02258,17.38896,-32.96287,f2cc62b6-79b8-4d34-b629-5c2d612a99bb,70bed6a5-712e-4075-8097-b0ff0e632011,69.75706,Pitching,25410021,,,,,,,,,,,,,,,,,,,,,,,,241c40ad-8ff5-401a-bb26-448f22a5b2b7,812b95f8-0936-47e4-9968-6b91dd79e813
319,2026-09-21,21:10:57.38,"Powell, Kasen",1000539201,Right,,,,,,Sweeper,Live,,68.29647,0.3773427074,-5.522331311,2000.40439,71.76943353,8:30,5.65106,3.58245,6.99254,-60.72,-2.50765,-7.51514,0.93572,-2.07995,63.01262,-11.12579294,-6.956948308,0.5491348269,2.49334,-1.53048,-3.24088,50,5.65338,9.72569,-99.07863,-0.52832,2.44808,17.64073,-33.67675,a8f2059e-c49f-44b3-a16a-1d7e137c6670,70bed6a5-712e-4075-8097-b0ff0e632011,68.63968,Pitching,25410021,,,,,,,,,,,,,,,,,,,,,,,,703ce75d-dad6-409a-946c-624cc164eb80,812b95f8-0936-47e4-9968-6b91dd79e813
320,2026-09-21,21:11:16.63,"Powell, Kasen",1000539201,Right,,,,,,Fastball,Live,,77.9236,-2.112277704,-2.57519041,1968.49847,183.5569655,12:00,6.0579,2.88,7.55701,-33.23799,9.48464,0.59192,1.38575,0.61195,72.41861,-8.473411343,-2.460933766,0.4704357817,-1.00262,5.9731,-2.74785,50,5.94093,5.09742,-113.59288,-4.84067,-1.31933,19.42297,-24.31415,242044b8-29f8-450c-962e-5dc760dc88c5,70bed6a5-712e-4075-8097-b0ff0e632011,80.12239,Pitching,25410021,,,,,,,,,,,,,,,,,,,,43.53646139,1427.035751,0.7249361751,,1aa5a698-67f3-472b-bcda-f1a461fc3e47,812b95f8-0936-47e4-9968-6b91dd79e813
321,2026-09-21,21:11:44.41,"Powell, Kasen",1000539201,Right,,,,,,Sweeper,Live,,68.21878,2.353631134,-1.370644331,1963.937803,119.9971582,10:00,5.80861,3.60243,6.34116,-54.43738,4.27872,-7.47973,3.44053,1.7172,62.9359,-7.906076258,-2.786913146,0.5515057018,3.72447,1.70186,-3.49939,50,5.95357,2.54672,-99.28865,2.83714,3.72459,15.63121,-30.47213,a2792b4b-9547-4702-96aa-739958d18f49,70bed6a5-712e-4075-8097-b0ff0e632011,68.3446,Pitching,25410021,,,,,,,,,,,,,,,,,,,,67.83764002,740.8610919,0.3772324617,,1c9819b4-0fb6-4086-938b-dfc288a7c538,812b95f8-0936-47e4-9968-6b91dd79e813
322,2026-09-21,21:12:02.55,"Powell, Kasen",1000539201,Right,,,,,,Fastball,Live,,78.59536,-1.362957724,-3.07628685,1993.449244,186.266873,12:15,6.08429,2.98977,7.54593,-29.48391,12.79751,1.41068,2.39935,0.33762,72.33515,-7.041589366,-2.803303445,0.4680003786,-1.66508,7.71238,-2.83143,50,6.00651,6.12756,-114.52974,-3.30595,-2.21138,21.17338,-21.93129,3fa1ef5c-e42b-4d12-a61b-d63f91a0c83a,70bed6a5-712e-4075-8097-b0ff0e632011,80.53933,Pitching,25410021,,,,,,,,,,,,,,,,,,,,42.03022039,1480.717737,0.7427917923,,1303b419-f017-42fc-9d29-60c4654ff0df,812b95f8-0936-47e4-9968-6b91dd79e813
323,2026-09-21,21:12:28.35,"Powell, Kasen",1000539201,Right,,,,,,Fastball,Live,,73.50464,0.5779073537,-3.726265905,1545.729727,211.788056,1:00,6.05203,3.05343,7.54654,-36.36761,13.01343,8.11047,3.54233,0.37293,66.07673,-6.524340459,-2.139018972,0.5057682424,-5.96315,7.29366,-2.86317,50,6.0729,6.82029,-106.95532,0.42897,-6.7466,22.45217,-23.92214,c7abcbf0-2a4b-4ea9-a1f2-f3b5d43d7de0,70bed6a5-712e-4075-8097-b0ff0e632011,74.52512,Pitching,25410021,,,,,,,,,,,,,,,,,,,,44.92856013,1094.357936,0.7079878951,,0291b089-2f22-4359-97be-adcd33103cf1,812b95f8-0936-47e4-9968-6b91dd79e813
324,2026-09-21,21:13:00.55,"Powell, Kasen",1000539201,Right,,,,,,Fastball,Live,,80.93277,-2.746487964,-4.049687417,1973.947525,194.8927324,12:30,5.98301,2.94534,7.62345,-27.09423,12.8923,3.43904,1.25041,-0.41125,74.3875,-7.960364908,-3.383527899,0.455122421,-3.13387,8.1977,-2.7426,50,5.83826,8.26635,-117.7116,-6.19224,-4.38602,22.8663,-20.70093,5123adc3-251f-47d7-a3d6-0cf166e60855,70bed6a5-712e-4075-8097-b0ff0e632011,82.81824,Pitching,25410021,,,,,,,,,,,,,,,,,,,,,,,,4f1216d7-6b51-4da5-9d1f-9b5b4967a0a1,812b95f8-0936-47e4-9968-6b91dd79e813
325,2026-09-21,21:13:16.55,"Powell, Kasen",1000539201,Right,,,,,,Fastball,Live,,79.37746,-0.05856334041,-2.424292605,1955.14719,189.8270513,12:15,6.16767,3.0062,7.36646,-30.41835,11.69362,2.03341,3.5799,0.98616,72.11632,-5.948823626,-2.029455523,0.4670616172,-1.91729,6.69097,-2.87416,50,6.15599,4.85516,-115.66939,-0.7459,-2.56706,23.93897,-23.21549,31d7ba00-0139-48cc-bbc2-28c0600e8bd0,70bed6a5-712e-4075-8097-b0ff0e632011,80.70121,Pitching,25410021,,,,,,,,,,,,,,,,,,,189.4238532,41.61891365,1461.626755,0.7475788841,12:15,8aba9cb4-2b42-413f-84c5-77da33ca8ac1,812b95f8-0936-47e4-9968-6b91dd79e813
326,2026-09-21,21:13:34.61,"Powell, Kasen",1000539201,Right,,,,,,Fastball,Live,,79.1542,-2.225509227,-4.849548823,1874.968045,203.3800816,12:45,5.93902,2.67713,7.53188,-35.91468,6.01933,2.62112,0.93559,-1.47813,73.14174,-9.097862451,-4.344359908,0.4660736933,-2.85564,4.06985,-2.42608,50,5.81419,9.70859,-115.03947,-5.19568,-3.82586,21.38998,-26.72145,f8e15521-e8be-4179-989c-e9f283f923b0,70bed6a5-712e-4075-8097-b0ff0e632011,80.87227,Pitching,25410021,,,,,,,,,,,,,,,,,,,191.0076179,40.31408372,1429.680611,0.762509321,12:15,94041a38-6d65-4eed-b12a-bba9a2b29944,812b95f8-0936-47e4-9968-6b91dd79e813
327,2026-09-21,21:13:50.61,"Powell, Kasen",1000539201,Right,,,,,,Fastball,Live,,81.58583,-5.388958063,-5.050997082,1875.091847,192.3729209,12:30,6.07231,3.05332,7.52183,,,,,,,,,,-2.9376,8.72264,-2.79093,50,5.7835,10.38364,-118.12702,-11.73554,-4.17058,21.49715,-19.79029,70eb3ba1-be16-4de6-9ad8-375ae9d4f0b8,70bed6a5-712e-4075-8097-b0ff0e632011,,Pitching,25410021,,,,,,,,,,,,,,,,,,,,32.30168542,1584.914098,0.8452461143,,39878263-c6f9-42f0-9d40-51e1c67346b8,812b95f8-0936-47e4-9968-6b91dd79e813
328,2026-09-21,21:14:22.46,"Powell, Kasen",1000539201,Right,,,,,,Sweeper,Live,,67.1831,2.060974473,-3.684776257,1884.495331,86.82980983,9:00,5.95412,3.24234,6.5816,-62.02871,-0.38914,-6.37289,2.67828,-0.66978,60.79678,-9.774443453,-4.907927422,0.5650686158,2.24359,-0.94528,-2.98741,50,6.06946,6.41271,-97.50889,2.22065,2.10519,18.96382,-33.06102,5250796d-fe7d-4df3-982c-c8c7ad856471,70bed6a5-712e-4075-8097-b0ff0e632011,66.70418,Pitching,25410021,,,,,,,,,,,,,,,,,,,,64.54776622,809.8778529,0.429758482,,5b8a762e-0eb4-4968-8018-aaf5665673ef,812b95f8-0936-47e4-9968-6b91dd79e813
329,2026-09-21,21:14:36.99,"Powell, Kasen",1000539201,Right,,,,,,Sweeper,Live,,69.75311,0.9742605712,-2.914660667,1908.956314,104.3440429,9:30,5.89441,3.28955,7.18392,-53.89889,1.24238,-5.02704,2.28654,0.22827,63.76053,-9.379615692,-3.886950113,0.5344533094,1.91556,0.39172,-3.11922,50,5.93419,5.26541,-101.54197,0.70549,1.9706,18.90626,-31.77107,0320425f-81e4-4b5b-ae63-058cc2de2bab,70bed6a5-712e-4075-8097-b0ff0e632011,70.52522,Pitching,25410021,,,,,,,,,,,,,,,,,,,,,,,,e5e4f889-f0e1-4654-88b4-f67f8747379b,812b95f8-0936-47e4-9968-6b91dd79e813
330,2026-09-21,21:14:56.17,"Powell, Kasen",1000539201,Right,,,,,,Sweeper,Live,,67.86119,0.05440765007,-3.887314365,1906.599645,102.9675043,9:30,5.91346,3.07136,6.83378,-56.52771,2.66251,-11.80072,1.25255,-1.46234,62.39354,-10.66097728,-6.145641144,0.5537278305,5.35846,1.47348,-2.81793,50,5.89589,6.94015,-98.63938,-1.04395,5.20129,17.85456,-30.74378,31f104af-9d9a-4fbf-8fee-594830d2bf94,70bed6a5-712e-4075-8097-b0ff0e632011,68.07034,Pitching,25410021,,,,,,,,,,,,,,,,,,,,,,,,57f7d419-9874-492b-b723-9e59a0c71e15,812b95f8-0936-47e4-9968-6b91dd79e813
331,2026-09-21,21:15:14.27,"Powell, Kasen",1000539201,Right,,,,,,Sweeper,Live,,66.41618,0.4357594526,-1.722636429,1932.46361,102.3245712,9:30,5.97715,3.19922,6.68697,-60.4838,1.20114,-5.72951,1.33551,1.14599,61.21218,-11.02144676,-2.820565406,0.565276598,2.65753,0.53412,-3.08228,50,5.98181,3.02603,-96.71379,-0.5033,2.49107,16.53761,-31.67338,68a0ecb4-eb89-47d3-ac76-83368927cc7c,70bed6a5-712e-4075-8097-b0ff0e632011,66.67964,Pitching,25410021,,,,,,,,,,,,,,,,,,,,59.89652354,969.25269,0.5015632299,,7031da83-1c75-4616-86b6-f3c20b5a15c3,812b95f8-0936-47e4-9968-6b91dd79e813
332,2026-09-21,21:15:35.46,"Powell, Kasen",1000539201,Right,,,,,,Fastball,Live,,79.80233,-3.74639128,-6.202988652,1923.441226,190.5499026,12:15,5.93361,3.07536,7.85256,-28.00475,13.39683,2.5075,0.22561,-2.28368,72.96744,-9.142000796,-5.716493382,0.4631054112,-3.38182,8.94842,-2.78827,50,5.75364,12.51628,-115.56795,-8.10912,-4.52448,23.69965,-20.20209,c90b4aa1-eef6-4bf1-8c8d-8841fa880639,70bed6a5-712e-4075-8097-b0ff0e632011,81.39063,Pitching,25410021,,,,,,,,,,,,,,,,,,,,,,,,bb9bcd06-110a-42e6-82b0-040c65762d64,812b95f8-0936-47e4-9968-6b91dd79e813
333,2026-09-21,21:16:05.10,"Powell, Kasen",1000539201,Right,,,,,,ChangeUp,Live,,73.32296,1.132608729,-4.466719915,1262.741314,245.0575854,2:15,6.05717,3.07961,7.33655,-43.00408,5.98853,13.04432,3.49964,0.12442,67.54077,-7.120536363,-1.958073488,0.5037750725,-8.61171,3.0972,-2.83634,50,6.10752,8.07921,-106.66696,1.28011,-9.95486,17.77448,-28.59379,249d7166-3e0b-4fec-8a51-1a39fcf9e942,70bed6a5-712e-4075-8097-b0ff0e632011,74.81998,Pitching,25410021,,,,,,,,,,,,,,,,,,,,34.6828568,1038.370285,0.8223143357,,6d1b047e-0aeb-4d71-901a-e3ec97431ef0,812b95f8-0936-47e4-9968-6b91dd79e813
334,2026-09-21,21:16:38.31,"Powell, Kasen",1000539201,Right,,,,,,ChangeUp,Live,,71.78273,1.082905694,-3.467457883,1338.323836,203.029735,12:45,6.02335,3.07172,7.34044,-37.37627,13.73716,5.87017,3.8885,0.42575,65.91001,-6.1090047,-2.33608376,0.5145633852,-4.29797,7.51005,-2.88204,50,6.07247,6.22304,-104.5408,1.27074,-4.75846,17.55009,-23.85936,de6824b2-f3c9-45c2-8155-eb9107856f46,70bed6a5-712e-4075-8097-b0ff0e632011,73.2513,Pitching,25410021,,,,,,,,,,,,,,,,,,,,45.66697329,935.2577845,0.6988277124,,b241b1f8-611d-40ad-83ef-af3c9599f869,812b95f8-0936-47e4-9968-6b91dd79e813