PitchNo,Date,Time,Pitcher,PitcherId,PitcherThrows,PitcherTeam,PitcherSet,PitchCall,Balls,Strikes,TaggedPitchType,PitchSession,Flag,RelSpeed,VertRelAngle,HorzRelAngle,SpinRate,SpinAxis,Tilt,RelHeight,RelSide,Extension,VertBreak,InducedVertBreak,HorzBreak,PlateLocHeight,PlateLocSide,ZoneSpeed,VertApprAngle,HorzApprAngle,ZoneTime,pfxx,pfxz,x0,y0,z0,vx0,vy0,vz0,ax0,ay0,az0,PlayID,CalibrationId,EffVelocity,PracticeType,Device,Direction,BatterId,Batter,HitSpinRate,HitType,ExitSpeed,BatterSide,Angle,PositionAt110X,PositionAt110Y,PositionAt110Z,Distance,LastTrackedDistance,HangTime,Bearing,ContactPositionX,ContactPositionY,ContactPositionZ,SpinAxis3dTransverseAngle,SpinAxis3dLongitudinalAngle,SpinAxis3dActiveSpinRate,SpinAxis3dSpinEfficiency,SpinAxis3dTilt,PitchUID,SessionId
1,2026-09-09,17:06:24.22,"Bussard, Jack",824655,Left,,,,,,Fastball,Live,,86.11832,-2.231089527,-0.6071699652,2066.15823,157.9481419,11:15,6.69272,-0.95661,5.92323,-19.82546,17.85195,-7.24031,2.96944,-2.12332,78.50383,-5.951558145,-1.973825323,0.4417860086,3.73627,10.30876,1.00919,50,6.50324,1.5522,-125.23557,-5.49554,5.90081,26.60476,-15.89308,a1334a5c-46ff-4e46-8d47-ef241bf06052,77efd153-385b-4204-9208-f0cbc0ca3cd3,85.31832,Pitching,25410021,,,,,,,,,,,,,,,,,,,,-6.386504855,2053.335955,0.9937941464,,0765550a-25c9-49ce-b44d-08f90efcdd33,3ac21d51-9806-43df-8dc6-220a75943ac6
2,2026-09-09,17:06:40.94,"Bussard, Jack",824655,Left,,,,,,Fastball,Live,,86.90201,-4.145882309,-0.04383260451,2104.39256,164.7369202,11:30,6.55676,-0.86273,5.90344,-19.04185,18.0352,-4.917,1.11524,-1.31316,79.52023,-7.695780768,-0.9708479576,0.4382520574,2.64246,10.92817,0.86905,50,6.21279,0.25134,-126.1654,-9.74477,4.2466,26.37773,-14.61178,848a69b4-8374-4883-b783-18f1664d5d9c,77efd153-385b-4204-9208-f0cbc0ca3cd3,86.0063,Pitching,25410021,,,,,,,,,,,,,,,,,,,,,,,,e5a46bec-62f1-412b-8d90-e29bfab871de,3ac21d51-9806-43df-8dc6-220a75943ac6
3,2026-09-09,17:06:58.67,"Bussard, Jack",824655,Left,,,,,,Fastball,Live,,86.08174,-3.254384165,0.847621267,2098.043416,151.9523329,11:00,6.67756,-0.79382,5.91641,-20.50952,17.31678,-9.22477,1.94506,-0.77598,78.45728,-7.096002762,-0.8952007866,0.4426580392,5.23991,10.33194,0.73126,50,6.40536,-1.56383,-125.05768,-7.74838,8.24275,26.79368,-15.92117,d4b1414b-e391-4201-aa86-8c2904e8ac28,77efd153-385b-4204-9208-f0cbc0ca3cd3,85.15024,Pitching,25410021,,,,,,,,,,,,,,,,,,,,-4.533195503,2091.480127,0.9968717095,,a52dbf43-3930-4baa-9ea0-6512444c19ce,3ac21d51-9806-43df-8dc6-220a75943ac6
4,2026-09-09,17:07:15.22,"Bussard, Jack",824655,Left,,,,,,Fastball,Live,,87.82931,-2.57490052,0.9804470367,2107.60756,151.214775,11:00,6.66254,-0.71084,5.93176,-19.5474,16.5286,-9.08596,2.64304,-0.55841,80.41234,-6.235081466,-0.7314818137,0.4322953237,5.18255,9.64962,0.63782,50,6.44607,-1.89717,-127.72475,-6.36577,8.55598,26.4553,-16.24328,e52e70d5-34ae-4aae-94f1-b9b35c9a71f6,77efd153-385b-4204-9208-f0cbc0ca3cd3,87.19141,Pitching,25410021,,,,,,,,,,,,,,,,,,,,-6.929170436,2092.213698,0.9926960492,,ba6eb3f2-369b-4096-8569-d278696b2198,3ac21d51-9806-43df-8dc6-220a75943ac6
5,2026-09-09,17:07:32.48,"Bussard, Jack",824655,Left,,,,,,Fastball,Live,,87.09794,-3.55614402,-0.2681023406,2068.806933,146.9398449,11:00,6.6478,-0.69168,5.88441,-19.89493,17.0468,-11.09665,1.68382,-1.86533,79.60672,-7.268284974,-2.360037807,0.4374516027,5.91205,10.23903,0.71965,50,6.3496,0.94314,-126.51804,-8.49222,9.53856,26.9199,-15.65431,0db48cb6-182f-4f58-b520-734ad9595ccd,77efd153-385b-4204-9208-f0cbc0ca3cd3,86.16368,Pitching,25410021,,,,,,,,,,,,,,,,,,,,,,,,911a562d-4cde-4cba-8b6d-321ca440865b,3ac21d51-9806-43df-8dc6-220a75943ac6
6,2026-09-09,17:07:50.28,"Bussard, Jack",824655,Left,,,,,,Splitter,Live,,79.48889,-3.215807428,2.312206571,1122.636515,111.4603313,9:45,6.45413,-1.12129,5.78796,-41.18367,3.59569,-9.18181,0.02537,0.26545,72.90412,-10.86555298,0.5796984361,0.4816264408,5.65632,2.92614,0.93653,50,6.16477,-4.38928,-115.35082,-7.68977,7.54463,23.46551,-28.27105,b6e2884b-41db-4fe5-91e4-892ea39ad5cb,77efd153-385b-4204-9208-f0cbc0ca3cd3,78.26073,Pitching,25410021,,,,,,,,,,,,,,,,,,,,,,,,3b6fd65b-501b-4508-aa01-b88c2705bcae,3ac21d51-9806-43df-8dc6-220a75943ac6
7,2026-09-09,17:08:07.35,"Bussard, Jack",824655,Left,,,,,,Splitter,Live,,78.52826,-0.8354669252,0.813587426,987.367914,164.2630839,11:30,6.49598,-1.10951,5.82239,-34.16823,11.93305,-3.37314,2.87189,-0.63428,70.67695,-7.289560794,0.1725853464,0.4886837353,2.10214,6.7395,1.04506,50,6.40794,-1.52458,-114.12152,-2.63711,2.7124,25.23035,-23.47802,5f75e1fd-74fc-4a8d-b9f7-480aee8dd3f6,77efd153-385b-4204-9208-f0cbc0ca3cd3,77.13054,Pitching,25410021,,,,,,,,,,,,,,,,,,,,-18.94642162,933.8748946,0.9458226071,,af085e7e-3381-414f-aef1-924ea624e896,3ac21d51-9806-43df-8dc6-220a75943ac6
8,2026-09-09,17:08:25.07,"Bussard, Jack",824655,Left,,,,,,Splitter,Live,,78.30959,-1.134282859,0.9576035165,989.898978,119.8033772,10:00,6.46185,-1.1581,5.64344,-41.962,4.63784,-8.1597,1.90681,-0.94486,70.91017,-8.999479615,-0.5862771104,0.4913190487,4.70318,2.87058,1.08203,50,6.33956,-1.66231,-113.76917,-3.48365,6.04535,24.62672,-28.48427,4431bba5-fd5c-4698-b154-fc73a3215747,77efd153-385b-4204-9208-f0cbc0ca3cd3,76.71683,Pitching,25410021,,,,,,,,,,,,,,,,,,,,,,,,22f74e18-c449-4189-90a6-30055f350a5c,3ac21d51-9806-43df-8dc6-220a75943ac6
9,2026-09-09,17:08:47.59,"Bussard, Jack",824655,Left,,,,,,Curveball,Live,,72.64669,3.238706813,-1.256701464,1989.723313,316.1877739,4:30,6.52583,-1.0006,5.56425,-59.28528,-5.51563,5.23519,4.6145,-1.73836,66.38565,-7.828909343,-0.2748568927,0.5277642646,-3.16091,-3.89028,1.10544,50,6.76662,2.16796,-105.479,4.31742,-3.5439,18.75025,-36.53569,71508d9f-25bd-4d64-a8e7-564f0f9d3a96,77efd153-385b-4204-9208-f0cbc0ca3cd3,71.41908,Pitching,25410021,,,,,,,,,,,,,,,,,,,,,,,,0ee30957-8926-48e3-8bd4-8a572194be49,3ac21d51-9806-43df-8dc6-220a75943ac6
10,2026-09-09,17:09:19.13,"Bussard, Jack",824655,Left,,,,,,Curveball,Live,,72.85578,1.848174722,-0.3982659386,1801.422289,18.50250635,6:30,6.54209,-0.77765,5.50513,-62.68197,-9.07062,-3.01919,3.04745,-1.40167,66.80806,-9.818355731,-0.9649062261,0.5269868587,1.48913,-5.393,0.81436,50,6.66175,0.82109,-105.8825,1.65022,1.67658,19.47041,-38.24593,a3e21899-9c6d-449f-b463-d0e042144cff,77efd153-385b-4204-9208-f0cbc0ca3cd3,71.52444,Pitching,25410021,,,,,,,,,,,,,,,,,,,346.0268877,-52.16524425,1104.967664,0.6133862507,5:30,21479c71-3706-4903-a4e1-4f413a505d21,3ac21d51-9806-43df-8dc6-220a75943ac6
11,2026-09-09,17:09:35.58,"Bussard, Jack",824655,Left,,,,,,Curveball,Live,,72.16337,2.707781842,-2.42924619,1725.909274,329.9654109,5:00,6.48625,-0.98661,4.88375,-60.99363,-5.34989,3.06202,3.96906,-3.03074,66.40346,-8.489140597,-1.864336296,0.536882879,-2.25748,-3.52449,1.2223,50,6.70178,4.34707,-104.69612,3.07299,-2.50954,17.42037,-36.09207,91fa9c5e-3d93-4d95-978d-065a2f4295b5,77efd153-385b-4204-9208-f0cbc0ca3cd3,70.20607,Pitching,25410021,,,,,,,,,,,,,,,,,,,,,,,,6c1c096b-e20b-48bb-bcda-cebc192de2d0,3ac21d51-9806-43df-8dc6-220a75943ac6
12,2026-09-09,17:10:10.99,"Bussard, Jack",824655,Left,,,,,,Curveball,Live,,71.17559,2.290802195,-1.077556449,1618.004828,331.9473196,5:00,6.59548,-0.88553,5.61867,-59.78105,-4.02604,2.11848,3.75282,-1.71459,65.3342,-8.855639725,-0.6800478235,0.5374194479,-1.44433,-2.81554,0.97597,50,6.75266,1.88834,-103.44831,2.51824,-1.55899,17.88999,-35.2131,768fd8cf-7971-4bd4-ad58-8e4ff534d3c9,77efd153-385b-4204-9208-f0cbc0ca3cd3,70.13598,Pitching,25410021,,,,,,,,,,,,,,,,,,,,,,,,67b04cba-abd3-4ec6-aeb0-35440da406f9,3ac21d51-9806-43df-8dc6-220a75943ac6
13,2026-09-09,17:10:45.57,"Bussard, Jack",824655,Left,,,,,,Curveball,Live,,71.41785,1.969216973,-1.594534661,1769.929482,311.0093349,4:15,6.60048,-0.83831,5.7823,-62.12377,-6.85303,7.81772,3.25681,-1.67054,65.41241,-9.65918318,-0.1197724275,0.5350803994,-4.69349,-4.28821,0.96494,50,6.72567,2.68332,-103.79228,1.93348,-5.0745,18.81187,-36.81037,6746fcf7-c96e-4f54-aa06-28bd073f142c,77efd153-385b-4204-9208-f0cbc0ca3cd3,70.44257,Pitching,25410021,,,,,,,,,,,,,,,,,,,,-41.98149152,1315.696441,0.7433609386,,33e881ab-f805-4002-aa6e-d3842c22c495,3ac21d51-9806-43df-8dc6-220a75943ac6
14,2026-09-09,17:11:11.59,"Bussard, Jack",824655,Left,,,,,,Curveball,Live,,72.42458,-0.01814872895,0.1714659185,2093.783864,317.63344,4:30,6.62078,-1.12657,5.72565,-60.69907,-7.19031,6.51728,1.54563,-0.42378,67.08909,-11.27939015,1.396569241,0.5264824146,-3.44791,-3.85333,1.10829,50,6.58213,-0.49217,-105.38628,-1.67986,-3.8633,18.52692,-36.49161,4670ae39-fffc-490d-aa02-e8382912583d,77efd153-385b-4204-9208-f0cbc0ca3cd3,71.59297,Pitching,25410021,,,,,,,,,,,,,,,,,,,341.3148707,-44.25668959,1499.610859,0.7162204677,5:30,d82787cf-81bf-46ba-9df9-c60e2e9b4620,3ac21d51-9806-43df-8dc6-220a75943ac6
15,2026-09-09,17:11:25.20,"Bussard, Jack",824655,Left,,,,,,Curveball,Live,,71.10672,0.5344816972,-0.5081301813,1864.093936,310.2920391,4:15,6.56011,-1.01291,5.70589,-60.3632,-5.02583,5.8729,2.0278,-0.99689,65.98732,-10.66040683,0.5932119189,0.5354028087,-3.28589,-2.83942,1.05178,50,6.56747,0.7603,-103.49042,-0.6537,-3.56658,17.13712,-35.25602,de437561-173d-4925-a235-dd7ea753e3ab,77efd153-385b-4204-9208-f0cbc0ca3cd3,70.40015,Pitching,25410021,,,,,,,,,,,,,,,,,,,,-49.30952136,1215.337813,0.6519724088,,2115037b-50a7-4198-8e16-1e9fce317bfb,3ac21d51-9806-43df-8dc6-220a75943ac6
16,2026-09-09,17:11:41.36,"Bussard, Jack",824655,Left,,,,,,Slider,Live,,78.09075,-0.003942501402,2.546584186,1770.227,216.2458567,1:15,6.45826,-1.03783,5.8176,-42.15272,4.10869,3.04345,2.94187,1.58475,71.14097,-7.909715243,3.12048446,0.489531712,-0.85062,2.21743,0.82785,50,6.4332,-5.13394,-113.47775,-1.21216,-1.09677,22.9317,-29.31494,047e2bd7-cffc-4798-992f-45575c8a4247,77efd153-385b-4204-9208-f0cbc0ca3cd3,76.99693,Pitching,25410021,,,,,,,,,,,,,,,,,,,,,,,,72675c42-9e3e-4cca-b657-55b0d026c9c1,3ac21d51-9806-43df-8dc6-220a75943ac6
17,2026-09-09,17:11:56.21,"Bussard, Jack",824655,Left,,,,,,Slider,Live,,75.22672,0.4797143769,1.041764888,,,,6.56439,-1.03219,5.34575,-48.02094,2.31108,-0.41377,3.01265,-0.08952,69.04998,-8.423510587,0.964536227,0.5106149954,0.51818,1.08561,0.93878,50,6.57377,-1.97655,-109.37831,-0.52407,0.62574,19.86584,-30.86308,1176c1f2-109c-45c9-b75e-f989a01ea0e7,77efd153-385b-4204-9208-f0cbc0ca3cd3,73.81773,Pitching,25410021,,,,,,,,,,,,,,,,,,,,,,,,a5eba2b3-1fa8-4fe5-94fa-ead5f2a31636,3ac21d51-9806-43df-8dc6-220a75943ac6
18,2026-09-09,17:12:21.11,"Bussard, Jack",824655,Left,,,,,,Splitter,Live,,78.33426,0.1516481219,0.1981651785,837.4744254,145.2131105,10:45,6.48272,-1.07251,5.75416,-38.85442,6.6756,-4.66382,3.386,-1.27672,71.96264,-7.106313323,-0.6774597669,0.485646607,2.55789,3.54053,1.05893,50,6.47169,-0.25774,-114.02158,-0.83638,3.36809,20.92474,-27.51208,3db45803-fab5-46a3-8826-3852484eabe8,77efd153-385b-4204-9208-f0cbc0ca3cd3,77.61289,Pitching,25410021,,,,,,,,,,,,,,,,,,,,-21.86946832,777.2054773,0.9280348793,,8d4ecfd4-018d-44df-b65e-237fd0f21815,3ac21d51-9806-43df-8dc6-220a75943ac6
19,2026-09-09,17:12:36.60,"Bussard, Jack",824655,Left,,,,,,Splitter,Live,,76.03532,0.1699237481,0.805685556,,,,6.51643,-1.0426,5.99169,-40.12995,8.03955,-5.97582,3.32974,-0.79399,69.47888,-7.380194089,-0.3246986716,0.4995253044,3.47846,4.30812,0.98251,50,6.50773,-1.39421,-110.65795,-0.75932,4.28566,20.92067,-26.86621,6ed3878c-1ad6-4522-b5c9-38554f1b90f0,77efd153-385b-4204-9208-f0cbc0ca3cd3,75.45652,Pitching,25410021,,,,,,,,,,,,,,,,,,,,,,,,cc970737-901b-4043-be00-69d70c26ce46,3ac21d51-9806-43df-8dc6-220a75943ac6
20,2026-09-09,17:14:48.17,"Rodriguez, John",1000616296,Right,,,,,,Fastball,Live,,85.86782,,,2121.374251,,,5.26921,2.48966,5.10589,,,,2.83074,0.15001,78.78946,-5.8286264,-1.478960342,0.4486105663,-6.34033,2.58653,-2.17747,50,5.28038,7.03179,-124.67863,-0.34572,-10.02299,24.0587,-28.08518,3605a12c-3289-41c6-8e4a-ee4735aef456,77efd153-385b-4204-9208-f0cbc0ca3cd3,84.0204,Pitching,25410021,,,,,,,,,,,,,,,,,,,,24.92746164,1923.7515,0.9068421093,,4da5d12b-ba64-423d-adcb-c54b031f7d84,3ac21d51-9806-43df-8dc6-220a75943ac6
21,2026-09-09,17:15:00.64,"Rodriguez, John",1000616296,Right,,,,,,Fastball,Live,,85.84063,1.107048205,-3.492277152,2118.117706,249.0322833,2:15,5.04225,2.73031,5.19898,-32.22871,6.60999,17.41576,3.3997,0.89328,78.43095,-4.865355949,-0.2616841641,0.4485425945,-10.11166,3.17418,-2.41982,50,5.1209,6.99297,-124.60094,1.28143,-15.9274,24.58169,-27.17423,d0b796a0-9951-452c-bc8c-a0683e012134,77efd153-385b-4204-9208-f0cbc0ca3cd3,84.03313,Pitching,25410021,,,,,,,,,,,,,,,,,,,,22.06540577,1962.977487,0.9267556199,,43947ee1-86a6-4733-ade3-96c37777f47e,3ac21d51-9806-43df-8dc6-220a75943ac6
22,2026-09-09,17:15:12.38,"Rodriguez, John",1000616296,Right,,,,,,Fastball,Live,,85.8604,0.06728506124,-4.817093507,2150.509841,250.5401119,2:15,5.08866,2.63027,5.2502,-32.84232,6.02965,17.22254,2.41524,-0.47107,78.49342,-6.014792414,-1.625554615,0.4487347413,-10.39482,3.1587,-2.20054,50,5.07087,9.88907,-124.45023,-0.99501,-16.32827,24.60215,-27.21235,68f69593-adb0-41ae-b5f9-c1cb3a7b7960,77efd153-385b-4204-9208-f0cbc0ca3cd3,83.99715,Pitching,25410021,,,,,,,,,,,,,,,,,,,,25.80158265,1936.118523,0.9003067489,,7dcd9161-ba4b-41eb-adff-1a1b4859b281,3ac21d51-9806-43df-8dc6-220a75943ac6
23,2026-09-09,17:15:24.92,"Rodriguez, John",1000616296,Right,,,,,,Fastball,Live,,86.07752,1.533435275,-3.311069537,2092.715308,233.4241971,1:45,5.15134,2.72799,5.27197,-28.88899,9.58795,13.00899,4.18682,0.69897,78.64005,-3.827534936,-0.8964901013,0.4464487613,-7.74989,4.64055,-2.43504,50,5.27054,6.77695,-124.97176,2.34487,-12.29356,24.46805,-24.8128,5531034a-7b9b-41a9-bbdd-a2422bde7590,77efd153-385b-4204-9208-f0cbc0ca3cd3,84.42725,Pitching,25410021,,,,,,,,,,,,,,,,,,,235.4373314,24.55364793,1903.476464,0.9095725811,1:45,4a0c53b7-7850-46b4-824f-0d02e9558898,3ac21d51-9806-43df-8dc6-220a75943ac6
24,2026-09-09,17:16:00.15,"Rodriguez, John",1000616296,Right,,,,,,Fastball,Live,,87.34224,0.9784674791,-5.022179533,2121.023237,252.1083979,2:30,5.11564,2.78579,5.25374,-32.06915,5.66712,17.80021,3.3661,-0.46122,79.36015,-4.978864711,-1.717539015,0.4421309149,-10.82795,2.70925,-2.33781,50,5.18227,10.49011,-126.49998,1.04004,-17.49962,26.43541,-27.79548,b3632cb4-d7f5-497a-9927-0637b39c9afb,77efd153-385b-4204-9208-f0cbc0ca3cd3,85.25176,Pitching,25410021,,,,,,,,,,,,,,,,,,,,23.51922,1944.821908,0.9169262615,,15c2fb89-f547-4f91-bf3d-b955e2d2b92c,3ac21d51-9806-43df-8dc6-220a75943ac6
25,2026-09-09,17:16:11.54,"Rodriguez, John",1000616296,Right,,,,,,Fastball,Live,,86.57362,-0.3050008904,-4.12048547,2168.888984,255.2118876,2:30,5.07016,2.81439,5.23181,-33.52774,4.87265,18.59994,1.98878,0.485,78.81218,-6.528200019,-0.659620613,0.4460044781,-11.01027,2.65876,-2.44856,50,5.01755,8.39286,-125.53832,-1.8434,-17.49177,26.48071,-27.95013,f721dae7-65c9-4b79-89db-ea8cee7ac10a,77efd153-385b-4204-9208-f0cbc0ca3cd3,84.51135,Pitching,25410021,,,,,,,,,,,,,,,,,,,,31.36470233,1851.952726,0.8538716087,,0a9b7cd9-687f-40b8-ba21-6fa223fa32f7,3ac21d51-9806-43df-8dc6-220a75943ac6
26,2026-09-09,17:16:25.63,"Rodriguez, John",1000616296,Right,,,,,,Slider,Live,,76.09477,0.8952993106,-1.504221239,1086.702985,58.10077226,8:00,4.94366,2.88628,4.66338,-51.34657,-0.95759,-1.47227,1.51549,1.33458,69.98907,-8.495035368,-1.775178615,0.5109038549,0.34132,-0.74382,-2.73175,50,4.98961,2.95153,-110.51674,0.00466,0.42208,19.72557,-33.09385,77137cec-bfcb-45f5-9cac-5d7782d23eb3,77efd153-385b-4204-9208-f0cbc0ca3cd3,73.77599,Pitching,25410021,,,,,,,,,,,,,,,,,,,,46.41834329,749.1596327,0.6893876642,,97f50a49-5e7a-4b94-aa63-2fee6f73914a,3ac21d51-9806-43df-8dc6-220a75943ac6
27,2026-09-09,17:16:39.89,"Rodriguez, John",1000616296,Right,,,,,,Slider,Live,,75.26228,2.783287299,-2.507486484,2280.813542,99.70417338,9:15,4.90016,2.85972,4.00857,-52.34109,0.77049,-4.70503,3.21841,0.05587,68.66448,-6.713132407,-3.363130351,0.5245247977,1.65908,-0.40783,-2.57051,50,5.16036,4.94149,-108.98512,3.42531,1.98998,19.64386,-32.66322,c8361d2a-5299-45c3-bac8-dd5df50e3442,77efd153-385b-4204-9208-f0cbc0ca3cd3,71.86017,Pitching,25410021,,,,,,,,,,,,,,,,,,,,,,,,8db5837e-4135-4b80-b20a-d43c1a7d1895,3ac21d51-9806-43df-8dc6-220a75943ac6
28,2026-09-09,17:16:55.12,"Rodriguez, John",1000616296,Right,,,,,,Slider,Live,,74.27648,-0.4064676319,-0.7670657291,2210.227815,96.37263863,9:15,4.9647,2.87279,4.49475,-53.00228,0.48777,-4.77116,0.16055,1.74435,68.21982,-10.06157671,-1.645592184,0.526390316,2.22589,0.37118,-2.788,50,4.87318,1.60263,-107.82636,-2.53118,2.60404,19.85221,-31.73981,19958fd4-4268-436e-a2e9-c251cdfd4913,77efd153-385b-4204-9208-f0cbc0ca3cd3,71.60549,Pitching,25410021,,,,,,,,,,,,,,,,,,,,,,,,4923b812-e9a7-426a-9260-e40c600c7041,3ac21d51-9806-43df-8dc6-220a75943ac6
29,2026-09-09,17:17:12.26,"Rodriguez, John",1000616296,Right,,,,,,Slider,Live,,75.27492,0.2340728104,-5.315697154,1126.700567,72.28348992,8:30,5.01141,2.82412,4.86923,-52.5601,-1.05772,-3.194,0.85384,-2.4862,69.46039,-9.349071567,-5.900617762,0.5165175259,0.1708,-0.61591,-2.29769,50,4.99106,10.23858,-108.93754,-1.24213,0.20512,19.24048,-32.91376,0fd9d3b7-6a90-4e10-8fed-9eee7eda74c0,77efd153-385b-4204-9208-f0cbc0ca3cd3,72.97417,Pitching,25410021,,,,,,,,,,,,,,,,,,,,21.03481146,1051.62008,0.9333625189,,77719a20-3fdf-4638-a076-740a2568e52e,3ac21d51-9806-43df-8dc6-220a75943ac6
30,2026-09-09,17:17:33.36,"Rodriguez, John",1000616296,Right,,,,,,ChangeUp,Live,,81.762,-0.395707306,-4.686816348,1802.162954,277.6175441,3:15,5.14052,2.84714,5.28967,-45.07243,-2.17005,16.07956,1.01173,-0.22298,75.01328,-8.72447985,-1.700329011,0.4714244634,-9.81532,-1.03397,-2.43163,50,5.07205,9.188,-118.50946,-2.30069,-13.93946,22.94148,-33.64247,e808c711-82fb-4ac8-abbb-791ce0e1861a,77efd153-385b-4204-9208-f0cbc0ca3cd3,79.95436,Pitching,25410021,,,,,,,,,,,,,,,,,,,,23.27964809,1655.443145,0.9185868243,,8ea1308d-3810-4d2d-adaf-065e1c2b9def,3ac21d51-9806-43df-8dc6-220a75943ac6
31,2026-09-09,17:17:46.82,"Rodriguez, John",1000616296,Right,,,,,,ChangeUp,Live,,82.38013,0.01198679926,-3.554309496,1929.287295,256.6152383,2:30,5.20888,2.83128,5.28913,-38.34358,3.39396,14.43803,2.02485,0.69315,76.12157,-7.059198681,-0.8823388934,0.4649806002,-8.49844,1.78435,-2.51815,50,5.18218,6.951,-119.67705,-1.25667,-12.43974,21.08956,-29.56218,aef2deff-e960-4b37-9b05-b3bfa0cfe5b5,77efd153-385b-4204-9208-f0cbc0ca3cd3,81.06239,Pitching,25410021,,,,,,,,,,,,,,,,,,,,24.06354988,1761.620194,0.913093762,,0eee1d65-b13a-449a-88c0-57a2ae0c6221,3ac21d51-9806-43df-8dc6-220a75943ac6
32,2026-09-09,17:18:02.12,"Rodriguez, John",1000616296,Right,,,,,,Fastball,Live,,86.8233,0.9109406955,-4.535806829,2163.290483,244.4978125,2:15,5.09344,2.73633,5.4465,-31.00405,6.56989,13.91693,3.36527,-0.35886,79.5719,-4.845909678,-1.952658957,0.4411789636,-8.56901,3.24309,-2.34505,50,5.15283,9.51602,-125.95621,0.94824,-13.84183,24.26497,-26.93537,6b386191-4433-4063-bd51-b9ff3e9ec9da,77efd153-385b-4204-9208-f0cbc0ca3cd3,85.43571,Pitching,25410021,,,,,,,,,,,,,,,,,,,,30.34131507,1866.987873,0.8630315193,,cf6045a0-2553-4931-9084-d229590cfc3b,3ac21d51-9806-43df-8dc6-220a75943ac6
33,2026-09-09,17:18:59.29,"Rodriguez, John",1000616296,Right,,,,,,Fastball,Live,,87.08966,-0.0219238551,-2.594062095,2173.013378,252.3144971,2:30,5.06728,2.74478,5.46749,-31.93887,5.36046,16.92522,2.38518,1.72616,79.76105,-5.96385312,0.5645301477,0.4395638104,-9.70328,2.85297,-2.52828,50,5.04377,5.15717,-126.58665,-1.13911,-15.75974,25.60837,-27.54036,a7bcc6fa-854c-460b-a067-00763f66c283,77efd153-385b-4204-9208-f0cbc0ca3cd3,85.74964,Pitching,25410021,,,,,,,,,,,,,,,,,,,,19.98718456,2042.130821,0.9397690975,,ead68280-2321-4f9f-9d82-9d29729185e5,3ac21d51-9806-43df-8dc6-220a75943ac6
34,2026-09-09,17:19:52.05,"Rodriguez, John",1000616296,Right,,,,,,Fastball,Live,,88.72989,0.170825059,-4.014588987,2092.214059,240.3421807,2:00,5.15522,2.74626,5.30741,-28.00696,8.05433,14.23785,2.98203,0.1587,81.48543,-5.013524662,-1.377870082,0.432207251,-8.54321,4.20264,-2.39216,50,5.1506,8.53057,-128.81422,-0.61812,-14.4563,24.98098,-25.0626,62b87a66-6bb2-48da-b602-9ef3cfdf0c8c,77efd153-385b-4204-9208-f0cbc0ca3cd3,87.20918,Pitching,25410021,,,,,,,,,,,,,,,,,,,,9.593508338,2062.95429,0.9860149258,,0489354b-93f9-421c-9a89-43898eadf861,3ac21d51-9806-43df-8dc6-220a75943ac6
35,2026-09-09,17:21:14.74,"Rodriguez, John",1000616296,Right,,,,,,Fastball,Live,,86.98777,0.704987858,-5.10191161,2166.226082,250.7870154,2:15,5.26821,2.65527,5.20394,-31.89417,6.14552,17.85114,3.27597,-0.66744,79.23804,-5.206352414,-1.795208549,0.4439048539,-10.82022,3.03719,-2.19576,50,5.31001,10.61703,-125.99331,0.42767,-17.38885,25.6529,-27.29307,e1821870-a097-48b8-9ea4-fb92e60acffb,77efd153-385b-4204-9208-f0cbc0ca3cd3,84.91108,Pitching,25410021,,,,,,,,,,,,,,,,,,,,22.2162264,2005.41313,0.9257635416,,aa81fe9a-72f0-452d-88df-c5e7a5d4ed42,3ac21d51-9806-43df-8dc6-220a75943ac6
36,2026-09-09,17:21:33.04,"Rodriguez, John",1000616296,Right,,,,,,Slider,Live,,76.11689,0.7071299257,-5.181692672,2333.259435,54.50087462,7:45,5.01978,2.82918,4.87436,-55.91968,-5.15051,-7.20176,1.0316,-2.68679,69.74623,-9.527263288,-6.505666085,0.5128276286,2.16386,-2.90356,-2.31324,50,5.04369,10.21542,-110.08875,-0.43729,2.62952,21.33171,-35.70246,157eacc6-aaad-4bd3-86d4-10514b62659e,77efd153-385b-4204-9208-f0cbc0ca3cd3,73.49924,Pitching,25410021,,,,,,,,,,,,,,,,,,,,,,,,e64eb742-62f4-48ac-a893-4df601339a6d,3ac21d51-9806-43df-8dc6-220a75943ac6
37,2026-09-09,17:21:50.73,"Rodriguez, John",1000616296,Right,,,,,,Slider,Live,,75.58887,0.5816186479,-3.43879483,1101.013448,67.81117563,8:15,5.00282,2.89804,4.73136,-53.81195,-1.98971,-4.78792,1.07123,-0.76691,68.69495,-9.3114078,-4.32478333,0.5181189374,1.37039,-1.2234,-2.5474,50,5.01562,6.73527,-109.49359,-0.63692,1.63695,22.22734,-33.63542,c4a9aa7e-cadb-4ff9-84fc-0ab0563e95ac,77efd153-385b-4204-9208-f0cbc0ca3cd3,72.74862,Pitching,25410021,,,,,,,,,,,,,,,,,,,,47.65950598,741.5711835,0.6735350826,,b88adf5b-bc13-4fdf-8494-ca4b76a8c5a3,3ac21d51-9806-43df-8dc6-220a75943ac6
38,2026-09-09,17:22:08.14,"Rodriguez, John",1000616296,Right,,,,,,ChangeUp,Live,,81.85645,-0.1383609003,-4.518883471,1847.411368,250.1025436,2:15,5.17568,2.71772,5.27832,-37.48102,5.94073,16.55612,1.92193,-0.15489,73.69051,-7.138698813,-1.418595537,0.4742693161,-10.26125,3.19406,-2.31692,50,5.13636,8.83011,-118.52961,-1.50437,-14.3462,26.30114,-27.70846,1edddae6-5bb3-40b1-85f2-20f94dfd24a8,77efd153-385b-4204-9208-f0cbc0ca3cd3,79.47476,Pitching,25410021,,,,,,,,,,,,,,,,,,,,29.05321894,1614.949779,0.8741690166,,c26c78f1-9e09-4617-b43c-084d611c6425,3ac21d51-9806-43df-8dc6-220a75943ac6
39,2026-09-09,17:22:22.13,"Rodriguez, John",1000616296,Right,,,,,,ChangeUp,Live,,80.65317,-0.9686388107,-2.98303441,1738.755165,256.3760224,2:30,5.06526,2.84313,5.29967,-40.09151,4.27472,17.74703,0.81375,1.5194,73.24153,-8.424141572,0.3410890428,0.4793995926,-10.34343,2.57051,-2.58479,50,4.94881,5.5289,-117.02049,-3.26692,-14.15856,24.72696,-28.65541,55e095a1-cac2-49e0-bbb4-452bf2945ab8,77efd153-385b-4204-9208-f0cbc0ca3cd3,78.62426,Pitching,25410021,,,,,,,,,,,,,,,,,,,,24.82533879,1578.080085,0.907591889,,a763e6e5-bebc-4ee5-987b-ba84f13c53d0,3ac21d51-9806-43df-8dc6-220a75943ac6
40,2026-09-09,17:22:34.22,"Rodriguez, John",1000616296,Right,,,,,,Fastball,Live,,86.65893,0.04220259833,-3.586626112,2139.441047,240.9279182,2:00,5.06065,2.71258,5.15859,-29.1658,9.46932,17.12546,2.66996,0.75976,78.22564,-5.392144743,-0.3908911125,0.4473656,-10.14488,4.9771,-2.39061,50,5.04287,7.27297,-125.65644,-0.93458,-16.03112,28.23235,-24.30915,543a72f3-d89e-4ac8-a18b-b45585cab40b,77efd153-385b-4204-9208-f0cbc0ca3cd3,84.25422,Pitching,25410021,,,,,,,,,,,,,,,,,,,,30.10585589,1850.830791,0.8651001594,,789c30a8-345f-433a-8514-a949b9689be0,3ac21d51-9806-43df-8dc6-220a75943ac6
41,2026-09-09,17:23:08.12,"Beck, Jake",1000314594,Right,,,,,,Fastball,Live,,87.3882,-2.959250875,-1.924525671,2001.057715,190.7137346,12:15,5.79236,1.97529,6.51101,-18.96491,16.63081,3.14871,1.49277,0.4712,80.26703,-6.540155434,-1.326163737,0.4294081552,-2.26095,9.97716,-1.84269,50,5.57772,4.18266,-127.12511,-7.11142,-3.70671,25.61363,-15.81706,bf98127b-e6d5-4653-b7ea-e4a71f76d1fc,77efd153-385b-4204-9208-f0cbc0ca3cd3,87.77765,Pitching,25410021,,,,,,,,,,,,,,,,,,,,,,,,22d055ee-7373-4377-8001-b91f5f16aa49,3ac21d51-9806-43df-8dc6-220a75943ac6
42,2026-09-09,17:23:17.52,"Beck, Jake",1000314594,Right,,,,,,Fastball,Live,,88.73824,-3.590056182,-3.257605107,2214.461014,209.3423305,1:00,5.76414,2.27027,6.74922,-18.53095,15.72727,8.8363,0.93119,0.02799,81.6376,-7.098058219,-1.574278838,0.4212635011,-5.78491,9.70656,-2.06035,50,5.5212,7.09787,-128.93285,-8.60703,-9.77298,25.9017,-15.77587,7e666534-f42a-4bc2-b027-5652e31975e9,77efd153-385b-4204-9208-f0cbc0ca3cd3,89.47473,Pitching,25410021,,,,,,,,,,,,,,,,,,,,,,,,18084b0d-f68e-45d7-92a0-d7bffb36851b,3ac21d51-9806-43df-8dc6-220a75943ac6
43,2026-09-09,17:23:45.39,"Beck, Jake",1000314594,Right,,,,,,Fastball,Live,,89.48044,-1.55249146,-1.600244417,2227.162827,196.8238274,12:30,5.79803,2.1423,6.56464,-18.10504,15.82062,4.79128,2.86536,1.07441,81.73447,-4.994112389,-0.6866536125,0.4192138173,-3.10486,9.19001,-2.03445,50,5.68359,3.50332,-130.29667,-4.04952,-5.32527,27.96918,-16.41192,144936a7-91ed-42b3-b3c5-0b4f23f224f8,77efd153-385b-4204-9208-f0cbc0ca3cd3,89.91221,Pitching,25410021,,,,,,,,,,,,,,,,,,,,29.31555619,1941.94427,0.8719363697,,3e830303-533c-45e0-a22a-ab4c97024e41,3ac21d51-9806-43df-8dc6-220a75943ac6
44,2026-09-09,17:24:00.47,"Beck, Jake",1000314594,Right,,,,,,Fastball,Live,,90.07175,-2.218172817,-2.426422748,2272.061889,187.099083,12:15,5.80796,2.14171,6.7219,-18.08115,14.9999,1.87142,2.27128,0.07893,83.01285,-5.643969306,-2.070439419,0.4139625365,-1.66986,8.90275,-1.98242,50,5.65429,5.50463,-131.13809,-5.58905,-2.92614,26.10141,-16.57349,4e496ffe-41c1-4498-a1ea-3533d11a0a36,77efd153-385b-4204-9208-f0cbc0ca3cd3,91.05278,Pitching,25410021,,,,,,,,,,,,,,,,,,,,27.59148812,2013.665736,0.8862723969,,fd2cdb96-45a9-43f6-b5d0-08bd7e80a52e,3ac21d51-9806-43df-8dc6-220a75943ac6
45,2026-09-09,17:24:17.08,"Beck, Jake",1000314594,Right,,,,,,ChangeUp,Live,,84.73029,-1.323098937,-1.822629239,1860.468359,253.0994852,2:30,5.47988,2.47602,6.12991,-33.9104,4.42043,14.62225,1.43039,2.00952,78.09152,-7.679815929,0.9377366087,0.4456003545,-8.4441,2.76219,-2.34464,50,5.36119,3.49122,-123.3285,-3.85475,-13.03653,23.97528,-27.90961,f1456964-9039-4538-9bb4-082802b64e6c,77efd153-385b-4204-9208-f0cbc0ca3cd3,84.58799,Pitching,25410021,,,,,,,,,,,,,,,,,,,,,,,,11c56df2-e22b-4cdb-a0a9-7f2733a98423,3ac21d51-9806-43df-8dc6-220a75943ac6
46,2026-09-09,17:24:30.55,"Beck, Jake",1000314594,Right,,,,,,ChangeUp,Live,,84.70886,-0.9782436758,-1.966054257,1951.267136,245.8807426,2:15,5.50959,2.4366,6.14559,-31.22019,7.02424,15.74634,2.00348,1.93161,78.10083,-6.835437855,1.003872911,0.4450978143,-9.08114,4.07782,-2.29536,50,5.41897,3.76737,-123.32367,-3.03103,-14.05156,23.43795,-25.86429,85a07335-4969-4d66-9f83-54190423124c,77efd153-385b-4204-9208-f0cbc0ca3cd3,84.6835,Pitching,25410021,,,,,,,,,,,,,,,,,,,,6.538995321,1938.573323,0.9934945798,,887cf023-ce0f-49a9-9054-5b0d775513e4,3ac21d51-9806-43df-8dc6-220a75943ac6
47,2026-09-09,17:24:47.59,"Beck, Jake",1000314594,Right,,,,,,Slider,Live,,78.75325,-0.3625148617,-0.7526948234,2659.310671,66.02651089,8:15,5.58055,2.40923,6.16363,-47.13573,-2.8322,-6.2853,1.31773,1.19023,72.8628,-9.189169793,-1.940304041,0.4790607317,3.21563,-1.44257,-2.34904,50,5.52884,1.67884,-114.70144,-2.01508,4.28865,20.99727,-34.09798,1266b454-77f4-4236-bf49-56f49cf4bd16,77efd153-385b-4204-9208-f0cbc0ca3cd3,78.67988,Pitching,25410021,,,,,,,,,,,,,,,,,,,,,,,,17f46eb9-a3b0-49fc-abfe-a0c1dab6bac5,3ac21d51-9806-43df-8dc6-220a75943ac6
48,2026-09-09,17:25:02.00,"Beck, Jake",1000314594,Right,,,,,,Slider,Live,,81.02229,-0.5105515958,-2.016904964,2614.331864,92.64964176,9:00,5.46865,2.34618,5.9177,-42.37958,0.20772,-5.295,1.46298,0.03269,74.2885,-8.443121673,-3.015199864,0.469690157,2.26575,0.26349,-2.18186,50,5.4038,4.30467,-117.83669,-2.29056,3.16595,23.69209,-31.80587,7ea813fd-0984-4c17-abce-579f30039c04,77efd153-385b-4204-9208-f0cbc0ca3cd3,80.24958,Pitching,25410021,,,,,,,,,,,,,,,,,,,,,,,,9d4b99fa-ad22-4bbe-ae98-724e568b2c0f,3ac21d51-9806-43df-8dc6-220a75943ac6
49,2026-09-09,17:25:15.73,"Beck, Jake",1000314594,Right,,,,,,Curveball,Live,,73.95467,2.107149349,-0.1382189008,2647.335999,48.8647922,7:45,5.75387,2.21748,6.03788,-60.13324,-9.17461,-10.44938,2.69444,1.21874,67.79835,-9.19963281,-2.117188757,0.5137836268,5.63494,-5.6188,-2.20109,50,5.8856,0.53204,-107.56468,2.38919,6.54912,20.05053,-38.7044,23474be4-53bc-4d04-a8c7-2dfeb7b93c37,77efd153-385b-4204-9208-f0cbc0ca3cd3,73.36248,Pitching,25410021,,,,,,,,,,,,,,,,,,,,,,,,9f209945-b6cd-419a-bebb-3101bbcf2a44,3ac21d51-9806-43df-8dc6-220a75943ac6
50,2026-09-09,17:25:59.55,"Beck, Jake",1000314594,Right,,,,,,Curveball,Live,,72.61882,2.501390769,0.4047838583,2471.084475,52.88129663,7:45,5.75755,2.24634,6.56961,-60.44828,-8.90089,-11.68867,3.01427,1.64328,66.87617,-8.953921944,-1.825104399,0.5167432126,6.581,-5.63961,-2.26909,50,5.90331,-0.47662,-105.71772,3.2207,7.42639,18.50596,-38.53812,b7af000c-05e7-43f3-989b-bd867ed100d1,77efd153-385b-4204-9208-f0cbc0ca3cd3,72.9423,Pitching,25410021,,,,,,,,,,,,,,,,,,,,,,,,7454bad8-a7c3-4bb6-8489-4d54ba8bc356,3ac21d51-9806-43df-8dc6-220a75943ac6
51,2026-09-09,17:26:14.78,"Beck, Jake",1000314594,Right,,,,,,Curveball,Live,,74.9074,0.7986554741,-1.348747669,2647.627654,32.97458403,7:00,5.86549,2.14214,5.96037,-63.21793,-13.47801,-8.72074,1.33806,0.16469,69.19305,-11.00344476,-2.995412538,0.5076026942,4.32137,-7.53731,-2.03043,50,5.89359,2.79983,-108.97773,-0.17678,5.16129,20.37365,-41.17633,5deaa466-d6e4-43e9-a274-a0c92b8e5693,77efd153-385b-4204-9208-f0cbc0ca3cd3,74.25579,Pitching,25410021,,,,,,,,,,,,,,,,,,,,,,,,27e06047-3080-4472-af8c-4f47978c2449,3ac21d51-9806-43df-8dc6-220a75943ac6
52,2026-09-09,17:26:44.48,"Beck, Jake",1000314594,Right,,,,,,ChangeUp,Live,,83.15942,0.2417626371,-0.4993946449,1694.907445,228.1435479,1:30,5.43189,2.48293,6.20985,-30.428,9.21029,10.31837,3.11933,2.88194,76.3298,-5.495678332,1.452232426,0.4531362669,-5.76376,4.95688,-2.45076,50,5.43461,0.76036,-121.13884,-0.36029,-8.57848,23.3074,-24.79649,988817de-6748-41fc-aa70-939a6be235b9,77efd153-385b-4204-9208-f0cbc0ca3cd3,83.18125,Pitching,25410021,,,,,,,,,,,,,,,,,,,,17.44920172,1616.913196,0.9539831808,,30ee227f-e990-4ea9-ad0f-c6e6189d598b,3ac21d51-9806-43df-8dc6-220a75943ac6
53,2026-09-09,17:27:01.97,"Beck, Jake",1000314594,Right,,,,,,ChangeUp,Live,,82.66636,-0.6026256882,-3.436469222,1781.014988,247.323643,2:15,5.52771,2.38946,6.35259,-34.56514,5.22597,12.58995,2.09166,0.27223,76.46165,-7.100078758,-1.060492435,0.4540089388,-7.76396,3.01349,-2.1465,50,5.46752,6.873,-120.28076,-2.22785,-11.47009,21.48533,-27.72207,a885b924-b7fb-4ccd-a814-fa403d85f170,77efd153-385b-4204-9208-f0cbc0ca3cd3,83.02136,Pitching,25410021,,,,,,,,,,,,,,,,,,,,,,,,cbb8c5ee-379a-47b2-bcc6-8876cd8c6c2b,3ac21d51-9806-43df-8dc6-220a75943ac6
54,2026-09-09,17:27:35.85,"Beck, Jake",1000314594,Right,,,,,,ChangeUp,Live,,81.25989,-0.5304885944,-2.490976428,1670.92813,246.6771873,2:15,5.43191,2.43019,6.40733,-35.60384,5.54622,12.94327,1.97674,1.21728,74.99524,-7.240973803,-0.03912822208,0.4616965352,-7.76207,3.18429,-2.25822,50,5.37745,4.79848,-118.32056,-2.05614,-11.05728,21.54586,-27.63794,5d2c589f-c629-4570-ab8a-3afceefa70e9,77efd153-385b-4204-9208-f0cbc0ca3cd3,81.63899,Pitching,25410021,,,,,,,,,,,,,,,,,,,,14.86452339,1615.010698,0.9665351065,,7932eaf8-1ebc-46d8-919f-0d787ec8c8d4,3ac21d51-9806-43df-8dc6-220a75943ac6
55,2026-09-09,17:27:50.64,"Beck, Jake",1000314594,Right,,,,,,Fastball,Live,,89.90885,-2.391044593,-3.426290323,2232.749403,183.9905834,12:15,5.8388,1.97134,6.64506,-21.99253,11.31475,0.79186,1.81262,-1.10215,83.15123,-6.537194104,-3.276309053,0.4153756257,-1.30905,6.86777,-1.74095,50,5.66842,7.80687,-130.76932,-6.09443,-2.28584,25.40308,-20.18164,26357b90-14ff-44cf-ab96-ca406ff0a910,77efd153-385b-4204-9208-f0cbc0ca3cd3,90.74302,Pitching,25410021,,,,,,,,,,,,,,,,,,,,40.61916928,1694.776332,0.7590535373,,602be3c1-8d62-433e-bda7-3f4600fe5bc2,3ac21d51-9806-43df-8dc6-220a75943ac6
56,2026-09-09,17:28:09.79,"Beck, Jake",1000314594,Right,,,,,,Fastball,Live,,89.14617,-2.291512844,-2.127925075,2153.456922,187.163675,12:15,5.71787,2.11035,6.83249,-20.54605,12.99567,1.63639,1.91345,0.30532,82.43726,-6.184792985,-1.816266846,0.4168348954,-1.45019,7.81884,-1.97475,50,5.56325,4.78055,-129.8497,-5.75457,-2.49754,24.97199,-18.70832,64d2d9ac-286c-4765-b930-2b7d7587f599,77efd153-385b-4204-9208-f0cbc0ca3cd3,90.42534,Pitching,25410021,,,,,,,,,,,,,,,,,,,,,,,,e627f594-fc78-4fa4-bb53-15b5122e2b1f,3ac21d51-9806-43df-8dc6-220a75943ac6
57,2026-09-09,17:29:00.46,"Mason, Andrew",1000535307,Right,,,,,,Fastball,Live,,86.54139,-2.031048671,-3.835143934,1970.953847,200.0440491,12:45,6.01154,2.3065,5.27068,-21.45793,16.97401,6.20915,2.31077,-0.78337,78.68342,-6.013564833,-2.679766557,0.4461876552,-4.41039,9.5662,-1.96051,50,5.81026,8.19433,-125.45481,-5.20434,-6.98925,26.71915,-17.01425,ae04c251-88c8-4a2a-b7a7-f97ff428c455,77efd153-385b-4204-9208-f0cbc0ca3cd3,84.47665,Pitching,25410021,,,,,,,,,,,,,,,,,,,,22.39371204,1822.319978,0.9245878489,,5ef31825-e07e-4202-b3e1-9e5ae39bd267,3ac21d51-9806-43df-8dc6-220a75943ac6
58,2026-09-09,17:29:13.37,"Mason, Andrew",1000535307,Right,,,,,,Fastball,Live,,87.65151,-2.43564205,-4.278846936,2184.788212,196.6362698,12:30,6.0513,2.20839,5.25478,-18.57672,19.05768,5.70921,2.20727,-1.34315,79.45582,-5.885178682,-3.216577616,0.4415337985,-4.30877,10.80526,-1.82017,50,5.8142,9.29617,-126.93152,-6.06735,-6.97243,27.95492,-14.68903,70325dd6-6386-45be-99e5-c4b129d4948c,77efd153-385b-4204-9208-f0cbc0ca3cd3,85.36705,Pitching,25410021,,,,,,,,,,,,,,,,,,,,,,,,deafdf9f-8d14-4a54-a82d-26c3f9de6369,3ac21d51-9806-43df-8dc6-220a75943ac6
59,2026-09-09,17:29:31.63,"Mason, Andrew",1000535307,Right,,,,,,ChangeUp,Live,,82.75294,-0.9223857987,-1.469026381,1712.885996,231.8506172,1:45,5.75541,2.44689,5.62747,-30.85123,10.62018,13.56001,2.32357,2.20605,75.0789,-6.703885726,1.085541421,0.4634958028,-7.72286,5.97754,-2.33053,50,5.65749,2.66017,-120.27353,-2.90225,-11.18244,25.83013,-23.51877,91e444fe-f4a3-43d5-9792-87d4b72ae0d0,77efd153-385b-4204-9208-f0cbc0ca3cd3,81.32207,Pitching,25410021,,,,,,,,,,,,,,,,,,,,19.60254831,1613.611461,0.9420425322,,286fb991-0129-4e18-9718-3dd139225045,3ac21d51-9806-43df-8dc6-220a75943ac6
60,2026-09-09,17:29:47.77,"Mason, Andrew",1000535307,Right,,,,,,ChangeUp,Live,,81.8581,-4.321291366,-4.47198397,1703.3674,236.6121695,2:00,5.78814,2.24146,5.61981,,,,,,,,,,-6.63418,4.78304,-1.86625,50,5.39546,8.94926,-118.3975,-10.08903,-9.3873,23.27052,-25.4061,6b1bc5d3-e839-4b5b-95ee-369aaec5e3f8,77efd153-385b-4204-9208-f0cbc0ca3cd3,,Pitching,25410021,,,,,,,,,,,,,,,,,,,,,,,,5b67639d-d807-451e-8fbe-b0f1e24d988b,3ac21d51-9806-43df-8dc6-220a75943ac6
61,2026-09-09,17:30:04.96,"Mason, Andrew",1000535307,Right,,,,,,ChangeUp,Live,,81.41031,-2.222372214,-3.65651801,1835.196388,222.5219554,1:30,5.72239,2.30501,5.60317,-33.22509,9.66831,8.89024,0.87403,-0.37171,74.36813,-8.403835632,-1.990556291,0.4713751175,-5.83856,5.82963,-1.99784,50,5.51078,7.27092,-118.08514,-5.62081,-8.19126,23.82838,-23.99532,a57e8626-93e4-46b5-99e7-0d079213e0d6,77efd153-385b-4204-9208-f0cbc0ca3cd3,79.96273,Pitching,25410021,,,,,,,,,,,,,,,,,,,,30.8059503,1576.262502,0.8589067155,,d8fc1a27-36f6-4579-9bfd-e6672bc74077,3ac21d51-9806-43df-8dc6-220a75943ac6
62,2026-09-09,17:30:21.89,"Mason, Andrew",1000535307,Right,,,,,,Slider,Live,,79.08903,2.809368177,-1.076158788,2638.772912,113.5297036,9:45,5.7402,2.36886,5.13256,-44.76771,1.28052,-3.01954,4.65743,1.10381,72.00952,-5.498163933,-1.63765441,0.4884024906,1.27562,-0.13974,-2.26578,50,5.96971,2.2549,-114.81283,4.17965,1.69621,22.01515,-32.35986,736b860c-ac3f-4a9e-9b76-a77af3667b0b,77efd153-385b-4204-9208-f0cbc0ca3cd3,77.17495,Pitching,25410021,,,,,,,,,,,,,,,,,,,,,,,,895dbc3f-49c6-43ee-9063-68d466215f9c,3ac21d51-9806-43df-8dc6-220a75943ac6
63,2026-09-09,17:30:47.41,"Mason, Andrew",1000535307,Right,,,,,,Slider,Live,,79.25529,0.02227450976,-4.66850808,2645.844334,70.11952459,8:15,5.68336,2.44955,5.4958,-48.2443,-1.92523,-5.23505,1.68391,-2.36264,71.40551,-8.995503586,-5.651909935,0.4898366989,1.14257,-1.03843,-2.03758,50,5.65376,9.52527,-114.71076,-1.40953,1.48273,26.37265,-33.52163,4a31bf52-ff66-4402-a62a-7262a693f0a0,77efd153-385b-4204-9208-f0cbc0ca3cd3,76.94899,Pitching,25410021,,,,,,,,,,,,,,,,,,,,80.85519063,420.5046923,0.1589302466,,501ebfb6-26ca-4bc3-9a1d-dc358cdf54cf,3ac21d51-9806-43df-8dc6-220a75943ac6
64,2026-09-09,17:31:03.39,"Mason, Andrew",1000535307,Right,,,,,,Slider,Live,,79.93718,-0.6696096145,-2.673856997,2725.072095,113.8780707,9:45,5.63447,2.51796,5.14663,-42.73463,2.42453,-5.57455,1.4422,-0.46545,73.18586,-8.553739202,-3.709683568,0.4836646006,2.13557,1.47539,-2.26383,50,5.53976,5.60177,-116.04388,-2.75557,2.89187,23.12065,-30.17616,d13ac75c-e784-4031-9542-5447595c9ec6,77efd153-385b-4204-9208-f0cbc0ca3cd3,77.93094,Pitching,25410021,,,,,,,,,,,,,,,,,,,,,,,,87c7c5c4-e39d-468c-a57a-3023e5977e75,3ac21d51-9806-43df-8dc6-220a75943ac6
65,2026-09-09,17:31:20.69,"Mason, Andrew",1000535307,Right,,,,,,Slider,Live,,80.81539,0.3875067234,-3.002340378,2761.745353,69.33185891,8:15,5.7752,2.43263,5.27325,-47.1096,-2.63279,-6.89667,2.21383,-0.96429,73.14912,-8.382850395,-4.293373797,0.47999667,2.65338,-1.52522,-2.15365,50,5.77705,6.36865,-117.20624,-0.71807,3.62065,26.08877,-34.25527,44ace36b-2eda-4b91-913c-fa1c4256d3c6,77efd153-385b-4204-9208-f0cbc0ca3cd3,78.52646,Pitching,25410021,,,,,,,,,,,,,,,,,,,,74.67488733,729.9176669,0.264295789,,d5745ba6-3ab9-49c8-acb1-87a4b505ab7a,3ac21d51-9806-43df-8dc6-220a75943ac6
66,2026-09-09,17:31:39.79,"Mason, Andrew",1000535307,Right,,,,,,Fastball,Live,,87.98164,-1.212137548,-4.351489068,2210.226695,201.1616205,12:45,5.93867,2.30935,5.36896,-17.9153,19.21246,7.46442,3.30593,-1.15587,79.66518,-4.553845144,-2.959905622,0.4385516957,-5.26749,10.55492,-1.9242,50,5.81736,9.44396,-127.51351,-3.32766,-8.60632,28.09458,-14.92881,abc0e506-ec0b-4536-b949-9c1d300828f0,77efd153-385b-4204-9208-f0cbc0ca3cd3,85.94754,Pitching,25410021,,,,,,,,,,,,,,,,,,,,26.34064872,1980.742982,0.8961718662,,b019284e-ce14-4d73-bee3-b2fbb41f3ccd,3ac21d51-9806-43df-8dc6-220a75943ac6
67,2026-09-09,17:31:54.55,"Mason, Andrew",1000535307,Right,,,,,,Fastball,Live,,88.59901,-1.907141609,-4.878173035,2345.878653,198.9526063,12:45,5.9563,2.25784,5.52567,-16.88415,19.65364,6.77378,2.75947,-1.74852,80.11003,-5.064316346,-3.61226996,0.4350533308,-5.11253,11.07427,-1.83786,50,5.77903,10.71843,-128.2848,-4.86103,-8.43644,28.96028,-13.89983,8c9472c1-dba7-45d3-933a-17d67ffdd386,77efd153-385b-4204-9208-f0cbc0ca3cd3,86.63866,Pitching,25410021,,,,,,,,,,,,,,,,,,,,38.13427654,1845.187794,0.7865657465,,0a42de79-6ff3-4289-b0f8-88b6606c1ced,3ac21d51-9806-43df-8dc6-220a75943ac6
68,2026-09-09,17:32:21.82,"Mason, Andrew",1000535307,Right,,,,,,Fastball,Live,,88.05888,-0.7012604392,-3.844600151,2042.165399,201.6744741,12:45,6.02121,2.13876,5.65874,-20.01613,16.43079,6.55433,3.69783,-0.90519,80.12999,-4.447528165,-2.617906037,0.4345120566,-4.61569,8.99758,-1.81762,50,5.94927,8.37207,-127.82795,-2.23448,-7.61168,27.16817,-17.33625,73c4e25b-4b0e-4062-9bab-ef8f7d028756,77efd153-385b-4204-9208-f0cbc0ca3cd3,86.74659,Pitching,25410021,,,,,,,,,,,,,,,,,,,220.1716274,30.36365672,1762.050716,0.8628344779,1:15,76fd452d-4be1-47d8-8fc7-ca9dc7d0d6b3,3ac21d51-9806-43df-8dc6-220a75943ac6
69,2026-09-09,17:32:36.77,"Mason, Andrew",1000535307,Right,,,,,,ChangeUp,Live,,82.60437,-1.636450652,-2.259491949,1746.673303,212.9936498,1:00,5.74661,2.41697,5.67612,-30.20727,11.16775,7.27044,1.70238,0.91566,75.41715,-7.277346429,-0.8936313477,0.4629568288,-4.56018,6.46602,-2.23122,50,5.58992,4.50978,-120.03245,-4.37183,-6.61687,24.41272,-22.79178,dbd83369-0c02-49d2-bf83-39105d196380,77efd153-385b-4204-9208-f0cbc0ca3cd3,81.41675,Pitching,25410021,,,,,,,,,,,,,,,,,,,,,,,,d740af57-dfff-4dc9-8eff-30d3bdf79627,3ac21d51-9806-43df-8dc6-220a75943ac6
70,2026-09-09,17:32:51.28,"Mason, Andrew",1000535307,Right,,,,,,ChangeUp,Live,,81.59591,-0.7747873769,-1.808485001,1651.505204,215.2319676,1:15,5.87674,2.39364,5.43799,-32.43993,10.02854,7.1085,2.44761,1.29224,74.94215,-6.794487149,-0.4830122581,0.4690344028,-4.26369,5.53068,-2.23871,50,5.7861,3.51771,-118.65553,-2.64945,-6.08981,22.30991,-24.27459,79c31efb-ed8a-42c4-8f7a-a23944753877,77efd153-385b-4204-9208-f0cbc0ca3cd3,80.36178,Pitching,25410021,,,,,,,,,,,,,,,,,,,,22.26490189,1528.372265,0.9254419911,,0175c362-fb9e-478b-8ac3-1909f5284fa3,3ac21d51-9806-43df-8dc6-220a75943ac6
71,2026-09-09,17:33:08.97,"Mason, Andrew",1000535307,Right,,,,,,Fastball,Live,,88.29572,-2.122176801,-2.915968029,2239.975415,197.1039973,12:30,5.99464,2.10366,5.65822,-19.56832,16.52884,5.09561,2.38171,-0.19297,80.80703,-5.76980614,-1.962858584,0.4324221509,-3.53039,9.42575,-1.86031,50,5.80271,6.36209,-128.25294,-5.41443,-5.88428,26.35533,-16.46371,ca0bd75c-6807-4cb5-a4cd-def0d04efae9,77efd153-385b-4204-9208-f0cbc0ca3cd3,87.16584,Pitching,25410021,,,,,,,,,,,,,,,,,,,,,,,,639d7451-d673-4b6a-8aee-c84ea40a6260,3ac21d51-9806-43df-8dc6-220a75943ac6
72,2026-09-09,17:33:23.45,"Mason, Andrew",1000535307,Right,,,,,,Slider,Live,,79.63142,0.9168381131,-1.194141539,2608.379753,67.73424439,8:15,5.73017,2.36529,5.24616,-48.96971,-3.12538,-7.54689,2.5111,0.61419,71.85509,-8.226845923,-2.611823773,0.4873199903,3.5935,-1.96757,-2.25039,50,5.77912,2.64886,-115.58712,0.29627,4.75934,25.76915,-34.77995,46bfce9e-fdb0-4902-8356-bbd53d813141,77efd153-385b-4204-9208-f0cbc0ca3cd3,77.34638,Pitching,25410021,,,,,,,,,,,,,,,,,,,,,,,,3f748182-ece9-4fdc-932f-d38d318408e5,3ac21d51-9806-43df-8dc6-220a75943ac6
73,2026-09-09,17:33:55.50,"Mason, Andrew",1000535307,Right,,,,,,Slider,Live,,79.43487,0.3739523515,-1.614104676,2500.139676,65.83418589,8:15,5.71669,2.28576,5.24678,-51.42039,-5.61284,-12.43371,1.78317,-0.2674,72.39564,-9.163999701,-3.939059972,0.4871244437,6.06035,-3.08933,-2.1288,50,5.7139,3.64618,-115.35064,-0.88337,8.04599,24.3846,-36.27558,3ba2cc16-6ea3-418d-b788-7076ae5dbf53,77efd153-385b-4204-9208-f0cbc0ca3cd3,77.37743,Pitching,25410021,,,,,,,,,,,,,,,,,,,,,,,,21b41613-cb0f-4c6d-86dc-12fd4cc66f5b,3ac21d51-9806-43df-8dc6-220a75943ac6
74,2026-09-09,17:34:22.35,"Mason, Andrew",1000535307,Right,,,,,,Slider,Live,,79.55006,0.05323167448,-2.990599858,1299.598659,60.79133949,8:00,5.71734,2.33156,4.91112,-52.66355,-6.20945,-11.05326,1.37911,-1.41961,72.4431,-9.641824016,-5.042376197,0.4905501941,4.80332,-3.26582,-2.03075,50,5.68016,6.39363,-115.31833,-1.65092,6.35929,24.81058,-36.49778,0fc15080-0183-416d-ba8f-01191c4bcc60,77efd153-385b-4204-9208-f0cbc0ca3cd3,76.83707,Pitching,25410021,,,,,,,,,,,,,,,,,,,,,,,,8e009a34-7838-4663-8b4b-8d3fa41b9f0e,3ac21d51-9806-43df-8dc6-220a75943ac6
75,2026-09-09,17:34:40.61,"Mason, Andrew",1000535307,Right,,,,,,Fastball,Live,,88.19407,-2.706338619,-5.370948801,2094.25498,204.2430334,12:45,5.92815,2.08943,5.6329,-19.8398,16.60458,7.50072,1.73717,-2.3106,80.73254,-6.392627386,-3.976029508,0.4344968967,-5.4797,9.61349,-1.63674,50,5.68451,11.75034,-127.65629,-6.72593,-9.05642,25.89535,-16.28563,6d41577d-170d-4a23-a1db-2f0508aacfbb,77efd153-385b-4204-9208-f0cbc0ca3cd3,86.74962,Pitching,25410021,,,,,,,,,,,,,,,,,,,,,,,,96ca0cda-32cb-4776-a0a7-414e94a734a7,3ac21d51-9806-43df-8dc6-220a75943ac6
76,2026-09-09,17:35:39.19,"Rickman, Sam",1000497645,Right,,,,,,Sinker,Live,,90.93629,-3.299841343,-4.156541135,2333.44144,243.0928235,2:00,6.05517,2.14466,5.26399,-27.60452,7.07856,13.90432,0.64364,-0.60776,83.5166,-8.382573404,-1.577521605,0.4238676304,-8.46639,4.63565,-1.77434,50,5.7325,9.0614,-131.71237,-8.62769,-14.89851,27.52125,-24.01659,7bb8ba82-f4f3-413b-80af-83b8656b28e5,77efd153-385b-4204-9208-f0cbc0ca3cd3,88.92502,Pitching,25410021,,,,,,,,,,,,,,,,,,,,33.62098057,1943.099958,0.8327185439,,c69d90a9-62e7-4d5a-8dbc-885841899f6e,3ac21d51-9806-43df-8dc6-220a75943ac6
77,2026-09-09,17:35:56.21,"Rickman, Sam",1000497645,Right,,,,,,Sinker,Live,,89.79919,-2.942899892,-3.718640277,2329.455523,231.9498558,1:45,6.05191,2.4511,4.97958,-26.10273,10.21687,13.04683,1.08949,0.02201,81.36257,-7.763342141,-1.293749229,0.433752438,-7.98708,6.26565,-2.10271,50,5.74694,7.95978,-129.98368,-7.67341,-13.51262,30.07922,-21.57375,4031db5d-5ce1-4577-8515-bd936ae6f98d,77efd153-385b-4204-9208-f0cbc0ca3cd3,86.89851,Pitching,25410021,,,,,,,,,,,,,,,,,,,,35.58401321,1894.460347,0.8132631545,,24245bc6-ee47-4de6-9cf3-dd28522f1318,3ac21d51-9806-43df-8dc6-220a75943ac6
78,2026-09-09,17:36:10.03,"Rickman, Sam",1000497645,Right,,,,,,ChangeUp,Live,,83.75567,-1.346307794,-4.406045003,1606.586839,257.0703481,2:30,5.71966,2.49724,5.25615,-38.20799,2.77297,12.16451,1.26691,-0.63644,76.69635,-8.404969855,-2.146532298,0.4607469407,-7.68196,1.84966,-2.10212,50,5.56836,8.94308,-121.39532,-4.15134,-11.43053,24.40177,-29.42181,3c62cbb3-edbe-4a38-a9d5-cd0040f0678c,77efd153-385b-4204-9208-f0cbc0ca3cd3,81.80725,Pitching,25410021,,,,,,,,,,,,,,,,,,,,25.35534109,1451.823284,0.9036693498,,e1fc24d7-e01b-4d11-b2e5-915a00b31603,3ac21d51-9806-43df-8dc6-220a75943ac6
79,2026-09-09,17:36:25.91,"Rickman, Sam",1000497645,Right,,,,,,ChangeUp,Live,,84.35024,-0.4112912641,-3.536842121,1564.713547,253.0011865,2:30,5.74652,2.69072,5.04828,-36.90436,3.68942,12.18441,2.28254,0.36637,77.12404,-7.2218458,-1.279498444,0.4585652083,-7.3853,2.0489,-2.36333,50,5.67857,7.13611,-122.38355,-2.17708,-11.17824,24.60924,-29.07288,da66e1dd-b7dd-4c49-a7b4-3e78736ee165,77efd153-385b-4204-9208-f0cbc0ca3cd3,82.19646,Pitching,25410021,,,,,,,,,,,,,,,,,,,,27.05573066,1393.478359,0.8905645137,,ceb48457-9fc4-4862-921f-ba7b5f4da521,3ac21d51-9806-43df-8dc6-220a75943ac6
80,2026-09-09,17:36:46.78,"Rickman, Sam",1000497645,Right,,,,,,Slider,Live,,79.31756,0.1904619481,-1.389752355,2786.115052,79.59711142,8:45,5.99316,2.41964,4.47054,-48.94386,-2.17165,-11.625,2.0961,0.12599,72.978,-8.716803972,-3.521295432,0.4922269231,5.57136,-1.16817,-2.26255,50,5.96753,3.21049,-115.16518,-1.37073,7.46937,21.73628,-33.74018,07e42fa1-e368-4ff3-8e58-6b8b294074a4,77efd153-385b-4204-9208-f0cbc0ca3cd3,76.57533,Pitching,25410021,,,,,,,,,,,,,,,,,,,,,,,,474d3142-32f7-4f11-bd38-bdf73d1834cc,3ac21d51-9806-43df-8dc6-220a75943ac6
81,2026-09-09,17:37:02.92,"Rickman, Sam",1000497645,Right,,,,,,Slider,Live,,79.86247,-0.7032868009,-3.947070357,2813.351497,61.95994422,8:00,5.97884,2.274,4.478,-51.11893,-4.72245,-8.80028,1.04706,-2.22695,73.6665,-9.957068966,-5.554270015,0.4902458537,3.37984,-2.22174,-1.8504,50,5.85723,8.29849,-115.69053,-3.25916,4.56462,22.29046,-35.1746,53128eac-9640-4135-a2b4-de985bb26500,77efd153-385b-4204-9208-f0cbc0ca3cd3,76.88477,Pitching,25410021,,,,,,,,,,,,,,,,,,,54.58261088,64.01572327,1232.598164,0.4381244807,7:45,264f2470-659a-4f4c-b0b9-2bc16b770c20,3ac21d51-9806-43df-8dc6-220a75943ac6
82,2026-09-09,17:37:23.05,"Rickman, Sam",1000497645,Right,,,,,,Fastball,Live,,90.52624,-2.627281109,-2.87264502,2381.614429,200.6537992,12:45,6.01737,2.18753,5.19018,-18.54278,16.56673,6.25169,1.9961,0.00426,82.50115,-6.059247844,-1.710632474,0.4264654132,-4.11518,9.47566,-1.9258,50,5.75971,6.35867,-131.31456,-6.71713,-7.16372,28.59203,-15.67879,f338a3e0-c409-4a59-92a2-664d7a610ae7,77efd153-385b-4204-9208-f0cbc0ca3cd3,88.38334,Pitching,25410021,,,,,,,,,,,,,,,,,,,,,,,,7c67b7b6-42f0-408a-855e-56c84b2cdb7b,3ac21d51-9806-43df-8dc6-220a75943ac6
83,2026-09-09,17:37:40.73,"Rickman, Sam",1000497645,Right,,,,,,Sinker,Live,,90.23076,-2.259639905,-4.027915097,2283.776316,227.8915006,1:30,5.79875,2.42202,5.39713,-24.89789,10.58055,11.72288,1.60035,-0.38137,81.45922,-6.907574336,-1.831183686,0.4287001896,-7.52117,6.34961,-2.07081,50,5.57991,8.79021,-130.69759,-6.04718,-12.826,31.17129,-21.34593,4959a2cc-6f62-4dca-8c96-e55d8e6380ee,77efd153-385b-4204-9208-f0cbc0ca3cd3,87.92261,Pitching,25410021,,,,,,,,,,,,,,,,,,,,34.88576714,1873.367958,0.8202939775,,af2f6597-514b-4be4-adab-7c587b927e9b,3ac21d51-9806-43df-8dc6-220a75943ac6
84,2026-09-09,17:37:59.64,"Rickman, Sam",1000497645,Right,,,,,,ChangeUp,Live,,83.26508,-0.07533440926,-3.744159247,1564.847063,255.2990671,2:30,5.71643,2.65351,5.04735,-37.91725,3.70405,14.27615,2.48546,0.3071,76.19361,-7.070818771,-1.101474388,0.4643326366,-8.52055,1.95992,-2.30791,50,5.67966,7.40936,-120.7986,-1.4761,-12.58336,23.6492,-29.27959,5ff81c10-4d1b-4839-b220-d4d275a883af,77efd153-385b-4204-9208-f0cbc0ca3cd3,81.17551,Pitching,25410021,,,,,,,,,,,,,,,,,,,,25.44375878,1413.068535,0.9030074368,,04750fe0-aeb9-43ae-b057-d5c7bd22354a,3ac21d51-9806-43df-8dc6-220a75943ac6
85,2026-09-09,17:38:22.17,"Rickman, Sam",1000497645,Right,,,,,,ChangeUp,Live,,83.19143,-0.4490929753,-4.408691804,1459.589823,266.856244,3:00,5.54185,2.6581,4.85883,-41.26096,0.70532,13.37151,1.67716,-0.40813,76.43199,-8.01031734,-1.948160441,0.4662530346,-8.14767,0.48883,-2.23439,50,5.46321,8.81914,-120.57979,-2.42099,-12.02194,22.9639,-31.45277,8ca9d6f7-27a3-4cff-aaf7-83b916725b2d,77efd153-385b-4204-9208-f0cbc0ca3cd3,80.84117,Pitching,25410021,,,,,,,,,,,,,,,,,,,,20.8926796,1363.621858,0.9342500454,,f9645369-12e5-413d-a82c-75b369c0e825,3ac21d51-9806-43df-8dc6-220a75943ac6
86,2026-09-09,17:39:10.27,"Rickman, Sam",1000497645,Right,,,,,,ChangeUp,Live,,82.79075,2.29472025,-0.6958359775,1263.146851,273.2827632,3:00,5.59419,2.78683,4.81302,-42.97535,-0.64597,10.54938,4.18773,3.00684,75.70031,-5.617957386,1.251407043,0.4682657012,-5.667,-0.96939,-2.72666,50,5.78585,1.08272,-120.22886,3.28038,-8.29994,23.17618,-33.59382,8b1d6a6c-2721-4c2c-8edb-17c196917b77,77efd153-385b-4204-9208-f0cbc0ca3cd3,80.4937,Pitching,25410021,,,,,,,,,,,,,,,,,,,,24.05825932,1153.419063,0.9131314088,,71e21396-e12a-4c78-8514-ab4029dfcd3a,3ac21d51-9806-43df-8dc6-220a75943ac6
87,2026-09-09,17:39:29.29,"Rickman, Sam",1000497645,Right,,,,,,ChangeUp,Live,,83.22662,-0.8744889427,-2.828781708,1517.84485,274.4257238,3:15,5.53229,2.60619,4.86341,-42.91137,-1.05098,13.27179,1.12775,1.03314,76.54674,-8.737410304,-0.3783506702,0.4656643512,-7.68589,-0.30358,-2.33874,50,5.41061,5.49584,-120.8117,-3.37783,-11.36154,23.49225,-32.62282,5ce15b2b-1809-4883-a477-5d073195cd50,77efd153-385b-4204-9208-f0cbc0ca3cd3,80.94336,Pitching,25410021,,,,,,,,,,,,,,,,,,,,34.54481574,1250.222853,0.8236829037,,cb25c88b-8e30-4a05-9d06-f020e2c1aa84,3ac21d51-9806-43df-8dc6-220a75943ac6
88,2026-09-09,17:39:50.12,"Rickman, Sam",1000497645,Right,,,,,,Slider,Live,,79.0249,3.402009849,-1.866626694,2710.82768,69.84928933,8:15,5.91472,2.32784,4.40547,-50.92705,-3.71542,-10.05845,4.92283,-0.29229,72.4545,-5.881480796,-3.703360802,0.4945337219,4.64055,-2.81542,-2.11965,50,6.22849,4.09614,-114.55066,4.97583,6.18572,20.52649,-35.92692,835f1118-105e-4b4f-b6d6-29c07d2bc1ed,77efd153-385b-4204-9208-f0cbc0ca3cd3,76.21814,Pitching,25410021,,,,,,,,,,,,,,,,,,,,,,,,455dc46b-13ba-472a-a410-b0711d29031b,3ac21d51-9806-43df-8dc6-220a75943ac6
89,2026-09-09,17:40:10.88,"Rickman, Sam",1000497645,Right,,,,,,Sinker,Live,,91.20508,-2.547820777,-3.641879351,2308.162558,240.8784176,2:00,5.89899,2.24422,5.4005,-25.88529,8.35088,14.98099,1.34837,0.07589,83.58763,-7.341325337,-0.8525913249,0.4211278724,-8.94211,5.12836,-1.9301,50,5.65375,7.87974,-132.29071,-6.83216,-15.86035,27.99286,-23.07803,eb6f2ce4-ef42-4958-91a2-2274187a12e2,77efd153-385b-4204-9208-f0cbc0ca3cd3,89.50355,Pitching,25410021,,,,,,,,,,,,,,,,,,,,,,,,bf0b37ed-14f0-4781-b527-ceb7601ce38a,3ac21d51-9806-43df-8dc6-220a75943ac6
90,2026-09-09,17:41:09.98,"Rangel, Rylan",1000510502,Right,,,,,,Fastball,Live,,88.91837,0.3519856721,-2.37371568,2127.652189,221.4511002,1:30,5.55812,1.95999,5.13135,-22.47212,13.97841,12.38582,4.01717,0.75573,80.64566,-3.826564977,-0.06869588976,0.4345335409,-7.20846,7.24432,-1.74685,50,5.57414,4.90041,-129.12942,-0.02679,-12.10441,28.26639,-20.00943,06881c6f-77b7-4113-b127-6157f05eff66,77efd153-385b-4204-9208-f0cbc0ca3cd3,86.7423,Pitching,25410021,,,,,,,,,,,,,,,,,,,218.9035461,31.28082626,1818.361001,0.8546326367,1:15,972cd359-7a7a-45ec-94c0-6a276a1c0916,3ac21d51-9806-43df-8dc6-220a75943ac6
91,2026-09-09,17:41:29.49,"Rangel, Rylan",1000510502,Right,,,,,,Fastball,Live,,89.42648,-0.2818473731,-3.504724521,2024.615416,241.1486871,2:00,5.48235,2.00834,4.99537,-27.23517,9.05547,16.51356,2.94619,0.07191,81.20116,-5.325440369,-0.4418958934,0.433579482,-9.66627,4.81965,-1.68434,50,5.4337,7.32586,-129.71032,-1.659,-16.38267,28.44806,-24.00557,295c8f9d-6087-460a-a81c-0ba0884a2968,77efd153-385b-4204-9208-f0cbc0ca3cd3,86.93317,Pitching,25410021,,,,,,,,,,,,,,,,,,,,35.43673809,1649.567948,0.8147561928,,1d8ec2b3-56ef-4581-b73f-93fdccabdfab,3ac21d51-9806-43df-8dc6-220a75943ac6
92,2026-09-09,17:42:02.44,"Rangel, Rylan",1000510502,Right,,,,,,Fastball,Live,,90.54291,-2.681173318,-2.889674196,2021.087259,234.4025658,1:45,5.37433,1.98934,4.93796,-26.1255,9.37162,13.09187,0.65844,0.34729,82.55805,-7.489678534,-0.4635494225,0.4288130044,-7.67651,5.67472,-1.7192,50,5.09254,6.12521,-131.25928,-7.15316,-13.32993,28.99642,-22.32014,74eca305-c621-465f-a280-d08bb8ae5b59,77efd153-385b-4204-9208-f0cbc0ca3cd3,87.89948,Pitching,25410021,,,,,,,,,,,,,,,,,,,,31.10372312,1730.522654,0.8562335181,,a7a3d518-32d4-4bc5-8db2-36f31dc6ba35,3ac21d51-9806-43df-8dc6-220a75943ac6
93,2026-09-09,17:42:33.44,"Rangel, Rylan",1000510502,Right,,,,,,ChangeUp,Live,,84.18128,-2.838877344,-4.663455483,1478.229086,233.8898015,1:45,5.41108,2.05236,5.31803,-31.58666,8.84265,12.12626,0.10394,-1.3228,77.35301,-8.658182266,-2.414299029,0.457635324,-7.68919,5.45396,-1.63841,50,5.13081,9.53551,-121.90269,-7.12893,-11.58375,23.70329,-23.95767,2b0bd782-4fc9-4a32-9a38-ed4788566d42,77efd153-385b-4204-9208-f0cbc0ca3cd3,82.36348,Pitching,25410021,,,,,,,,,,,,,,,,,,,,21.92895335,1371.275743,0.927647653,,245f968d-9d57-42d6-b759-2fea1396a758,3ac21d51-9806-43df-8dc6-220a75943ac6
94,2026-09-09,17:42:51.26,"Rangel, Rylan",1000510502,Right,,,,,,ChangeUp,Live,,85.76955,-1.087756208,-2.085909789,1578.717622,237.0120503,2:00,5.43213,2.04191,5.11595,-30.74044,8.19516,12.66791,1.84508,1.13201,78.71142,-6.758669524,0.2627770287,0.4491018405,-7.21142,4.594,-1.85554,50,5.30637,4.08913,-124.63101,-3.46043,-11.3641,24.60322,-24.9346,318c6854-64b3-4945-8684-0a261aadd583,77efd153-385b-4204-9208-f0cbc0ca3cd3,83.92849,Pitching,25410021,,,,,,,,,,,,,,,,,,,,27.2468028,1403.547361,0.8890426903,,643566c0-a48b-4027-ae5c-510b3556a4a8,3ac21d51-9806-43df-8dc6-220a75943ac6
95,2026-09-09,17:43:29.16,"Rangel, Rylan",1000510502,Right,,,,,,ChangeUp,Live,,84.3303,-2.735365669,-3.281044397,1535.844265,249.8383135,2:15,5.32452,1.87422,5.26035,,,,,,,,,,-8.4764,3.55192,-1.58428,50,5.04837,6.52477,-122.28774,-7.04606,-12.80289,24.68916,-26.80917,cddeb403-b45b-4b76-9056-c0e7f1422e08,77efd153-385b-4204-9208-f0cbc0ca3cd3,,Pitching,25410021,,,,,,,,,,,,,,,,,,,,24.07899033,1402.201004,0.9129838457,,fde4590d-4ccd-45f0-a2f5-623492454c86,3ac21d51-9806-43df-8dc6-220a75943ac6
96,2026-09-09,17:43:51.59,"Rangel, Rylan",1000510502,Right,,,,,,Sweeper,Live,,79.42882,1.65849243,-1.757806231,2593.072647,67.7982077,8:15,5.35653,2.04121,4.56259,-52.06655,-4.41029,-10.73265,2.59697,-0.52633,71.11177,-7.98022921,-3.754375127,0.4968569684,4.93098,-2.88243,-1.8495,50,5.48223,3.90148,-115.01577,1.52834,6.42278,26.82138,-35.92852,ca5ce9f6-6e27-4949-af87-5a8c9999b248,77efd153-385b-4204-9208-f0cbc0ca3cd3,75.86175,Pitching,25410021,,,,,,,,,,,,,,,,,,,55.47978204,58.35966438,1360.288007,0.5245853828,7:45,e343cf75-de3a-4896-879a-ecb0d18de07a,3ac21d51-9806-43df-8dc6-220a75943ac6
97,2026-09-09,17:44:18.14,"Rangel, Rylan",1000510502,Right,,,,,,Sweeper,Live,,80.21609,-0.06217121473,-2.584323583,2429.820128,63.38820519,8:00,5.3732,2.02987,4.43216,-54.69236,-7.82411,-15.55264,0.75614,-1.73283,72.55195,-10.07392063,-5.459554088,0.4927320102,7.10896,-4.01261,-1.74166,50,5.316,5.79622,-116.13544,-2.07567,9.46402,26.86409,-37.51595,d47e4236-c2e3-40c0-8ee6-d50308b15f79,77efd153-385b-4204-9208-f0cbc0ca3cd3,76.49683,Pitching,25410021,,,,,,,,,,,,,,,,,,,,,,,,cab4d153-b65f-42de-ac14-400b0cb7c9ca,3ac21d51-9806-43df-8dc6-220a75943ac6
98,2026-09-09,17:44:43.99,"Rangel, Rylan",1000510502,Right,,,,,,Fastball,Live,,89.33381,-1.94424999,-3.941946226,2086.712172,221.8927172,1:30,5.38177,1.82054,5.33833,-23.14807,12.80908,11.51341,1.62402,-0.92342,81.26085,-6.246889819,-1.796299361,0.4315827038,-7.25045,7.352,-1.47305,50,5.18988,8.51595,-129.51411,-5.2287,-12.25333,28.31669,-19.7491,746b5064-f3a0-4fcf-99ac-5e5f3d4b2134,77efd153-385b-4204-9208-f0cbc0ca3cd3,87.33538,Pitching,25410021,,,,,,,,,,,,,,,,,,,,38.41404757,1635.02484,0.783541143,,5b252e0e-6471-4f1b-bbd3-a0b881bc3a0c,3ac21d51-9806-43df-8dc6-220a75943ac6
99,2026-09-09,17:45:08.56,"Rangel, Rylan",1000510502,Right,,,,,,ChangeUp,Live,,84.24024,-1.058334116,-3.290630238,1605.182306,237.946725,2:00,5.418,2.04369,4.64798,-33.58661,7.56231,12.12942,1.61187,-0.07524,77.31063,-7.197142184,-1.063638613,0.4616901589,-7.14647,4.18675,-1.71807,50,5.27992,6.5744,-122.20729,-3.51285,-10.83526,23.50374,-25.82622,e0d93955-9a3f-4fad-bdc0-8147bfcec85a,77efd153-385b-4204-9208-f0cbc0ca3cd3,81.64012,Pitching,25410021,,,,,,,,,,,,,,,,,,,,30.17680867,1387.645329,0.864478336,,59541723-e5bc-46d9-af50-a32f182faea0,3ac21d51-9806-43df-8dc6-220a75943ac6
100,2026-09-09,17:45:23.76,"Rangel, Rylan",1000510502,Right,,,,,,Sweeper,Live,,78.23975,2.838475795,-0.1797912839,2550.248585,54.56750874,7:45,5.37662,2.01833,4.16245,-58.68199,-9.5142,-13.30073,3.20946,0.73761,70.99356,-7.877596459,-2.620590942,0.5046749312,6.71362,-5.72702,-1.985,50,5.63144,0.83951,-113.3348,3.4845,8.63165,22.93919,-39.53724,421dddfb-06c4-4360-8299-86d5e88eb7c0,77efd153-385b-4204-9208-f0cbc0ca3cd3,74.68657,Pitching,25410021,,,,,,,,,,,,,,,,,,,46.44724958,51.48516338,1588.083838,0.6227172704,7:30,72d6abbd-4a91-434b-9489-e58cdbbf2a82,3ac21d51-9806-43df-8dc6-220a75943ac6
101,2026-09-09,17:45:50.28,"Rangel, Rylan",1000510502,Right,,,,,,Sweeper,Live,,77.67201,1.647092674,-3.174257523,2652.000706,68.21367044,8:15,5.31835,1.96943,4.54037,-55.09077,-5.62095,-14.03151,2.29821,-2.22464,70.51924,-8.454516374,-5.758429973,0.5062226684,6.20956,-3.44038,-1.62632,50,5.4402,6.71752,-112.45737,1.35073,7.8211,23.52552,-36.5073,4b8ce0db-ec6b-49bb-a9b6-3a623e2cebb8,77efd153-385b-4204-9208-f0cbc0ca3cd3,74.45822,Pitching,25410021,,,,,,,,,,,,,,,,,,,35.8760234,58.54412104,1383.924896,0.5218418279,7:15,cac38ce5-00e7-4597-8fa2-ada95afd0de0,3ac21d51-9806-43df-8dc6-220a75943ac6
102,2026-09-09,17:46:07.05,"Rangel, Rylan",1000510502,Right,,,,,,Fastball,Live,,88.6046,-0.3361441148,-2.517198535,2259.597614,218.0301267,1:15,5.41743,1.92206,5.18901,-23.31474,13.16124,10.32534,3.15805,0.41328,80.82037,-4.66139286,-0.5987521704,0.4346852657,-6.13697,7.01807,-1.69632,50,5.3689,5.28472,-128.72121,-1.6006,-10.28961,26.88785,-20.40713,d62386dc-7d8a-4ec5-af5c-da0f3fe512f6,77efd153-385b-4204-9208-f0cbc0ca3cd3,86.71202,Pitching,25410021,,,,,,,,,,,,,,,,,,,,,,,,81a0ad73-78e0-4c82-a362-a0b098a9c3bf,3ac21d51-9806-43df-8dc6-220a75943ac6
103,2026-09-09,17:47:29.72,"Quintanilla, Marco",1000617589,Right,,,,,,Fastball,Live,,92.77397,0.3146177535,-4.163106058,2256.333824,205.0404248,12:45,5.92887,3.01808,6.85121,-13.94413,17.43141,8.17858,5.05443,-0.10215,84.29867,-2.357234761,-2.598860631,0.403150314,-5.78254,9.65262,-2.75563,50,5.94376,9.59189,-134.88461,0.35714,-10.60765,30.51225,-14.467,a851fce2-f723-4d2a-a907-07b1572566d5,77efd153-385b-4204-9208-f0cbc0ca3cd3,93.49475,Pitching,25410021,,,,,,,,,,,,,,,,,,,,26.31280659,2022.549151,0.896387374,,b7c3c31d-b53b-4401-ba53-59fe68d0bb62,3ac21d51-9806-43df-8dc6-220a75943ac6
104,2026-09-09,17:47:52.74,"Quintanilla, Marco",1000617589,Right,,,,,,Fastball,Live,,92.19908,-2.568428752,-4.162117832,2120.487944,198.0026382,12:30,5.84499,2.9859,6.95273,-15.40837,16.38442,5.33615,2.21638,-0.3629,83.81434,-5.51914885,-3.138569276,0.4058221659,-4.24573,9.97203,-2.72974,50,5.68007,9.60261,-133.91604,-6.43467,-7.65216,30.9468,-14.20128,4b0e3ad9-8dc1-48d0-b77f-63045daf3f0a,77efd153-385b-4204-9208-f0cbc0ca3cd3,92.8792,Pitching,25410021,,,,,,,,,,,,,,,,,,,,25.8765261,1907.88074,0.8997366598,,12de54f0-817a-4540-99ac-a28a072777ec,3ac21d51-9806-43df-8dc6-220a75943ac6
105,2026-09-09,17:48:08.14,"Quintanilla, Marco",1000617589,Right,,,,,,Fastball,Live,,92.59372,-2.107108125,-3.697204802,2278.246622,233.5897407,1:45,5.71471,3.01989,6.86748,-21.52704,9.82864,13.33755,1.99568,0.75735,84.84573,-6.210671533,-1.147135298,0.4030226665,-8.4777,6.07678,-2.7902,50,5.57284,8.33256,-134.64601,-5.55828,-15.56871,29.14124,-21.01447,c29fa201-6cf1-4129-826a-8b4284ac6d22,77efd153-385b-4204-9208-f0cbc0ca3cd3,93.52437,Pitching,25410021,,,,,,,,,,,,,,,,,,,,27.93032841,2012.871481,0.8835178167,,eaa1847b-d769-49db-b88a-7683932f2835,3ac21d51-9806-43df-8dc6-220a75943ac6
106,2026-09-09,17:48:28.54,"Quintanilla, Marco",1000617589,Right,,,,,,Fastball,Live,,93.46286,-1.732353006,-3.913637941,2281.130535,233.7140525,1:45,5.73899,3.16137,6.93491,-20.72867,10.01743,13.66622,2.43075,0.73272,85.42297,-5.696157831,-1.295848201,0.3990859205,-8.76524,6.10406,-2.92245,50,5.62354,8.92375,-135.90635,-4.68717,-16.36831,30.21951,-20.77527,8da54f95-3705-4240-ba6c-aaa8c912bb42,77efd153-385b-4204-9208-f0cbc0ca3cd3,94.44693,Pitching,25410021,,,,,,,,,,,,,,,,,,,189.5060678,25.12928685,2065.225751,0.9053518503,12:15,e0f5525c-7a1d-4af9-8f8d-ac7cd5121923,3ac21d51-9806-43df-8dc6-220a75943ac6
107,2026-09-09,17:48:45.14,"Quintanilla, Marco",1000617589,Right,,,,,,Slider,Live,,80.89054,0.7306486717,-3.054192838,2173.364216,61.99548101,8:00,5.74318,2.97805,6.2009,-47.4697,-5.10049,-9.54935,2.46272,-0.63927,74.17622,-8.200293772,-4.859582251,0.4684859375,4.30218,-3.00577,-2.74393,50,5.77417,6.53838,-117.593,0.18918,5.97949,23.84044,-36.35169,16e2bd38-2d72-4d18-af31-4085cbe45af3,77efd153-385b-4204-9208-f0cbc0ca3cd3,80.45586,Pitching,25410021,,,,,,,,,,,,,,,,,,,,54.46673483,1263.106084,0.5811755224,,c93aa0a9-a623-4ead-a747-201edbbb2866,3ac21d51-9806-43df-8dc6-220a75943ac6
108,2026-09-09,17:49:19.52,"Quintanilla, Marco",1000617589,Right,,,,,,Curveball,Live,,78.53763,1.152457582,-2.809398516,2157.379923,38.75179496,7:15,5.85898,3.1497,6.83514,-51.56078,-7.69775,-6.16017,2.61456,0.07246,72.03353,-8.672004916,-3.989663433,0.4766731697,2.59418,-4.65383,-2.96761,50,5.91346,5.75337,-114.30013,1.09375,3.40275,22.73786,-38.2784,5a6a9c3e-e012-4ef2-81ae-b213ee7c7f31,77efd153-385b-4204-9208-f0cbc0ca3cd3,79.07397,Pitching,25410021,,,,,,,,,,,,,,,,,,,12.72938582,43.12665004,1574.551625,0.7298443859,6:30,e8e8015f-75cd-48c0-8ddc-b69432a96e2b,3ac21d51-9806-43df-8dc6-220a75943ac6
109,2026-09-09,17:49:38.47,"Quintanilla, Marco",1000617589,Right,,,,,,Curveball,Live,,78.37371,3.332730818,-2.040039999,1867.693874,44.60363041,7:30,5.72204,2.97206,5.95185,-53.17159,-7.45905,-7.32617,4.38696,0.46902,71.3044,-6.682466647,-3.423414144,0.486619024,3.34892,-5.05387,-2.80601,50,5.95733,4.25819,-113.78126,5.14039,4.35143,22.5988,-38.74081,4bbe0d84-2877-47e1-814c-5e19444ec2ab,77efd153-385b-4204-9208-f0cbc0ca3cd3,77.4578,Pitching,25410021,,,,,,,,,,,,,,,,,,,,46.50328172,1285.558025,0.6883130274,,52a820b9-b44d-412e-b40e-ec09f20f76d1,3ac21d51-9806-43df-8dc6-220a75943ac6
110,2026-09-09,17:50:04.46,"Quintanilla, Marco",1000617589,Right,,,,,,Curveball,Live,,77.14722,-0.2426601568,-4.826251764,1864.047841,31.35476398,7:00,5.76774,2.93455,6.8989,-53.29233,-7.47788,-4.54823,1.10492,-1.85049,70.69379,-10.37003166,-5.697327112,0.4871611659,0.99323,-4.11945,-2.62897,50,5.73323,9.55945,-112.00646,-1.67492,1.24248,23.11399,-37.32728,cf3d5ffc-8605-4c82-aef4-4ed75034118d,77efd153-385b-4204-9208-f0cbc0ca3cd3,77.3716,Pitching,25410021,,,,,,,,,,,,,,,,,,,,,,,,19dea27c-ef48-4098-9c86-8704e8560a82,3ac21d51-9806-43df-8dc6-220a75943ac6
111,2026-09-09,17:50:23.04,"Quintanilla, Marco",1000617589,Right,,,,,,ChangeUp,Live,,83.98579,0.7426257774,-3.138329243,2065.221043,210.8452406,1:00,5.87331,2.98461,7.1758,-22.94035,15.04569,9.02065,4.63543,0.89036,75.89168,-3.697279148,-1.392422213,0.4435916947,-6.09993,8.29319,-2.80522,50,5.90931,6.49604,-122.25442,1.06049,-9.11637,26.91831,-19.77984,6e34f637-21c3-4184-875f-3c7d7e6b6ad1,77efd153-385b-4204-9208-f0cbc0ca3cd3,84.97102,Pitching,25410021,,,,,,,,,,,,,,,,,,,,34.84197364,1694.990718,0.8207308965,,590746e0-882e-43ef-ae6b-a1ad292c0f51,3ac21d51-9806-43df-8dc6-220a75943ac6
112,2026-09-09,17:50:39.93,"Quintanilla, Marco",1000617589,Right,,,,,,ChangeUp,Live,,86.81351,-2.738526948,-6.276142673,2076.113658,226.4168991,1:30,5.68068,2.83951,7.41498,-23.24767,11.89144,12.51743,1.2571,-1.79969,79.75223,-7.196536562,-3.875667366,0.4266451121,-8.8396,7.52312,-2.50379,50,5.52593,13.55618,-125.80906,-6.57456,-14.20286,24.92873,-20.08642,baf73878-1d64-4ac4-883e-b66ab67e7665,77efd153-385b-4204-9208-f0cbc0ca3cd3,88.34612,Pitching,25410021,,,,,,,,,,,,,,,,,,,,,,,,a52b00c6-b814-4300-a22e-fba2519fc16c,3ac21d51-9806-43df-8dc6-220a75943ac6
113,2026-09-09,17:51:31.71,"Quintanilla, Marco",1000617589,Right,,,,,,ChangeUp,Live,,85.85121,-6.826043204,-5.5247659,,,,5.79714,2.84203,6.97258,,,,,,,,,,-9.75218,7.24851,-2.50633,50,5.36368,11.60015,-123.83633,-15.5551,-15.36744,21.30899,-20.75188,6c0a2680-4790-4aa4-9998-8d7b0aeec01f,77efd153-385b-4204-9208-f0cbc0ca3cd3,,Pitching,25410021,,,,,,,,,,,,,,,,,,,,,,,,24a3cf5d-5b3a-4e6e-b1ea-208cfac81641,3ac21d51-9806-43df-8dc6-220a75943ac6
114,2026-09-09,17:53:02.97,"Quintanilla, Marco",1000617589,Right,,,,,,Slider,Live,,79.39907,-1.120682413,-3.775650584,2020.581578,48.85927458,7:45,5.85768,3.1011,5.92411,-50.74979,-6.49975,-7.40161,0.58639,-1.02375,73.72612,-10.51997391,-5.161377653,0.4787714623,2.94316,-3.1969,-2.79501,50,5.73918,7.82348,-115.32708,-3.71925,3.96278,21.50078,-36.47848,666435f6-c898-42b1-82a7-7bd29c13b507,83fbb00f-3e86-4d3a-b2c4-f63dd6acb21b,78.72741,Pitching,25410021,,,,,,,,,,,,,,,,,,,,,,,,caf4ce7c-2602-495f-ae43-537164240864,3ac21d51-9806-43df-8dc6-220a75943ac6
115,2026-09-09,17:53:16.71,"Quintanilla, Marco",1000617589,Right,,,,,,Fastball,Live,,91.82642,-2.692572204,-4.559924711,2208.053052,204.6633712,12:45,5.90933,2.9946,6.98205,-15.18006,16.54616,7.61236,2.18635,-0.52622,84.33852,-5.585892815,-3.107846159,0.4053969978,-5.48309,9.99506,-2.71681,50,5.7381,10.43455,-133.37913,-6.69737,-9.91851,27.56848,-14.0937,b90796ce-f394-43bc-9653-54147f59efe9,83fbb00f-3e86-4d3a-b2c4-f63dd6acb21b,92.97661,Pitching,25410021,,,,,,,,,,,,,,,,,,,,28.98373986,1931.510432,0.8747572575,,81bdd239-8ccb-4af9-9f6c-270f311419ea,3ac21d51-9806-43df-8dc6-220a75943ac6
116,2026-09-09,17:53:39.07,"Quintanilla, Marco",1000617589,Right,,,,,,Slider,Live,,80.13442,-0.9625383916,-4.619640838,2118.632533,49.45364699,7:45,5.90027,3.16705,5.90554,-50.59513,-7.06458,-8.22814,0.78768,-1.81545,74.46722,-10.31602502,-6.154699372,0.4748631954,3.16023,-3.54481,-2.7912,50,5.79389,9.63501,-116.2784,-3.43174,4.32915,21.68708,-37.03002,4c860472-20ae-40d9-8117-27fd317ecec2,83fbb00f-3e86-4d3a-b2c4-f63dd6acb21b,79.37536,Pitching,25410021,,,,,,,,,,,,,,,,,,,,49.36766992,1379.658897,0.6512025449,,e1be8eee-86c9-4d09-ace4-66438b62589f,3ac21d51-9806-43df-8dc6-220a75943ac6
117,2026-09-09,17:54:26.40,"Morrow, Jackson",1000616388,Right,,,,,,Fastball,Live,,91.1915,-1.64291236,-2.026265792,2095.610781,224.302795,1:30,6.26614,1.64072,6.39485,-17.3434,15.46545,15.10856,3.30874,1.0357,83.49604,-4.924719772,0.8415198778,0.4122559379,-8.85456,8.94517,-1.50256,50,6.14029,4.23976,-132.74067,-4.33377,-15.81289,28.17018,-16.19935,8d0e83f7-9351-4634-afea-24ec3d271ff0,83fbb00f-3e86-4d3a-b2c4-f63dd6acb21b,91.42971,Pitching,25410021,,,,,,,,,,,,,,,,,,,,16.64308088,2007.820393,0.9581074936,,fde13831-1e17-4444-ab5d-5b9d0041be23,3ac21d51-9806-43df-8dc6-220a75943ac6
118,2026-09-09,17:54:40.32,"Morrow, Jackson",1000616388,Right,,,,,,Fastball,Live,,91.2876,-1.849108577,-1.942380838,2073.555466,225.8642625,1:30,6.21095,1.5872,6.57406,-17.60466,14.90406,15.37205,3.04774,1.08745,83.65052,-5.189137202,0.9848375315,0.4103659371,-9.03032,8.74629,-1.46069,50,6.07662,4.05971,-132.91133,-4.80629,-16.17042,28.20725,-16.51225,e8033fdf-c077-4c3c-b429-33cd17763b67,83fbb00f-3e86-4d3a-b2c4-f63dd6acb21b,91.8508,Pitching,25410021,,,,,,,,,,,,,,,,,,,204.8230684,31.31903429,1771.409805,0.854286193,12:45,c349fb28-13ae-4f74-9b35-d963d053a93d,3ac21d51-9806-43df-8dc6-220a75943ac6
119,2026-09-09,17:54:55.06,"Morrow, Jackson",1000616388,Right,,,,,,Fastball,Live,,91.91602,-2.380620297,-3.251262946,2137.933645,220.241687,1:15,6.29539,1.31697,6.36157,-15.71522,16.70463,14.14258,2.79048,-0.49933,84.11093,-5.35155361,-0.5715038058,0.4098046857,-8.64909,9.81576,-1.08864,50,6.11569,7.15604,-133.59874,-6.04451,-15.65138,28.44799,-14.41148,ccdde6d8-6286-437e-a2c0-2f55613529ac,83fbb00f-3e86-4d3a-b2c4-f63dd6acb21b,91.97659,Pitching,25410021,,,,,,,,,,,,,,,,,,,,14.41186671,2070.656366,0.9685316334,,81284a70-a738-45af-a4e2-8020770b5a10,3ac21d51-9806-43df-8dc6-220a75943ac6
120,2026-09-09,17:55:29.99,"Morrow, Jackson",1000616388,Right,,,,,,Fastball,Live,,90.93966,-1.622059542,-2.16243298,1922.54745,222.6973245,1:30,6.35312,1.34568,6.21375,-18.72399,14.57439,13.46415,3.2946,0.47141,83.08438,-5.156941911,0.3874040069,0.4153201428,-7.95859,8.41249,-1.19066,50,6.22227,4.57599,-132.30727,-4.33322,-14.08859,28.57719,-17.28194,943e27fa-8902-4a1a-83d4-e759cc9b466b,83fbb00f-3e86-4d3a-b2c4-f63dd6acb21b,90.75514,Pitching,25410021,,,,,,,,,,,,,,,,,,,,13.59109567,1868.711377,0.9719975322,,9e8e8010-8156-4670-b334-b25c134dba7e,3ac21d51-9806-43df-8dc6-220a75943ac6
121,2026-09-09,17:55:45.12,"Morrow, Jackson",1000616388,Right,,,,,,Fastball,Live,,90.97755,-2.876454,-1.66826364,1990.316702,220.6733638,1:15,6.28475,1.41627,6.40878,-17.91645,15.07325,12.94938,2.14398,0.96128,83.4321,-6.257289601,0.7906305361,0.4133905998,-7.57422,9.0748,-1.30314,50,6.07087,3.46555,-132.34588,-7.19088,-13.44525,28.01862,-16.06506,c224c4bd-d827-4449-a543-fb95aae583bb,83fbb00f-3e86-4d3a-b2c4-f63dd6acb21b,91.17875,Pitching,25410021,,,,,,,,,,,,,,,,,,,,19.02869315,1881.556674,0.9453554158,,7534f1cb-c6ca-4465-99ad-253472159212,3ac21d51-9806-43df-8dc6-220a75943ac6
122,2026-09-09,17:56:02.36,"Morrow, Jackson",1000616388,Right,,,,,,ChangeUp,Live,,84.462,-3.839985805,-3.09560958,1427.176392,219.6117426,1:15,5.88038,1.75284,6.55866,-27.49795,10.64714,8.80473,0.05831,-0.35396,77.95974,-9.006053387,-1.422938724,0.4445194016,-5.69999,6.92094,-1.54356,50,5.60364,6.39584,-122.66091,-8.98786,-8.70669,23.6719,-21.60236,a9897379-683c-4264-85f3-9ddfeb9b15f0,83fbb00f-3e86-4d3a-b2c4-f63dd6acb21b,84.79369,Pitching,25410021,,,,,,,,,,,,,,,,,,,,,,,,3778a0eb-40d5-4e0d-abdd-587ff56edb7f,3ac21d51-9806-43df-8dc6-220a75943ac6
123,2026-09-09,17:56:29.56,"Morrow, Jackson",1000616388,Right,,,,,,ChangeUp,Live,,81.79319,-3.082556565,-3.949154334,1133.569039,253.3581234,2:30,5.90023,1.45247,6.504,,,,,,,,,,-6.07186,2.34436,-1.18069,50,5.66769,7.95935,-118.74251,-7.41768,-8.66887,22.74187,-28.82698,c1a2a0ca-a7cf-4be0-a941-05893c772b87,83fbb00f-3e86-4d3a-b2c4-f63dd6acb21b,,Pitching,25410021,,,,,,,,,,,,,,,,,,,,10.59757145,1114.233916,0.9829431453,,67f70b01-e687-43cd-9612-5842e24e4585,3ac21d51-9806-43df-8dc6-220a75943ac6
124,2026-09-09,17:56:49.79,"Morrow, Jackson",1000616388,Right,,,,,,Slider,Live,,80.18935,-0.6193550145,-2.386065105,2216.404795,79.57717863,8:45,5.85464,1.79054,5.87139,-43.89855,-0.86529,-4.50158,1.62071,-0.80181,74.55496,-8.765569347,-3.227841179,0.4721429632,1.81172,-0.30713,-1.5951,50,5.77895,4.99567,-116.69825,-2.55957,2.51807,20.3403,-32.60092,415c3f34-2081-4fa1-9504-82f0f605b4cb,83fbb00f-3e86-4d3a-b2c4-f63dd6acb21b,79.83268,Pitching,25410021,,,,,,,,,,,,,,,,,,,,71.86434478,689.8956135,0.3112678763,,4123ef67-398f-4a12-9190-66bc5574cb8e,3ac21d51-9806-43df-8dc6-220a75943ac6
125,2026-09-09,17:57:11.00,"Morrow, Jackson",1000616388,Right,,,,,,Slider,Live,,79.00099,0.7157523873,-1.723451465,2188.359349,89.48051915,9:00,5.82449,1.88846,5.77258,-45.22647,-0.1296,-10.58843,2.72191,-0.59794,72.25468,-7.747345126,-3.715201739,0.4833309534,5.1798,-0.28467,-1.73991,50,5.85647,3.76593,-114.87214,0.11359,6.86814,22.80241,-32.55151,fb5af46f-80be-42ab-940b-5b4928a50658,83fbb00f-3e86-4d3a-b2c4-f63dd6acb21b,77.98474,Pitching,25410021,,,,,,,,,,,,,,,,,,,32.96035988,67.68771585,830.8205066,0.3796545147,7:00,206839ce-492d-44e3-a1c4-78242810761a,3ac21d51-9806-43df-8dc6-220a75943ac6
126,2026-09-09,17:57:43.07,"Morrow, Jackson",1000616388,Right,,,,,,Slider,Live,,80.45689,-1.206958568,-2.674574266,2250.137824,71.18225398,8:15,5.96526,1.83848,5.99677,-45.18904,-2.50329,-7.22687,1.07986,-1.24358,74.82098,-9.595919182,-4.029579714,0.4702327082,3.2014,-1.03465,-1.62418,50,5.84528,5.67623,-117.04037,-3.77419,4.46229,21.08367,-33.6162,41c25a9b-2ae8-4f3b-b836-d4cd575b1d37,83fbb00f-3e86-4d3a-b2c4-f63dd6acb21b,80.15699,Pitching,25410021,,,,,,,,,,,,,,,,,,,,,,,,2dc8034f-6ae0-469a-801c-a5183f8b52ce,3ac21d51-9806-43df-8dc6-220a75943ac6
127,2026-09-09,17:57:57.36,"Morrow, Jackson",1000616388,Right,,,,,,Fastball,Live,,91.22118,-2.170490406,-1.573336249,1978.446225,214.6625319,1:15,6.31656,1.19843,6.51858,-16.97086,15.4724,10.70599,2.9094,0.64684,84.09461,-5.375715816,0.4571830991,0.4099526322,-6.30025,9.079,-1.09384,50,6.15815,3.33194,-132.85375,-5.53981,-11.34426,26.47206,-15.82636,9000587f-55e8-4985-ae9f-c6843c692c98,83fbb00f-3e86-4d3a-b2c4-f63dd6acb21b,91.9434,Pitching,25410021,,,,,,,,,,,,,,,,,,,,16.40443165,1897.9079,0.9592921335,,954753d9-d5dc-49dd-81a8-fa2fe2c68a61,3ac21d51-9806-43df-8dc6-220a75943ac6
128,2026-09-09,17:58:13.20,"Morrow, Jackson",1000616388,Right,,,,,,Fastball,Live,,91.65385,-3.220847517,-2.372603142,2052.699574,221.5678851,1:30,6.27058,1.27051,6.44161,-16.99429,15.48664,13.71992,1.88957,0.23277,84.09666,-6.427765096,0.2320112551,0.4101905148,-8.19171,9.39568,-1.10867,50,6.03432,5.1083,-133.24469,-8.01553,-14.75523,28.11579,-15.25019,dd4c606c-79fd-4470-9b64-d078e895ba51,83fbb00f-3e86-4d3a-b2c4-f63dd6acb21b,91.89008,Pitching,25410021,,,,,,,,,,,,,,,,,,,,13.57864172,1995.323722,0.9720485875,,e6196886-fd71-4af9-b057-1d25e2180576,3ac21d51-9806-43df-8dc6-220a75943ac6
129,2026-09-09,17:58:28.38,"Morrow, Jackson",1000616388,Right,,,,,,Fastball,Live,,90.9345,-2.768172052,-3.978024061,1879.036385,216.1395663,1:15,6.31906,1.30595,6.3651,-16.51448,16.81386,12.28416,2.38776,-1.33638,82.87258,-5.894184728,-1.647942767,0.4155069471,-7.89121,10.03108,-1.02427,50,6.11094,8.80861,-131.98941,-6.89485,-13.87381,28.977,-14.53806,8fc96092-8e39-4c00-a991-2db35965a355,83fbb00f-3e86-4d3a-b2c4-f63dd6acb21b,90.71434,Pitching,25410021,,,,,,,,,,,,,,,,,,,,13.33977368,1828.337996,0.973018942,,16608b3a-11bd-44cb-8358-37e591f77b15,3ac21d51-9806-43df-8dc6-220a75943ac6
130,2026-09-09,17:59:08.26,"Garrett, Walter",1000500484,Left,,,,,,,Live,,84.17534,-3.1965251,2.424472842,1915.991314,141.024332,10:45,5.7732,-3.03663,10.23209,-19.11327,13.9049,-11.24354,1.44982,-1.90527,77.69192,-7.069317915,0.130116241,0.4135689301,7.80914,9.71367,3.02537,50,5.75825,-5.18845,-123.1018,-6.92146,11.98735,24.35651,-17.26316,c9088d81-5d5e-4054-ab16-9a8dbbb7625b,83fbb00f-3e86-4d3a-b2c4-f63dd6acb21b,91.13944,Pitching,25410021,,,,,,,,,,,,,,,,,,,,,,,,5ffc3d4f-62ed-4ec5-89bd-5c8d0c7503cd,3ac21d51-9806-43df-8dc6-220a75943ac6
131,2026-09-09,17:59:50.40,"Garrett, Walter",1000500484,Left,,,,,,Fastball,Live,,87.97733,-3.271189039,2.839563284,2105.387074,145.2408554,10:45,6.0432,-2.00311,5.64403,-21.24783,15.1628,-10.51857,1.21454,-0.22912,80.71195,-7.218168261,0.8722157172,0.4342956821,6.39697,8.99801,1.76899,50,5.75192,-5.98116,-127.68461,-8.01793,10.57829,25.87917,-17.29458,f5e141a4-c014-4521-8771-40a8fe07e920,83fbb00f-3e86-4d3a-b2c4-f63dd6acb21b,86.78981,Pitching,25410021,,,,,,,,,,,,,,,,,,,,-12.25099076,2057.442015,0.9772274373,,8736eff1-bf22-4404-8107-ce0e493c39e7,3ac21d51-9806-43df-8dc6-220a75943ac6
132,2026-09-09,18:00:02.95,"Garrett, Walter",1000500484,Left,,,,,,Fastball,Live,,88.89622,0.3910737982,3.563829017,2128.256349,141.0241618,10:45,5.96456,-2.20489,5.37976,-20.0046,16.06954,-13.05541,4.66477,0.05179,80.83415,-3.338192643,1.13109918,0.4322842515,7.92598,8.40272,1.89516,50,5.98564,-7.57727,-129.04807,0.17776,13.34306,27.28159,-18.02842,8598a181-5fb1-4de2-8ad9-5fa6a909cf80,83fbb00f-3e86-4d3a-b2c4-f63dd6acb21b,87.19364,Pitching,25410021,,,,,,,,,,,,,,,,,,,,-18.95146686,2012.892113,0.9457940131,,b3bfab8b-45ae-49eb-b17b-cbfeefda2412,3ac21d51-9806-43df-8dc6-220a75943ac6
133,2026-09-09,18:00:23.57,"Garrett, Walter",1000500484,Left,,,,,,Slider,Live,,79.87019,-1.30519949,2.680136317,2184.024412,214.032275,1:15,5.82134,-2.37153,5.49934,-38.42522,6.61532,4.49987,1.39708,0.51173,72.43302,-8.471657802,3.525874774,0.4830289848,-1.52602,3.96055,2.13454,50,5.68201,-5.56382,-115.90813,-3.82218,-2.04107,25.06551,-26.87678,9748d9b8-b32b-4414-9304-da3004945700,83fbb00f-3e86-4d3a-b2c4-f63dd6acb21b,78.03349,Pitching,25410021,,,,,,,,,,,,,,,,,,,,,,,,6b0ee874-99f3-42d8-965d-468d04240095,3ac21d51-9806-43df-8dc6-220a75943ac6
134,2026-09-09,18:00:36.91,"Garrett, Walter",1000500484,Left,,,,,,Slider,Live,,79.23502,1.206094302,0.6486473824,2141.014569,261.1174315,2:45,5.73786,-2.52166,5.50512,-45.23919,0.31496,2.25462,3.09598,-1.7272,71.77504,-7.270913744,1.073059119,0.4857752262,-0.99624,-0.21755,2.46364,50,5.81321,-1.37222,-115.13159,1.04451,-1.31802,24.23528,-32.46186,6de8accc-b863-4254-991c-bec23f3460bd,83fbb00f-3e86-4d3a-b2c4-f63dd6acb21b,77.59235,Pitching,25410021,,,,,,,,,,,,,,,,,,,,,,,,ae3c2166-b199-417b-8d0a-89ad1e389447,3ac21d51-9806-43df-8dc6-220a75943ac6
135,2026-09-09,18:01:07.05,"Garrett, Walter",1000500484,Left,,,,,,ChangeUp,Live,,81.08746,-1.990568515,3.938516406,1435.24531,129.9036931,10:15,5.62779,-2.88241,5.78379,-34.3344,8.23692,-9.88159,0.90978,-0.03637,74.76683,-8.370191568,2.090407993,0.4696020067,6.36244,4.957,2.56375,50,5.44287,-7.80628,-117.71236,-5.13646,8.95746,21.63114,-25.19526,2257368a-673a-4921-abcb-44fb2c08d9e8,83fbb00f-3e86-4d3a-b2c4-f63dd6acb21b,80.26465,Pitching,25410021,,,,,,,,,,,,,,,,,,,,-24.21111002,1309.002012,0.9120406123,,d6a567e0-c783-4ffb-a59f-555399d81cb7,3ac21d51-9806-43df-8dc6-220a75943ac6
136,2026-09-09,18:01:24.88,"Garrett, Walter",1000500484,Left,,,,,,ChangeUp,Live,,80.85592,-0.4310368212,2.110387653,1220.375137,121.0282773,10:00,5.60082,-2.78384,5.76946,-35.71625,6.85559,-11.45806,2.22312,-1.77412,74.57982,-7.085852174,-0.03514091436,0.4696049064,6.69921,3.78982,2.61652,50,5.54357,-3.98877,-117.65554,-1.96683,9.44083,21.20207,-26.83326,3b589514-36d4-4627-9d68-65ba67d8d524,83fbb00f-3e86-4d3a-b2c4-f63dd6acb21b,80.26415,Pitching,25410021,,,,,,,,,,,,,,,,,,,,-11.11113835,1197.499472,0.981255219,,b9f7ec21-ef69-45fb-8656-03d68b2db61e,3ac21d51-9806-43df-8dc6-220a75943ac6
137,2026-09-09,18:01:39.67,"Garrett, Walter",1000500484,Left,,,,,,Fastball,Live,,88.30735,-3.160321853,2.245569235,2026.111195,138.4040412,10:30,5.92191,-2.26323,5.5192,-20.16317,16.38777,-14.53586,1.28196,-1.37421,80.33983,-6.914923342,-0.4804596358,0.4351316849,8.4178,9.67862,2.07755,50,5.63348,-4.52923,-128.13146,-7.76692,13.89921,28.15379,-16.193,45a7fc6f-2f32-416f-ab30-7415958d1323,83fbb00f-3e86-4d3a-b2c4-f63dd6acb21b,86.62306,Pitching,25410021,,,,,,,,,,,,,,,,,,,,,,,,8c639548-6a10-4945-9242-41557caf87e3,3ac21d51-9806-43df-8dc6-220a75943ac6
138,2026-09-09,18:01:56.09,"Garrett, Walter",1000500484,Left,,,,,,Fastball,Live,,87.56539,-0.1391834656,2.520945226,1977.203662,132.0472925,10:30,5.88261,-2.25379,5.38159,-24.77212,12.15571,-13.52349,3.68769,-1.01647,80.22235,-4.741096335,0.004466612996,0.4373693281,7.83107,6.46925,2.03794,50,5.85286,-5.13258,-127.29296,-1.17372,12.89469,25.25939,-21.52174,b68ab045-47d2-439e-8663-6f71a8044fb8,83fbb00f-3e86-4d3a-b2c4-f63dd6acb21b,86.17989,Pitching,25410021,,,,,,,,,,,,,,,,,,,,-19.38246501,1865.1442,0.9433242695,,ac17a0be-b598-4ae5-95c7-8b7737f6a60b,3ac21d51-9806-43df-8dc6-220a75943ac6
139,2026-09-09,18:02:09.35,"Garrett, Walter",1000500484,Left,,,,,,Slider,Live,,77.69602,2.642687947,-0.3342300837,2071.465094,266.9022134,3:00,5.63066,-2.76331,5.43656,-46.74606,0.23159,5.023,4.21128,-2.65766,71.0804,-6.061600613,0.6037276409,0.493306746,-2.75876,-0.61431,2.78941,50,5.8324,0.50505,-112.91047,3.7821,-3.56039,20.61273,-32.96686,19a221a5-e166-4974-bc08-fe6aadb4b7e5,83fbb00f-3e86-4d3a-b2c4-f63dd6acb21b,76.40771,Pitching,25410021,,,,,,,,,,,,,,,,,,,,-82.33236017,276.3882651,0.1334264651,,2e23cff2-5934-4e29-9400-15bad2921f01,3ac21d51-9806-43df-8dc6-220a75943ac6
140,2026-09-09,18:02:27.99,"Garrett, Walter",1000500484,Left,,,,,,Slider,Live,,80.74698,-1.339275326,4.390179638,2102.594131,209.3738619,1:00,5.67319,-2.37289,5.69056,-38.186,6.30672,3.5839,1.23911,2.02481,72.24365,-8.523341949,5.068505361,0.4800825304,-0.30247,3.902,2.00158,50,5.53732,-9.07961,-116.88331,-3.87093,-0.40528,28.47794,-26.94572,2fc1cefe-0ca6-4044-8da7-9ad0afb7326b,83fbb00f-3e86-4d3a-b2c4-f63dd6acb21b,78.51242,Pitching,25410021,,,,,,,,,,,,,,,,,,,,-80.29718737,354.3665202,0.1685377672,,ab8ae132-a4c0-4381-be87-11767b32a5ad,3ac21d51-9806-43df-8dc6-220a75943ac6
141,2026-09-09,18:02:47.46,"Garrett, Walter",1000500484,Left,,,,,,ChangeUp,Live,,81.22077,0.1569539068,0.4524250973,1296.603833,124.5551226,10:15,5.58423,-2.58339,5.50587,-35.13243,7.61193,-11.10505,2.8033,-3.08574,74.53339,-6.379339916,-1.622384012,0.4705554844,6.03106,4.00515,2.55136,50,5.57449,-0.58145,-118.17826,-0.78906,8.53548,22.3659,-26.50575,24b5bf2a-474f-4ef5-be20-128cf233a40d,83fbb00f-3e86-4d3a-b2c4-f63dd6acb21b,80.10201,Pitching,25410021,,,,,,,,,,,,,,,,,,,,-18.39013251,1230.38674,0.9489303587,,443ec195-e23b-4fbe-b53c-9620468acc60,3ac21d51-9806-43df-8dc6-220a75943ac6
142,2026-09-09,18:03:01.17,"Garrett, Walter",1000500484,Left,,,,,,ChangeUp,Live,,78.83789,0.681035597,1.855244227,1247.86192,109.7740539,9:45,5.5056,-2.65952,5.57221,-40.88941,4.47559,-12.57351,2.73455,-1.97405,72.26354,-6.940319146,-0.4983642784,0.4847656411,7.226,2.19591,2.50811,50,5.53763,-3.33187,-114.64575,0.12228,9.60932,21.35913,-29.25387,d86a182d-d690-43b4-acdf-fe6e24400658,83fbb00f-3e86-4d3a-b2c4-f63dd6acb21b,77.75394,Pitching,25410021,,,,,,,,,,,,,,,,,,,,-16.31714518,1197.599617,0.9597212624,,676d7783-d3f3-4851-b70a-1148144f1393,3ac21d51-9806-43df-8dc6-220a75943ac6
143,2026-09-09,18:04:15.48,"Strouse, Ryan",1000616393,Right,,,,,,Fastball,Live,,83.03498,-0.2773747408,-1.224378106,1877.681293,215.3856473,1:15,6.4164,1.42013,5.55798,-24.90103,15.91439,11.32957,4.08214,1.2203,76.00646,-4.921425846,0.8940981075,0.4598153771,-6.37253,8.55519,-1.32194,50,6.37619,2.21814,-120.80691,-1.38462,-9.42841,23.27838,-19.51631,76acb942-b65c-4978-a34f-9956a722ec37,83fbb00f-3e86-4d3a-b2c4-f63dd6acb21b,81.97298,Pitching,25410021,,,,,,,,,,,,,,,,,,,,10.07857187,1848.706224,0.9845686968,,b5e9cda4-2807-460d-83ff-cb11dee7b5da,3ac21d51-9806-43df-8dc6-220a75943ac6
144,2026-09-09,18:04:35.87,"Strouse, Ryan",1000616393,Right,,,,,,Fastball,Live,,82.79156,-0.9746656697,-1.366858859,1893.114544,219.980418,1:15,6.44038,1.47871,5.62637,-25.21122,15.86157,13.32625,3.42976,1.31374,75.66227,-5.682708989,1.131612212,0.461262882,-7.50998,8.75402,-1.37093,50,6.34143,2.45252,-120.41674,-2.84512,-11.00654,23.78483,-19.34425,c0b65865-32de-46e8-a5a8-1bc9bbd7a554,83fbb00f-3e86-4d3a-b2c4-f63dd6acb21b,81.71574,Pitching,25410021,,,,,,,,,,,,,,,,,,,,15.54355543,1823.877711,0.963427024,,33c28c30-1329-42dd-b741-507f2cb97b2a,3ac21d51-9806-43df-8dc6-220a75943ac6
145,2026-09-09,18:04:48.25,"Strouse, Ryan",1000616393,Right,,,,,,Fastball,Live,,83.22202,-2.863268873,-3.656731004,1843.726088,214.2867855,1:15,6.43066,1.48441,6.052,-24.58348,15.10301,10.30575,1.72433,-1.04586,77.22387,-7.43821584,-1.727684228,0.4534117026,-6.45734,8.86098,-1.20584,50,6.19441,7.42011,-120.89799,-6.7898,-9.67999,20.73358,-18.89085,0538aaab-b5ce-4453-896d-ef9cf8fcd251,83fbb00f-3e86-4d3a-b2c4-f63dd6acb21b,83.13071,Pitching,25410021,,,,,,,,,,,,,,,,,,,,17.43318128,1759.038194,0.9540669872,,7239d793-590e-4afc-8b90-a434a25054f1,3ac21d51-9806-43df-8dc6-220a75943ac6
146,2026-09-09,18:05:00.79,"Strouse, Ryan",1000616393,Right,,,,,,Fastball,Live,,82.5876,-1.439764302,-2.530730388,1932.47909,223.236122,1:30,6.49493,1.63947,5.8666,-26.12411,14.61439,13.76784,2.9791,0.43476,75.94642,-6.320815519,0.05269852549,0.4593819402,-8.08424,8.25007,-1.44277,50,6.36316,4.89099,-120.1136,-3.8147,-11.86068,22.33697,-20.07007,ff256fce-8981-43e5-8250-9a023bc49eab,83fbb00f-3e86-4d3a-b2c4-f63dd6acb21b,82.05033,Pitching,25410021,,,,,,,,,,,,,,,,,,,,10.44654382,1900.447288,0.9834245028,,32cef58e-3e56-4b68-8644-f3e6e1355eeb,3ac21d51-9806-43df-8dc6-220a75943ac6
147,2026-09-09,18:05:12.95,"Strouse, Ryan",1000616393,Right,,,,,,Curveball,Live,,74.53997,4.599469784,1.325924721,1552.654065,17.20684123,6:30,6.49047,1.66954,5.60876,-57.74745,-7.41732,-2.27596,5.9812,2.71756,68.92745,-6.110793997,0.9025840023,0.5106054571,1.52957,-5.05414,-1.78124,50,6.84653,-2.43885,-108.19964,7.04423,1.8374,16.52418,-38.24535,38f883ff-6d68-4f7d-8db1-3ec82eefefba,83fbb00f-3e86-4d3a-b2c4-f63dd6acb21b,73.81911,Pitching,25410021,,,,,,,,,,,,,,,,,,,,,,,,55e414dc-19b6-4f2c-a58b-4cc31913a13b,3ac21d51-9806-43df-8dc6-220a75943ac6
148,2026-09-09,18:05:35.18,"Strouse, Ryan",1000616393,Right,,,,,,Curveball,Live,,74.24715,3.433527968,-1.237871062,1633.581163,0.2641354358,6:00,6.40434,1.66544,5.65788,-58.71757,-7.67233,-0.03512,4.71731,0.5081,68.17867,-7.518101943,-1.244448134,0.5142200835,-0.32212,-5.0494,-1.56081,50,6.65785,2.3313,-107.84328,4.81701,-0.3797,18.59626,-38.12596,ea8867bf-f5cb-4127-9cc0-9bb83aa2534b,83fbb00f-3e86-4d3a-b2c4-f63dd6acb21b,73.30021,Pitching,25410021,,,,,,,,,,,,,,,,,,,,50.87088291,1030.904235,0.6310701043,,a969ea28-a81e-4629-8fcd-e8c45bfc377a,3ac21d51-9806-43df-8dc6-220a75943ac6
149,2026-09-09,18:05:47.76,"Strouse, Ryan",1000616393,Right,,,,,,Curveball,Live,,74.94317,0.9188971796,-0.7405680837,1536.592219,5.415832587,6:15,6.41518,1.58749,5.44765,-59.30004,-9.23753,-0.8718,2.33383,0.82156,69.76397,-10.01363177,-0.9027972968,0.5092460538,0.27062,-5.13289,-1.52161,50,6.45563,1.43563,-109.06472,-0.00887,0.32818,17.95605,-38.39883,4982f2f8-4d33-47de-800f-0418c202df30,83fbb00f-3e86-4d3a-b2c4-f63dd6acb21b,74.01616,Pitching,25410021,,,,,,,,,,,,,,,,,,,,47.13109698,1045.379313,0.6803231849,,7103405c-5c3b-487a-a8a9-5a5b0addecec,3ac21d51-9806-43df-8dc6-220a75943ac6
150,2026-09-09,18:06:00.23,"Strouse, Ryan",1000616393,Right,,,,,,ChangeUp,Live,,79.54308,-2.393744293,-1.431724313,1539.638681,208.0929269,1:00,6.46037,1.64718,5.78951,-29.73497,14.04659,7.50905,1.75397,0.94097,73.85039,-7.902923359,-0.02856305636,0.4762303232,-4.37817,8.12003,-1.53402,50,6.24549,2.66893,-115.73804,-5.7258,-6.00314,19.40195,-21.04022,71acedb0-fb54-4dc4-94cb-9cc414a0d57d,83fbb00f-3e86-4d3a-b2c4-f63dd6acb21b,79.1475,Pitching,25410021,,,,,,,,,,,,,,,,,,,,16.04342053,1479.673655,0.9610525333,,0aa03db4-47a5-46b7-96be-9a8094f65dad,3ac21d51-9806-43df-8dc6-220a75943ac6
151,2026-09-09,18:06:13.13,"Strouse, Ryan",1000616393,Right,,,,,,ChangeUp,Live,,76.96078,-1.939026787,-1.87851237,1437.29291,197.4241615,12:30,6.34792,1.90627,5.42937,-32.54743,15.19767,4.78036,1.81823,0.54494,70.93182,-7.954692633,-0.9880665164,0.4973198434,-3.0389,8.57743,-1.74329,50,6.15386,3.52361,-111.86694,-4.77932,-3.86327,19.572,-21.2698,fa381951-241f-482c-a715-a0878c7f6b0c,83fbb00f-3e86-4d3a-b2c4-f63dd6acb21b,75.79114,Pitching,25410021,,,,,,,,,,,,,,,,,,,,32.60255916,1210.816268,0.8424283315,,fb415f07-40a8-4807-9e2e-994cd5a4d856,3ac21d51-9806-43df-8dc6-220a75943ac6
152,2026-09-09,18:06:28.07,"Strouse, Ryan",1000616393,Right,,,,,,ChangeUp,Live,,77.49261,-1.543359178,-2.151892448,1474.676687,217.1388761,1:15,6.26263,1.99526,5.63692,-35.25577,11.23425,8.53414,1.88365,0.69823,71.81467,-8.069480891,-0.5603923259,0.4907398131,-5.09755,6.38336,-1.81803,50,6.10902,3.98181,-112.72387,-4.08785,-6.61474,18.85758,-23.89079,949944d9-35c4-47f5-bb08-b3c7258cdc7c,83fbb00f-3e86-4d3a-b2c4-f63dd6acb21b,76.80738,Pitching,25410021,,,,,,,,,,,,,,,,,,,,27.16598716,1312.001513,0.8896875664,,944b6f56-f9e4-4958-bd4a-6526c60ff6a8,3ac21d51-9806-43df-8dc6-220a75943ac6
153,2026-09-09,18:06:42.77,"Strouse, Ryan",1000616393,Right,,,,,,Fastball,Live,,82.69007,1.430290212,-1.588908032,1846.764639,214.4594672,1:15,6.33647,1.75079,6.01736,-26.04667,14.31822,9.85424,5.49137,1.10003,75.75263,-3.469396907,0.2663228407,0.4572705958,-5.75813,7.36843,-1.63189,50,6.43412,3.04717,-120.35878,2.236,-8.47915,22.51469,-21.32365,63ad0f59-19fe-4433-ad51-c369e4afcd76,83fbb00f-3e86-4d3a-b2c4-f63dd6acb21b,82.42918,Pitching,25410021,,,,,,,,,,,,,,,,,,,,17.61181741,1760.203609,0.9531282829,,fa5d77c5-24e5-40c7-a44a-424a05169a62,3ac21d51-9806-43df-8dc6-220a75943ac6
154,2026-09-09,18:06:59.68,"Strouse, Ryan",1000616393,Right,,,,,,Fastball,Live,,82.38476,-2.949065767,-2.281715776,1855.684681,216.7509543,1:15,6.45915,1.42388,5.84993,-25.04306,16.1251,12.04238,1.62773,0.3064,75.64572,-7.617943465,-0.01845267996,0.4617980493,-7.11497,9.49873,-1.2457,50,6.20482,4.40464,-119.68621,-6.92808,-10.32668,22.96984,-18.38758,796e8eef-84ff-43ff-94d4-65804d2fa2b4,83fbb00f-3e86-4d3a-b2c4-f63dd6acb21b,81.62104,Pitching,25410021,,,,,,,,,,,,,,,,,,,196.7346923,10.58231911,1824.123322,0.9829920678,12:30,7518edbd-ad26-4e18-b452-0e2b6c454560,3ac21d51-9806-43df-8dc6-220a75943ac6
155,2026-09-09,18:07:14.36,"Strouse, Ryan",1000616393,Right,,,,,,Curveball,Live,,75.77919,-0.845395297,-2.760296866,1594.170453,31.99531184,7:00,6.23538,1.89908,5.85764,-54.79732,-6.49804,-4.03697,0.88265,-1.00347,70.84133,-10.964881,-3.51500284,0.5001977535,1.456,-3.27564,-1.67295,50,6.13469,5.42745,-110.23076,-3.15997,1.80338,18.37243,-36.23123,ef51a9dd-ddab-429c-9cc6-546d719d44cd,83fbb00f-3e86-4d3a-b2c4-f63dd6acb21b,75.35507,Pitching,25410021,,,,,,,,,,,,,,,,,,,,,,,,4dc6aebc-92b2-4bdc-8660-d3b5fa6bad05,3ac21d51-9806-43df-8dc6-220a75943ac6
156,2026-09-09,18:07:25.71,"Strouse, Ryan",1000616393,Right,,,,,,Curveball,Live,,75.29949,-1.19705802,-2.196570023,1687.717927,22.04920793,6:45,6.3118,1.77547,5.88173,-53.6111,-3.66494,-1.4678,0.73173,-0.38741,68.77395,-11.22386779,-2.474881769,0.5086539751,0.06669,-1.58782,-1.59755,50,6.18475,4.23532,-109.38476,-3.73871,0.07932,22.58317,-34.06267,9eb51d17-d790-4980-9a4f-0728d18352c4,83fbb00f-3e86-4d3a-b2c4-f63dd6acb21b,74.10232,Pitching,25410021,,,,,,,,,,,,,,,,,,,,,,,,e0224da4-062d-487e-bd09-6da9a95c5d1e,3ac21d51-9806-43df-8dc6-220a75943ac6
157,2026-09-09,18:07:42.50,"Strouse, Ryan",1000616393,Right,,,,,,Curveball,Live,,74.72871,0.480030121,-1.359718688,1703.66236,358.9421991,6:00,6.4931,1.72477,5.53981,-56.41201,-6.13839,0.11259,2.24082,0.46327,69.42837,-9.943539524,-1.338718316,0.510318702,-0.4193,-3.39231,-1.60714,50,6.4974,2.57777,-108.73966,-0.72884,-0.50444,18.21631,-36.25515,1c32684d-ef59-443e-a50b-51100a8b52cc,83fbb00f-3e86-4d3a-b2c4-f63dd6acb21b,73.86059,Pitching,25410021,,,,,,,,,,,,,,,,,,,,53.48843521,1013.653597,0.594985028,,ba2e48d5-12d0-4e97-9268-6b8d7a25b28e,3ac21d51-9806-43df-8dc6-220a75943ac6
158,2026-09-09,18:07:53.38,"Strouse, Ryan",1000616393,Right,,,,,,Fastball,Live,,81.86768,-2.228066067,-2.373363438,1884.985322,217.2078115,1:15,6.40384,1.66753,6.1045,-24.7238,16.36094,12.43422,2.28058,0.50797,75.39955,-6.859315153,-0.03050297861,0.4613299826,-7.3785,9.47229,-1.49199,50,6.21964,4.57713,-119.07475,-5.34887,-10.64341,21.85947,-18.51035,597db097-c757-4483-b508-e49770559066,83fbb00f-3e86-4d3a-b2c4-f63dd6acb21b,81.70386,Pitching,25410021,,,,,,,,,,,,,,,,,,,225.532397,15.1281765,1819.660034,0.9653444051,1:30,c17f563a-c33f-48a3-8ef8-550224c0f116,3ac21d51-9806-43df-8dc6-220a75943ac6
159,2026-09-09,18:10:16.80,"Peterson, Charlie",1000616565,Right,,,,,,Fastball,Live,,88.0684,1.108039845,-2.431792203,1756.598233,206.4835505,1:00,5.23121,2.05715,6.72984,-20.47958,14.78062,7.38699,4.53806,0.44943,79.1764,-2.834012875,-1.009845674,0.4273796026,-4.91662,7.88739,-1.89999,50,5.29614,5.24391,-128.13053,1.9327,-8.03832,30.56104,-19.27873,26988792-df93-4c8e-ab91-e5bee1d355fe,83fbb00f-3e86-4d3a-b2c4-f63dd6acb21b,88.19429,Pitching,25410021,,,,,,,,,,,,,,,,,,,,18.78171679,1663.062974,0.9467520476,,17077172-8cb7-4ec5-994f-74c11aeba25e,3ac21d51-9806-43df-8dc6-220a75943ac6
160,2026-09-09,18:10:36.19,"Peterson, Charlie",1000616565,Right,,,,,,Fastball,Live,,88.53725,0.1435631986,-4.384553333,1960.394701,205.9551412,12:45,5.07107,2.02352,6.97848,-18.8028,15.84241,7.74895,3.63511,-1.32575,79.6864,-3.485096986,-2.891461962,0.4236361198,-5.78609,8.87388,-1.75629,50,5.07342,9.66707,-128.63918,-0.15302,-9.54287,30.60514,-17.53855,258cd067-81f7-4364-8920-ea755f65be82,83fbb00f-3e86-4d3a-b2c4-f63dd6acb21b,88.97362,Pitching,25410021,,,,,,,,,,,,,,,,,,,221.5197397,21.18255766,1827.938371,0.9324338461,1:30,4371b772-cf82-4885-b85b-edaf5db7f3b6,3ac21d51-9806-43df-8dc6-220a75943ac6
161,2026-09-09,18:10:52.78,"Peterson, Charlie",1000616565,Right,,,,,,Slider,Live,,81.7559,-0.2701138754,-3.632288261,2141.187269,179.6795802,12:00,5.11634,2.24537,6.62542,-33.56381,7.04363,-0.03966,2.07156,-1.0879,75.02619,-6.633859815,-3.639827855,0.4586424107,-1.00251,3.97865,-1.99948,50,5.08403,7.54992,-118.91689,-1.4252,-1.43367,23.0795,-26.48422,e35eb21a-cb65-4345-a86d-8f4d07927daf,83fbb00f-3e86-4d3a-b2c4-f63dd6acb21b,82.18263,Pitching,25410021,,,,,,,,,,,,,,,,,,,,56.60073707,1178.659357,0.5504700003,,23644903-0085-4b47-bfab-6ca70aee2aed,3ac21d51-9806-43df-8dc6-220a75943ac6
162,2026-09-09,18:11:08.46,"Peterson, Charlie",1000616565,Right,,,,,,Slider,Live,,80.98417,-0.3205381606,-3.138554465,2106.009077,184.8753532,12:15,5.00597,2.47318,6.55457,-34.78861,6.66798,0.57254,1.81261,-0.35934,74.34886,-6.909059399,-3.029731868,0.4634129939,-1.20058,3.77505,-2.25716,50,4.96884,6.44675,-117.84101,-1.56102,-1.68615,22.64703,-26.87221,286ed77d-5134-435c-a1ea-3298c5897561,83fbb00f-3e86-4d3a-b2c4-f63dd6acb21b,81.3366,Pitching,25410021,,,,,,,,,,,,,,,,,,,,57.41939411,1134.055544,0.5384855915,,3c0b4abf-fe55-4f11-9ca4-309e15941903,3ac21d51-9806-43df-8dc6-220a75943ac6
163,2026-09-09,18:11:33.36,"Peterson, Charlie",1000616565,Right,,,,,,Splitter,Live,,70.64353,1.71085383,-0.6210912722,,,,5.0859,1.83534,6.3961,-54.39414,0.72007,7.58881,2.12682,1.89659,64.58468,-8.602916065,0.8270667447,0.534322152,-4.36712,-0.12601,-1.79436,50,5.18335,0.9385,-102.82072,1.80886,-4.63117,18.546,-32.30768,57a71a0f-1aba-48b1-9740-03be9af3a231,83fbb00f-3e86-4d3a-b2c4-f63dd6acb21b,70.54253,Pitching,25410021,,,,,,,,,,,,,,,,,,,,,,,,79004e55-e85e-417a-b6a8-ee98f12af450,3ac21d51-9806-43df-8dc6-220a75943ac6
164,2026-09-09,18:12:01.57,"Peterson, Charlie",1000616565,Right,,,,,,Splitter,Live,,71.58215,0.8981422061,-1.597169549,,,,5.08631,1.90079,6.4824,-50.9581,2.6783,-2.94647,1.66472,0.18861,65.34176,-8.77991949,-2.160557253,0.5271099594,1.1268,1.19799,-1.7875,50,5.12675,2.97285,-104.18351,0.45975,1.22317,19.52004,-30.87359,219282c4-68ae-4d00-9112-97a7e6239950,83fbb00f-3e86-4d3a-b2c4-f63dd6acb21b,71.50773,Pitching,25410021,,,,,,,,,,,,,,,,,,,,,,,,591f900b-adf5-49f0-a327-a84efa185648,3ac21d51-9806-43df-8dc6-220a75943ac6
165,2026-09-09,18:12:26.70,"Peterson, Charlie",1000616565,Right,,,,,,Fastball,Live,,88.44873,-1.180782739,-2.475358228,1852.583528,215.332064,1:15,5.23549,1.97041,6.93033,-21.76757,12.77071,9.07414,2.3456,0.47207,80.14038,-5.365589873,-0.7261488196,0.4229819041,-5.86994,7.54131,-1.81938,50,5.15413,5.33259,-128.75561,-3.21651,-9.7368,29.69728,-19.66485,794283a5-57bf-4a0b-b101-589f3fb040bd,83fbb00f-3e86-4d3a-b2c4-f63dd6acb21b,89.11123,Pitching,25410021,,,,,,,,,,,,,,,,,,,222.7879544,26.88044457,1652.415392,0.8919518966,1:30,668a6249-eaa4-43b8-93e3-e8a32861d4d7,3ac21d51-9806-43df-8dc6-220a75943ac6
166,2026-09-09,18:12:44.48,"Peterson, Charlie",1000616565,Right,,,,,,Fastball,Live,,88.89406,-0.5398613423,-2.887103051,2018.435361,205.4574814,12:45,5.15222,1.90295,6.93889,-16.7609,17.44951,8.329,3.26353,-0.03266,80.32284,-3.769342957,-1.281679601,0.4209693861,-5.58738,9.97371,-1.72637,50,5.11271,6.31008,-129.38009,-1.65298,-9.35278,30.13066,-15.47894,02ee8b54-fde6-4226-a735-dad09c5255d5,83fbb00f-3e86-4d3a-b2c4-f63dd6acb21b,89.53724,Pitching,25410021,,,,,,,,,,,,,,,,,,,,18.39071098,1915.348162,0.9489271734,,80b536f0-6a75-4cd6-bcfa-55b1e958152f,3ac21d51-9806-43df-8dc6-220a75943ac6
167,2026-09-09,18:13:03.57,"Peterson, Charlie",1000616565,Right,,,,,,Cutter,Live,,81.24528,-1.397153016,-4.630905166,2203.82162,164.6005904,11:30,5.037,2.41285,6.53185,-34.10327,7.22153,-2.00559,0.90918,-2.0109,74.90365,-7.814917663,-5.009992176,0.4626757953,-0.17296,4.37208,-2.09065,50,4.92502,9.6095,-117.98822,-3.77699,-0.244,22.28961,-26.0062,c177ecd1-77c4-435a-a549-a39ffa4cd944,83fbb00f-3e86-4d3a-b2c4-f63dd6acb21b,81.4662,Pitching,25410021,,,,,,,,,,,,,,,,,,,,,,,,22127c14-6b8f-4b14-9db2-16625419a7dd,3ac21d51-9806-43df-8dc6-220a75943ac6
168,2026-09-09,18:13:20.95,"Peterson, Charlie",1000616565,Right,,,,,,Cutter,Live,,82.05743,-2.463485582,-3.454406303,2240.882069,217.0779802,1:15,5.13078,2.25252,6.57563,-34.27162,5.9523,4.51863,0.01175,-0.54042,76.01534,-8.903749102,-2.597715514,0.4564714473,-3.40725,3.93816,-2.01765,50,4.94696,7.08314,-119.3036,-6.04079,-4.93524,21.88237,-26.46981,246a2c1c-dbdb-403b-9ef8-ce1d874dcc62,83fbb00f-3e86-4d3a-b2c4-f63dd6acb21b,82.57349,Pitching,25410021,,,,,,,,,,,,,,,,,,,,62.0282874,1051.053437,0.469035587,,adac094c-ca42-480e-b0ce-523e18346cde,3ac21d51-9806-43df-8dc6-220a75943ac6
169,2026-09-09,18:14:34.78,"Peterson, Charlie",1000616565,Right,,,,,,Slider,Live,,70.36211,-0.07211223291,-1.582638761,1829.185471,77.08509677,8:30,4.74145,2.25394,5.80913,,,,,,,,,,4.37035,-1.10815,-2.11906,50,4.70081,3.06184,-102.38558,-1.65168,4.63831,16.93074,-33.35015,813af235-9342-4e0a-8efe-ac0abaf54977,83fbb00f-3e86-4d3a-b2c4-f63dd6acb21b,,Pitching,25410021,,,,,,,,,,,,,,,,,,,,,,,,797150cc-ba92-4891-8acb-7ab46b6102ec,3ac21d51-9806-43df-8dc6-220a75943ac6
170,2026-09-09,18:14:59.92,"Peterson, Charlie",1000616565,Right,,,,,,Slider,Live,,71.02395,-0.2478610156,-3.165147412,2055.488474,91.38196537,9:00,4.87356,2.22937,6.55339,-53.99396,0.2529,-12.50099,0.14648,-1.71714,65.59176,-10.41082266,-5.542247563,0.5301010693,5.96193,0.21498,-2.00583,50,4.83327,5.99467,-103.30237,-1.66646,6.3886,18.54997,-31.94369,d1f08bdb-1d19-4477-8e88-7759a28d9998,83fbb00f-3e86-4d3a-b2c4-f63dd6acb21b,71.10425,Pitching,25410021,,,,,,,,,,,,,,,,,,,,,,,,3b37c112-f7ac-48e4-95a6-4e577cea80f1,3ac21d51-9806-43df-8dc6-220a75943ac6
171,2026-09-09,18:15:27.27,"Peterson, Charlie",1000616565,Right,,,,,,Slider,Live,,70.14989,0.1413328512,-2.533498922,1909.893817,87.46295654,9:00,5.11339,2.33544,5.9558,-57.65791,-0.66431,-13.96808,0.43974,-1.17923,64.61146,-10.61528214,-5.167453187,0.5433559546,6.7872,-0.40379,-2.12667,50,5.09256,4.86161,-101.96696,-1.19257,7.06912,18.44546,-32.59461,9e76b430-52ac-44bf-945c-a3a4792c39db,83fbb00f-3e86-4d3a-b2c4-f63dd6acb21b,69.3697,Pitching,25410021,,,,,,,,,,,,,,,,,,,60.17541754,55.87327536,1071.4985,0.5610251682,8:00,3d706107-d913-4647-8055-250a2b68a356,3ac21d51-9806-43df-8dc6-220a75943ac6
172,2026-09-09,18:16:16.52,"Peterson, Charlie",1000616565,Right,,,,,,Splitter,Live,,72.0581,0.3813628392,-2.114854355,703.914603,288.489929,3:30,5.11157,1.80893,6.46449,-56.52472,-3.48255,10.28127,0.75165,0.72264,65.94352,-10.32732134,-0.147350333,0.5241819242,-6.35028,-2.04474,-1.66454,50,5.11324,3.63265,-104.84563,-0.61612,-6.97331,19.95656,-34.4194,06667a2e-9e12-4756-b50a-fb80ab1a1f9e,83fbb00f-3e86-4d3a-b2c4-f63dd6acb21b,71.90717,Pitching,25410021,,,,,,,,,,,,,,,,,,,,44.02620424,506.1301018,0.7190220229,,4351e96d-95da-4477-bcf2-f2a06fc167c8,3ac21d51-9806-43df-8dc6-220a75943ac6
173,2026-09-09,18:16:55.27,"Peterson, Charlie",1000616565,Right,,,,,,Splitter,Live,,71.15822,0.6132501253,-3.172915087,,,,5.19941,1.66815,6.87378,-49.97267,3.88401,0.7406,1.5947,-1.16427,64.62003,-8.963321964,-3.030113245,0.5281912377,-1.472,1.97588,-1.46747,50,5.22009,5.72155,-103.49136,0.06734,-1.56664,20.27983,-30.07114,09747725-680f-4d79-abef-ced4cb074239,83fbb00f-3e86-4d3a-b2c4-f63dd6acb21b,71.36135,Pitching,25410021,,,,,,,,,,,,,,,,,,,,,,,,41b6049e-7247-4c9a-8110-234a4cd053e2,3ac21d51-9806-43df-8dc6-220a75943ac6
174,2026-09-09,18:17:10.69,"Peterson, Charlie",1000616565,Right,,,,,,Fastball,Live,,89.28956,-2.016899849,-2.076481014,2175.904984,215.7590574,1:15,5.36633,1.96356,6.79111,-16.67453,17.34682,12.5015,2.13409,1.10942,81.01535,-5.209984652,0.3258228408,0.4198045857,-7.6172,10.3053,-1.83392,50,5.2293,4.37529,-129.94657,-5.02768,-12.89893,29.68342,-14.72311,1a833acc-6975-4f76-8314-1e7fd0fa9d83,83fbb00f-3e86-4d3a-b2c4-f63dd6acb21b,89.78568,Pitching,25410021,,,,,,,,,,,,,,,,,,,,15.95916471,2092.041039,0.9614579013,,621e6a00-3187-4b36-ac33-3d7c44f460fe,3ac21d51-9806-43df-8dc6-220a75943ac6
175,2026-09-09,18:17:24.89,"Peterson, Charlie",1000616565,Right,,,,,,Fastball,Live,,89.68298,-1.319357517,-2.366142831,2104.928769,224.5568355,1:30,5.23328,1.88458,6.72036,-21.65577,12.2752,12.1104,2.22166,0.73017,81.09774,-5.470025319,-0.03777271038,0.4192465771,-7.5048,7.26393,-1.73324,50,5.13764,5.06072,-130.49404,-3.60053,-12.76325,30.97545,-19.82044,946c35b7-f33a-4da4-858c-fe22f3e71b93,83fbb00f-3e86-4d3a-b2c4-f63dd6acb21b,89.90518,Pitching,25410021,,,,,,,,,,,,,,,,,,,,17.80378511,2004.122037,0.9521091956,,82ffc476-2e83-4e48-a950-57c1c1b3e703,3ac21d51-9806-43df-8dc6-220a75943ac6
176,2026-09-09,18:18:13.32,"Ireland, Cameron",1000617587,Right,,,,,,Fastball,Live,,86.11639,,,1966.419005,,,5.65207,2.80622,5.63848,,,,5.67543,1.6728,79.2023,-2.478074758,-0.7163817794,0.4413332328,-3.15425,5.7155,-2.66751,50,5.83316,3.48956,-125.26098,4.23909,-5.06258,22.88602,-23.00065,6739a256-7595-405c-be93-63d398e1b74a,83fbb00f-3e86-4d3a-b2c4-f63dd6acb21b,85.40585,Pitching,25410021,,,,,,,,,,,,,,,,,,,,37.35805191,1563.026015,0.7948590871,,17a6edaa-b945-4cab-96e5-bc28788b5b05,3ac21d51-9806-43df-8dc6-220a75943ac6
177,2026-09-09,18:18:51.54,"Ireland, Cameron",1000617587,Right,,,,,,,Live,,86.25848,0.5568044562,-3.30093997,2077.618178,207.7838497,1:00,5.69545,2.41471,5.96492,-20.71789,16.5309,8.74284,4.48603,0.07969,78.94995,-3.33492868,-1.659261807,0.4392659228,-5.60629,8.78234,-2.15812,50,5.72798,6.9614,-125.41495,0.5762,-8.96293,24.46776,-18.13349,618e7283-42fa-4d5c-8a9d-e56d93b574cf,83fbb00f-3e86-4d3a-b2c4-f63dd6acb21b,85.80779,Pitching,25410021,,,,,,,,,,,,,,,,,,,202.9691872,35.39362488,1693.658228,0.8151922455,12:45,83fa4303-ac4e-4e35-9df4-8b9226258ac8,3ac21d51-9806-43df-8dc6-220a75943ac6
178,2026-09-09,18:19:04.05,"Ireland, Cameron",1000617587,Right,,,,,,Fastball,Live,,85.42296,-1.070428705,-3.173604365,2045.828618,215.9744013,1:15,5.59589,2.64717,5.98768,-23.25706,14.70035,10.69989,2.66423,0.59492,78.36907,-5.432733419,-1.162506837,0.4434245022,-6.6374,8.23672,-2.40299,50,5.49856,6.55831,-124.2018,-3.03773,-10.404,24.06628,-19.26315,eed6a555-dc63-4df4-a3df-c58ccf8f1427,83fbb00f-3e86-4d3a-b2c4-f63dd6acb21b,85.00306,Pitching,25410021,,,,,,,,,,,,,,,,,,,,30.60770192,1760.790665,0.8606735919,,8d94183a-6ae7-442e-bb79-6ddd877e384f,3ac21d51-9806-43df-8dc6-220a75943ac6
179,2026-09-09,18:19:17.07,"Ireland, Cameron",1000617587,Right,,,,,,Fastball,Live,,86.13673,-0.9638522519,-2.607461071,2128.28687,224.96691,1:30,5.70577,2.78303,5.87522,-23.88551,13.46549,13.4828,2.81923,1.48355,79.26708,-5.428986623,-0.08020783059,0.4398681285,-7.93183,7.49661,-2.58033,50,5.61399,5.2797,-125.31165,-2.86692,-12.69579,23.75355,-20.17487,e022112b-7610-474b-a91f-10524a69cdff,83fbb00f-3e86-4d3a-b2c4-f63dd6acb21b,85.69032,Pitching,25410021,,,,,,,,,,,,,,,,,,,,34.30718619,1758.023715,0.8260276091,,9da72ca4-b845-4345-889c-0ee70edd16b6,3ac21d51-9806-43df-8dc6-220a75943ac6
180,2026-09-09,18:19:29.27,"Ireland, Cameron",1000617587,Right,,,,,,Fastball,Live,,86.33949,-3.019686303,-5.276910746,2023.803208,226.0123495,1:30,5.55142,2.57065,6.15692,-25.76637,11.05249,11.45705,0.60042,-1.3628,80.26499,-7.812725704,-3.137535492,0.4367235051,-7.45914,6.70966,-2.17562,50,5.30794,11.21453,-125.16975,-7.40978,-12.01343,21.67285,-21.3677,ce95d3ff-d2bb-4568-9342-2086386a87ed,83fbb00f-3e86-4d3a-b2c4-f63dd6acb21b,86.30733,Pitching,25410021,,,,,,,,,,,,,,,,,,,,33.63607338,1684.963221,0.8325726607,,c5e7fae9-5a94-4edd-9794-a7b78c26635c,3ac21d51-9806-43df-8dc6-220a75943ac6
181,2026-09-09,18:19:46.91,"Ireland, Cameron",1000617587,Right,,,,,,Curveball,Live,,73.36649,2.149323131,0.3332903469,2336.287486,37.65354177,7:15,5.82161,2.34134,5.35591,-66.09425,-12.96102,-9.95793,2.33015,1.82404,67.40223,-10.10563509,-1.529398341,0.5246316888,5.37758,-7.51113,-2.3643,50,5.96845,-0.33038,-106.58902,2.07782,6.1434,19.51538,-40.75484,4d37b897-542e-41a3-81de-9c4ada9c1f83,83fbb00f-3e86-4d3a-b2c4-f63dd6acb21b,71.84552,Pitching,25410021,,,,,,,,,,,,,,,,,,,,37.28527491,1858.81853,0.7956291943,,229729ac-80fc-4353-a6b7-87c1cb66aea1,3ac21d51-9806-43df-8dc6-220a75943ac6
182,2026-09-09,18:20:05.04,"Ireland, Cameron",1000617587,Right,,,,,,Curveball,Live,,72.8646,2.595148169,-0.5198946985,2212.34057,36.87748144,7:15,5.84776,2.41143,5.4177,-69.32845,-15.25089,-11.39977,2.50283,0.97449,66.62098,-10.30457529,-2.659781214,0.5292732431,5.90076,-8.9353,-2.35757,50,6.03092,1.28419,-105.78525,2.82275,6.59858,20.25959,-42.16604,90533223-bcce-4166-9d78-ee2e122524b6,83fbb00f-3e86-4d3a-b2c4-f63dd6acb21b,71.21546,Pitching,25410021,,,,,,,,,,,,,,,,,,,17.96744773,34.67271677,1819.462133,0.8224150285,6:30,90f71066-ade0-4e93-8ac2-679797d7eae2,3ac21d51-9806-43df-8dc6-220a75943ac6
183,2026-09-09,18:20:20.39,"Ireland, Cameron",1000617587,Right,,,,,,Slider,Live,,76.12738,-0.6197541005,-3.17523413,2473.082985,46.3754903,7:30,5.64186,2.73255,5.31804,-57.38881,-8.04475,-8.40453,0.27699,-0.95039,70.57364,-11.14932732,-4.736166757,0.5055787866,3.53093,-4.076,-2.43918,50,5.54498,6.38729,-110.52752,-2.94387,4.3534,20.30911,-37.19948,0de8a7c1-d27d-4a3d-b95f-37897c0a86ae,83fbb00f-3e86-4d3a-b2c4-f63dd6acb21b,74.55305,Pitching,25410021,,,,,,,,,,,,,,,,,,,,,,,,98c3039f-98d5-404d-a35e-ab1ed180c09a,3ac21d51-9806-43df-8dc6-220a75943ac6
184,2026-09-09,18:20:34.59,"Ireland, Cameron",1000617587,Right,,,,,,Slider,Live,,75.66347,0.3657310343,-2.398628877,1238.927076,69.34394952,8:15,5.49558,2.79746,5.38528,-52.85872,-3.55668,-9.33989,1.43375,-0.23014,70.41244,-9.352953204,-4.129348286,0.5053634872,4.31814,-1.97532,-2.57673,50,5.49128,4.89104,-110.027,-0.89404,5.32929,18.28276,-34.61191,316dfe5e-e6e9-4571-9fb2-b93e473eb843,83fbb00f-3e86-4d3a-b2c4-f63dd6acb21b,74.58481,Pitching,25410021,,,,,,,,,,,,,,,,,,,,0.15801567,1238.922364,0.999996197,,096b14d5-c274-4129-ad7a-c10e21ba4cee,3ac21d51-9806-43df-8dc6-220a75943ac6
185,2026-09-09,18:20:52.35,"Ireland, Cameron",1000617587,Right,,,,,,Splitter,Live,,76.31761,1.045941488,-3.377492546,922.2169638,245.2698708,2:15,5.66499,2.63117,5.33311,-45.93863,2.49725,5.5312,2.81979,-0.07998,70.80267,-7.416071962,-2.355209014,0.5009045329,-3.74127,1.06047,-2.33027,50,5.72661,6.37451,-110.9011,0.61214,-4.71465,17.63045,-30.83767,a08f40a6-f96c-47d8-b946-7bac93b106bf,83fbb00f-3e86-4d3a-b2c4-f63dd6acb21b,75.24875,Pitching,25410021,,,,,,,,,,,,,,,,,,,,35.82073432,747.7815434,0.8108520801,,2c21ba4f-edf2-4789-b6de-29efb34871bd,3ac21d51-9806-43df-8dc6-220a75943ac6
186,2026-09-09,18:21:13.29,"Ireland, Cameron",1000617587,Right,,,,,,Splitter,Live,,76.43908,0.12309424,-2.465487973,940.8955128,225.4330633,1:30,5.84867,2.5478,5.40651,-43.15552,4.57265,4.68748,2.3678,0.62729,71.52472,-7.802707842,-1.600084377,0.4972316466,-3.02261,2.38465,-2.33183,50,5.82936,4.64652,-111.26194,-1.08775,-3.86263,16.32129,-29.12668,979dbe86-3898-4848-8e6d-f271b76651c9,83fbb00f-3e86-4d3a-b2c4-f63dd6acb21b,75.80459,Pitching,25410021,,,,,,,,,,,,,,,,,,,,36.76361302,753.7623406,0.8011116329,,69b8783a-eaf1-4dd8-8f52-b10f9bb91c38,3ac21d51-9806-43df-8dc6-220a75943ac6
187,2026-09-09,18:21:28.75,"Ireland, Cameron",1000617587,Right,,,,,,Fastball,Live,,84.42723,0.06300898888,-3.235735356,2156.356877,213.4738993,1:00,5.7473,2.68059,5.84803,-23.17642,15.90351,10.55469,3.87457,0.5506,77.2808,-4.280834586,-1.256611854,0.4499334342,-6.55247,8.54096,-2.42386,50,5.73883,6.6108,-122.73718,-0.58519,-10.02488,23.61978,-19.10689,df128593-bed5-471e-9c65-122bedfaec36,83fbb00f-3e86-4d3a-b2c4-f63dd6acb21b,83.77337,Pitching,25410021,,,,,,,,,,,,,,,,,,,,35.25082744,1760.95266,0.8166332202,,820abd14-b384-4607-9fd1-5fdfe1f4d1c2,3ac21d51-9806-43df-8dc6-220a75943ac6
188,2026-09-09,18:21:41.98,"Ireland, Cameron",1000617587,Right,,,,,,Fastball,Live,,85.81112,-0.9170784655,-2.790280479,2184.337981,190.8183565,12:15,5.85563,2.29379,5.86706,-22.65122,14.91103,2.85797,3.11518,-0.06164,79.18903,-5.142758202,-2.256050561,0.4411103268,-2.2373,8.24717,-2.06973,50,5.76814,5.99414,-124.84385,-2.71816,-3.56442,22.90645,-19.03486,39571e5b-7bbd-4d2c-8c5c-4672937b67e0,83fbb00f-3e86-4d3a-b2c4-f63dd6acb21b,85.44901,Pitching,25410021,,,,,,,,,,,,,,,,,,,,38.93740694,1699.050169,0.7778330018,,f77441ee-85e7-4570-84fd-4f4422a3bd96,3ac21d51-9806-43df-8dc6-220a75943ac6
189,2026-09-09,18:21:56.81,"Ireland, Cameron",1000617587,Right,,,,,,Fastball,Live,,84.17884,-0.06311647193,-1.570509264,2110.63591,210.6204977,1:00,5.63684,2.48522,6.02427,-22.3146,16.55481,9.82118,3.71883,1.84894,77.3068,-4.2551626,0.2775757052,0.4487199465,-5.72917,8.97704,-2.36792,50,5.61969,3.065,-122.57684,-0.80702,-8.76163,23.05754,-18.44544,54ff77b7-350f-444f-84c6-486d8a9d99e9,83fbb00f-3e86-4d3a-b2c4-f63dd6acb21b,83.99992,Pitching,25410021,,,,,,,,,,,,,,,,,,,,34.15309855,1746.636507,0.82754041,,905cb5d9-be90-4506-9ce6-8ebdb19ecbe0,3ac21d51-9806-43df-8dc6-220a75943ac6
190,2026-09-09,18:22:12.04,"Ireland, Cameron",1000617587,Right,,,,,,Fastball,Live,,84.96567,-2.155319531,-3.802285942,2248.605953,208.0798085,1:00,5.69316,2.28203,6.10574,-19.71885,18.73561,10.01415,2.05176,-0.40426,77.58937,-5.866269055,-1.91338397,0.4463183681,-6.52062,10.79757,-1.99535,50,5.51708,7.9019,-123.37021,-5.23868,-10.03378,24.90453,-15.559,e776bac6-fef1-4e78-a7b0-63c234b0b960,83fbb00f-3e86-4d3a-b2c4-f63dd6acb21b,84.45191,Pitching,25410021,,,,,,,,,,,,,,,,,,,,,,,,bf34b24b-5107-4fc0-9760-e72e89f95303,3ac21d51-9806-43df-8dc6-220a75943ac6
191,2026-09-09,18:22:27.43,"Ireland, Cameron",1000617587,Right,,,,,,Fastball,Live,,84.67096,-3.55112896,-4.048163691,2109.996288,227.4203115,1:30,5.61006,2.63102,6.07577,-26.48683,11.67695,12.68907,0.10511,-0.06289,79.16221,-8.454512331,-1.680393962,0.4446282891,-7.7595,7.10344,-2.32489,50,5.32052,8.31563,-122.92266,-8.44859,-12.10508,19.88834,-21.09245,ad1504a0-b85f-46dc-b9ad-6e518ec4df35,83fbb00f-3e86-4d3a-b2c4-f63dd6acb21b,84.77292,Pitching,25410021,,,,,,,,,,,,,,,,,,,,,,,,fec95edd-d03a-4c39-a9f1-a717cb6e363b,3ac21d51-9806-43df-8dc6-220a75943ac6
192,2026-09-09,18:22:51.24,"Ireland, Cameron",1000617587,Right,,,,,,,Live,,84.27927,-2.164737626,-4.144473789,2087.105797,216.0914361,1:15,5.48672,2.62178,6.05913,-26.82567,11.85899,8.66776,1.24174,-0.49801,78.20459,-7.160096831,-2.523802814,0.4476522448,-5.6891,6.93812,-2.30479,50,5.30389,8.61088,-122.43079,-5.4465,-8.74724,21.22886,-21.50637,5d55c648-4a42-426d-8918-06165a06d051,83fbb00f-3e86-4d3a-b2c4-f63dd6acb21b,84.20027,Pitching,25410021,,,,,,,,,,,,,,,,,,,,42.1128516,1548.268184,0.7418254438,,b5c610f7-bda6-4a32-939b-578c93ea7321,3ac21d51-9806-43df-8dc6-220a75943ac6
193,2026-09-09,18:23:07.44,"Ireland, Cameron",1000617587,Right,,,,,,Curveball,Live,,73.11529,0.7010107528,-1.761203199,2245.926075,29.9982763,7:00,5.80293,2.38766,5.30528,-68.04006,-13.50212,-7.77343,0.79122,0.08632,66.43299,-11.94715429,-3.225743338,0.5315214055,3.50737,-7.42842,-2.22253,50,5.81889,3.48506,-106.07695,-0.65652,3.89144,22.58346,-40.41592,6f7fc86d-5324-4c41-aa29-6823c92da63c,83fbb00f-3e86-4d3a-b2c4-f63dd6acb21b,70.91424,Pitching,25410021,,,,,,,,,,,,,,,,,,,,37.00597206,1793.535423,0.7985727773,,2782242a-78e6-45d4-8a2b-d26a8c6bb059,3ac21d51-9806-43df-8dc6-220a75943ac6
194,2026-09-09,18:23:26.44,"Ireland, Cameron",1000617587,Right,,,,,,Curveball,Live,,71.64205,0.4884575462,-1.735996239,2293.332769,39.19203502,7:15,5.66646,2.45243,5.57737,-69.2177,-13.59407,-11.05308,0.35468,-0.09029,65.98345,-12.34284239,-3.815405352,0.5367858241,5.35811,-7.43438,-2.29619,50,5.66408,3.45556,-104.08508,-0.99676,5.78959,19.92158,-40.20711,17d55825-bca8-4bcf-9297-462b0f48959f,83fbb00f-3e86-4d3a-b2c4-f63dd6acb21b,70.21877,Pitching,25410021,,,,,,,,,,,,,,,,,,,,33.63053596,1909.488928,0.8326261907,,b34706c7-cd53-4eb1-bfd6-bd0fbf270759,3ac21d51-9806-43df-8dc6-220a75943ac6
195,2026-09-09,18:23:45.89,"Ireland, Cameron",1000617587,Right,,,,,,Slider,Live,,75.48611,-0.149464659,-2.371357464,2486.229301,49.16529184,7:45,5.55934,2.52303,5.14845,-58.22768,-8.01089,-9.22761,0.56622,-0.47942,70.1958,-10.79960048,-4.078523158,0.5100301517,4.19637,-4.16498,-2.29449,50,5.50137,4.82959,-109.68971,-2.0984,5.12104,19.10375,-37.25677,a3fd12c4-f51e-431f-ad37-c201e33f80e2,83fbb00f-3e86-4d3a-b2c4-f63dd6acb21b,73.90237,Pitching,25410021,,,,,,,,,,,,,,,,,,,,47.25466455,1687.505664,0.6787409608,,de6f238c-9057-4aee-8d16-ea1731263cee,3ac21d51-9806-43df-8dc6-220a75943ac6
196,2026-09-09,18:24:02.67,"Ireland, Cameron",1000617587,Right,,,,,,Slider,Live,,75.47287,-0.1004568609,-3.644283303,2457.583669,47.98156337,7:30,5.59197,2.70506,5.31863,-58.55652,-8.23913,-9.11528,0.61781,-1.47877,69.82748,-10.85776118,-5.336215023,0.5105407776,3.75684,-4.32968,-2.36868,50,5.54135,7.24969,-109.51692,-1.95573,4.54042,20.22409,-37.4068,c27e2b05-8b47-4bd7-980a-dd330c4c54c2,83fbb00f-3e86-4d3a-b2c4-f63dd6acb21b,73.82846,Pitching,25410021,,,,,,,,,,,,,,,,,,,,48.87851127,1616.249125,0.6576578228,,8273d33b-d844-4bbe-a7dc-7396166e78dd,3ac21d51-9806-43df-8dc6-220a75943ac6
197,2026-09-09,18:24:17.32,"Ireland, Cameron",1000617587,Right,,,,,,Fastball,Live,,83.28106,-1.220676323,-3.867672701,2110.371044,189.2974746,12:15,5.62259,2.53328,5.97599,-21.00942,19.10787,3.13935,2.73764,-0.79542,76.21748,-5.160644333,-3.278328112,0.4558659745,-2.76725,10.67323,-2.22926,50,5.51431,8.08427,-120.96597,-3.21114,-4.10302,23.44853,-16.34876,bc2692db-eb2c-47ff-9458-fc1996691cd7,83fbb00f-3e86-4d3a-b2c4-f63dd6acb21b,82.68316,Pitching,25410021,,,,,,,,,,,,,,,,,,,,38.76424579,1645.517149,0.7797288319,,860b02cd-01cd-4c84-b14e-fb94b8662d23,3ac21d51-9806-43df-8dc6-220a75943ac6
198,2026-09-09,18:24:38.91,"Ireland, Cameron",1000617587,Right,,,,,,Splitter,Live,,76.1978,-2.170134249,-3.788876273,1031.867544,254.414446,2:30,5.81099,2.38655,5.5818,,,,,,,,,,-5.54363,1.87966,-2.06617,50,5.59412,7.07933,-110.47108,-5.55588,-6.77561,21.69159,-29.87667,f02a09ca-e934-4459-877d-4198d10d9793,83fbb00f-3e86-4d3a-b2c4-f63dd6acb21b,,Pitching,25410021,,,,,,,,,,,,,,,,,,,,19.25237755,974.1607011,0.9440753387,,ee22d251-900c-4432-aaab-c02ae8ee2a05,3ac21d51-9806-43df-8dc6-220a75943ac6
199,2026-09-09,18:24:58.28,"Ireland, Cameron",1000617587,Right,,,,,,Splitter,Live,,77.1275,-0.466359164,-2.273264122,1108.27533,247.8603784,2:15,5.93385,2.36191,5.36901,-43.27575,4.79667,11.88745,1.88999,1.2203,70.48806,-8.503108758,-0.04963892292,0.4990216728,-6.98383,2.68326,-2.16655,50,5.86198,4.08507,-112.04255,-2.23296,-8.81373,21.60524,-28.78772,db4a324f-0f6c-46dd-9a1d-51adbdd6fe44,83fbb00f-3e86-4d3a-b2c4-f63dd6acb21b,75.53267,Pitching,25410021,,,,,,,,,,,,,,,,,,,,14.48542746,1073.044687,0.9682112904,,f20152d0-c563-4626-9654-cf60c9a29053,3ac21d51-9806-43df-8dc6-220a75943ac6
200,2026-09-09,18:26:19.49,"Lee, Ming",1000498809,Right,,,,,,Fastball,Live,,83.77273,-1.32464799,-4.12302132,1952.879183,249.719331,2:15,5.71041,1.39797,5.65246,-34.97188,4.88588,13.283,1.5574,-1.34658,77.56013,-7.800459094,-1.651771553,0.4543890784,-8.11989,2.93896,-1.05707,50,5.57582,8.3438,-121.65433,-3.94099,-12.2866,21.70057,-27.72696,b02bf11a-a508-4a09-8d3c-0aa2b01ee065,83fbb00f-3e86-4d3a-b2c4-f63dd6acb21b,82.9519,Pitching,25410021,,,,,,,,,,,,,,,,,,,,42.24024439,1445.780121,0.740332599,,20add1ac-33be-449a-a1e9-fc070635d1bf,3ac21d51-9806-43df-8dc6-220a75943ac6
201,2026-09-09,18:26:32.65,"Lee, Ming",1000498809,Right,,,,,,Fastball,Live,,84.50233,0.4541557745,-0.3919447429,1997.506754,219.087067,1:15,5.52872,1.15418,5.61067,-28.0768,11.24159,9.15855,3.61285,1.5516,77.35934,-4.789182518,1.322244069,0.451304123,-4.99662,5.87598,-1.12661,50,5.54946,0.54451,-122.97383,0.06511,-7.65955,24.14296,-23.16649,985a9695-36a9-41ad-9e82-b8a9e6a82058,83fbb00f-3e86-4d3a-b2c4-f63dd6acb21b,83.51893,Pitching,25410021,,,,,,,,,,,,,,,,,,,229.0054357,46.7365701,1368.998642,0.6853536988,1:45,4c33f920-dacc-4db3-9281-c18f9d84f04c,3ac21d51-9806-43df-8dc6-220a75943ac6
202,2026-09-09,18:26:47.82,"Lee, Ming",1000498809,Right,,,,,,Slider,Live,,76.38148,1.443470425,-1.453513661,2515.426187,40.7423829,7:15,5.47116,1.48009,5.06496,-58.77057,-9.36588,-8.03695,1.93521,-0.56028,70.30291,-9.377746022,-2.944437623,0.5058893374,3.79439,-5.32427,-1.336,50,5.56264,3.07058,-110.95641,0.93093,4.71451,20.4708,-38.78943,e1b23e49-f952-4e21-abc1-10740ab6377a,83fbb00f-3e86-4d3a-b2c4-f63dd6acb21b,74.50728,Pitching,25410021,,,,,,,,,,,,,,,,,,,4.867676766,61.39460879,1204.321837,0.478774469,6:15,61cc6600-d7e4-4f75-a45a-6f48149db069,3ac21d51-9806-43df-8dc6-220a75943ac6
203,2026-09-09,18:27:00.71,"Lee, Ming",1000498809,Right,,,,,,Slider,Live,,72.6059,-5.431551834,-4.234021985,2369.509834,,,5.54145,1.33456,4.94624,,,,,,,,,,2.67563,-1.4249,-0.9174,50,4.96248,7.98175,-104.69053,-11.8604,2.93616,19.52539,-33.7377,0c55aa49-39c8-41c5-8f31-72e221ff9b23,83fbb00f-3e86-4d3a-b2c4-f63dd6acb21b,,Pitching,25410021,,,,,,,,,,,,,,,,,,,,,,,,41872221-92af-4936-8300-fa7b83944c5c,3ac21d51-9806-43df-8dc6-220a75943ac6
204,2026-09-09,18:27:18.32,"Lee, Ming",1000498809,Right,,,,,,ChangeUp,Live,,79.98199,1.503631538,-3.847420258,1654.96255,268.0076444,3:00,5.24265,1.75803,5.07003,-44.17908,0.39798,13.20268,2.98205,-0.77412,74.01144,-6.605529288,-1.419024196,0.4805372853,-7.8249,-0.15679,-1.40328,50,5.35089,7.3647,-116.10979,1.56955,-10.81755,19.15726,-32.39081,fbc28718-1c23-422f-ad3c-eabd3d713b15,83fbb00f-3e86-4d3a-b2c4-f63dd6acb21b,78.43812,Pitching,25410021,,,,,,,,,,,,,,,,,,,,33.88534061,1373.875368,0.8301549595,,c0c33e27-311a-4c5c-9c2b-8eac0237b409,3ac21d51-9806-43df-8dc6-220a75943ac6
205,2026-09-09,18:27:31.68,"Lee, Ming",1000498809,Right,,,,,,ChangeUp,Live,,79.10215,0.4271114004,-0.6034537638,1675.465967,245.2735978,2:15,5.26889,1.85647,5.57848,-38.42135,6.48307,14.16223,2.46598,2.47312,72.72513,-6.723506132,2.044432886,0.4822985105,-7.71488,3.33953,-1.81385,50,5.28061,0.78038,-115.11109,-0.31395,-10.36879,21.03317,-27.68573,76b6bc4e-1cf0-43bf-a3f4-17746bda9fe3,83fbb00f-3e86-4d3a-b2c4-f63dd6acb21b,78.15168,Pitching,25410021,,,,,,,,,,,,,,,,,,,,23.39716387,1537.699577,0.9177742833,,20e3fdcc-9eb5-4374-a546-aaa07868cdbf,3ac21d51-9806-43df-8dc6-220a75943ac6
206,2026-09-09,18:27:46.13,"Lee, Ming",1000498809,Right,,,,,,Fastball,Live,,83.17816,0.9184595703,-5.115998327,2151.867419,239.0255599,2:00,5.64726,1.23036,5.44132,-33.77036,7.3453,12.37129,3.69645,-2.5411,76.08352,-5.352667261,-2.82053621,0.4615035512,-7.94494,3.64681,-0.78603,50,5.70559,10.38724,-120.53974,0.83579,-11.72264,22.80595,-26.79324,ced84dcf-b7dc-41f8-82bc-4f7f9aebaa20,83fbb00f-3e86-4d3a-b2c4-f63dd6acb21b,81.67313,Pitching,25410021,,,,,,,,,,,,,,,,,,,,50.62165021,1365.227488,0.634438477,,1fffc818-04b3-4dc0-a5a8-ce99eb182f04,3ac21d51-9806-43df-8dc6-220a75943ac6
207,2026-09-09,18:28:12.40,"Lee, Ming",1000498809,Right,,,,,,Fastball,Live,,82.6706,1.510734602,-5.053794147,2013.160109,218.972459,1:15,5.53019,1.52633,5.50702,-31.64047,9.89632,8.07782,4.31195,-2.53841,75.54177,-4.373656808,-3.55416417,0.463860975,-5.66541,4.85077,-1.09028,50,5.64124,10.33472,-119.79919,2.15463,-8.25452,22.5873,-25.10647,760c78ae-4885-4b6f-b1fe-426461ab01c2,83fbb00f-3e86-4d3a-b2c4-f63dd6acb21b,81.25805,Pitching,25410021,,,,,,,,,,,,,,,,,,,234.4733415,57.44244995,1083.375009,0.5381464715,1:45,c4aea62f-0895-41d5-a28d-1505a31a9d6c,3ac21d51-9806-43df-8dc6-220a75943ac6
208,2026-09-09,18:28:32.37,"Lee, Ming",1000498809,Right,,,,,,Slider,Live,,76.85882,1.697812969,0.6334571853,2442.767556,64.59217374,8:15,5.56446,1.5925,4.81569,-54.50278,-5.64258,-11.7807,2.63117,1.21077,71.03424,-8.278503733,-1.535849981,0.5030938338,6.273,-3.37064,-1.64538,50,5.68687,-0.84205,-111.70217,1.49312,7.96867,19.09974,-36.45582,2958820b-be57-4ecd-a9e3-3a533e8764e5,83fbb00f-3e86-4d3a-b2c4-f63dd6acb21b,74.92129,Pitching,25410021,,,,,,,,,,,,,,,,,,,,,,,,52ee9d5c-cb8a-4899-b423-3671d66f8f89,3ac21d51-9806-43df-8dc6-220a75943ac6
209,2026-09-09,18:28:52.35,"Lee, Ming",1000498809,Right,,,,,,Slider,Live,,75.01981,2.058353082,-1.677310733,2404.218797,57.28247926,8:00,5.46378,1.39641,5.05187,-58.13394,-7.21336,-11.17818,2.56199,-1.11726,69.44557,-8.612091432,-3.740700522,0.5135918106,5.39989,-4.31712,-1.22817,50,5.61415,3.54326,-108.998,2.09123,6.52579,18.3422,-37.3913,3fbb3272-37d0-4db3-b1c3-9f2642eb98fb,83fbb00f-3e86-4d3a-b2c4-f63dd6acb21b,73.38988,Pitching,25410021,,,,,,,,,,,,,,,,,,,,63.33296951,1079.025068,0.4488048547,,d34e296e-b9e3-4e7b-bcce-21ffddc918f6,3ac21d51-9806-43df-8dc6-220a75943ac6
210,2026-09-09,18:29:07.45,"Lee, Ming",1000498809,Right,,,,,,ChangeUp,Live,,80.48246,-0.2365853686,-2.32211523,1710.927043,282.3925026,3:30,5.40974,1.74724,5.46139,-47.28124,-3.9084,17.65068,1.24804,1.04377,74.7655,-8.956855699,0.9598154668,0.4740021845,-9.94369,-2.01133,-1.555,50,5.3567,4.18604,-117.07104,-1.98733,-13.91794,20.33592,-34.98927,9d4f1686-d609-4759-b164-806aa0f36a2f,83fbb00f-3e86-4d3a-b2c4-f63dd6acb21b,79.51955,Pitching,25410021,,,,,,,,,,,,,,,,,,,,32.7392788,1439.129558,0.8411402255,,2e9927a6-cf16-4684-8c31-1f77b6d37707,3ac21d51-9806-43df-8dc6-220a75943ac6
211,2026-09-09,18:29:22.19,"Lee, Ming",1000498809,Right,,,,,,ChangeUp,Live,,79.79358,1.873429039,-2.180834125,1670.570651,267.3142139,3:00,5.34654,1.74837,5.06932,-44.28559,0.53184,12.46728,3.42406,0.73045,73.6107,-6.277910479,0.1205593161,0.4818311231,-7.06547,-0.19525,-1.55135,50,5.48968,3.99837,-115.95698,2.31294,-9.7064,19.85883,-32.44228,9ab1a048-a3b9-4b5c-8812-faf38399d068,83fbb00f-3e86-4d3a-b2c4-f63dd6acb21b,78.22749,Pitching,25410021,,,,,,,,,,,,,,,,,,,236.2755907,36.33237122,1345.801151,0.8055936755,2:00,111c1d21-3f3d-4ecd-89e6-e23196e16146,3ac21d51-9806-43df-8dc6-220a75943ac6
212,2026-09-09,18:29:38.19,"Lee, Ming",1000498809,Right,,,,,,Fastball,Live,,84.26725,1.974790607,-4.337738792,2249.382782,187.70471,12:15,5.81111,1.38075,5.14041,-25.4126,14.80766,2.01314,5.55866,-2.54311,77.44551,-2.707290561,-3.967599055,0.4564506725,-2.13996,7.26095,-0.97585,50,5.977,9.19963,-122.20995,3.33809,-3.26832,21.85707,-21.08452,e2fb10ce-9e2d-42db-9e0e-174e0589bd89,83fbb00f-3e86-4d3a-b2c4-f63dd6acb21b,82.57724,Pitching,25410021,,,,,,,,,,,,,,,,,,,,,,,,3df724a3-31c3-406b-bfa5-34d51f08cb31,3ac21d51-9806-43df-8dc6-220a75943ac6
213,2026-09-09,18:30:11.90,"Lee, Ming",1000498809,Right,,,,,,Fastball,Live,,84.63675,-0.6152440966,-2.011408062,2052.440662,233.5819997,1:45,5.57594,1.48691,5.41561,-30.10753,9.44164,12.84322,2.49033,0.6724,77.55888,-6.208145184,0.3838712898,0.4526265932,-7.36315,5.17499,-1.31723,50,5.50059,3.89179,-123.05323,-2.32989,-11.29916,24.22936,-24.23274,fefef6ff-dde0-4f88-8dca-c7d394f82917,83fbb00f-3e86-4d3a-b2c4-f63dd6acb21b,83.27491,Pitching,25410021,,,,,,,,,,,,,,,,,,,219.1009648,41.98861818,1525.533444,0.7432777338,1:15,dd525d56-5bec-47bb-933b-32173f6b9f67,3ac21d51-9806-43df-8dc6-220a75943ac6
214,2026-09-09,18:31:33.15,"Powell, Kasen",1000539201,Right,,,,,,Fastball,Live,,81.67675,-0.123796923,-3.538438014,1845.69692,204.8949039,12:45,5.85309,2.74467,6.97184,-26.25633,13.49434,6.28938,3.55226,0.0465,75.4384,-5.124145363,-2.339617462,0.4537782012,-4.41163,7.58486,-2.52881,50,5.83616,7.20469,-118.94753,-0.88599,-6.37902,20.83611,-21.20667,4ec76a43-5453-4923-92c9-6d4e36f37e86,83fbb00f-3e86-4d3a-b2c4-f63dd6acb21b,83.06357,Pitching,25410021,,,,,,,,,,,,,,,,,,,,31.37009721,1575.897738,0.853822597,,18c932a5-38cd-4c47-b15b-61a11e2bb9c3,3ac21d51-9806-43df-8dc6-220a75943ac6
215,2026-09-09,18:31:44.99,"Powell, Kasen",1000539201,Right,,,,,,Fastball,Live,,81.58502,-0.4320977213,-2.72472435,1969.621098,197.3022348,12:30,5.87624,2.64657,6.84072,-24.63765,15.43172,4.82229,3.42867,0.56219,75.21029,-5.118960434,-1.805752913,0.4555936326,-3.3915,8.71271,-2.4743,50,5.8393,5.53812,-118.86539,-1.50459,-4.88593,21.30283,-19.62217,d6e4faf0-d309-40b3-a36e-096b4b6d2822,83fbb00f-3e86-4d3a-b2c4-f63dd6acb21b,82.73259,Pitching,25410021,,,,,,,,,,,,,,,,,,,,29.41747399,1715.666141,0.8710640554,,7f6955ee-7c89-486b-a313-c7d416d13f59,3ac21d51-9806-43df-8dc6-220a75943ac6
216,2026-09-09,18:32:47.84,"Powell, Kasen",1000539201,Right,,,,,,Fastball,Live,,81.62035,-0.2994548533,-3.929118277,1964.363069,197.3825646,12:30,5.8414,2.73943,7.05647,-23.48561,16.52101,5.19385,3.61171,-0.40106,74.77207,-4.796588391,-2.934454026,0.4552367845,-4.00791,9.37741,-2.50475,50,5.81548,8.03708,-118.77346,-1.16812,-5.72926,22.60031,-18.76916,1250ec09-9b0f-4b20-89e7-ad044ec10a7b,83fbb00f-3e86-4d3a-b2c4-f63dd6acb21b,82.79744,Pitching,25410021,,,,,,,,,,,,,,,,,,,,33.09993448,1645.584936,0.8377193411,,216fde0e-9b9f-4d1a-80e4-a2976998069b,3ac21d51-9806-43df-8dc6-220a75943ac6
217,2026-09-09,18:33:18.63,"Powell, Kasen",1000539201,Right,,,,,,Fastball,Live,,81.55205,-2.379312097,-2.747717061,1962.47862,210.4710615,1:00,5.8372,2.57481,7.1473,-24.26016,15.26704,8.99404,1.65511,0.83178,75.69569,-6.994176415,-1.026981937,0.452500906,-5.73935,9.18199,-2.41687,50,5.68997,5.49546,-118.79723,-5.49754,-8.29589,20.31521,-18.90202,70354ab4-5498-4946-9696-911ed5ecf2ef,83fbb00f-3e86-4d3a-b2c4-f63dd6acb21b,83.29804,Pitching,25410021,,,,,,,,,,,,,,,,,,,,18.92438616,1856.401563,0.9459474078,,c8a88683-72a3-45b9-a6b9-775a7b2f30ff,3ac21d51-9806-43df-8dc6-220a75943ac6
218,2026-09-09,18:33:32.00,"Powell, Kasen",1000539201,Right,,,,,,Fastball,Live,,82.04172,-0.9367255806,-0.7900957244,2089.298235,208.6737786,1:00,5.89607,2.7718,6.8149,-21.9209,17.75502,9.72655,3.21466,2.86155,75.50475,-5.109336727,1.067512426,0.4533513324,-5.62847,10.14036,-2.72472,50,5.82745,1.40745,-119.62148,-2.50192,-8.19225,22.10027,-17.41474,52dfbba9-9045-4310-92e7-e446201bc20b,83fbb00f-3e86-4d3a-b2c4-f63dd6acb21b,83.14178,Pitching,25410021,,,,,,,,,,,,,,,,,,,,20.1859028,1960.969259,0.9385779524,,e621f4ff-bf78-480e-91c3-ffc691db568c,3ac21d51-9806-43df-8dc6-220a75943ac6
219,2026-09-09,18:33:55.89,"Powell, Kasen",1000539201,Right,,,,,,Fastball,Live,,82.53564,-1.929134947,-4.842643665,1972.370731,189.6644791,12:15,5.82129,2.86075,7.17883,-23.21397,15.51676,2.65462,2.1323,-1.31537,76.50514,-6.342982765,-4.336967792,0.4479187509,-2.69738,9.22854,-2.58032,50,5.70172,10.10366,-119.97532,-4.58788,-3.97382,20.87535,-18.57845,214beb0c-23e2-4109-8c76-0e7a7b6b3583,83fbb00f-3e86-4d3a-b2c4-f63dd6acb21b,84.15017,Pitching,25410021,,,,,,,,,,,,,,,,,,,,,,,,2a11e923-9220-4097-b655-b3681e5e0a2e,3ac21d51-9806-43df-8dc6-220a75943ac6
220,2026-09-09,18:34:18.45,"Powell, Kasen",1000539201,Right,,,,,,Fastball,Live,,80.26289,-1.948617638,-2.43565061,1953.149725,180.766158,12:00,5.89903,2.60221,7.08114,-27.82545,13.29655,0.17833,1.80943,0.40518,74.15192,-7.246759804,-2.401483179,0.461539117,-0.74662,7.99846,-2.45691,50,5.7734,4.96957,-116.92843,-4.61648,-1.03826,21.12903,-21.05124,670631f2-06ae-4707-85da-25b7d76389b9,83fbb00f-3e86-4d3a-b2c4-f63dd6acb21b,81.66684,Pitching,25410021,,,,,,,,,,,,,,,,,,,,35.13372457,1597.307573,0.8178111248,,5676f1d3-41d0-48f2-8e1d-3b71f2694635,3ac21d51-9806-43df-8dc6-220a75943ac6
221,2026-09-09,18:34:29.83,"Powell, Kasen",1000539201,Right,,,,,,ChangeUp,Live,,74.44909,-0.9991241834,-3.286088797,1740.85213,214.6168174,1:15,5.67804,2.75006,7.38534,-35.67265,11.49181,7.96619,1.80225,0.44569,68.98019,-7.827374024,-1.752918198,0.4942865648,-5.3844,6.79565,-2.57353,50,5.61368,6.0732,-108.48514,-2.5918,-6.45816,17.83266,-24.0232,411e9dc0-19dd-46de-8aa8-b9971788150c,83fbb00f-3e86-4d3a-b2c4-f63dd6acb21b,76.25625,Pitching,25410021,,,,,,,,,,,,,,,,,,,197.6439505,34.78704465,1429.723964,0.8212782342,12:30,b2c0961e-b5a3-4b22-93dd-8edba5badab9,3ac21d51-9806-43df-8dc6-220a75943ac6
222,2026-09-09,18:34:41.06,"Powell, Kasen",1000539201,Right,,,,,,ChangeUp,Live,,74.04864,0.5554712523,-2.799473114,1729.447613,229.6058688,1:45,5.59881,3.09652,7.22158,-39.79556,8.3687,9.89929,2.78591,1.38554,68.15065,-7.077655726,-0.8934669044,0.4994980938,-6.37336,4.58361,-2.93931,50,5.61843,5.0762,-107.90646,0.24217,-7.52219,18.5974,-26.76422,80e832e5-9d70-4e21-92fb-d0ff761af312,83fbb00f-3e86-4d3a-b2c4-f63dd6acb21b,75.46063,Pitching,25410021,,,,,,,,,,,,,,,,,,,216.359266,32.6084854,1456.839277,0.8423725968,1:15,e63043eb-966f-43e7-ae6a-fdfd7539edcb,3ac21d51-9806-43df-8dc6-220a75943ac6
223,2026-09-09,18:34:52.25,"Powell, Kasen",1000539201,Right,,,,,,ChangeUp,Live,,73.60926,0.8783288783,-3.587254482,1880.399254,237.717534,2:00,5.75069,2.91707,7.15452,-42.08736,7.29838,11.65709,3.04108,0.63309,67.09274,-7.221234118,-1.336638603,0.5057922454,-7.68778,3.86228,-2.7111,50,5.78878,6.47856,-107.11176,0.79177,-8.85129,20.04862,-27.72723,ca9976ce-203a-4c1d-90b0-e19b6b55ff7b,83fbb00f-3e86-4d3a-b2c4-f63dd6acb21b,74.52158,Pitching,25410021,,,,,,,,,,,,,,,,,,,,43.63267353,1360.992515,0.7237784808,,bfd4d37a-3361-4dfe-a9af-23ed6d00a36f,3ac21d51-9806-43df-8dc6-220a75943ac6
224,2026-09-09,18:35:24.42,"Powell, Kasen",1000539201,Right,,,,,,ChangeUp,Live,,75.91479,-2.859356166,-4.975643027,1761.567051,241.3362108,2:00,5.68407,2.9303,7.11291,,,,,,,,,,-8.58257,4.72658,-2.63987,50,5.5016,9.31644,-110.26563,-6.35894,-10.72137,16.91649,-26.2696,30d4cc74-2412-4120-b0e6-28514e173dfb,83fbb00f-3e86-4d3a-b2c4-f63dd6acb21b,,Pitching,25410021,,,,,,,,,,,,,,,,,,,,20.00398913,1655.289607,0.9396688059,,d2fab4f1-8df6-4729-bdb0-f1faff1e67b1,3ac21d51-9806-43df-8dc6-220a75943ac6
225,2026-09-09,18:35:36.85,"Powell, Kasen",1000539201,Right,,,,,,ChangeUp,Live,,76.12979,-2.11279142,-4.776045077,1804.75066,234.567049,1:45,5.75055,2.63374,7.13389,-36.3379,9.04123,12.74055,0.79926,-0.64488,71.22523,-8.981283639,-2.35182556,0.4848411203,-8.26962,5.57351,-2.35676,50,5.61414,8.97407,-110.68694,-4.87909,-10.42858,16.70177,-25.14546,9214e8ad-24b7-44f9-884e-48345991830b,83fbb00f-3e86-4d3a-b2c4-f63dd6acb21b,77.74184,Pitching,25410021,,,,,,,,,,,,,,,,,,,,30.93445293,1548.035616,0.8577559495,,1d287856-00ce-43bd-87f5-3aca98d8d12e,3ac21d51-9806-43df-8dc6-220a75943ac6
226,2026-09-09,18:35:52.36,"Powell, Kasen",1000539201,Right,,,,,,ChangeUp,Live,,73.54919,-0.1653027079,-3.175603334,1715.885768,233.3401655,1:45,5.70512,2.98968,7.25026,-39.1111,9.56255,12.91948,2.2961,1.1906,67.93311,-7.65198392,-0.6905304154,0.502132549,-8.16397,5.45881,-2.81336,50,5.68392,5.68752,-107.16603,-1.09135,-9.53056,17.85427,-25.80146,0da6a8ec-70f8-4812-bfd5-88125847f840,83fbb00f-3e86-4d3a-b2c4-f63dd6acb21b,75.06472,Pitching,25410021,,,,,,,,,,,,,,,,,,,215.4967939,26.10479507,1540.849555,0.8979907542,1:15,112144bb-eb5b-42b2-b374-7ffcdee26975,3ac21d51-9806-43df-8dc6-220a75943ac6
227,2026-09-09,18:36:05.62,"Powell, Kasen",1000539201,Right,,,,,,,Live,,73.19666,-0.007091486222,-2.510955063,1671.046435,245.5346617,2:15,5.68126,2.91224,6.9359,-41.97886,7.62995,16.8762,2.17656,2.03185,67.808,-7.984167206,0.7155038635,0.5069332894,-10.09548,4.27022,-2.76207,50,5.66572,4.31342,-106.67547,-0.92006,-11.70397,17.30404,-27.22346,abd0bbc1-b3ae-462f-8802-99f861946bda,83fbb00f-3e86-4d3a-b2c4-f63dd6acb21b,74.35384,Pitching,25410021,,,,,,,,,,,,,,,,,,,,11.57330475,1637.072105,0.9796688295,,8bf1bf6a-61b0-48dd-8674-271e62c7f0dd,3ac21d51-9806-43df-8dc6-220a75943ac6
228,2026-09-09,18:36:20.25,"Powell, Kasen",1000539201,Right,,,,,,Slider,Live,,71.72832,0.004747085502,-2.289567782,1950.382698,131.305848,10:30,5.58624,2.86419,6.56288,-45.27688,7.38771,-8.46424,1.81753,0.05903,66.33068,-8.535717282,-3.896991903,0.522312896,4.04442,4.08055,-2.70318,50,5.56706,4.37074,-104.46067,-1.03026,4.47193,17.48485,-27.66217,75381816-ac97-4086-828d-d397d2fab9df,83fbb00f-3e86-4d3a-b2c4-f63dd6acb21b,72.16448,Pitching,25410021,,,,,,,,,,,,,,,,,,,128.6815306,66.5102995,777.3917498,0.3985842115,10:15,e63d8fa0-c1e5-4344-97d7-4e4a97e35630,3ac21d51-9806-43df-8dc6-220a75943ac6
229,2026-09-09,18:36:31.31,"Powell, Kasen",1000539201,Right,,,,,,Slider,Live,,71.26133,-1.610317203,-4.831054094,2087.73652,144.9519472,10:45,5.52511,3.00122,6.51801,-47.47263,5.76845,-4.09722,0.08608,-1.78283,66.92819,-10.43360237,-5.600068006,0.5251638393,1.07804,3.56594,-2.66296,50,5.39172,8.84409,-103.51793,-4.02061,1.18421,15.28403,-28.25692,d79fe79c-2c40-43d3-b7a7-ccb557649970,83fbb00f-3e86-4d3a-b2c4-f63dd6acb21b,71.77272,Pitching,25410021,,,,,,,,,,,,,,,,,,,,,,,,6c503bb2-b72d-4508-8dd8-0154a7e2795b,3ac21d51-9806-43df-8dc6-220a75943ac6
230,2026-09-09,18:36:54.22,"Powell, Kasen",1000539201,Right,,,,,,Curveball,Live,,69.9748,0.07014809868,-3.136404511,1920.681193,112.1024004,9:45,5.51475,3.07527,6.56688,-52.65931,3.476,-8.68619,1.19087,-0.52617,64.1042,-9.898556243,-4.794909829,0.539249153,3.8157,1.90505,-2.85613,50,5.4972,5.76706,-101.74883,-1.03738,3.94406,18.87835,-30.20492,ac4cf4db-eb7d-4dac-a2fe-74ec41cd39c2,83fbb00f-3e86-4d3a-b2c4-f63dd6acb21b,69.898,Pitching,25410021,,,,,,,,,,,,,,,,,,,,,,,,dc73f4fa-1182-4426-8883-873f5162a3eb,3ac21d51-9806-43df-8dc6-220a75943ac6
231,2026-09-09,18:37:06.57,"Powell, Kasen",1000539201,Right,,,,,,Fastball,Live,,81.73872,-1.574512053,-2.807758795,1960.409959,200.2073462,12:45,5.71672,2.75316,7.11376,-25.67011,14.05857,5.18849,2.14736,0.63681,75.11991,-6.484205981,-1.811229261,0.453652673,-3.6985,8.35955,-2.58884,50,5.61521,5.71961,-119.05171,-3.86583,-5.31301,22.65594,-20.16529,ccf78640-add9-4156-ae25-ad174dff7a18,83fbb00f-3e86-4d3a-b2c4-f63dd6acb21b,83.08656,Pitching,25410021,,,,,,,,,,,,,,,,,,,,28.65693422,1720.273209,0.8775068709,,713f7662-45cf-43e8-875d-4f6ece8ea414,3ac21d51-9806-43df-8dc6-220a75943ac6
232,2026-09-09,18:37:30.49,"Martinez, Jacob",1000617588,Right,,,,,,Fastball,Live,,85.87635,-1.815954117,-1.954735961,2141.224778,213.5902953,1:00,6.05863,1.61716,5.85842,-26.84623,11.28274,7.5098,2.13301,0.42647,78.08569,-6.857683347,-0.5363046496,0.4444254241,-4.64986,6.64493,-1.46314,50,5.89589,4.02495,-124.8059,-4.79813,-7.26724,27.25785,-21.78872,f7aa77d2-eea2-41fb-a403-baab1895cfbe,83fbb00f-3e86-4d3a-b2c4-f63dd6acb21b,84.81162,Pitching,25410021,,,,,,,,,,,,,,,,,,,,18.89720463,2025.815249,0.9461011611,,03ff1e1c-0bc1-4c95-9fe2-5a30d19349d8,3ac21d51-9806-43df-8dc6-220a75943ac6
233,2026-09-09,18:37:37.89,"Martinez, Jacob",1000617588,Right,,,,,,Fastball,Live,,86.01142,0.7715485219,-1.512701257,2093.98295,211.3449582,1:00,5.9806,1.19171,6.16157,-21.68461,16.17755,9.87742,4.88647,0.61732,77.10887,-3.365830129,0.3734751299,0.4428677992,-5.91151,8.59348,-1.08218,50,6.02804,3.01281,-125.06516,1.04842,-9.18056,29.80378,-18.82839,866c09e9-c3d9-4377-908f-677b674b600f,83fbb00f-3e86-4d3a-b2c4-f63dd6acb21b,85.10991,Pitching,25410021,,,,,,,,,,,,,,,,,,,,6.926502696,2078.700361,0.9927016653,,e2a68cbe-eded-45a2-9116-b4d029db61f4,3ac21d51-9806-43df-8dc6-220a75943ac6
234,2026-09-09,18:37:47.31,"Martinez, Jacob",1000617588,Right,,,,,,Fastball,Live,,85.70974,-1.855520462,-2.443248761,2050.836903,225.7211722,1:30,5.82667,1.69352,6.77073,-23.79964,13.37507,13.73371,2.14714,0.60595,77.45375,-6.418655778,0.2026971475,0.4388288852,-8.4691,8.07813,-1.53973,50,5.69665,4.96523,-124.66882,-4.65631,-13.11544,28.80717,-19.66407,562ea438-ba81-4861-8a3d-d9fa4f99db48,83fbb00f-3e86-4d3a-b2c4-f63dd6acb21b,85.89325,Pitching,25410021,,,,,,,,,,,,,,,,,,,,11.7721381,2007.701068,0.9789667158,,cee8dab5-97a3-4b1e-9ae2-8a4f0a4b8d8e,3ac21d51-9806-43df-8dc6-220a75943ac6
235,2026-09-09,18:38:03.24,"Martinez, Jacob",1000617588,Right,,,,,,Fastball,Live,,86.96057,-0.5410300687,-1.741076513,2153.430362,229.488168,1:45,5.871,1.96165,5.7724,-23.04572,14.64546,17.17865,3.44688,1.77275,77.91398,-4.90347856,1.519910409,0.4418666875,-9.86956,8.09215,-1.82815,50,5.8127,3.29377,-126.32586,-1.92612,-15.60392,30.91889,-19.38025,aa725b0a-4af0-4743-92d8-2fc039efc533,83fbb00f-3e86-4d3a-b2c4-f63dd6acb21b,85.30274,Pitching,25410021,,,,,,,,,,,,,,,,,,,,10.04512151,2120.419774,0.9846706964,,91d00cfe-c420-469e-afd6-f548731ed888,3ac21d51-9806-43df-8dc6-220a75943ac6
236,2026-09-09,18:38:13.81,"Martinez, Jacob",1000617588,Right,,,,,,Fastball,Live,,87.91894,-0.9389684,-1.667043402,2164.195808,208.2499228,1:00,5.93107,1.61362,5.59621,-23.14645,14.26372,7.68116,3.12522,0.69709,78.14827,-5.323704656,-0.2074817343,0.4402163958,-4.7396,8.01252,-1.47577,50,5.83614,3.46091,-127.59441,-2.85314,-7.58146,33.51434,-19.35723,bf02e9eb-2f73-442e-93eb-95e2a791d8be,83fbb00f-3e86-4d3a-b2c4-f63dd6acb21b,85.62252,Pitching,25410021,,,,,,,,,,,,,,,,,,,,20.54634718,2026.528275,0.9363885963,,7fa333d7-3a69-4d7c-80ff-377d0f4be8e5,3ac21d51-9806-43df-8dc6-220a75943ac6
237,2026-09-09,18:38:28.80,"Martinez, Jacob",1000617588,Right,,,,,,Fastball,Live,,88.38237,-1.955273735,-1.662437638,2195.570872,218.5848787,1:15,5.90325,1.76772,5.9094,-23.70113,12.26965,9.80404,2.11212,1.04149,80.18257,-6.416434276,0.1929776985,0.4316645153,-5.81888,7.24387,-1.64008,50,5.73309,3.41617,-128.45586,-5.14156,-9.61865,29.26733,-20.19988,63aad83b-ca0d-4046-bcc8-1a245a659f1a,83fbb00f-3e86-4d3a-b2c4-f63dd6acb21b,87.31883,Pitching,25410021,,,,,,,,,,,,,,,,,,,,28.16738194,1935.554527,0.8815723289,,fc1acdb5-dcd6-41de-8661-5f27b70b9a52,3ac21d51-9806-43df-8dc6-220a75943ac6
238,2026-09-09,18:38:40.40,"Martinez, Jacob",1000617588,Right,,,,,,ChangeUp,Live,,81.24186,-1.558450353,-2.585684484,1624.277633,209.5486356,1:00,5.48632,2.05688,5.86182,-29.48493,13.19487,7.49991,1.57982,0.27848,73.79702,-7.09875865,-1.16885063,0.4701999507,-4.84992,7.60914,-1.85181,50,5.34303,5.10864,-118.02342,-4.08401,-6.76844,24.68258,-21.55492,78437e82-6a1a-459d-901a-c2b2d892581b,83fbb00f-3e86-4d3a-b2c4-f63dd6acb21b,80.16258,Pitching,25410021,,,,,,,,,,,,,,,,,,,,25.97398521,1460.214212,0.8989929933,,eb50705e-46b1-4d5b-93f5-c7bc198c14bb,3ac21d51-9806-43df-8dc6-220a75943ac6
239,2026-09-09,18:38:51.18,"Martinez, Jacob",1000617588,Right,,,,,,ChangeUp,Live,,80.3928,-1.946395808,-2.156596319,1642.625369,230.6554147,1:45,5.45584,1.97281,5.88924,-32.86568,10.39042,12.70034,0.90804,1.02807,73.6792,-8.091381441,0.2371583216,0.4733638734,-7.47715,6.17006,-1.80653,50,5.28021,4.02961,-116.86362,-4.93485,-10.30349,22.75584,-23.67173,dc28827f-8ad9-49e2-8937-0775ec48e084,83fbb00f-3e86-4d3a-b2c4-f63dd6acb21b,79.62678,Pitching,25410021,,,,,,,,,,,,,,,,,,,,11.25964478,1611.008817,0.9807524263,,4c5951bf-4bb8-4b39-808a-c20fa635e690,3ac21d51-9806-43df-8dc6-220a75943ac6
240,2026-09-09,18:39:03.27,"Martinez, Jacob",1000617588,Right,,,,,,ChangeUp,Live,,80.95072,-0.7252152876,-1.629459364,2111.955926,204.206215,12:45,5.59834,1.71982,5.82691,-38.31958,4.46285,2.02264,1.73067,0.37342,74.06971,-7.89859824,-1.248322513,0.4707649533,-1.57012,2.61861,-1.58811,50,5.51667,3.28921,-117.7389,-2.62991,-2.19129,23.55909,-28.51948,f85b19ba-f503-429b-826c-9a6d3d10e39f,83fbb00f-3e86-4d3a-b2c4-f63dd6acb21b,80.06637,Pitching,25410021,,,,,,,,,,,,,,,,,,,,70.59690791,701.6171749,0.3322120344,,124cf4e2-a49a-4937-87c7-8debd9e5ada5,3ac21d51-9806-43df-8dc6-220a75943ac6
241,2026-09-09,18:39:15.15,"Martinez, Jacob",1000617588,Right,,,,,,Slider,Live,,80.8271,0.0428984744,-1.119111709,1995.366695,196.9669877,12:30,5.52431,2.02881,5.26128,-40.89054,2.84167,0.8783,2.15707,1.05063,74.03507,-7.534499659,-0.9554468346,0.4759618271,-0.78416,1.48737,-1.92713,50,5.49861,2.2668,-117.50805,-1.24707,-1.09318,22.88305,-30.10055,265cbc56-98f1-4dec-b3f2-a4dee657659e,83fbb00f-3e86-4d3a-b2c4-f63dd6acb21b,79.19215,Pitching,25410021,,,,,,,,,,,,,,,,,,,,,,,,60f1474b-8fd8-42d1-8089-c7163c60d382,3ac21d51-9806-43df-8dc6-220a75943ac6
242,2026-09-09,18:39:33.89,"Martinez, Jacob",1000617588,Right,,,,,,Slider,Live,,78.6436,-2.408221642,-3.269223632,2022.486509,225.4988785,1:30,5.54628,1.88254,5.66197,,,,,,,,,,-2.59239,2.28002,-1.60809,50,5.31563,6.42941,-114.07435,-6.07957,-3.37712,23.21278,-29.20385,435492a5-13b3-4f3c-a8e6-2cfbc0dc4150,83fbb00f-3e86-4d3a-b2c4-f63dd6acb21b,,Pitching,25410021,,,,,,,,,,,,,,,,,,,,,,,,077c1607-a37d-46de-a3e6-2bb9f60c5429,3ac21d51-9806-43df-8dc6-220a75943ac6
243,2026-09-09,18:40:25.90,"Martinez, Jacob",1000617588,Right,,,,,,Slider,Live,,77.9944,0.2416831803,-1.941941039,,,,5.8795,1.50045,5.57183,-46.91834,-0.44217,-1.29681,2.19548,-0.42195,71.59979,-8.487308383,-2.184798757,0.4906666423,0.13073,-0.30588,-1.33255,50,5.86988,3.88367,-113.3956,-0.92685,0.16957,21.47604,-32.57079,f7d5737c-42fc-4e9a-a0df-d2d5bb13f804,83fbb00f-3e86-4d3a-b2c4-f63dd6acb21b,76.81883,Pitching,25410021,,,,,,,,,,,,,,,,,,,,,,,,b039380c-bfc1-4d0e-97ff-e71ee8da5551,3ac21d51-9806-43df-8dc6-220a75943ac6
244,2026-09-09,18:40:37.85,"Martinez, Jacob",1000617588,Right,,,,,,Slider,Live,,77.90148,-1.357171136,-2.236730444,678.6803724,54.50901312,7:45,5.75792,1.53797,6.0101,-49.07968,-2.64574,-3.65313,0.40964,-0.83935,71.03755,-10.5654796,-2.93069042,0.490443726,1.2466,-0.98967,-1.36068,50,5.62498,4.52065,-113.18218,-4.02651,1.58767,24.15846,-33.43449,f29edbb4-0846-4501-a054-0cf427281719,83fbb00f-3e86-4d3a-b2c4-f63dd6acb21b,76.85375,Pitching,25410021,,,,,,,,,,,,,,,,,,,,,,,,7e4f66cd-ab67-4674-8eb4-4a442d316796,3ac21d51-9806-43df-8dc6-220a75943ac6
245,2026-09-09,18:40:51.27,"Martinez, Jacob",1000617588,Right,,,,,,Fastball,Live,,86.67873,-1.397962649,-2.086079952,2188.459601,244.5025746,2:15,5.46145,2.07194,5.96116,-29.77046,7.18449,15.10633,1.68337,1.39587,79.56059,-6.974172829,0.7597549922,0.4375298692,-8.74611,4.27233,-1.91512,50,5.33399,4.12123,-126.08938,-4.00847,-14.08371,25.57863,-25.2944,841c10e8-e924-410f-a6a6-de35a6fd4cff,83fbb00f-3e86-4d3a-b2c4-f63dd6acb21b,86.14826,Pitching,25410021,,,,,,,,,,,,,,,,,,,,17.00066804,2092.826864,0.956301347,,8813700b-fc71-4e6e-950f-97664fb6d3dd,3ac21d51-9806-43df-8dc6-220a75943ac6
246,2026-09-09,18:41:03.01,"Martinez, Jacob",1000617588,Right,,,,,,Fastball,Live,,87.51649,-2.075275709,-2.261835952,2188.231816,243.2735191,2:00,5.34896,2.1681,6.03106,-27.72173,8.60158,17.09639,1.11495,1.49744,80.03947,-7.278999481,0.9695018733,0.4337746307,-9.93134,5.26857,-2.00091,50,5.17191,4.49524,-127.22592,-5.47285,-16.21286,27.07602,-23.57314,0966bed1-78bc-48d9-915c-2bc5ea39ee4d,83fbb00f-3e86-4d3a-b2c4-f63dd6acb21b,86.89406,Pitching,25410021,,,,,,,,,,,,,,,,,,,,14.72746772,2116.339625,0.9671459895,,90d1814b-16f2-4448-95c5-6b6754095672,3ac21d51-9806-43df-8dc6-220a75943ac6
247,2026-09-09,18:41:23.99,"Martinez, Jacob",1000617588,Right,,,,,,Fastball,Live,,86.7786,-2.33764317,-2.063920315,2149.750919,218.7584363,1:15,5.82761,1.66726,6.2095,-24.42807,12.04381,9.68032,1.63216,0.56854,79.80694,-6.925204763,-0.2345113408,0.4346608423,-5.83603,7.19916,-1.51758,50,5.64004,4.26017,-126.23813,-5.8864,-9.44261,25.05768,-20.5259,0ee6d21e-5dd1-4383-a3cd-d6585db9f2c3,83fbb00f-3e86-4d3a-b2c4-f63dd6acb21b,86.7169,Pitching,25410021,,,,,,,,,,,,,,,,,,,,14.40204558,2082.193453,0.9685742817,,2255244a-6e3a-4171-8e78-6b8ddbb85ebe,3ac21d51-9806-43df-8dc6-220a75943ac6
248,2026-09-09,18:41:37.66,"Martinez, Jacob",1000617588,Right,,,,,,Fastball,Live,,87.71181,0.3215784573,-1.424132362,2302.933497,210.4684576,1:00,5.98799,1.70537,6.06103,-18.09445,17.97453,10.59616,4.7778,1.27023,79.7038,-3.099863567,0.5810871508,0.4322533106,-6.17299,9.67145,-1.60071,50,6.00322,2.84613,-127.65008,0.15765,-10.13522,27.48468,-16.29482,30e108ee-d9c9-4408-ad5c-a40344a16276,83fbb00f-3e86-4d3a-b2c4-f63dd6acb21b,87.19989,Pitching,25410021,,,,,,,,,,,,,,,,,,,,24.39631013,2097.305171,0.910710263,,8e6b05d5-eb28-4cc1-9474-a7f391a3d18a,3ac21d51-9806-43df-8dc6-220a75943ac6
249,2026-09-09,18:41:50.39,"Martinez, Jacob",1000617588,Right,,,,,,ChangeUp,Live,,78.30044,-2.528671466,-4.018013028,1589.610867,255.0738504,2:30,5.38312,2.19557,,,,,,,,,,,-7.66425,2.37412,-1.81156,50,5.09801,7.53647,-113.59178,-6.49751,-10.19211,17.33633,-29.01689,4400aba7-95b2-424f-909d-26c382480420,83fbb00f-3e86-4d3a-b2c4-f63dd6acb21b,,Pitching,25410021,,,,,,,,,,,,,,,,,,,,18.49453259,1507.513712,0.9483539295,,63667a28-7220-4920-abae-2ba1eabdc55d,3ac21d51-9806-43df-8dc6-220a75943ac6
250,2026-09-09,18:42:09.31,"Martinez, Jacob",1000617588,Right,,,,,,ChangeUp,Live,,79.69897,-2.386568428,-4.1244486,1656.237552,239.7030421,2:00,5.42563,1.94675,6.66544,-34.07728,8.63531,14.78995,0.39559,-0.6005,73.42068,-8.824513439,-1.308922487,0.470380552,-9.34317,5.45013,-1.67641,50,5.25147,7.98104,-115.77858,-5.68518,-12.69018,21.48627,-24.77152,4fe6fdde-3dc1-4e98-a4a1-9d88aaf1afd7,83fbb00f-3e86-4d3a-b2c4-f63dd6acb21b,80.1318,Pitching,25410021,,,,,,,,,,,,,,,,,,,,22.1029525,1534.5194,0.9265092425,,5902c2fb-b291-41be-afe3-ff922fdd3baa,3ac21d51-9806-43df-8dc6-220a75943ac6
251,2026-09-09,18:42:20.74,"Martinez, Jacob",1000617588,Right,,,,,,Slider,Live,,78.63286,0.7086704779,-1.986326821,,,,5.84354,1.65461,5.6849,-45.29311,-0.07186,-2.01321,2.73,-0.36507,72.58253,-7.715741964,-2.362637146,0.4839970135,0.54623,-0.22777,-1.4864,50,5.8748,4.02754,-114.39677,0.06487,0.72659,20.34965,-32.47704,7aef5b10-baa2-4914-b702-f5e8176f2c6d,83fbb00f-3e86-4d3a-b2c4-f63dd6acb21b,77.87742,Pitching,25410021,,,,,,,,,,,,,,,,,,,,,,,,9ba4e638-2c14-4209-ade4-c90be2e8c904,3ac21d51-9806-43df-8dc6-220a75943ac6
252,2026-09-09,18:42:32.61,"Martinez, Jacob",1000617588,Right,,,,,,Slider,Live,,79.75929,-0.1730692036,-2.402726431,,,,5.90667,1.5174,5.72115,-41.10498,3.46237,1.04617,2.31993,-0.63445,72.48952,-7.880147212,-2.205471422,0.4804849658,-1.31982,1.91644,-1.31757,50,5.86723,4.83142,-115.88216,-1.56852,-1.77184,24.22741,-29.60125,e13a40d7-6720-47fa-ac37-a6ca7b1f3d9b,83fbb00f-3e86-4d3a-b2c4-f63dd6acb21b,78.44666,Pitching,25410021,,,,,,,,,,,,,,,,,,,,,,,,ec4f03a3-3f1e-4ea5-aa92-889229f9bbf8,3ac21d51-9806-43df-8dc6-220a75943ac6
253,2026-09-09,18:42:43.80,"Martinez, Jacob",1000617588,Right,,,,,,Fastball,Live,,85.36104,-0.4752950155,-1.579241715,2156.289355,241.9709303,2:00,5.46011,2.14146,6.176,-27.33665,9.96504,18.77546,2.74301,2.24746,79.21978,-5.592951388,1.94888058,0.4395777095,-10.57618,5.52641,-2.032,50,5.41009,2.86833,-124.38943,-1.8492,-16.79506,21.78299,-23.39807,2e3717e9-b8e0-42f6-bcd0-99d6afd7e0ff,83fbb00f-3e86-4d3a-b2c4-f63dd6acb21b,85.74693,Pitching,25410021,,,,,,,,,,,,,,,,,,,,23.44692089,1978.242567,0.917429084,,924af7d1-6326-4825-8b7b-db82f1003a11,3ac21d51-9806-43df-8dc6-220a75943ac6
254,2026-09-09,18:42:56.46,"Martinez, Jacob",1000617588,Right,,,,,,Fastball,Live,,85.38778,-0.637815838,-1.832839657,2081.047546,245.8982754,2:15,5.39324,2.04352,6.21739,-29.50197,7.95905,17.85491,2.34593,1.83976,78.79247,-6.180290897,1.536242409,0.4405155258,-10.20405,4.50215,-1.91555,50,5.33064,3.45329,-124.35992,-2.25464,-16.08424,23.41399,-25.07749,fc10bde3-0ae0-4e6d-8f11-da5f67f0ef62,83fbb00f-3e86-4d3a-b2c4-f63dd6acb21b,85.56438,Pitching,25410021,,,,,,,,,,,,,,,,,,,,25.4706486,1878.781602,0.9028057075,,c64c7f80-76c6-40bf-9884-9687361d39b8,3ac21d51-9806-43df-8dc6-220a75943ac6
255,2026-09-09,18:43:54.45,"Pence, Colin",1000511683,Right,,,,,,Fastball,Live,,94.87521,2.14722694,-1.27247635,2309.072646,228.3879677,1:30,6.42632,1.8585,5.61942,-18.88046,12.30318,13.88751,6.85795,1.82825,86.65368,-1.382217778,1.324757388,0.4019155322,-7.7551,5.98742,-1.75901,50,6.59721,2.55977,-137.96643,4.48784,-14.99163,29.85,-20.59958,dcd36710-7dbe-4511-bfca-1bb967573914,83fbb00f-3e86-4d3a-b2c4-f63dd6acb21b,93.78199,Pitching,25410021,,,,,,,,,,,,,,,,,,,,35.01975668,1891.024777,0.8189542154,,fcb2f1d0-46e5-487b-be6b-ce55bd84d148,3ac21d51-9806-43df-8dc6-220a75943ac6
256,2026-09-09,18:44:09.37,"Pence, Colin",1000511683,Right,,,,,,Fastball,Live,,93.10592,-0.8466615177,-3.365675909,2358.109352,222.1926645,1:30,6.30708,3.67473,5.4486,-18.00473,14.93392,13.57393,4.01271,1.65172,84.35751,-4.213781107,-0.8260718622,0.4130706087,-8.2201,8.19351,-3.38691,50,6.22014,7.45422,-135.14019,-2.65495,-15.0994,31.29693,-17.12348,a869ca53-c001-42ef-a20c-2cfa707ee227,83fbb00f-3e86-4d3a-b2c4-f63dd6acb21b,91.24938,Pitching,25410021,,,,,,,,,,,,,,,,,,,,30.9017134,2023.374664,0.8580495481,,09fb291d-5ee2-4687-926e-2dbca8591090,3ac21d51-9806-43df-8dc6-220a75943ac6
257,2026-09-09,18:44:28.39,"Pence, Colin",1000511683,Right,,,,,,ChangeUp,Live,,85.08068,-0.6196436014,-2.354139053,1504.301216,233.6475458,1:45,5.91288,1.9207,5.71349,-30.27727,8.14751,11.11579,2.81209,0.653,78.58442,-6.251575644,-0.2788148547,0.4461460483,-6.53852,4.51331,-1.73088,50,5.84227,4.731,-123.80006,-2.31654,-10.2384,22.64276,-25.10684,5ee8eb82-7050-4245-a43e-7d47a1f413d8,83fbb00f-3e86-4d3a-b2c4-f63dd6acb21b,84.48453,Pitching,25410021,,,,,,,,,,,,,,,,,,,223.5306527,39.00783365,1168.93217,0.7770599116,1:30,e2456429-bf7f-4197-a281-1df87094b678,3ac21d51-9806-43df-8dc6-220a75943ac6
258,2026-09-09,18:44:44.25,"Pence, Colin",1000511683,Right,,,,,,ChangeUp,Live,,83.56811,-0.9240797528,-3.640084447,1598.37209,240.8655326,2:00,5.844,3.90615,5.65579,-32.58833,7.93422,14.29617,2.26482,1.69867,76.20566,-7.01356086,-0.9584683771,0.4581627326,-8.72161,4.5195,-3.60703,50,5.74527,7.26642,-121.31506,-2.98944,-12.93196,24.85345,-25.47276,eae8a22c-7ae8-4559-a418-412f889f10ca,83fbb00f-3e86-4d3a-b2c4-f63dd6acb21b,82.26867,Pitching,25410021,,,,,,,,,,,,,,,,,,,,32.0007581,1355.485201,0.8480410846,,d3f94574-cad6-421a-adcb-72a4df098a68,3ac21d51-9806-43df-8dc6-220a75943ac6
259,2026-09-09,18:44:59.89,"Pence, Colin",1000511683,Right,,,,,,Slider,Live,,86.89613,0.6338287856,-2.114486775,2052.864692,256.1612846,2:30,6.14608,1.75075,5.43437,-36.36525,1.13125,4.72995,3.70954,0.16416,79.63214,-6.127553181,-1.232522092,0.4407240522,-3.09202,0.42535,-1.56701,50,6.17727,4.50238,-126.33341,0.15274,-5.0013,25.53388,-31.48604,7b4d63fe-998b-4301-ad97-62efcf77cea7,83fbb00f-3e86-4d3a-b2c4-f63dd6acb21b,85.5239,Pitching,25410021,,,,,,,,,,,,,,,,,,,,74.68191887,542.320513,0.2641774273,,ab4d7448-33ec-4902-a646-d7b0f909eb4c,3ac21d51-9806-43df-8dc6-220a75943ac6
260,2026-09-09,18:45:17.77,"Pence, Colin",1000511683,Right,,,,,,Slider,Live,,84.77449,0.5505591447,-3.122886689,2068.431419,19.69913039,6:45,6.07067,3.70579,5.03443,-41.87487,-2.03391,-0.71748,3.10124,0.69723,78.32021,-7.134918533,-3.255007766,0.4542932782,-0.42899,-1.20375,-3.4071,50,6.09024,6.74389,-123.13856,-0.30945,-0.66349,22.78104,-34.0358,4476464c-3325-4b85-a102-7d08d30771e1,83fbb00f-3e86-4d3a-b2c4-f63dd6acb21b,82.9694,Pitching,25410021,,,,,,,,,,,,,,,,,,,,73.7373759,579.2446453,0.280040537,,27e0b6e6-8038-47b2-b377-4f37457cc8ea,3ac21d51-9806-43df-8dc6-220a75943ac6
261,2026-09-09,18:46:02.65,"Pence, Colin",1000511683,Right,,,,,,Slider,Live,,85.59185,-1.287206199,-3.068780268,2038.556632,208.9339273,1:00,5.94116,2.07771,5.29948,-38.36686,0.74585,0.43056,1.53371,-0.76978,78.42873,-8.379668687,-2.988629323,0.450122123,-1.12144,0.76946,-1.79928,50,5.79677,6.64605,-124.24196,-4.1107,-1.74497,25.94197,-30.97677,7dfa0733-862f-4f4a-982b-c3c246b95474,83fbb00f-3e86-4d3a-b2c4-f63dd6acb21b,83.73825,Pitching,25410021,,,,,,,,,,,,,,,,,,,,,,,,b142f97f-3b57-4575-ae31-f2a31cf6e671,3ac21d51-9806-43df-8dc6-220a75943ac6
262,2026-09-09,18:46:19.71,"Pence, Colin",1000511683,Right,,,,,,Fastball,Live,,93.36684,0.5521795058,-4.149088187,2259.516826,226.190494,1:30,6.19156,3.75632,5.75678,-19.71515,12.44436,13.04358,5.06391,0.97496,85.20622,-3.139992354,-1.709122203,0.4081559304,-8.12635,6.52548,-3.42026,50,6.2254,9.37911,-135.56106,0.62254,-15.15502,29.02515,-20.00453,fa7112e6-f439-4dda-ac64-431ede4b83a9,83fbb00f-3e86-4d3a-b2c4-f63dd6acb21b,92.34814,Pitching,25410021,,,,,,,,,,,,,,,,,,,,30.76907662,1941.45849,0.8592361289,,9da5ba8c-b04b-47d8-a479-55a7638d2945,3ac21d51-9806-43df-8dc6-220a75943ac6
263,2026-09-09,18:46:35.79,"Pence, Colin",1000511683,Right,,,,,,Fastball,Live,,93.9472,-0.5851387465,-3.405356426,2351.681763,221.4739715,1:30,6.28389,1.60667,5.59397,-17.46881,14.4672,12.82643,4.28092,-0.50725,85.75667,-3.848474199,-1.00925019,0.4067351399,-7.77695,7.87827,-1.3231,50,6.22243,7.65841,-136.47659,-2.02632,-14.68718,29.66394,-17.29552,b3c30e4e-a90a-4308-b061-4106185a9110,83fbb00f-3e86-4d3a-b2c4-f63dd6acb21b,92.67072,Pitching,25410021,,,,,,,,,,,,,,,,,,,215.1037525,37.02046215,1877.631004,0.7984205318,1:15,c996b405-c86c-40eb-9f44-3bd41af1cbd2,3ac21d51-9806-43df-8dc6-220a75943ac6
264,2026-09-09,18:47:09.27,"Pence, Colin",1000511683,Right,,,,,,Fastball,Live,,93.90565,-1.824868655,-3.800671537,2281.725143,219.9860706,1:15,6.25555,1.77602,5.77675,-18.34789,13.43846,11.29199,3.02447,-0.82414,85.88044,-5.256396307,-1.68622149,0.4057810225,-7.10342,7.71552,-1.46914,50,6.09372,8.66268,-136.3366,-4.99418,-13.39128,29.52748,-17.62884,b06a18f3-50ce-4320-b8b3-e33b946dca9e,83fbb00f-3e86-4d3a-b2c4-f63dd6acb21b,92.88862,Pitching,25410021,,,,,,,,,,,,,,,,,,,,38.02672078,1797.368618,0.7877235446,,d9973a83-a1e4-4a82-a346-298424c08305,3ac21d51-9806-43df-8dc6-220a75943ac6
265,2026-09-09,18:47:24.48,"Pence, Colin",1000511683,Right,,,,,,Fastball,Live,,93.19872,-1.684101354,-1.786283022,2358.141319,224.8561338,1:30,6.08278,1.87341,5.43979,-18.04316,14.38064,14.32322,3.00125,1.39409,85.71229,-5.029486106,0.8784609409,0.4098296246,-8.04947,8.0537,-1.72547,50,5.92159,3.69841,-135.53571,-4.65265,-15.07685,27.70269,-17.08928,7fa887c6-a0d3-459d-bcd1-064a254b4f1b,83fbb00f-3e86-4d3a-b2c4-f63dd6acb21b,91.971,Pitching,25410021,,,,,,,,,,,,,,,,,,,,28.08865338,2080.399732,0.8822201259,,7bc4ac01-e05b-491d-b9a6-65415eaab762,3ac21d51-9806-43df-8dc6-220a75943ac6
266,2026-09-09,18:47:42.27,"Pence, Colin",1000511683,Right,,,,,,ChangeUp,Live,,84.34147,-0.6234015028,-1.977046936,1556.694319,235.2218772,1:45,5.82085,1.98288,5.68773,-30.49631,8.58436,12.40822,2.69817,1.17375,78.00817,-6.28977611,0.3378896135,0.4499377256,-7.11981,4.74023,-1.8246,50,5.74932,3.83871,-122.7605,-2.31703,-10.97477,21.99982,-24.86726,d649cc5c-d93d-4a91-8d56-932e46c333fb,83fbb00f-3e86-4d3a-b2c4-f63dd6acb21b,83.77257,Pitching,25410021,,,,,,,,,,,,,,,,,,,,38.43709558,1219.344863,0.7832911372,,7db6e55b-1bf3-4fa7-81b9-9349d7b88e94,3ac21d51-9806-43df-8dc6-220a75943ac6
267,2026-09-09,18:47:58.79,"Pence, Colin",1000511683,Right,,,,,,Fastball,Live,,94.19778,-0.8770285642,-2.64874108,2231.587257,228.5675033,1:30,6.12644,1.81434,5.83205,-20.48777,10.68128,12.13296,3.60309,0.36195,86.91941,-4.699643535,-0.3811277023,0.4018214801,-7.16794,5.95058,-1.60566,50,6.04275,5.91614,-137.06871,-2.81812,-13.784,27.2324,-20.73104,bb73ed6e-ce32-487a-b248-ec3f0349b40c,83fbb00f-3e86-4d3a-b2c4-f63dd6acb21b,93.80394,Pitching,25410021,,,,,,,,,,,,,,,,,,,213.4627744,34.06457509,1848.662078,0.828406809,1:00,ae6bc255-a05e-421c-a180-422ee5bc2b9b,3ac21d51-9806-43df-8dc6-220a75943ac6
268,2026-09-09,18:48:30.99,"Pence, Colin",1000511683,Right,,,,,,Fastball,Live,,92.95282,-0.4861061578,-4.761644154,2266.91776,217.2767026,1:15,6.23026,3.41129,5.92793,-19.59091,12.39977,9.48575,4.14514,-0.22588,85.76663,-4.142841652,-2.993921281,0.407083167,-6.26472,6.79472,-3.03598,50,6.18012,10.92152,-134.97924,-1.81422,-11.7018,25.95109,-19.48227,172fa384-8c6a-4d46-a595-1661932f7f56,83fbb00f-3e86-4d3a-b2c4-f63dd6acb21b,92.59149,Pitching,25410021,,,,,,,,,,,,,,,,,,,,35.66077649,1841.831727,0.8124828168,,7a09634a-4965-4825-8762-c2173657b569,3ac21d51-9806-43df-8dc6-220a75943ac6
269,2026-09-09,18:48:47.42,"Pence, Colin",1000511683,Right,,,,,,Slider,Live,,84.3842,-0.6229131902,-2.38364071,2095.301342,51.86785671,7:45,5.9228,1.94011,5.15276,-41.23946,-1.14317,-1.41398,1.89934,-0.4226,77.93519,-8.204000696,-2.645290211,0.4557466518,0.10679,-0.43385,-1.71651,50,5.83345,5.15415,-122.6359,-2.77107,0.16329,23.33415,-32.83743,d6ff430c-1758-444f-99f9-18ffad51f9b0,83fbb00f-3e86-4d3a-b2c4-f63dd6acb21b,82.70481,Pitching,25410021,,,,,,,,,,,,,,,,,,,,,,,,3d9ff7de-3834-4b55-924a-fffe5522ba1e,3ac21d51-9806-43df-8dc6-220a75943ac6
270,2026-09-09,18:49:02.96,"Pence, Colin",1000511683,Right,,,,,,Slider,Live,,84.03178,-0.5245156946,-1.273829867,1937.510528,31.19451473,7:00,5.87241,1.9758,5.1682,-44.11325,-3.5713,-2.14209,1.70262,0.59846,77.33218,-8.655838066,-1.671813658,0.4582724122,0.76841,-1.73023,-1.85567,50,5.79056,2.79014,-122.15555,-2.63966,1.15991,24.28691,-34.78583,c0c4f3e9-dc66-45c4-a48d-f71778afd53f,83fbb00f-3e86-4d3a-b2c4-f63dd6acb21b,82.24898,Pitching,25410021,,,,,,,,,,,,,,,,,,,,65.41619414,806.0504694,0.4160237882,,caa64e05-799f-4214-9e1e-19ff8dd3e6e5,3ac21d51-9806-43df-8dc6-220a75943ac6
271,2026-09-09,18:49:50.17,"Pence, Colin",1000511683,Right,,,,,,Fastball,Live,,92.15791,-0.9409937195,-2.4250548,2235.670465,221.330452,1:30,6.18528,1.95431,5.83878,-19.86082,12.7896,11.27363,3.65491,0.63891,84.75968,-4.653564049,-0.3137928968,0.4112593974,-6.68297,7.11546,-1.76363,50,6.09693,5.294,-134.08879,-2.88214,-12.25457,27.04647,-19.12641,00db11eb-96d3-46c2-a40f-c8502a9bb18a,83fbb00f-3e86-4d3a-b2c4-f63dd6acb21b,91.65125,Pitching,25410021,,,,,,,,,,,,,,,,,,,215.0954549,37.73536523,1768.070874,0.7908459235,1:15,0f11b558-cdb0-4065-901d-09fc7417893e,3ac21d51-9806-43df-8dc6-220a75943ac6
272,2026-09-09,18:50:07.55,"Pence, Colin",1000511683,Right,,,,,,Fastball,Live,,94.32066,,,2257.478222,,,6.27531,1.82808,5.90831,,,,3.50838,0.23139,86.65342,-4.933488681,-0.8211918739,0.4016461549,-5.61248,6.28752,-1.6295,50,6.16917,5.7773,-137.21142,-3.51898,-10.75886,28.79056,-20.12117,aa155569-fdc1-439f-ab69-decf24729cb3,83fbb00f-3e86-4d3a-b2c4-f63dd6acb21b,93.84489,Pitching,25410021,,,,,,,,,,,,,,,,,,,,35.6888521,1833.517152,0.8121970497,,e3b3cd0a-f0b9-4fb1-acb4-1d7551c69a64,3ac21d51-9806-43df-8dc6-220a75943ac6